satellite,norad_id,window,set_epoch,lead_h,t,radial_km,in_track_km,cross_km,altitude_km,speed_km_s
A,39452,quiet,2024-04-20T14:16:04.793952Z,6.0,2024-04-20T20:16:04.793952Z,-0.0889748439353881,-0.03265599372519515,-0.18180951525515815,468.2827563413193,7.6302245995214095
A,39452,quiet,2024-04-20T14:16:04.793952Z,12.0,2024-04-21T02:16:04.793952Z,-0.07688146620246018,1.790945961703477,0.17809962995561662,468.2827563413193,7.6302245995214095
A,39452,quiet,2024-04-20T14:16:04.793952Z,24.0,2024-04-21T14:16:04.793952Z,-0.06860026321519257,2.0746580958118503,-0.1839575860046495,468.2827563413193,7.6302245995214095
A,39452,quiet,2024-04-20T14:16:04.793952Z,36.0,2024-04-22T02:16:04.793952Z,0.26263859611618773,4.084981192966577,0.12294153522395326,468.2827563413193,7.6302245995214095
A,39452,quiet,2024-04-20T14:16:04.793952Z,48.0,2024-04-22T14:16:04.793952Z,-0.18457555996090275,5.606159626640842,0.1831657132743345,468.2827563413193,7.6302245995214095
A,39452,quiet,2024-04-20T14:16:04.793952Z,72.0,2024-04-23T14:16:04.793952Z,0.46120710036641366,7.880598525014271,0.09384131794090877,468.2827563413193,7.6302245995214095
A,39452,quiet,2024-04-20T14:16:04.793952Z,96.0,2024-04-24T14:16:04.793952Z,0.08310657630200621,8.038582821305972,-0.44304042067276983,468.2827563413193,7.6302245995214095
A,39452,quiet,2024-04-20T14:16:04.793952Z,120.0,2024-04-25T14:16:04.793952Z,-0.6912514949733668,10.597113645157025,-0.01564677160929029,468.2827563413193,7.6302245995214095
A,39452,quiet,2024-04-20T14:16:04.793952Z,144.0,2024-04-26T14:16:04.793952Z,0.6043405461264625,11.011913149441316,0.439701599586809,468.2827563413193,7.6302245995214095
A,39452,quiet,2024-04-20T14:16:04.793952Z,168.0,2024-04-27T14:16:04.793952Z,0.5250637447559228,6.434631853172341,-0.33096078995388045,468.2827563413193,7.6302245995214095
A,39452,quiet,2024-04-20T18:58:21.581184Z,6.0,2024-04-21T00:58:21.581184Z,0.07971960451052552,1.361899676746316,-0.08808211707305888,468.2634167355318,7.630235376383895
A,39452,quiet,2024-04-20T18:58:21.581184Z,12.0,2024-04-21T06:58:21.581184Z,-0.0048865260521790965,-0.3821610091716495,-0.15420389464437664,468.2634167355318,7.630235376383895
A,39452,quiet,2024-04-20T18:58:21.581184Z,24.0,2024-04-21T18:58:21.581184Z,-0.04206686173974546,0.4455174847293823,0.1228188058658681,468.2634167355318,7.630235376383895
A,39452,quiet,2024-04-20T18:58:21.581184Z,36.0,2024-04-22T06:58:21.581184Z,-0.046689241291634556,1.8457636627991558,0.19267203324662238,468.2634167355318,7.630235376383895
A,39452,quiet,2024-04-20T18:58:21.581184Z,48.0,2024-04-22T18:58:21.581184Z,-0.1122064412660711,3.013436401614047,0.09737643418626885,468.2634167355318,7.630235376383895
A,39452,quiet,2024-04-20T18:58:21.581184Z,72.0,2024-04-23T18:58:21.581184Z,0.19905981510638845,4.886505449436192,-0.06876937681678041,468.2634167355318,7.630235376383895
A,39452,quiet,2024-04-20T18:58:21.581184Z,96.0,2024-04-24T18:58:21.581184Z,0.020431150738949914,4.9468365836815185,-0.14641203303763595,468.2634167355318,7.630235376383895
A,39452,quiet,2024-04-20T18:58:21.581184Z,120.0,2024-04-25T18:58:21.581184Z,-0.601476564937171,6.66524996670793,0.032648339230843204,468.2634167355318,7.630235376383895
A,39452,quiet,2024-04-20T18:58:21.581184Z,144.0,2024-04-26T18:58:21.581184Z,0.3661329675202114,6.519702702218929,0.1524466903184507,468.2634167355318,7.630235376383895
A,39452,quiet,2024-04-20T18:58:21.581184Z,168.0,2024-04-27T18:58:21.581184Z,0.4027694366513051,2.075501741802218,-0.0720211845897143,468.2634167355318,7.630235376383895
A,39452,quiet,2024-04-20T20:32:27.183552Z,6.0,2024-04-21T02:32:27.183552Z,0.05344829519893153,1.061100869140759,0.24411740411436242,468.2596475073815,7.630237476765708
A,39452,quiet,2024-04-20T20:32:27.183552Z,12.0,2024-04-21T08:32:27.183552Z,-0.01568783632262689,0.16367381488910915,-0.20200979836621363,468.2596475073815,7.630237476765708
A,39452,quiet,2024-04-20T20:32:27.183552Z,24.0,2024-04-21T20:32:27.183552Z,-0.034917380886169386,1.1089139325662747,0.20028553067095928,468.2596475073815,7.630237476765708
A,39452,quiet,2024-04-20T20:32:27.183552Z,36.0,2024-04-22T08:32:27.183552Z,-0.006956691463631502,2.8075499349180038,0.060517812832492496,468.2596475073815,7.630237476765708
A,39452,quiet,2024-04-20T20:32:27.183552Z,48.0,2024-04-22T20:32:27.183552Z,-0.22727956690574738,4.5358416850873455,-0.009536004027787648,468.2596475073815,7.630237476765708
A,39452,quiet,2024-04-20T20:32:27.183552Z,72.0,2024-04-23T20:32:27.183552Z,0.2163692875404878,7.4779112248786035,-0.021678138902861077,468.2596475073815,7.630237476765708
A,39452,quiet,2024-04-20T20:32:27.183552Z,96.0,2024-04-24T20:32:27.183552Z,0.06847537909249216,8.443563530373734,0.020178927716143047,468.2596475073815,7.630237476765708
A,39452,quiet,2024-04-20T20:32:27.183552Z,120.0,2024-04-25T20:32:27.183552Z,-0.6957225862777043,11.63739033991189,-0.07880922392321765,468.2596475073815,7.630237476765708
A,39452,quiet,2024-04-20T20:32:27.183552Z,144.0,2024-04-26T20:32:27.183552Z,0.3474817159649617,13.532171515628544,0.14838851537162334,468.2596475073815,7.630237476765708
A,39452,quiet,2024-04-20T20:32:27.183552Z,168.0,2024-04-27T20:32:27.183552Z,0.45363755006470796,10.977306422670974,0.11013750583620929,468.2596475073815,7.630237476765708
A,39452,quiet,2024-04-21T13:47:28.249728Z,6.0,2024-04-21T19:47:28.249728Z,-0.0626631219633036,-0.796467440837409,-0.19023285300061185,468.19092955417,7.630275769774136
A,39452,quiet,2024-04-21T13:47:28.249728Z,12.0,2024-04-22T01:47:28.249728Z,-0.06579071926724632,0.9612097790429539,0.15999976516203254,468.19092955417,7.630275769774136
A,39452,quiet,2024-04-21T13:47:28.249728Z,24.0,2024-04-22T13:47:28.249728Z,-0.06277236501330095,-0.04580551104217698,-0.15939226534566975,468.19092955417,7.630275769774136
A,39452,quiet,2024-04-21T13:47:28.249728Z,36.0,2024-04-23T01:47:28.249728Z,0.2976967697551153,-0.018424487098096465,0.062261612529109736,468.19092955417,7.630275769774136
A,39452,quiet,2024-04-21T13:47:28.249728Z,48.0,2024-04-23T13:47:28.249728Z,-0.17767430922163935,-0.9087639833330371,0.1795270405698394,468.19092955417,7.630275769774136
A,39452,quiet,2024-04-21T13:47:28.249728Z,72.0,2024-04-24T13:47:28.249728Z,0.5720497299744882,-4.451036063037586,0.14915276918830464,468.19092955417,7.630275769774136
A,39452,quiet,2024-04-21T13:47:28.249728Z,96.0,2024-04-25T13:47:28.249728Z,0.18718252133588564,-11.729714046433346,-0.3623744469629986,468.19092955417,7.630275769774136
A,39452,quiet,2024-04-21T13:47:28.249728Z,120.0,2024-04-26T13:47:28.249728Z,-0.6221146880917658,-17.986126798838317,-0.09348644361597302,468.19092955417,7.630275769774136
A,39452,quiet,2024-04-21T13:47:28.249728Z,144.0,2024-04-27T13:47:28.249728Z,0.7656103586973759,-27.180336316106995,0.46294610668155656,468.19092955417,7.630275769774136
A,39452,quiet,2024-04-21T13:47:28.249728Z,168.0,2024-04-28T13:47:28.249728Z,0.8833723393535609,-44.337814215716534,-0.2833134333307967,468.19092955417,7.630275769774136
A,39452,quiet,2024-04-21T20:03:50.260896Z,6.0,2024-04-22T02:03:50.260896Z,0.10925680070661424,1.0031838536855433,0.13012733011576366,468.17096572029004,7.630286894708015
A,39452,quiet,2024-04-21T20:03:50.260896Z,12.0,2024-04-22T08:03:50.260896Z,0.013872954056065798,-0.509651077491615,-0.17373392610168853,468.17096572029004,7.630286894708015
A,39452,quiet,2024-04-21T20:03:50.260896Z,24.0,2024-04-22T20:03:50.260896Z,-0.03409878241272695,-0.7177558096275024,0.14982567224616825,468.17096572029004,7.630286894708015
A,39452,quiet,2024-04-21T20:03:50.260896Z,36.0,2024-04-23T08:03:50.260896Z,0.025466500028368932,-0.9595866432381005,0.09745207648344857,468.17096572029004,7.630286894708015
A,39452,quiet,2024-04-21T20:03:50.260896Z,48.0,2024-04-23T20:03:50.260896Z,-0.1906813118813746,-1.6753249932713608,0.04177088285616115,468.17096572029004,7.630286894708015
A,39452,quiet,2024-04-21T20:03:50.260896Z,72.0,2024-04-24T20:03:50.260896Z,0.32587644361769064,-4.626324728849721,-0.030399592169382095,468.17096572029004,7.630286894708015
A,39452,quiet,2024-04-21T20:03:50.260896Z,96.0,2024-04-25T20:03:50.260896Z,0.11102820045913811,-10.825069635059787,0.01351826529764466,468.17096572029004,7.630286894708015
A,39452,quiet,2024-04-21T20:03:50.260896Z,120.0,2024-04-26T20:03:50.260896Z,-0.6031767255988236,-16.40342256303011,-0.05539789583651911,468.17096572029004,7.630286894708015
A,39452,quiet,2024-04-21T20:03:50.260896Z,144.0,2024-04-27T20:03:50.260896Z,0.5260965987724806,-24.312516487669935,0.15414515405582918,468.17096572029004,7.630286894708015
A,39452,quiet,2024-04-21T20:03:50.260896Z,168.0,2024-04-28T20:03:50.260896Z,0.7441135244991521,-40.3927191410546,0.1246270025266707,468.17096572029004,7.630286894708015
A,39452,quiet,2024-04-21T21:37:55.744032Z,6.0,2024-04-22T03:37:55.744032Z,0.03240396999195398,0.05615984732730916,0.3481394742123567,468.16480878439233,7.630290325697333
A,39452,quiet,2024-04-21T21:37:55.744032Z,12.0,2024-04-22T09:37:55.744032Z,0.005575519678600503,-0.1042310496711392,-0.20271087732876275,468.16480878439233,7.630290325697333
A,39452,quiet,2024-04-21T21:37:55.744032Z,24.0,2024-04-22T21:37:55.744032Z,-0.007785104581412364,-0.6641208669965397,0.20124191042333248,468.16480878439233,7.630290325697333
A,39452,quiet,2024-04-21T21:37:55.744032Z,36.0,2024-04-23T09:37:55.744032Z,0.06979924972603813,-1.1507907911342055,-0.039279609641878814,468.16480878439233,7.630290325697333
A,39452,quiet,2024-04-21T21:37:55.744032Z,48.0,2024-04-23T21:37:55.744032Z,-0.3095124080448051,-1.9278073043472608,-0.04673279207067449,468.16480878439233,7.630290325697333
A,39452,quiet,2024-04-21T21:37:55.744032Z,72.0,2024-04-24T21:37:55.744032Z,0.35903232777366245,-5.310390418252945,0.04006561463164954,468.16480878439233,7.630290325697333
A,39452,quiet,2024-04-21T21:37:55.744032Z,96.0,2024-04-25T21:37:55.744032Z,0.17420274247174947,-12.689250339842742,0.11066169484329968,468.16480878439233,7.630290325697333
A,39452,quiet,2024-04-21T21:37:55.744032Z,120.0,2024-04-26T21:37:55.744032Z,-0.6874997493025073,-19.284061771214656,-0.10416410186936953,468.16480878439233,7.630290325697333
A,39452,quiet,2024-04-21T21:37:55.744032Z,144.0,2024-04-27T21:37:55.744032Z,0.5115289616354062,-28.125388512964143,0.16968723697235877,468.16480878439233,7.630290325697333
A,39452,quiet,2024-04-21T21:37:55.744032Z,168.0,2024-04-28T21:37:55.744032Z,0.8927259460729093,-46.04991964274882,0.22614046448208036,468.16480878439233,7.630290325697333
A,39452,quiet,2024-04-22T10:10:39.399168Z,6.0,2024-04-22T16:10:39.399168Z,0.12139068312161812,-0.4715230309379101,0.08128083232337999,468.12542752408535,7.630312271249419
A,39452,quiet,2024-04-22T10:10:39.399168Z,12.0,2024-04-22T22:10:39.399168Z,-0.19441070901741184,0.427580886918732,-0.10109820443649269,468.12542752408535,7.630312271249419
A,39452,quiet,2024-04-22T10:10:39.399168Z,24.0,2024-04-23T10:10:39.399168Z,-0.12908305740634016,0.21076936762707402,0.11377813347863139,468.12542752408535,7.630312271249419
A,39452,quiet,2024-04-22T10:10:39.399168Z,36.0,2024-04-23T22:10:39.399168Z,0.1731534393903802,0.2868848255801186,0.019269284357912912,468.12542752408535,7.630312271249419
A,39452,quiet,2024-04-22T10:10:39.399168Z,48.0,2024-04-24T10:10:39.399168Z,-0.19537475024588605,-0.17272038973582649,-0.12774116007010833,468.12542752408535,7.630312271249419
A,39452,quiet,2024-04-22T10:10:39.399168Z,72.0,2024-04-25T10:10:39.399168Z,0.36309151612541196,-2.199526497915451,-0.024361063876476935,468.12542752408535,7.630312271249419
A,39452,quiet,2024-04-22T10:10:39.399168Z,96.0,2024-04-26T10:10:39.399168Z,-0.011674292177169705,-6.718058545378107,0.008683232965337684,468.12542752408535,7.630312271249419
A,39452,quiet,2024-04-22T10:10:39.399168Z,120.0,2024-04-27T10:10:39.399168Z,-0.6270966285037857,-9.443236816784546,-0.18963671196199505,468.12542752408535,7.630312271249419
A,39452,quiet,2024-04-22T10:10:39.399168Z,144.0,2024-04-28T10:10:39.399168Z,0.5771861618547894,-15.572440802418933,0.07182866906967655,468.12542752408535,7.630312271249419
A,39452,quiet,2024-04-22T10:10:39.399168Z,168.0,2024-04-29T10:10:39.399168Z,0.613757679583463,-29.87935316137152,0.1839462355496373,468.12542752408535,7.630312271249419
A,39452,quiet,2024-04-22T21:09:17.260992Z,6.0,2024-04-23T03:09:17.260992Z,0.00316329751752073,0.3871333872338554,0.3006118129463245,468.09210969471314,7.630330838049401
A,39452,quiet,2024-04-22T21:09:17.260992Z,12.0,2024-04-23T09:09:17.260992Z,-0.0032704054871831693,-0.003299444137956048,-0.18027620593435903,468.09210969471314,7.630330838049401
A,39452,quiet,2024-04-22T21:09:17.260992Z,24.0,2024-04-23T21:09:17.260992Z,-0.031167050023903187,-0.10092972716991266,0.1779028943972627,468.09210969471314,7.630330838049401
A,39452,quiet,2024-04-22T21:09:17.260992Z,36.0,2024-04-24T09:09:17.260992Z,0.07876480701039523,0.2894914639872825,-0.013402278275980433,468.09210969471314,7.630330838049401
A,39452,quiet,2024-04-22T21:09:17.260992Z,48.0,2024-04-24T21:09:17.260992Z,-0.35556250474758205,0.7516901425821354,-0.0835650538653594,468.09210969471314,7.630330838049401
A,39452,quiet,2024-04-22T21:09:17.260992Z,72.0,2024-04-25T21:09:17.260992Z,0.3344034031812674,1.0156930244735787,0.008571016771839218,468.09210969471314,7.630330838049401
A,39452,quiet,2024-04-22T21:09:17.260992Z,96.0,2024-04-26T21:09:17.260992Z,0.08349125844298187,-1.3603015726992669,0.09469941178186403,468.09210969471314,7.630330838049401
A,39452,quiet,2024-04-22T21:09:17.260992Z,120.0,2024-04-27T21:09:17.260992Z,-0.7315788695378904,-1.1406312424823561,-0.15035099537009564,468.09210969471314,7.630330838049401
A,39452,quiet,2024-04-22T21:09:17.260992Z,144.0,2024-04-28T21:09:17.260992Z,0.43706251832000254,-3.833732052620733,0.0996486950529929,468.09210969471314,7.630330838049401
A,39452,quiet,2024-04-22T21:09:17.260992Z,168.0,2024-04-29T21:09:17.260992Z,0.6229754422316791,-14.832271124877796,0.2789422060086757,468.09210969471314,7.630330838049401
A,39452,quiet,2024-04-23T03:25:38.763264Z,6.0,2024-04-23T09:25:38.763264Z,-0.05389855649491399,-0.18810265423659625,-0.18176964092335002,468.07270736850205,7.6303416503141035
A,39452,quiet,2024-04-23T03:25:38.763264Z,12.0,2024-04-23T15:25:38.763264Z,0.14455287554641455,0.15515669688303924,0.2953689506201426,468.07270736850205,7.6303416503141035
A,39452,quiet,2024-04-23T03:25:38.763264Z,24.0,2024-04-24T03:25:38.763264Z,0.13479745617654326,0.0684352961188445,-0.3740943685074957,468.07270736850205,7.6303416503141035
A,39452,quiet,2024-04-23T03:25:38.763264Z,36.0,2024-04-24T15:25:38.763264Z,0.33425106227433776,0.5587649035703606,-0.0714258220490972,468.07270736850205,7.6303416503141035
A,39452,quiet,2024-04-23T03:25:38.763264Z,48.0,2024-04-25T03:25:38.763264Z,-0.24412813981242953,1.516531538416484,0.1075367828114901,468.07270736850205,7.6303416503141035
A,39452,quiet,2024-04-23T03:25:38.763264Z,72.0,2024-04-26T03:25:38.763264Z,0.36128091373306803,2.9248730815554627,0.47574399765528536,468.07270736850205,7.6303416503141035
A,39452,quiet,2024-04-23T03:25:38.763264Z,96.0,2024-04-27T03:25:38.763264Z,0.1921006313534365,2.346289720657971,-0.2994331140563391,468.07270736850205,7.6303416503141035
A,39452,quiet,2024-04-23T03:25:38.763264Z,120.0,2024-04-28T03:25:38.763264Z,-0.5744435235004458,3.874336277653456,-0.2703646273438513,468.07270736850205,7.6303416503141035
A,39452,quiet,2024-04-23T03:25:38.763264Z,144.0,2024-04-29T03:25:38.763264Z,0.4948484149517739,3.2690020805837436,0.6674546170390927,468.07270736850205,7.6303416503141035
A,39452,quiet,2024-04-23T03:25:38.763264Z,168.0,2024-04-30T03:25:38.763264Z,0.5802944107370651,-5.208040550966458,0.09383266405050184,468.07270736850205,7.6303416503141035
A,39452,quiet,2024-04-23T14:24:16.195680Z,6.0,2024-04-23T20:24:16.195680Z,-0.0644698765910359,-0.09288578757033797,-0.1698676077781339,468.04247447310445,7.630358498182841
A,39452,quiet,2024-04-23T14:24:16.195680Z,12.0,2024-04-24T02:24:16.195680Z,-0.07617043646411736,1.0532200246623475,0.22118455113326801,468.04247447310445,7.630358498182841
A,39452,quiet,2024-04-23T14:24:16.195680Z,24.0,2024-04-24T14:24:16.195680Z,-0.10833220477518073,1.0595223218816052,-0.2879115000726247,468.04247447310445,7.630358498182841
A,39452,quiet,2024-04-23T14:24:16.195680Z,36.0,2024-04-25T02:24:16.195680Z,0.3080465863510786,2.7317223668386323,0.2222640017625261,468.04247447310445,7.630358498182841
A,39452,quiet,2024-04-23T14:24:16.195680Z,48.0,2024-04-25T14:24:16.195680Z,-0.230324177374289,3.991644298474436,0.24646692521005076,468.04247447310445,7.630358498182841
A,39452,quiet,2024-04-23T14:24:16.195680Z,72.0,2024-04-26T14:24:16.195680Z,0.4989743376194848,5.991235685924961,0.1188368243443132,468.04247447310445,7.630358498182841
A,39452,quiet,2024-04-23T14:24:16.195680Z,96.0,2024-04-27T14:24:16.195680Z,0.009593391956027944,7.32210911549857,-0.40464784899513484,468.04247447310445,7.630358498182841
A,39452,quiet,2024-04-23T14:24:16.195680Z,120.0,2024-04-28T14:24:16.195680Z,-0.6644649732830438,11.032621013297689,-0.04998779137607312,468.04247447310445,7.630358498182841
A,39452,quiet,2024-04-23T14:24:16.195680Z,144.0,2024-04-29T14:24:16.195680Z,0.710526867172385,11.170884387561292,0.3758078741528168,468.04247447310445,7.630358498182841
A,39452,quiet,2024-04-23T14:24:16.195680Z,168.0,2024-04-30T14:24:16.195680Z,0.537643727807904,3.4674681950482857,-0.2152972968476119,468.04247447310445,7.630358498182841
A,39452,quiet,2024-04-23T20:40:37.445664Z,6.0,2024-04-24T02:40:37.445664Z,0.03973605264305986,0.6941734848499098,0.2796792370755451,468.02263259369465,7.630369555516558
A,39452,quiet,2024-04-23T20:40:37.445664Z,12.0,2024-04-24T08:40:37.445664Z,-0.012447649755683757,0.019097676345353372,-0.1757351486959808,468.02263259369465,7.630369555516558
A,39452,quiet,2024-04-23T20:40:37.445664Z,24.0,2024-04-24T20:40:37.445664Z,-0.0594504088977941,0.07450897802775958,0.19308957384732722,468.02263259369465,7.630369555516558
A,39452,quiet,2024-04-23T20:40:37.445664Z,36.0,2024-04-25T08:40:37.445664Z,0.10764858632769879,1.0119787246530498,0.01174496760652377,468.02263259369465,7.630369555516558
A,39452,quiet,2024-04-23T20:40:37.445664Z,48.0,2024-04-25T20:40:37.445664Z,-0.32401587217741756,2.01377690262891,-0.09509581244046256,468.02263259369465,7.630369555516558
A,39452,quiet,2024-04-23T20:40:37.445664Z,72.0,2024-04-26T20:40:37.445664Z,0.286280105224351,3.126524535458261,-0.00952869493338565,468.02263259369465,7.630369555516558
A,39452,quiet,2024-04-23T20:40:37.445664Z,96.0,2024-04-27T20:40:37.445664Z,0.03257318501462567,2.9739163408351423,0.12102768046268408,468.02263259369465,7.630369555516558
A,39452,quiet,2024-04-23T20:40:37.445664Z,120.0,2024-04-28T20:40:37.445664Z,-0.7423515864874728,3.632956532145157,-0.1638691045958784,468.02263259369465,7.630369555516558
A,39452,quiet,2024-04-23T20:40:37.445664Z,144.0,2024-04-29T20:40:37.445664Z,0.4746752276688263,0.8239269392716736,-0.022481378175001787,468.02263259369465,7.630369555516558
A,39452,quiet,2024-04-23T20:40:37.445664Z,168.0,2024-04-30T20:40:37.445664Z,0.5307091975826762,-10.738238716906125,0.27529187876724404,468.02263259369465,7.630369555516558
A,39452,quiet,2024-04-24T12:21:30.189600Z,6.0,2024-04-24T18:21:30.189600Z,-0.007714442519746935,-0.7333068604688013,-0.0349530456163781,467.9764957673251,7.630395266486908
A,39452,quiet,2024-04-24T12:21:30.189600Z,12.0,2024-04-25T00:21:30.189600Z,-0.16861114051340403,1.7094022829817463,0.061451451749902186,467.9764957673251,7.630395266486908
A,39452,quiet,2024-04-24T12:21:30.189600Z,24.0,2024-04-25T12:21:30.189600Z,-0.11053026261420998,1.071265107108882,-0.03837620776888223,467.9764957673251,7.630395266486908
A,39452,quiet,2024-04-24T12:21:30.189600Z,36.0,2024-04-26T00:21:30.189600Z,0.406183772811916,2.25765613358799,-0.012410113923084387,467.9764957673251,7.630395266486908
A,39452,quiet,2024-04-24T12:21:30.189600Z,48.0,2024-04-26T12:21:30.189600Z,-0.3399255570356202,2.968139306747876,0.01444298546532885,467.9764957673251,7.630395266486908
A,39452,quiet,2024-04-24T12:21:30.189600Z,72.0,2024-04-27T12:21:30.189600Z,0.4753087803176239,4.0907202779117116,0.13699293863839102,467.9764957673251,7.630395266486908
A,39452,quiet,2024-04-24T12:21:30.189600Z,96.0,2024-04-28T12:21:30.189600Z,0.08287418011446099,2.2938386259652437,-0.051293836335084775,467.9764957673251,7.630395266486908
A,39452,quiet,2024-04-24T12:21:30.189600Z,120.0,2024-04-29T12:21:30.189600Z,-0.7943621712838496,1.1381954953143776,-0.22818994126938583,467.9764957673251,7.630395266486908
A,39452,quiet,2024-04-24T12:21:30.189600Z,144.0,2024-04-30T12:21:30.189600Z,0.649262120066379,-4.639326185689868,0.24380385308105557,467.9764957673251,7.630395266486908
A,39452,quiet,2024-04-24T12:21:30.189600Z,168.0,2024-05-01T12:21:30.189600Z,0.6457187509684286,-19.994823962932006,0.1281535681542243,467.9764957673251,7.630395266486908
A,39452,quiet,2024-04-24T13:55:35.431680Z,6.0,2024-04-24T19:55:35.431680Z,-0.057367352660722924,-0.32212085121875167,-0.15851413228453276,467.971170043038,7.630398234404773
A,39452,quiet,2024-04-24T13:55:35.431680Z,12.0,2024-04-25T01:55:35.431680Z,-0.07743231044371765,1.2594567141107087,0.18204810613153605,467.971170043038,7.630398234404773
A,39452,quiet,2024-04-24T13:55:35.431680Z,24.0,2024-04-25T13:55:35.431680Z,-0.08073588164420059,0.8068480366052397,-0.2175981621654066,467.971170043038,7.630398234404773
A,39452,quiet,2024-04-24T13:55:35.431680Z,36.0,2024-04-26T01:55:35.431680Z,0.3119077502930766,1.8766259887235486,0.17943108960807969,467.971170043038,7.630398234404773
A,39452,quiet,2024-04-24T13:55:35.431680Z,48.0,2024-04-26T13:55:35.431680Z,-0.18228934255032458,2.238698451213423,0.14003534685224595,467.971170043038,7.630398234404773
A,39452,quiet,2024-04-24T13:55:35.431680Z,72.0,2024-04-27T13:55:35.431680Z,0.49759598596407106,2.8284076489631302,0.14967029557194683,467.971170043038,7.630398234404773
A,39452,quiet,2024-04-24T13:55:35.431680Z,96.0,2024-04-28T13:55:35.431680Z,0.07012105561297322,0.7389824678914396,-0.34814454546779466,467.971170043038,7.630398234404773
A,39452,quiet,2024-04-24T13:55:35.431680Z,120.0,2024-04-29T13:55:35.431680Z,-0.6708809552521835,-1.0274830901516334,-0.1178164094588252,467.971170043038,7.630398234404773
A,39452,quiet,2024-04-24T13:55:35.431680Z,144.0,2024-04-30T13:55:35.431680Z,0.7229743122676386,-7.97259049545291,0.30132586580064413,467.971170043038,7.630398234404773
A,39452,quiet,2024-04-24T13:55:35.431680Z,168.0,2024-05-01T13:55:35.431680Z,0.6331216510817665,-24.050124591049627,-0.1583676449445246,467.971170043038,7.630398234404773
A,39452,quiet,2024-04-24T21:46:01.543584Z,6.0,2024-04-25T03:46:01.543584Z,-0.028876810510701678,-0.15237017190320035,0.40269972887904015,467.94503048907336,7.630412801496954
A,39452,quiet,2024-04-24T21:46:01.543584Z,12.0,2024-04-25T09:46:01.543584Z,-0.005098374678374162,0.12490969514733855,-0.2548157251803631,467.94503048907336,7.630412801496954
A,39452,quiet,2024-04-24T21:46:01.543584Z,24.0,2024-04-25T21:46:01.543584Z,-0.013291601692015993,-0.5424162178260725,0.251536402397588,467.94503048907336,7.630412801496954
A,39452,quiet,2024-04-24T21:46:01.543584Z,36.0,2024-04-26T09:46:01.543584Z,0.08354181148729498,-0.8214442490774011,-0.013170768558547475,467.94503048907336,7.630412801496954
A,39452,quiet,2024-04-24T21:46:01.543584Z,48.0,2024-04-26T21:46:01.543584Z,-0.30571612623641786,-1.011245936448334,-0.10593738938615674,467.94503048907336,7.630412801496954
A,39452,quiet,2024-04-24T21:46:01.543584Z,72.0,2024-04-27T21:46:01.543584Z,0.28907337458874793,-2.3687305798118516,0.07453136396828827,467.94503048907336,7.630412801496954
A,39452,quiet,2024-04-24T21:46:01.543584Z,96.0,2024-04-28T21:46:01.543584Z,0.1679361710239125,-8.730774282000798,0.23998452871646814,467.94503048907336,7.630412801496954
A,39452,quiet,2024-04-24T21:46:01.543584Z,120.0,2024-04-29T21:46:01.543584Z,-0.7217147505103502,-15.937999523318114,-0.16878328041840285,467.94503048907336,7.630412801496954
A,39452,quiet,2024-04-24T21:46:01.543584Z,144.0,2024-04-30T21:46:01.543584Z,0.5548037686249763,-28.848382401802603,0.010837034034358872,467.94503048907336,7.630412801496954
A,39452,quiet,2024-04-24T21:46:01.543584Z,168.0,2024-05-01T21:46:01.543584Z,0.9122361910127714,-51.7152373382118,0.34301695146602285,467.94503048907336,7.630412801496954
A,39452,quiet,2024-04-25T13:26:53.364768Z,6.0,2024-04-25T19:26:53.364768Z,-0.056881963833524236,-0.5863404183509637,-0.16893912886736445,467.9021550837015,7.630436695351662
A,39452,quiet,2024-04-25T13:26:53.364768Z,12.0,2024-04-26T01:26:53.364768Z,-0.04891495051314876,1.3040808411423501,0.13904372174462715,467.9021550837015,7.630436695351662
A,39452,quiet,2024-04-25T13:26:53.364768Z,24.0,2024-04-26T13:26:53.364768Z,-0.08010695934846965,0.6817928203419072,-0.17383452885086398,467.9021550837015,7.630436695351662
A,39452,quiet,2024-04-25T13:26:53.364768Z,36.0,2024-04-27T01:26:53.364768Z,0.2650724809001326,1.5969330364820074,0.1242002962582967,467.9021550837015,7.630436695351662
A,39452,quiet,2024-04-25T13:26:53.364768Z,48.0,2024-04-27T13:26:53.364768Z,-0.16896257639346374,2.3954337585184593,0.09563074236890312,467.9021550837015,7.630436695351662
A,39452,quiet,2024-04-25T13:26:53.364768Z,72.0,2024-04-28T13:26:53.364768Z,0.5337535719914059,2.2849070414889203,0.17476076328056317,467.9021550837015,7.630436695351662
A,39452,quiet,2024-04-25T13:26:53.364768Z,96.0,2024-04-29T13:26:53.364768Z,0.11431628504604079,-2.0932812849007916,-0.20610496348501123,467.9021550837015,7.630436695351662
A,39452,quiet,2024-04-25T13:26:53.364768Z,120.0,2024-04-30T13:26:53.364768Z,-0.5858862582447752,-6.842760830972635,-0.17225298253174642,467.9021550837015,7.630436695351662
A,39452,quiet,2024-04-25T13:26:53.364768Z,144.0,2024-05-01T13:26:53.364768Z,0.7673898387231588,-17.49382995185324,0.25745737056530427,467.9021550837015,7.630436695351662
A,39452,quiet,2024-04-25T13:26:53.364768Z,168.0,2024-05-02T13:26:53.364768Z,0.7621617574337192,-36.50948356250474,-0.13776970586925685,467.9021550837015,7.630436695351662
A,39452,quiet,2024-04-25T15:00:58.513536Z,6.0,2024-04-25T21:00:58.513536Z,-0.07662470751290809,0.03930765601653035,-0.19566074515130777,467.8972948074543,7.630439403928777
A,39452,quiet,2024-04-25T15:00:58.513536Z,12.0,2024-04-26T03:00:58.513536Z,0.013255476650035278,0.29955953254912343,0.1572763387240767,467.8972948074543,7.630439403928777
A,39452,quiet,2024-04-25T15:00:58.513536Z,24.0,2024-04-26T15:00:58.513536Z,-0.07859055587477626,0.046202426487171086,-0.269901905126799,467.8972948074543,7.630439403928777
A,39452,quiet,2024-04-25T15:00:58.513536Z,36.0,2024-04-27T03:00:58.513536Z,0.12008218118831238,0.9547827624780569,0.324756767098866,467.8972948074543,7.630439403928777
A,39452,quiet,2024-04-25T15:00:58.513536Z,48.0,2024-04-27T15:00:58.513536Z,-0.010777086001397804,1.5106758811110221,0.2079547389676083,467.8972948074543,7.630439403928777
A,39452,quiet,2024-04-25T15:00:58.513536Z,72.0,2024-04-28T15:00:58.513536Z,0.5014488655737801,1.0155971942303992,0.12310731369014183,467.8972948074543,7.630439403928777
A,39452,quiet,2024-04-25T15:00:58.513536Z,96.0,2024-04-29T15:00:58.513536Z,0.043740691409870865,-3.163423721846906,-0.3427526250301911,467.8972948074543,7.630439403928777
A,39452,quiet,2024-04-25T15:00:58.513536Z,120.0,2024-04-30T15:00:58.513536Z,-0.4853105369686879,-8.22600991317375,-0.07208915418860429,467.8972948074543,7.630439403928777
A,39452,quiet,2024-04-25T15:00:58.513536Z,144.0,2024-05-01T15:00:58.513536Z,0.7897698927175052,-19.445220296254625,0.22485964257652835,467.8972948074543,7.630439403928777
A,39452,quiet,2024-04-25T15:00:58.513536Z,168.0,2024-05-02T15:00:58.513536Z,0.6603602442522325,-38.30581885394288,-0.2754530630242904,467.8972948074543,7.630439403928777
A,39452,quiet,2024-04-25T21:17:19.073184Z,6.0,2024-04-26T03:17:19.073184Z,0.03672691942355734,0.05924565556109879,0.3712986339966051,467.8785574440335,7.630449846076997
A,39452,quiet,2024-04-25T21:17:19.073184Z,12.0,2024-04-26T09:17:19.073184Z,0.03546427330200909,-0.09773820372022986,-0.23545470849305913,467.8785574440335,7.630449846076997
A,39452,quiet,2024-04-25T21:17:19.073184Z,24.0,2024-04-26T21:17:19.073184Z,-0.021368647315592286,-0.3346494463604182,0.19614088405925734,467.8785574440335,7.630449846076997
A,39452,quiet,2024-04-25T21:17:19.073184Z,36.0,2024-04-27T09:17:19.073184Z,0.025627499398305227,-0.10980507764529922,0.02351140789659157,467.8785574440335,7.630449846076997
A,39452,quiet,2024-04-25T21:17:19.073184Z,48.0,2024-04-27T21:17:19.073184Z,-0.27956669819467483,0.17036342898113016,-0.14679956511643272,467.8785574440335,7.630449846076997
A,39452,quiet,2024-04-25T21:17:19.073184Z,72.0,2024-04-28T21:17:19.073184Z,0.3278000305744876,-1.9378406985098529,0.06242394163427739,467.8785574440335,7.630449846076997
A,39452,quiet,2024-04-25T21:17:19.073184Z,96.0,2024-04-29T21:17:19.073184Z,0.13213421392094737,-9.290356806271559,0.2886550022660246,467.8785574440335,7.630449846076997
A,39452,quiet,2024-04-25T21:17:19.073184Z,120.0,2024-04-30T21:17:19.073184Z,-0.6015051148638783,-18.398713194839477,-0.18222941180948915,467.8785574440335,7.630449846076997
A,39452,quiet,2024-04-25T21:17:19.073184Z,144.0,2024-05-01T21:17:19.073184Z,0.588420495124464,-32.97063719169983,-0.040911001985847406,467.8785574440335,7.630449846076997
A,39452,quiet,2024-04-25T21:17:19.073184Z,168.0,2024-05-02T21:17:19.073184Z,0.9455477987374366,-56.79105132869841,0.3627416605420102,467.8785574440335,7.630449846076997
A,39452,quiet,2024-04-26T14:32:15.154080Z,6.0,2024-04-26T20:32:15.154080Z,-0.0876546746589428,-0.2782618584622071,-0.163842533208384,467.8305813185898,7.630476582894934
A,39452,quiet,2024-04-26T14:32:15.154080Z,12.0,2024-04-27T02:32:15.154080Z,-0.01578140934952222,0.36660887387633123,0.17928908946249372,467.8305813185898,7.630476582894934
A,39452,quiet,2024-04-26T14:32:15.154080Z,24.0,2024-04-27T14:32:15.154080Z,-0.09709322680554482,0.32295845258403816,-0.27530676356541783,467.8305813185898,7.630476582894934
A,39452,quiet,2024-04-26T14:32:15.154080Z,36.0,2024-04-28T02:32:15.154080Z,0.19974529922713252,0.871801264306756,0.2876936386878035,467.8305813185898,7.630476582894934
A,39452,quiet,2024-04-26T14:32:15.154080Z,48.0,2024-04-28T14:32:15.154080Z,-0.0896535462576651,0.36151025925480584,0.23699698034980127,467.8305813185898,7.630476582894934
A,39452,quiet,2024-04-26T14:32:15.154080Z,72.0,2024-04-29T14:32:15.154080Z,0.5699606839349082,-3.2969808233741364,0.07996233720689089,467.8305813185898,7.630476582894934
A,39452,quiet,2024-04-26T14:32:15.154080Z,96.0,2024-04-30T14:32:15.154080Z,0.10644554780714265,-12.12175675900775,-0.27035379402132653,467.8305813185898,7.630476582894934
A,39452,quiet,2024-04-26T14:32:15.154080Z,120.0,2024-05-01T14:32:15.154080Z,-0.4390752545500084,-22.737624576272964,-0.03392281082137538,467.8305813185898,7.630476582894934
A,39452,quiet,2024-04-26T14:32:15.154080Z,144.0,2024-05-02T14:32:15.154080Z,0.9483243866900142,-39.02460780687746,0.23145623633947565,467.8305813185898,7.630476582894934
A,39452,quiet,2024-04-26T14:32:15.154080Z,168.0,2024-05-03T14:32:15.154080Z,0.9601364599471562,-61.94162182371854,-0.25946428995061765,467.8305813185898,7.630476582894934
A,39452,quiet,2024-04-26T20:48:35.364672Z,6.0,2024-04-27T02:48:35.364672Z,0.017458244223304123,-0.014449128960110455,0.3076924613293434,467.8090989715083,7.630488554974131
A,39452,quiet,2024-04-26T20:48:35.364672Z,12.0,2024-04-27T08:48:35.364672Z,0.015639123065069815,-0.5094466695717075,-0.20047975784921784,467.8090989715083,7.630488554974131
A,39452,quiet,2024-04-26T20:48:35.364672Z,24.0,2024-04-27T20:48:35.364672Z,-0.030663968343382877,-1.2130683318200666,0.19835952617792635,467.8090989715083,7.630488554974131
A,39452,quiet,2024-04-26T20:48:35.364672Z,36.0,2024-04-28T08:48:35.364672Z,0.0999427519200082,-2.23477660086229,0.007178304055278542,467.8090989715083,7.630488554974131
A,39452,quiet,2024-04-26T20:48:35.364672Z,48.0,2024-04-28T20:48:35.364672Z,-0.296114977442796,-3.926856809397668,-0.16933736685691947,467.8090989715083,7.630488554974131
A,39452,quiet,2024-04-26T20:48:35.364672Z,72.0,2024-04-29T20:48:35.364672Z,0.4179477238075503,-11.006551006592893,-0.03583056964517639,467.8090989715083,7.630488554974131
A,39452,quiet,2024-04-26T20:48:35.364672Z,96.0,2024-04-30T20:48:35.364672Z,0.2033337664734186,-25.100076813400886,0.28318084357528583,467.8090989715083,7.630488554974131
A,39452,quiet,2024-04-26T20:48:35.364672Z,120.0,2024-05-01T20:48:35.364672Z,-0.4884880430867178,-41.88747268562137,-0.1411629193083206,467.8090989715083,7.630488554974131
A,39452,quiet,2024-04-26T20:48:35.364672Z,144.0,2024-05-02T20:48:35.364672Z,0.9241794975382613,-64.52117484220786,-0.13757637313508297,467.8090989715083,7.630488554974131
A,39452,quiet,2024-04-26T20:48:35.364672Z,168.0,2024-05-03T20:48:35.364672Z,1.4391776718060987,-94.98289264876361,0.31621364095667914,467.8090989715083,7.630488554974131
B,39451,quiet,2024-04-20T05:41:40.038144Z,6.0,2024-04-20T11:41:40.038144Z,-0.05380952365359319,-0.18205717209032068,-0.20683481821039762,503.4744426921143,7.610689593177257
B,39451,quiet,2024-04-20T05:41:40.038144Z,12.0,2024-04-20T17:41:40.038144Z,-0.145544673055154,1.6884541417612804,0.11274897146224566,503.4744426921143,7.610689593177257
B,39451,quiet,2024-04-20T05:41:40.038144Z,24.0,2024-04-21T05:41:40.038144Z,0.10016928454351284,1.4148929526197886,-0.08638053467389362,503.4744426921143,7.610689593177257
B,39451,quiet,2024-04-20T05:41:40.038144Z,36.0,2024-04-21T17:41:40.038144Z,0.0966376565331632,2.7660227495447525,0.04785771220431778,503.4744426921143,7.610689593177257
B,39451,quiet,2024-04-20T05:41:40.038144Z,48.0,2024-04-22T05:41:40.038144Z,-0.2047752928105776,1.944702179085382,-0.0270616899529198,503.4744426921143,7.610689593177257
B,39451,quiet,2024-04-20T05:41:40.038144Z,72.0,2024-04-23T05:41:40.038144Z,-0.2759906803876486,2.0157072241663743,0.06225643450944335,503.4744426921143,7.610689593177257
B,39451,quiet,2024-04-20T05:41:40.038144Z,96.0,2024-04-24T05:41:40.038144Z,0.12445662199156433,0.41683547473778415,0.09059035860197254,503.4744426921143,7.610689593177257
B,39451,quiet,2024-04-20T05:41:40.038144Z,120.0,2024-04-25T05:41:40.038144Z,0.7228483164265902,-4.363515548387214,-0.1298748254094615,503.4744426921143,7.610689593177257
B,39451,quiet,2024-04-20T05:41:40.038144Z,144.0,2024-04-26T05:41:40.038144Z,0.6314347068615493,-12.72285776162347,-0.2677587772847039,503.4744426921143,7.610689593177257
B,39451,quiet,2024-04-20T05:41:40.038144Z,168.0,2024-04-27T05:41:40.038144Z,-0.36797677491639424,-21.215490583121735,-0.07220597072396195,503.4744426921143,7.610689593177257
B,39451,quiet,2024-04-20T13:35:45.691584Z,6.0,2024-04-20T19:35:45.691584Z,0.009809296527274159,0.5315901670659324,0.3389350736989924,503.4546565604296,7.61070053439593
B,39451,quiet,2024-04-20T13:35:45.691584Z,12.0,2024-04-21T01:35:45.691584Z,-0.03177445119341951,0.9604277557959746,-0.1969482964248549,503.4546565604296,7.61070053439593
B,39451,quiet,2024-04-20T13:35:45.691584Z,24.0,2024-04-21T13:35:45.691584Z,0.04742030739116426,1.2974457441250307,0.27697786900940985,503.4546565604296,7.61070053439593
B,39451,quiet,2024-04-20T13:35:45.691584Z,36.0,2024-04-22T01:35:45.691584Z,0.009964320499523366,2.346419023465714,-0.29608457316429027,503.4546565604296,7.61070053439593
B,39451,quiet,2024-04-20T13:35:45.691584Z,48.0,2024-04-22T13:35:45.691584Z,-0.13851118342061164,2.621884956976546,0.26011114939382773,503.4546565604296,7.61070053439593
B,39451,quiet,2024-04-20T13:35:45.691584Z,72.0,2024-04-23T13:35:45.691584Z,-0.3687642778878424,3.969561973395837,-0.04859740158138581,503.4546565604296,7.61070053439593
B,39451,quiet,2024-04-20T13:35:45.691584Z,96.0,2024-04-24T13:35:45.691584Z,-0.14694369913108754,4.723818950716245,-0.256399888950019,503.4546565604296,7.61070053439593
B,39451,quiet,2024-04-20T13:35:45.691584Z,120.0,2024-04-25T13:35:45.691584Z,0.49233761889977323,2.819348411911026,-0.11163213873228484,503.4546565604296,7.61070053439593
B,39451,quiet,2024-04-20T13:35:45.691584Z,144.0,2024-04-26T13:35:45.691584Z,0.5461266505146483,-2.039491368075552,0.1882712915934741,503.4546565604296,7.61070053439593
B,39451,quiet,2024-04-20T13:35:45.691584Z,168.0,2024-04-27T13:35:45.691584Z,-0.3615831263852999,-6.043520661488949,0.35986506472295154,503.4546565604296,7.61070053439593
B,39451,quiet,2024-04-20T19:55:02.125344Z,6.0,2024-04-21T01:55:02.125344Z,0.016565226443923997,0.5788483668122132,-0.27718568661516263,503.4382059502668,7.6107096311934646
B,39451,quiet,2024-04-20T19:55:02.125344Z,12.0,2024-04-21T07:55:02.125344Z,0.0498454198021893,0.7237638006350108,0.2048728206614669,503.4382059502668,7.6107096311934646
B,39451,quiet,2024-04-20T19:55:02.125344Z,24.0,2024-04-21T19:55:02.125344Z,0.09429759686247832,1.5021605902488093,-0.06600974754224131,503.4382059502668,7.6107096311934646
B,39451,quiet,2024-04-20T19:55:02.125344Z,36.0,2024-04-22T07:55:02.125344Z,0.1568469134835361,2.53511161387276,0.09252979621373814,503.4382059502668,7.6107096311934646
B,39451,quiet,2024-04-20T19:55:02.125344Z,48.0,2024-04-22T19:55:02.125344Z,0.028503566518969348,3.3700950963576117,-0.19743679798219183,503.4382059502668,7.6107096311934646
B,39451,quiet,2024-04-20T19:55:02.125344Z,72.0,2024-04-23T19:55:02.125344Z,-0.20838732777100866,5.586163918160998,-0.050318883108845136,503.4382059502668,7.6107096311934646
B,39451,quiet,2024-04-20T19:55:02.125344Z,96.0,2024-04-24T19:55:02.125344Z,-0.10922386427099884,8.21198489990407,0.24958551498265003,503.4382059502668,7.6107096311934646
B,39451,quiet,2024-04-20T19:55:02.125344Z,120.0,2024-04-25T19:55:02.125344Z,0.4349103923420612,9.109978886141391,0.2905188976347115,503.4382059502668,7.6107096311934646
B,39451,quiet,2024-04-20T19:55:02.125344Z,144.0,2024-04-26T19:55:02.125344Z,0.4971229911844173,7.993456559211918,0.010360370181077272,503.4382059502668,7.6107096311934646
B,39451,quiet,2024-04-20T19:55:02.125344Z,168.0,2024-04-27T19:55:02.125344Z,-0.26204383045521107,8.363673420228114,-0.14314933744376734,503.4382059502668,7.6107096311934646
B,39451,quiet,2024-04-21T13:18:01.895904Z,6.0,2024-04-21T19:18:01.895904Z,0.03677972490504958,0.3146442593481673,0.30905639466358786,503.3919422611971,7.610735214091912
B,39451,quiet,2024-04-21T13:18:01.895904Z,12.0,2024-04-22T01:18:01.895904Z,0.004029745749553115,0.3111711961382339,-0.1852231901489468,503.3919422611971,7.610735214091912
B,39451,quiet,2024-04-21T13:18:01.895904Z,24.0,2024-04-22T13:18:01.895904Z,0.030335204328089158,0.26540197559363593,0.2498860858332944,503.3919422611971,7.610735214091912
B,39451,quiet,2024-04-21T13:18:01.895904Z,36.0,2024-04-23T01:18:01.895904Z,0.0017761031089028254,0.48768432228922554,-0.2662514613425919,503.3919422611971,7.610735214091912
B,39451,quiet,2024-04-21T13:18:01.895904Z,48.0,2024-04-23T13:18:01.895904Z,-0.1270093514041534,-0.1831491637076135,0.23544854785564284,503.3919422611971,7.610735214091912
B,39451,quiet,2024-04-21T13:18:01.895904Z,72.0,2024-04-24T13:18:01.895904Z,-0.38795406612053146,-0.8129192167672593,-0.04961398043890343,503.3919422611971,7.610735214091912
B,39451,quiet,2024-04-21T13:18:01.895904Z,96.0,2024-04-25T13:18:01.895904Z,-0.11945471713786633,-2.6362258260190825,-0.2305954898326017,503.3919422611971,7.610735214091912
B,39451,quiet,2024-04-21T13:18:01.895904Z,120.0,2024-04-26T13:18:01.895904Z,0.5871851288062179,-7.460075817280365,-0.1047528510654232,503.3919422611971,7.610735214091912
B,39451,quiet,2024-04-21T13:18:01.895904Z,144.0,2024-04-27T13:18:01.895904Z,0.5831790584192476,-13.747107910196014,0.17295679352596594,503.3919422611971,7.610735214091912
B,39451,quiet,2024-04-21T13:18:01.895904Z,168.0,2024-04-28T13:18:01.895904Z,-0.3611301076894837,-20.134091902664053,0.32677791234390163,503.3919422611971,7.610735214091912
B,39451,quiet,2024-04-21T21:12:07.042176Z,6.0,2024-04-22T03:12:07.042176Z,0.039861080293776247,0.6737678188771108,-0.20786351801380795,503.36981771013416,7.610747448619102
B,39451,quiet,2024-04-21T21:12:07.042176Z,12.0,2024-04-22T09:12:07.042176Z,0.10634724534426088,-0.8391704139667562,0.155289115956463,503.36981771013416,7.610747448619102
B,39451,quiet,2024-04-21T21:12:07.042176Z,24.0,2024-04-22T21:12:07.042176Z,0.0601813776361938,-0.8003827474438048,0.0046092153641983935,503.36981771013416,7.610747448619102
B,39451,quiet,2024-04-21T21:12:07.042176Z,36.0,2024-04-23T09:12:07.042176Z,0.10651856752446988,-1.7098180070082383,0.02231070152160264,503.36981771013416,7.610747448619102
B,39451,quiet,2024-04-21T21:12:07.042176Z,48.0,2024-04-23T21:12:07.042176Z,0.05946044247302318,-2.6159200642417995,-0.136116625862978,503.36981771013416,7.610747448619102
B,39451,quiet,2024-04-21T21:12:07.042176Z,72.0,2024-04-24T21:12:07.042176Z,-0.1868856973090237,-5.147561777145955,-0.11685918308586118,503.36981771013416,7.610747448619102
B,39451,quiet,2024-04-21T21:12:07.042176Z,96.0,2024-04-25T21:12:07.042176Z,-0.02988720635499567,-8.938462330635922,0.11845308651597719,503.36981771013416,7.610747448619102
B,39451,quiet,2024-04-21T21:12:07.042176Z,120.0,2024-04-26T21:12:07.042176Z,0.520358227475453,-15.143559343205375,0.22409041947344122,503.36981771013416,7.610747448619102
B,39451,quiet,2024-04-21T21:12:07.042176Z,144.0,2024-04-27T21:12:07.042176Z,0.5216924017274058,-22.751490078371372,0.06708810093630824,503.36981771013416,7.610747448619102
B,39451,quiet,2024-04-21T21:12:07.042176Z,168.0,2024-04-28T21:12:07.042176Z,-0.24242511433874459,-31.67553283732888,-0.05431645269997887,503.36981771013416,7.610747448619102
B,39451,quiet,2024-04-22T11:25:28.080480Z,6.0,2024-04-22T17:25:28.080480Z,0.06127262667708089,1.1203967111456838,0.06901067902951036,503.33933302702735,7.610764306263886
B,39451,quiet,2024-04-22T11:25:28.080480Z,12.0,2024-04-22T23:25:28.080480Z,0.03370209684934191,-0.544559309425906,-0.1898285048183761,503.33933302702735,7.610764306263886
B,39451,quiet,2024-04-22T11:25:28.080480Z,24.0,2024-04-23T11:25:28.080480Z,-0.015719950074501388,-0.7944290381450665,0.08477127993727601,503.33933302702735,7.610764306263886
B,39451,quiet,2024-04-22T11:25:28.080480Z,36.0,2024-04-23T23:25:28.080480Z,-0.06446453250839682,-0.8892203749093248,-0.11245855569949242,503.33933302702735,7.610764306263886
B,39451,quiet,2024-04-22T11:25:28.080480Z,48.0,2024-04-24T11:25:28.080480Z,-0.1423242206397058,-1.8022709307324014,0.1926142241603095,503.33933302702735,7.610764306263886
B,39451,quiet,2024-04-22T11:25:28.080480Z,72.0,2024-04-25T11:25:28.080480Z,-0.3251297699282843,-3.3644710408697196,0.050278848929824815,503.33933302702735,7.610764306263886
B,39451,quiet,2024-04-22T11:25:28.080480Z,96.0,2024-04-26T11:25:28.080480Z,-0.019883733129100578,-6.156310450427011,-0.1437672597577455,503.33933302702735,7.610764306263886
B,39451,quiet,2024-04-22T11:25:28.080480Z,120.0,2024-04-27T11:25:28.080480Z,0.5933398719343428,-10.272955992263029,-0.18403520587837519,503.33933302702735,7.610764306263886
B,39451,quiet,2024-04-22T11:25:28.080480Z,144.0,2024-04-28T11:25:28.080480Z,0.509279765779338,-16.299656988285243,0.014872739182237638,503.33933302702735,7.610764306263886
B,39451,quiet,2024-04-22T11:25:28.080480Z,168.0,2024-04-29T11:25:28.080480Z,-0.36145897530243687,-24.284292649756825,0.20447376101894044,503.33933302702735,7.610764306263886
B,39451,quiet,2024-04-22T19:19:32.946816Z,6.0,2024-04-23T01:19:32.946816Z,-0.02173408436948982,-0.03595367847394498,-0.22642430954784587,503.3235145810695,7.610773053708883
B,39451,quiet,2024-04-22T19:19:32.946816Z,12.0,2024-04-23T07:19:32.946816Z,0.08277824802310153,0.1266652495741804,0.2073664825840228,503.3235145810695,7.610773053708883
B,39451,quiet,2024-04-22T19:19:32.946816Z,24.0,2024-04-23T19:19:32.946816Z,0.18138181363841932,0.08073272744220564,-0.1304142832801084,503.3235145810695,7.610773053708883
B,39451,quiet,2024-04-22T19:19:32.946816Z,36.0,2024-04-24T07:19:32.946816Z,0.21422885547968876,0.1761250914725283,0.18954808347265378,503.3235145810695,7.610773053708883
B,39451,quiet,2024-04-22T19:19:32.946816Z,48.0,2024-04-24T19:19:32.946816Z,0.018559338439038453,-0.594705559291275,-0.2680743219404322,503.3235145810695,7.610773053708883
B,39451,quiet,2024-04-22T19:19:32.946816Z,72.0,2024-04-25T19:19:32.946816Z,-0.3267225222718807,-1.1584399762567614,0.013248295583911066,503.3235145810695,7.610773053708883
B,39451,quiet,2024-04-22T19:19:32.946816Z,96.0,2024-04-26T19:19:32.946816Z,-0.02776793697758096,-1.8387717361682796,0.3442785314751029,503.3235145810695,7.610773053708883
B,39451,quiet,2024-04-22T19:19:32.946816Z,120.0,2024-04-27T19:19:32.946816Z,0.6311584255525371,-3.353525550789214,0.2886516212655996,503.3235145810695,7.610773053708883
B,39451,quiet,2024-04-22T19:19:32.946816Z,144.0,2024-04-28T19:19:32.946816Z,0.5392718456551597,-7.291418765963334,-0.06287046761990744,503.3235145810695,7.610773053708883
B,39451,quiet,2024-04-22T19:19:32.946816Z,168.0,2024-04-29T19:19:32.946816Z,-0.26192000300262985,-13.370369336796514,-0.24491319470827744,503.3235145810695,7.610773053708883
B,39451,quiet,2024-04-22T22:29:10.868640Z,6.0,2024-04-23T04:29:10.868640Z,0.05700093620024427,1.4329261860903881,0.03425853815813373,503.31902305540916,7.610775537483884
B,39451,quiet,2024-04-22T22:29:10.868640Z,12.0,2024-04-23T10:29:10.868640Z,0.04325334563382982,-0.3491816538855245,0.08825580010035582,503.31902305540916,7.610775537483884
B,39451,quiet,2024-04-22T22:29:10.868640Z,24.0,2024-04-23T22:29:10.868640Z,0.006994373655660108,0.3216388388532634,0.11967015349917821,503.31902305540916,7.610775537483884
B,39451,quiet,2024-04-22T22:29:10.868640Z,36.0,2024-04-24T10:29:10.868640Z,0.00243763766811074,0.6021984350857195,-0.09332951377492943,503.31902305540916,7.610775537483884
B,39451,quiet,2024-04-22T22:29:10.868640Z,48.0,2024-04-24T22:29:10.868640Z,-0.052483397893265074,0.7449778924004566,-0.047544994017057474,503.31902305540916,7.610775537483884
B,39451,quiet,2024-04-22T22:29:10.868640Z,72.0,2024-04-25T22:29:10.868640Z,-0.2869790049515081,1.3029769251152854,-0.13477570657574245,503.31902305540916,7.610775537483884
B,39451,quiet,2024-04-22T22:29:10.868640Z,96.0,2024-04-26T22:29:10.868640Z,-0.03657902569716679,2.231469902708503,-0.059590631973425845,503.31902305540916,7.610775537483884
B,39451,quiet,2024-04-22T22:29:10.868640Z,120.0,2024-04-27T22:29:10.868640Z,0.4942610340084994,3.0209775196726105,0.07826276150159628,503.31902305540916,7.610775537483884
B,39451,quiet,2024-04-22T22:29:10.868640Z,144.0,2024-04-28T22:29:10.868640Z,0.34770219001427066,1.8314771261521563,0.10723615085568666,503.31902305540916,7.610775537483884
B,39451,quiet,2024-04-22T22:29:10.868640Z,168.0,2024-04-29T22:29:10.868640Z,-0.3895057346978642,-1.259004979235321,0.0412002461160722,503.31902305540916,7.610775537483884
B,39451,quiet,2024-04-23T12:42:31.282272Z,6.0,2024-04-23T18:42:31.282272Z,0.010315661605059378,0.5596565032740919,0.28013253406908656,503.29011005582834,7.610791526181814
B,39451,quiet,2024-04-23T12:42:31.282272Z,12.0,2024-04-24T00:42:31.282272Z,0.008419895499948246,0.3147023966906105,-0.16359224623576857,503.29011005582834,7.610791526181814
B,39451,quiet,2024-04-23T12:42:31.282272Z,24.0,2024-04-24T12:42:31.282272Z,0.01613684466476309,0.6216606044342143,0.19776386927854567,503.29011005582834,7.610791526181814
B,39451,quiet,2024-04-23T12:42:31.282272Z,36.0,2024-04-25T00:42:31.282272Z,-0.010157927407257919,1.5352552082898963,-0.20243294646646726,503.29011005582834,7.610791526181814
B,39451,quiet,2024-04-23T12:42:31.282272Z,48.0,2024-04-25T12:42:31.282272Z,-0.2011798860772559,1.3526993735362014,0.1791933051766622,503.29011005582834,7.610791526181814
B,39451,quiet,2024-04-23T12:42:31.282272Z,72.0,2024-04-26T12:42:31.282272Z,-0.4909942327447988,2.9512793133421615,-0.04591194593943715,503.29011005582834,7.610791526181814
B,39451,quiet,2024-04-23T12:42:31.282272Z,96.0,2024-04-27T12:42:31.282272Z,-0.09847153449198812,6.144823307784366,-0.21679104245986913,503.29011005582834,7.610791526181814
B,39451,quiet,2024-04-23T12:42:31.282272Z,120.0,2024-04-28T12:42:31.282272Z,0.5870113058792357,7.960717686151,-0.13091828416695406,503.29011005582834,7.610791526181814
B,39451,quiet,2024-04-23T12:42:31.282272Z,144.0,2024-04-29T12:42:31.282272Z,0.41659348243933825,6.7624464725638935,0.06312038719613433,503.29011005582834,7.610791526181814
B,39451,quiet,2024-04-23T12:42:31.282272Z,168.0,2024-04-30T12:42:31.282272Z,-0.41935121662587005,3.556687334274597,0.2056689688692812,503.29011005582834,7.610791526181814
B,39451,quiet,2024-04-23T20:36:35.828064Z,6.0,2024-04-24T02:36:35.828064Z,0.02319793475337252,0.9272319896226111,-0.24419582876292412,503.27393667832257,7.610800469996773
B,39451,quiet,2024-04-23T20:36:35.828064Z,12.0,2024-04-24T08:36:35.828064Z,0.10055608591047052,0.06491379151230384,0.1916163244519619,503.27393667832257,7.610800469996773
B,39451,quiet,2024-04-23T20:36:35.828064Z,24.0,2024-04-24T20:36:35.828064Z,0.13989920620122667,0.6338341131170548,-0.06585221247843007,503.27393667832257,7.610800469996773
B,39451,quiet,2024-04-23T20:36:35.828064Z,36.0,2024-04-25T08:36:35.828064Z,0.17008859912348231,1.0998849481378763,0.1230541614617,503.27393667832257,7.610800469996773
B,39451,quiet,2024-04-23T20:36:35.828064Z,48.0,2024-04-25T20:36:35.828064Z,-0.02458722514707462,1.0381338759025005,-0.22234502602193384,503.27393667832257,7.610800469996773
B,39451,quiet,2024-04-23T20:36:35.828064Z,72.0,2024-04-26T20:36:35.828064Z,-0.32873113577570084,2.8381641097484804,-0.08870992964533919,503.27393667832257,7.610800469996773
B,39451,quiet,2024-04-23T20:36:35.828064Z,96.0,2024-04-27T20:36:35.828064Z,-0.01349972078172948,6.604713944949306,0.17662261021924142,503.27393667832257,7.610800469996773
B,39451,quiet,2024-04-23T20:36:35.828064Z,120.0,2024-04-28T20:36:35.828064Z,0.506819172166614,8.682553051820335,0.2363026561697983,503.27393667832257,7.610800469996773
B,39451,quiet,2024-04-23T20:36:35.828064Z,144.0,2024-04-29T20:36:35.828064Z,0.3746748083919993,7.53489364611144,-0.05321217864059147,503.27393667832257,7.610800469996773
B,39451,quiet,2024-04-23T20:36:35.828064Z,168.0,2024-04-30T20:36:35.828064Z,-0.2888307315515368,3.865986804174212,-0.16804690134574818,503.27393667832257,7.610800469996773
B,39451,quiet,2024-04-23T22:11:24.722880Z,6.0,2024-04-24T04:11:24.722880Z,0.08957888373533604,1.5844131794269583,-0.003979309464786751,503.2710133198416,7.610802086606026
B,39451,quiet,2024-04-23T22:11:24.722880Z,12.0,2024-04-24T10:11:24.722880Z,0.036102645011756834,-0.11558536096090148,0.11799282708958164,503.2710133198416,7.610802086606026
B,39451,quiet,2024-04-23T22:11:24.722880Z,24.0,2024-04-24T22:11:24.722880Z,0.019566520742024612,0.538251651865314,0.07554835467144397,503.2710133198416,7.610802086606026
B,39451,quiet,2024-04-23T22:11:24.722880Z,36.0,2024-04-25T10:11:24.722880Z,0.043403179029728484,1.0604718697245694,-0.047153450127152885,503.2710133198416,7.610802086606026
B,39451,quiet,2024-04-23T22:11:24.722880Z,48.0,2024-04-25T22:11:24.722880Z,-0.10655781871404074,1.183233067258758,-0.07626687798189141,503.2710133198416,7.610802086606026
B,39451,quiet,2024-04-23T22:11:24.722880Z,72.0,2024-04-26T22:11:24.722880Z,-0.3275525413522674,3.1658920073389627,-0.13045605449851905,503.2710133198416,7.610802086606026
B,39451,quiet,2024-04-23T22:11:24.722880Z,96.0,2024-04-27T22:11:24.722880Z,0.005316044288367738,6.891942847654109,-0.06570808207110579,503.2710133198416,7.610802086606026
B,39451,quiet,2024-04-23T22:11:24.722880Z,120.0,2024-04-28T22:11:24.722880Z,0.481441689892419,8.803093281533107,0.0747836447276824,503.2710133198416,7.610802086606026
B,39451,quiet,2024-04-23T22:11:24.722880Z,144.0,2024-04-29T22:11:24.722880Z,0.3014067351470453,7.598262245468456,0.04152859950610077,503.2710133198416,7.610802086606026
B,39451,quiet,2024-04-23T22:11:24.722880Z,168.0,2024-04-30T22:11:24.722880Z,-0.378513358352478,3.967143963159873,0.005842892227811092,503.2710133198416,7.610802086606026
B,39451,quiet,2024-04-24T13:59:33.453312Z,6.0,2024-04-24T19:59:33.453312Z,-0.08930817419747317,-0.1670691924592908,0.32802952134392976,503.2370988244411,7.6108208413046246
B,39451,quiet,2024-04-24T13:59:33.453312Z,12.0,2024-04-25T01:59:33.453312Z,-0.061930736432826566,0.892690039132218,-0.135578963312023,503.2370988244411,7.6108208413046246
B,39451,quiet,2024-04-24T13:59:33.453312Z,24.0,2024-04-25T13:59:33.453312Z,0.11493674108849052,0.2726525931640676,0.2438275706405769,503.2370988244411,7.6108208413046246
B,39451,quiet,2024-04-24T13:59:33.453312Z,36.0,2024-04-26T01:59:33.453312Z,0.07822679714208451,0.9821430593094163,-0.27545295328599345,503.2370988244411,7.6108208413046246
B,39451,quiet,2024-04-24T13:59:33.453312Z,48.0,2024-04-26T13:59:33.453312Z,-0.27339465034669014,-0.0746281095128329,0.2530907581056181,503.2370988244411,7.6108208413046246
B,39451,quiet,2024-04-24T13:59:33.453312Z,72.0,2024-04-27T13:59:33.453312Z,-0.621102629526573,2.278721953252101,0.026124506008901482,503.2370988244411,7.6108208413046246
B,39451,quiet,2024-04-24T13:59:33.453312Z,96.0,2024-04-28T13:59:33.453312Z,-0.08613749219211661,4.6100123835121565,-0.1798021933787881,503.2370988244411,7.6108208413046246
B,39451,quiet,2024-04-24T13:59:33.453312Z,120.0,2024-04-29T13:59:33.453312Z,0.6504436766317138,2.7984146391107823,-0.13612754336389155,503.2370988244411,7.6108208413046246
B,39451,quiet,2024-04-24T13:59:33.453312Z,144.0,2024-04-30T13:59:33.453312Z,0.5134671727484034,-3.382187567127112,0.0078730601368171,503.2370988244411,7.6108208413046246
B,39451,quiet,2024-04-24T13:59:33.453312Z,168.0,2024-05-01T13:59:33.453312Z,-0.4189151740711041,-12.0351187985314,0.21854444607620938,503.2370988244411,7.6108208413046246
B,39451,quiet,2024-04-24T21:53:37.677696Z,6.0,2024-04-25T03:53:37.677696Z,0.13377077167803153,1.4144870416878979,-0.02563015954054415,503.2192942653619,7.610830687272182
B,39451,quiet,2024-04-24T21:53:37.677696Z,12.0,2024-04-25T09:53:37.677696Z,0.03037199791819936,-0.6427407780879064,0.13467471356957722,503.2192942653619,7.610830687272182
B,39451,quiet,2024-04-24T21:53:37.677696Z,24.0,2024-04-25T21:53:37.677696Z,0.029907944032699724,-1.028092714804074,0.04091417585679369,503.2192942653619,7.610830687272182
B,39451,quiet,2024-04-24T21:53:37.677696Z,36.0,2024-04-26T09:53:37.677696Z,0.09242669113564936,-1.2240914643403233,-0.015880038003114105,503.2192942653619,7.610830687272182
B,39451,quiet,2024-04-24T21:53:37.677696Z,48.0,2024-04-26T21:53:37.677696Z,-0.15970030498053578,-1.807527024973228,-0.09522244666303625,503.2192942653619,7.610830687272182
B,39451,quiet,2024-04-24T21:53:37.677696Z,72.0,2024-04-27T21:53:37.677696Z,-0.2961414899001997,-0.7475802529678529,-0.14130864906402585,503.2192942653619,7.610830687272182
B,39451,quiet,2024-04-24T21:53:37.677696Z,96.0,2024-04-28T21:53:37.677696Z,0.08415444151204228,-0.9659094293664885,-0.01960104842634436,503.2192942653619,7.610830687272182
B,39451,quiet,2024-04-24T21:53:37.677696Z,120.0,2024-04-29T21:53:37.677696Z,0.4976357579021934,-5.385737712133231,0.0975016135781217,503.2192942653619,7.610830687272182
B,39451,quiet,2024-04-24T21:53:37.677696Z,144.0,2024-04-30T21:53:37.677696Z,0.3802839885525686,-14.362225750647692,0.006894995801514092,503.2192942653619,7.610830687272182
B,39451,quiet,2024-04-24T21:53:37.677696Z,168.0,2024-05-01T21:53:37.677696Z,-0.30734686932719324,-26.35414098040797,-0.02906630084171624,503.2192942653619,7.610830687272182
B,39451,quiet,2024-04-25T05:47:41.818272Z,6.0,2024-04-25T11:47:41.818272Z,-0.02155434422613823,-0.1350731990155472,-0.17724829408742354,503.2076787082415,7.61083711072613
B,39451,quiet,2024-04-25T05:47:41.818272Z,12.0,2024-04-25T17:47:41.818272Z,-0.12586025030493989,0.9853969907579061,0.1386216412328828,503.2076787082415,7.61083711072613
B,39451,quiet,2024-04-25T05:47:41.818272Z,24.0,2024-04-26T05:47:41.818272Z,0.07788169480340396,0.3577032818850642,-0.26832047834015693,503.2076787082415,7.61083711072613
B,39451,quiet,2024-04-25T05:47:41.818272Z,36.0,2024-04-26T17:47:41.818272Z,0.11053238743315147,2.2358572120073257,0.23697102132564796,503.2076787082415,7.61083711072613
B,39451,quiet,2024-04-25T05:47:41.818272Z,48.0,2024-04-27T05:47:41.818272Z,-0.3518358414057027,2.090496663626526,-0.11417060718063532,503.2076787082415,7.61083711072613
B,39451,quiet,2024-04-25T05:47:41.818272Z,72.0,2024-04-28T05:47:41.818272Z,-0.41854206720904263,6.18826571173053,0.18828074007761342,503.2076787082415,7.61083711072613
B,39451,quiet,2024-04-25T05:47:41.818272Z,96.0,2024-04-29T05:47:41.818272Z,0.21049029418776213,8.666603198551805,0.25704225221506416,503.2076787082415,7.61083711072613
B,39451,quiet,2024-04-25T05:47:41.818272Z,120.0,2024-04-30T05:47:41.818272Z,0.7557405241526567,6.823904481876964,-0.14085728829129485,503.2076787082415,7.61083711072613
B,39451,quiet,2024-04-25T05:47:41.818272Z,144.0,2024-05-01T05:47:41.818272Z,0.44911397381853907,1.1044807871912101,-0.4447538660484105,503.2076787082415,7.61083711072613
B,39451,quiet,2024-04-25T05:47:41.818272Z,168.0,2024-05-02T05:47:41.818272Z,-0.5061643335401784,-6.127193137701952,-0.21731305675258206,503.2076787082415,7.61083711072613
B,39451,quiet,2024-04-25T13:41:45.868128Z,6.0,2024-04-25T19:41:45.868128Z,-0.05086704897930953,-0.09347239817081249,0.3835440052931455,503.19195769242833,7.610845804542613
B,39451,quiet,2024-04-25T13:41:45.868128Z,12.0,2024-04-26T01:41:45.868128Z,-0.05420518627020243,0.658953563545848,-0.17189070535801373,503.19195769242833,7.610845804542613
B,39451,quiet,2024-04-25T13:41:45.868128Z,24.0,2024-04-26T13:41:45.868128Z,0.10185374507915783,0.08048091904163193,0.26302424366061194,503.19195769242833,7.610845804542613
B,39451,quiet,2024-04-25T13:41:45.868128Z,36.0,2024-04-27T01:41:45.868128Z,0.08064526971701626,1.429606931663125,-0.2806247389517168,503.19195769242833,7.610845804542613
B,39451,quiet,2024-04-25T13:41:45.868128Z,48.0,2024-04-27T13:41:45.868128Z,-0.28744546524320735,1.4673522717322953,0.24143789716894432,503.19195769242833,7.610845804542613
B,39451,quiet,2024-04-25T13:41:45.868128Z,72.0,2024-04-28T13:41:45.868128Z,-0.5351228111828193,4.288873183468301,0.010263699973841134,503.19195769242833,7.610845804542613
B,39451,quiet,2024-04-25T13:41:45.868128Z,96.0,2024-04-29T13:41:45.868128Z,-0.04587584714345731,4.782665595809937,-0.13230182498047327,503.19195769242833,7.610845804542613
B,39451,quiet,2024-04-25T13:41:45.868128Z,120.0,2024-04-30T13:41:45.868128Z,0.5962341684074783,0.4396540890190397,-0.09903957403097002,503.19195769242833,7.610845804542613
B,39451,quiet,2024-04-25T13:41:45.868128Z,144.0,2024-05-01T13:41:45.868128Z,0.5201955115921217,-8.390677404416344,0.0337444211738851,503.19195769242833,7.610845804542613
B,39451,quiet,2024-04-25T13:41:45.868128Z,168.0,2024-05-02T13:41:45.868128Z,-0.38591488582039624,-19.651205329927766,0.2347269606114324,503.19195769242833,7.610845804542613
B,39451,quiet,2024-04-25T21:35:49.841088Z,6.0,2024-04-26T03:35:49.841088Z,0.11992537501431569,1.468328015772823,-0.06269259771729008,503.1752894071051,7.6108550222373825
B,39451,quiet,2024-04-25T21:35:49.841088Z,12.0,2024-04-26T09:35:49.841088Z,0.011093335667922588,-0.5701069933431503,0.14588176975509237,503.1752894071051,7.6108550222373825
B,39451,quiet,2024-04-25T21:35:49.841088Z,24.0,2024-04-26T21:35:49.841088Z,0.021107227666912254,-0.5046743724375894,0.03477997298185975,503.1752894071051,7.6108550222373825
B,39451,quiet,2024-04-25T21:35:49.841088Z,36.0,2024-04-27T09:35:49.841088Z,0.07499497357901451,0.25382869081024034,-0.022145793160163935,503.1752894071051,7.6108550222373825
B,39451,quiet,2024-04-25T21:35:49.841088Z,48.0,2024-04-27T21:35:49.841088Z,-0.14809987022535204,0.467297957677365,-0.08883584744202583,503.1752894071051,7.6108550222373825
B,39451,quiet,2024-04-25T21:35:49.841088Z,72.0,2024-04-28T21:35:49.841088Z,-0.21894517938489766,1.0192307295347942,-0.11018760927296695,503.1752894071051,7.6108550222373825
B,39451,quiet,2024-04-25T21:35:49.841088Z,96.0,2024-04-29T21:35:49.841088Z,0.07909642817108153,-1.597395789877503,0.050343951750212,503.1752894071051,7.6108550222373825
B,39451,quiet,2024-04-25T21:35:49.841088Z,120.0,2024-04-30T21:35:49.841088Z,0.4663449275399276,-8.981419531134677,0.10730461883429543,503.1752894071051,7.6108550222373825
B,39451,quiet,2024-04-25T21:35:49.841088Z,144.0,2024-05-01T21:35:49.841088Z,0.45230253056500613,-20.905339446985177,-0.026001309894416735,503.1752894071051,7.6108550222373825
B,39451,quiet,2024-04-25T21:35:49.841088Z,168.0,2024-05-02T21:35:49.841088Z,-0.23847696326458934,-35.971372760928496,-0.04804027844131298,503.1752894071051,7.6108550222373825
B,39451,quiet,2024-04-26T13:23:57.433632Z,6.0,2024-04-26T19:23:57.433632Z,-0.036841123421855734,-0.2736124196033812,0.39812593500174454,503.1423959376734,7.610873212686676
B,39451,quiet,2024-04-26T13:23:57.433632Z,12.0,2024-04-27T01:23:57.433632Z,-0.04403733838972965,0.28542427328203823,-0.1877530998725699,503.1423959376734,7.610873212686676
B,39451,quiet,2024-04-26T13:23:57.433632Z,24.0,2024-04-27T13:23:57.433632Z,0.0876353636587708,0.12278413695116598,0.2609769314530791,503.1423959376734,7.610873212686676
B,39451,quiet,2024-04-26T13:23:57.433632Z,36.0,2024-04-28T01:23:57.433632Z,0.06335308714025202,0.8775918306685837,-0.2666738661246327,503.1423959376734,7.610873212686676
B,39451,quiet,2024-04-26T13:23:57.433632Z,48.0,2024-04-28T13:23:57.433632Z,-0.2034798095828417,-0.09309384525351191,0.22500641008330433,503.1423959376734,7.610873212686676
B,39451,quiet,2024-04-26T13:23:57.433632Z,72.0,2024-04-29T13:23:57.433632Z,-0.39345408808675186,-2.2475189547221204,0.03100015649417684,503.1423959376734,7.610873212686676
B,39451,quiet,2024-04-26T13:23:57.433632Z,96.0,2024-04-30T13:23:57.433632Z,-0.027476842219682537,-8.540393273800445,-0.08458316260730303,503.1423959376734,7.610873212686676
B,39451,quiet,2024-04-26T13:23:57.433632Z,120.0,2024-05-01T13:23:57.433632Z,0.6317843842822466,-20.43646233341223,-0.08698436226953055,503.1423959376734,7.610873212686676
B,39451,quiet,2024-04-26T13:23:57.433632Z,144.0,2024-05-02T13:23:57.433632Z,0.7353713846244441,-37.7495566901573,0.05166222980186319,503.1423959376734,7.610873212686676
B,39451,quiet,2024-04-26T13:23:57.433632Z,168.0,2024-05-03T13:23:57.433632Z,-0.1098595458861853,-57.63625106131532,0.26254158816061945,503.1423959376734,7.610873212686676
B,39451,quiet,2024-04-26T13:23:57.435360Z,6.0,2024-04-26T19:23:57.435360Z,-0.03297128703315376,-0.22825300310382912,0.40164433787134457,503.14282495146836,7.610872975436504
B,39451,quiet,2024-04-26T13:23:57.435360Z,12.0,2024-04-27T01:23:57.435360Z,-0.04478829963820399,0.3593773213254286,-0.1977031778226274,503.14282495146836,7.610872975436504
B,39451,quiet,2024-04-26T13:23:57.435360Z,24.0,2024-04-27T13:23:57.435360Z,0.08394086365428717,0.2380823440472662,0.26551518968589366,503.14282495146836,7.610872975436504
B,39451,quiet,2024-04-26T13:23:57.435360Z,36.0,2024-04-28T01:23:57.435360Z,0.06660452622865644,1.0803349761114416,-0.26424474247790736,503.14282495146836,7.610872975436504
B,39451,quiet,2024-04-26T13:23:57.435360Z,48.0,2024-04-28T13:23:57.435360Z,-0.20906793468895407,0.20504555368837163,0.21641786244193956,503.14282495146836,7.610872975436504
B,39451,quiet,2024-04-26T13:23:57.435360Z,72.0,2024-04-29T13:23:57.435360Z,-0.39531385723744167,-1.6965447697585374,0.019958934919832985,503.14282495146836,7.610872975436504
B,39451,quiet,2024-04-26T13:23:57.435360Z,96.0,2024-04-30T13:23:57.435360Z,-0.026558842154923087,-7.676492906677657,-0.08432378879967928,503.14282495146836,7.610872975436504
B,39451,quiet,2024-04-26T13:23:57.435360Z,120.0,2024-05-01T13:23:57.435360Z,0.627025546476986,-19.187333031520843,-0.07569554476347262,503.14282495146836,7.610872975436504
B,39451,quiet,2024-04-26T13:23:57.435360Z,144.0,2024-05-02T13:23:57.435360Z,0.7177523410751601,-36.03047229319618,0.059882469644296776,503.14282495146836,7.610872975436504
B,39451,quiet,2024-04-26T13:23:57.435360Z,168.0,2024-05-03T13:23:57.435360Z,-0.1350101055335049,-55.36317462270263,0.2573533029577,503.14282495146836,7.610872975436504
B,39451,quiet,2024-04-26T18:08:23.642016Z,6.0,2024-04-27T00:08:23.642016Z,-0.01272075355813718,-0.39964632307365167,-0.1835966687326556,503.13215535489235,7.610878875867872
B,39451,quiet,2024-04-26T18:08:23.642016Z,12.0,2024-04-27T06:08:23.642016Z,-0.06288258113425158,0.6939695380054726,0.21321828368473697,503.13215535489235,7.610878875867872
B,39451,quiet,2024-04-26T18:08:23.642016Z,24.0,2024-04-27T18:08:23.642016Z,0.1524503085551793,0.3516223290968446,-0.2058651722079935,503.13215535489235,7.610878875867872
B,39451,quiet,2024-04-26T18:08:23.642016Z,36.0,2024-04-28T06:08:23.642016Z,0.2082442512664668,1.197643122599873,0.2305681596153374,503.13215535489235,7.610878875867872
B,39451,quiet,2024-04-26T18:08:23.642016Z,48.0,2024-04-28T18:08:23.642016Z,-0.15000535945449137,-0.27446300884550145,-0.23264188441870803,503.13215535489235,7.610878875867872
B,39451,quiet,2024-04-26T18:08:23.642016Z,72.0,2024-04-29T18:08:23.642016Z,-0.23499049698979918,-3.3919291079928238,0.12416180788506337,503.13215535489235,7.610878875867872
B,39451,quiet,2024-04-26T18:08:23.642016Z,96.0,2024-04-30T18:08:23.642016Z,0.14037257351395244,-10.89877443225054,0.3504879804047132,503.13215535489235,7.610878875867872
B,39451,quiet,2024-04-26T18:08:23.642016Z,120.0,2024-05-01T18:08:23.642016Z,0.7170188501393331,-23.80605485613833,0.163892628444418,503.13215535489235,7.610878875867872
B,39451,quiet,2024-04-26T18:08:23.642016Z,144.0,2024-05-02T18:08:23.642016Z,0.8390220790562557,-42.184854656559565,-0.2465175532502215,503.13215535489235,7.610878875867872
B,39451,quiet,2024-04-26T18:08:23.642016Z,168.0,2024-05-03T18:08:23.642016Z,0.0303309402984544,-62.85501575166181,-0.29282321665108313,503.13215535489235,7.610878875867872
C,39453,quiet,2024-04-20T14:15:59.115744Z,6.0,2024-04-20T20:15:59.115744Z,-0.08584851111337358,-0.12912999419126034,-0.17632940213920062,468.279576575962,7.630226371420677
C,39453,quiet,2024-04-20T14:15:59.115744Z,12.0,2024-04-21T02:15:59.115744Z,-0.07510576910791321,1.4943849998889898,0.20401069752933837,468.279576575962,7.630226371420677
C,39453,quiet,2024-04-20T14:15:59.115744Z,24.0,2024-04-21T14:15:59.115744Z,-0.07424614387646931,1.579738670656039,-0.20628212930944367,468.279576575962,7.630226371420677
C,39453,quiet,2024-04-20T14:15:59.115744Z,36.0,2024-04-22T02:15:59.115744Z,0.2778114611190136,3.45385676714018,0.1333657478052732,468.279576575962,7.630226371420677
C,39453,quiet,2024-04-20T14:15:59.115744Z,48.0,2024-04-22T14:15:59.115744Z,-0.1926110385646264,4.918428355765304,0.20922926671336461,468.279576575962,7.630226371420677
C,39453,quiet,2024-04-20T14:15:59.115744Z,72.0,2024-04-23T14:15:59.115744Z,0.45813401175030355,6.912918876827612,0.08510727407352037,468.279576575962,7.630226371420677
C,39453,quiet,2024-04-20T14:15:59.115744Z,96.0,2024-04-24T14:15:59.115744Z,0.07277967496499468,6.815963592892441,-0.4595895247752013,468.279576575962,7.630226371420677
C,39453,quiet,2024-04-20T14:15:59.115744Z,120.0,2024-04-25T14:15:59.115744Z,-0.6904666520134535,8.852634373998757,0.0013873811174147654,468.279576575962,7.630226371420677
C,39453,quiet,2024-04-20T14:15:59.115744Z,144.0,2024-04-26T14:15:59.115744Z,0.6104089979174421,8.929228900760513,0.44135864940655534,468.279576575962,7.630226371420677
C,39453,quiet,2024-04-20T14:15:59.115744Z,168.0,2024-04-27T14:15:59.115744Z,0.5225744833934138,3.997097843709073,-0.3356349817007084,468.279576575962,7.630226371420677
C,39453,quiet,2024-04-20T20:32:21.510528Z,6.0,2024-04-21T02:32:21.510528Z,0.04542557373571596,1.0259017845333274,0.2614478484041458,468.25820549351556,7.630238280320523
C,39453,quiet,2024-04-20T20:32:21.510528Z,12.0,2024-04-21T08:32:21.510528Z,-0.020880320896038373,0.18772067108605456,-0.196645785979563,468.25820549351556,7.630238280320523
C,39453,quiet,2024-04-20T20:32:21.510528Z,24.0,2024-04-21T20:32:21.510528Z,-0.04590249614849056,1.0857561563686386,0.20767187643771579,468.25820549351556,7.630238280320523
C,39453,quiet,2024-04-20T20:32:21.510528Z,36.0,2024-04-22T08:32:21.510528Z,0.017522270689860266,2.9607271201069065,0.046752297216711564,468.25820549351556,7.630238280320523
C,39453,quiet,2024-04-20T20:32:21.510528Z,48.0,2024-04-22T20:32:21.510528Z,-0.2529959036984215,4.946526449157069,-0.02458635135713383,468.25820549351556,7.630238280320523
C,39453,quiet,2024-04-20T20:32:21.510528Z,72.0,2024-04-23T20:32:21.510528Z,0.21863673836339492,8.437657263742418,-0.02360599152313414,468.25820549351556,7.630238280320523
C,39453,quiet,2024-04-20T20:32:21.510528Z,96.0,2024-04-24T20:32:21.510528Z,0.0638887990809976,10.04021199047649,0.025225278007034113,468.25820549351556,7.630238280320523
C,39453,quiet,2024-04-20T20:32:21.510528Z,120.0,2024-04-25T20:32:21.510528Z,-0.7163140774733109,13.926887514412423,-0.09012790893020317,468.25820549351556,7.630238280320523
C,39453,quiet,2024-04-20T20:32:21.510528Z,144.0,2024-04-26T20:32:21.510528Z,0.35418589924979604,16.91488608554177,0.12941563497204012,468.25820549351556,7.630238280320523
C,39453,quiet,2024-04-20T20:32:21.510528Z,168.0,2024-04-27T20:32:21.510528Z,0.4484578794231894,15.635187737002273,0.12318417232861201,468.25820549351556,7.630238280320523
C,39453,quiet,2024-04-21T02:48:43.822368Z,6.0,2024-04-21T08:48:43.822368Z,-0.07178410904904946,-0.09571516924540044,-0.1616966574169342,468.23695092248545,7.630250124350428
C,39453,quiet,2024-04-21T02:48:43.822368Z,12.0,2024-04-21T14:48:43.822368Z,0.013038007037985272,1.3616302841673023,0.3072602495806077,468.23695092248545,7.630250124350428
C,39453,quiet,2024-04-21T02:48:43.822368Z,24.0,2024-04-22T02:48:43.822368Z,0.008894323030619072,2.2552760579433766,-0.3128283206825071,468.23695092248545,7.630250124350428
C,39453,quiet,2024-04-21T02:48:43.822368Z,36.0,2024-04-22T14:48:43.822368Z,0.27779451364944757,4.346655520113432,-0.07707151225481065,468.23695092248545,7.630250124350428
C,39453,quiet,2024-04-21T02:48:43.822368Z,48.0,2024-04-23T02:48:43.822368Z,-0.1898414370012495,6.557927522388137,0.17121607148542983,468.23695092248545,7.630250124350428
C,39453,quiet,2024-04-21T02:48:43.822368Z,72.0,2024-04-24T02:48:43.822368Z,0.2998292037038507,11.018579028373955,0.37456453638435927,468.23695092248545,7.630250124350428
C,39453,quiet,2024-04-21T02:48:43.822368Z,96.0,2024-04-25T02:48:43.822368Z,0.19497762863120416,13.706894069509323,-0.4484759345879983,468.23695092248545,7.630250124350428
C,39453,quiet,2024-04-21T02:48:43.822368Z,120.0,2024-04-26T02:48:43.822368Z,-0.5965379718229281,19.296217689257563,-0.17284054264024573,468.23695092248545,7.630250124350428
C,39453,quiet,2024-04-21T02:48:43.822368Z,144.0,2024-04-27T02:48:43.822368Z,0.4585336053707372,24.5627411284062,0.6320438886227695,468.23695092248545,7.630250124350428
C,39453,quiet,2024-04-21T02:48:43.822368Z,168.0,2024-04-28T02:48:43.822368Z,0.5925992993969207,25.705314255410098,-0.10564951648550203,468.23695092248545,7.630250124350428
C,39453,quiet,2024-04-21T13:47:22.562016Z,6.0,2024-04-21T19:47:22.562016Z,-0.059264867584658265,-0.8020187597168391,-0.19852666841378894,468.18974113707645,7.630276432023405
C,39453,quiet,2024-04-21T13:47:22.562016Z,12.0,2024-04-22T01:47:22.562016Z,-0.059837877978921844,0.9181988299091561,0.16601140881212975,468.18974113707645,7.630276432023405
C,39453,quiet,2024-04-21T13:47:22.562016Z,24.0,2024-04-22T13:47:22.562016Z,-0.062151001222696706,0.00100429491460452,-0.16142500107129687,468.18974113707645,7.630276432023405
C,39453,quiet,2024-04-21T13:47:22.562016Z,36.0,2024-04-23T01:47:22.562016Z,0.2862600428301121,0.07742899850262024,0.06883984771104916,468.18974113707645,7.630276432023405
C,39453,quiet,2024-04-21T13:47:22.562016Z,48.0,2024-04-23T13:47:22.562016Z,-0.1574211125332533,-0.7990652159908425,0.18346531751626813,468.18974113707645,7.630276432023405
C,39453,quiet,2024-04-21T13:47:22.562016Z,72.0,2024-04-24T13:47:22.562016Z,0.5532752787219776,-4.33090609531402,0.13682893942868102,468.18974113707645,7.630276432023405
C,39453,quiet,2024-04-21T13:47:22.562016Z,96.0,2024-04-25T13:47:22.562016Z,0.18407973934460958,-11.73477199930587,-0.38549111824391735,468.18974113707645,7.630276432023405
C,39453,quiet,2024-04-21T13:47:22.562016Z,120.0,2024-04-26T13:47:22.562016Z,-0.619877084072553,-18.07143294718782,-0.07643277410853644,468.18974113707645,7.630276432023405
C,39453,quiet,2024-04-21T13:47:22.562016Z,144.0,2024-04-27T13:47:22.562016Z,0.7518988490435214,-27.343290411498316,0.44584878700746433,468.18974113707645,7.630276432023405
C,39453,quiet,2024-04-21T13:47:22.562016Z,168.0,2024-04-28T13:47:22.562016Z,0.8642763203109856,-44.46863651770138,-0.2910354740389298,468.18974113707645,7.630276432023405
C,39453,quiet,2024-04-21T21:37:50.051136Z,6.0,2024-04-22T03:37:50.051136Z,0.024163319687261244,0.03421384398101167,0.352100961512794,468.1637993581098,7.630290888206601
C,39453,quiet,2024-04-21T21:37:50.051136Z,12.0,2024-04-22T09:37:50.051136Z,-0.0016747899491118753,0.024587122246452382,-0.217561205906889,468.1637993581098,7.630290888206601
C,39453,quiet,2024-04-21T21:37:50.051136Z,24.0,2024-04-22T21:37:50.051136Z,-0.006957201302081023,-0.4530825733602609,0.21880377101083037,468.1637993581098,7.630290888206601
C,39453,quiet,2024-04-21T21:37:50.051136Z,36.0,2024-04-23T09:37:50.051136Z,0.06350653594619271,-0.8288052705248764,-0.048445910926393845,468.1637993581098,7.630290888206601
C,39453,quiet,2024-04-21T21:37:50.051136Z,48.0,2024-04-23T21:37:50.051136Z,-0.3056098412996412,-1.4822650377809545,-0.04307825654953673,468.1637993581098,7.630290888206601
C,39453,quiet,2024-04-21T21:37:50.051136Z,72.0,2024-04-24T21:37:50.051136Z,0.3406528182432764,-4.67373352955199,0.0389574812561555,468.1637993581098,7.630290888206601
C,39453,quiet,2024-04-21T21:37:50.051136Z,96.0,2024-04-25T21:37:50.051136Z,0.18297797538257574,-12.019433123392636,0.12329380992364802,468.1637993581098,7.630290888206601
C,39453,quiet,2024-04-21T21:37:50.051136Z,120.0,2024-04-26T21:37:50.051136Z,-0.6990166606675499,-18.356013228120812,-0.09626943296486612,468.1637993581098,7.630290888206601
C,39453,quiet,2024-04-21T21:37:50.051136Z,144.0,2024-04-27T21:37:50.051136Z,0.48721651321053905,-26.845952240282536,0.15958308537741672,468.1637993581098,7.630290888206601
C,39453,quiet,2024-04-21T21:37:50.051136Z,168.0,2024-04-28T21:37:50.051136Z,0.8785520442318413,-44.386036848331884,0.2257952557507572,468.1637993581098,7.630290888206601
C,39453,quiet,2024-04-22T03:54:11.916288Z,6.0,2024-04-22T09:54:11.916288Z,-0.01162796381933949,-0.06373823290967398,-0.23906347041490061,468.1428901169211,7.630302540043312
C,39453,quiet,2024-04-22T03:54:11.916288Z,12.0,2024-04-22T15:54:11.916288Z,0.12271278287315888,-0.13132012973105048,0.2505011146014902,468.1428901169211,7.630302540043312
C,39453,quiet,2024-04-22T03:54:11.916288Z,24.0,2024-04-23T03:54:11.916288Z,0.14042502391834383,-0.37172910404935533,-0.2704200578420398,468.1428901169211,7.630302540043312
C,39453,quiet,2024-04-22T03:54:11.916288Z,36.0,2024-04-23T15:54:11.916288Z,0.21802161795728445,-1.1577787804793722,-0.1261468987355612,468.1428901169211,7.630302540043312
C,39453,quiet,2024-04-22T03:54:11.916288Z,48.0,2024-04-24T03:54:11.916288Z,-0.17911005296178964,-1.5685930981883174,0.12576685882369956,468.1428901169211,7.630302540043312
C,39453,quiet,2024-04-22T03:54:11.916288Z,72.0,2024-04-25T03:54:11.916288Z,0.3192696081072236,-3.4128811364641263,0.5066228122807113,468.1428901169211,7.630302540043312
C,39453,quiet,2024-04-22T03:54:11.916288Z,96.0,2024-04-26T03:54:11.916288Z,0.2159212982797147,-8.964672284337833,-0.2866218537219738,468.1428901169211,7.630302540043312
C,39453,quiet,2024-04-22T03:54:11.916288Z,120.0,2024-04-27T03:54:11.916288Z,-0.47579595135638375,-13.714019616560398,-0.2519327147360342,468.1428901169211,7.630302540043312
C,39453,quiet,2024-04-22T03:54:11.916288Z,144.0,2024-04-28T03:54:11.916288Z,0.4380323270593658,-20.16149866603992,0.6838631159586503,468.1428901169211,7.630302540043312
C,39453,quiet,2024-04-22T03:54:11.916288Z,168.0,2024-04-29T03:54:11.916288Z,0.7779683929205907,-34.838601673689624,0.033809688753059675,468.1428901169211,7.630302540043312
C,39453,quiet,2024-04-22T10:10:33.684672Z,6.0,2024-04-22T16:10:33.684672Z,0.1145534663303215,-0.4272849919803461,0.07101345315742663,468.1235783458942,7.630313301724811
C,39453,quiet,2024-04-22T10:10:33.684672Z,12.0,2024-04-22T22:10:33.684672Z,-0.19399328561881723,0.5338337573248334,-0.09165197349596715,468.1235783458942,7.630313301724811
C,39453,quiet,2024-04-22T10:10:33.684672Z,24.0,2024-04-23T10:10:33.684672Z,-0.13211563078973224,0.33792690875817555,0.1063071011079786,468.1235783458942,7.630313301724811
C,39453,quiet,2024-04-22T10:10:33.684672Z,36.0,2024-04-23T22:10:33.684672Z,0.1595030480830103,0.4100872889303067,0.013436777935722177,468.1235783458942,7.630313301724811
C,39453,quiet,2024-04-22T10:10:33.684672Z,48.0,2024-04-24T10:10:33.684672Z,-0.18288211177577368,-0.07682889695623504,-0.11207383239655128,468.1235783458942,7.630313301724811
C,39453,quiet,2024-04-22T10:10:33.684672Z,72.0,2024-04-25T10:10:33.684672Z,0.35826850115473785,-2.426475258496034,-0.029817309947422266,468.1235783458942,7.630313301724811
C,39453,quiet,2024-04-22T10:10:33.684672Z,96.0,2024-04-26T10:10:33.684672Z,-0.0090329473570194,-7.251707629679631,0.016216825890786435,468.1235783458942,7.630313301724811
C,39453,quiet,2024-04-22T10:10:33.684672Z,120.0,2024-04-27T10:10:33.684672Z,-0.6148971665033058,-10.215776468862796,-0.1814958222851264,468.1235783458942,7.630313301724811
C,39453,quiet,2024-04-22T10:10:33.684672Z,144.0,2024-04-28T10:10:33.684672Z,0.5669372826877815,-16.609782557769613,0.07214289711507682,468.1235783458942,7.630313301724811
C,39453,quiet,2024-04-22T10:10:33.684672Z,168.0,2024-04-29T10:10:33.684672Z,0.6238894580056256,-31.45513949448112,0.1715354724565188,468.1235783458942,7.630313301724811
C,39453,quiet,2024-04-22T21:09:11.524032Z,6.0,2024-04-23T03:09:11.524032Z,0.00888040185657421,0.3752390990672225,0.30847165089785206,468.0898488950306,7.630332097914761
C,39453,quiet,2024-04-22T21:09:11.524032Z,12.0,2024-04-23T09:09:11.524032Z,0.005520557939019552,0.07026388260779401,-0.17627221853954048,468.0898488950306,7.630332097914761
C,39453,quiet,2024-04-22T21:09:11.524032Z,24.0,2024-04-23T21:09:11.524032Z,-0.02540056754300477,0.03670509311563275,0.18034699839938273,468.0898488950306,7.630332097914761
C,39453,quiet,2024-04-22T21:09:11.524032Z,36.0,2024-04-24T09:09:11.524032Z,0.06424346004428871,0.426992554258949,-0.02253139089276427,468.0898488950306,7.630332097914761
C,39453,quiet,2024-04-22T21:09:11.524032Z,48.0,2024-04-24T21:09:11.524032Z,-0.3478061723075171,0.8325563448704449,-0.07108406037183937,468.0898488950306,7.630332097914761
C,39453,quiet,2024-04-22T21:09:11.524032Z,72.0,2024-04-25T21:09:11.524032Z,0.333213656096256,0.9839110327678049,0.014790980520602903,468.0898488950306,7.630332097914761
C,39453,quiet,2024-04-22T21:09:11.524032Z,96.0,2024-04-26T21:09:11.524032Z,0.0898266508562267,-1.3410022707359748,0.10409934072677074,468.0898488950306,7.630332097914761
C,39453,quiet,2024-04-22T21:09:11.524032Z,120.0,2024-04-27T21:09:11.524032Z,-0.7212248363090137,-0.9870337996928045,-0.1435262695737487,468.0898488950306,7.630332097914761
C,39453,quiet,2024-04-22T21:09:11.524032Z,144.0,2024-04-28T21:09:11.524032Z,0.4201011818659095,-3.555351998040194,0.10443871818554273,468.0898488950306,7.630332097914761
C,39453,quiet,2024-04-22T21:09:11.524032Z,168.0,2024-04-29T21:09:11.524032Z,0.6342090867118341,-14.59062788233566,0.28598563096255436,468.0898488950306,7.630332097914761
C,39453,quiet,2024-04-23T11:15:59.762016Z,6.0,2024-04-23T17:15:59.762016Z,0.06320180943992196,-0.7779398359982856,0.006165665329312009,468.0496246908542,7.630354513574912
C,39453,quiet,2024-04-23T11:15:59.762016Z,12.0,2024-04-23T23:15:59.762016Z,-0.24934648108305144,1.481688348679635,-0.012703001880117026,468.0496246908542,7.630354513574912
C,39453,quiet,2024-04-23T11:15:59.762016Z,24.0,2024-04-24T11:15:59.762016Z,-0.1927082891005058,1.5312918206217312,0.06194207415716235,468.0496246908542,7.630354513574912
C,39453,quiet,2024-04-23T11:15:59.762016Z,36.0,2024-04-24T23:15:59.762016Z,0.316863375987921,3.13161775707867,-0.010717616068502883,468.0496246908542,7.630354513574912
C,39453,quiet,2024-04-23T11:15:59.762016Z,48.0,2024-04-25T11:15:59.762016Z,-0.35056520408923697,4.439198925345867,-0.07358330475737196,468.0496246908542,7.630354513574912
C,39453,quiet,2024-04-23T11:15:59.762016Z,72.0,2024-04-26T11:15:59.762016Z,0.40429051619422907,6.475766694759554,-0.0032123550002377543,468.0496246908542,7.630354513574912
C,39453,quiet,2024-04-23T11:15:59.762016Z,96.0,2024-04-27T11:15:59.762016Z,-0.005975495784262583,7.959782288410335,-0.029803656682498847,468.0496246908542,7.630354513574912
C,39453,quiet,2024-04-23T11:15:59.762016Z,120.0,2024-04-28T11:15:59.762016Z,-0.7750130319581077,12.363579958228595,-0.1575711013479486,468.0496246908542,7.630354513574912
C,39453,quiet,2024-04-23T11:15:59.762016Z,144.0,2024-04-29T11:15:59.762016Z,0.6112337806366154,13.071495948240898,0.087453294891783,468.0496246908542,7.630354513574912
C,39453,quiet,2024-04-23T11:15:59.762016Z,168.0,2024-04-30T11:15:59.762016Z,0.5715879280960998,5.787409641089932,0.19885504458268466,468.0496246908542,7.630354513574912
C,39453,quiet,2024-04-23T14:24:10.420704Z,6.0,2024-04-23T20:24:10.420704Z,-0.07270779813251241,-0.044172247738411254,-0.17951864511942714,468.03996172633015,7.630359898464856
C,39453,quiet,2024-04-23T14:24:10.420704Z,12.0,2024-04-24T02:24:10.420704Z,-0.07487577203836981,0.9931200281971833,0.20987022511307363,468.03996172633015,7.630359898464856
C,39453,quiet,2024-04-23T14:24:10.420704Z,24.0,2024-04-24T14:24:10.420704Z,-0.10567233980393652,1.0923035839294666,-0.2849685270457545,468.03996172633015,7.630359898464856
C,39453,quiet,2024-04-23T14:24:10.420704Z,36.0,2024-04-25T02:24:10.420704Z,0.2882964837020091,2.745076728441422,0.2293571043685168,468.03996172633015,7.630359898464856
C,39453,quiet,2024-04-23T14:24:10.420704Z,48.0,2024-04-25T14:24:10.420704Z,-0.22465110702826213,3.9556385446450495,0.2584263658504492,468.03996172633015,7.630359898464856
C,39453,quiet,2024-04-23T14:24:10.420704Z,72.0,2024-04-26T14:24:10.420704Z,0.5034857875639107,6.247400718211887,0.10651360084328787,468.03996172633015,7.630359898464856
C,39453,quiet,2024-04-23T14:24:10.420704Z,96.0,2024-04-27T14:24:10.420704Z,0.012070687228405687,7.987967657296824,-0.3911254335906773,468.03996172633015,7.630359898464856
C,39453,quiet,2024-04-23T14:24:10.420704Z,120.0,2024-04-28T14:24:10.420704Z,-0.6443631566251145,12.219056260094808,-0.040741631110002174,468.03996172633015,7.630359898464856
C,39453,quiet,2024-04-23T14:24:10.420704Z,144.0,2024-04-29T14:24:10.420704Z,0.7093919617772317,12.8059080685771,0.36672202546399957,468.03996172633015,7.630359898464856
C,39453,quiet,2024-04-23T14:24:10.420704Z,168.0,2024-04-30T14:24:10.420704Z,0.5468061593243916,5.845215113752629,-0.22119566376189348,468.03996172633015,7.630359898464856
C,39453,quiet,2024-04-23T20:40:31.656864Z,6.0,2024-04-24T02:40:31.656864Z,0.025569495858189725,0.6181494504992798,0.2856584738281639,468.0199810982067,7.630371033125715
C,39453,quiet,2024-04-23T20:40:31.656864Z,12.0,2024-04-24T08:40:31.656864Z,-0.01418972809372639,0.043955801889859536,-0.17277981328981606,468.0199810982067,7.630371033125715
C,39453,quiet,2024-04-23T20:40:31.656864Z,24.0,2024-04-24T20:40:31.656864Z,-0.053498980670229575,0.06089610564362708,0.18405120016280624,468.0199810982067,7.630371033125715
C,39453,quiet,2024-04-23T20:40:31.656864Z,36.0,2024-04-25T08:40:31.656864Z,0.10867526752434364,0.8952043310807604,0.005467935821281356,468.0199810982067,7.630371033125715
C,39453,quiet,2024-04-23T20:40:31.656864Z,48.0,2024-04-25T20:40:31.656864Z,-0.3405210383173768,1.8561334357468033,-0.10459415144728079,468.0199810982067,7.630371033125715
C,39453,quiet,2024-04-23T20:40:31.656864Z,72.0,2024-04-26T20:40:31.656864Z,0.2940692210170124,3.0886882992413582,-0.008005023041259829,468.0199810982067,7.630371033125715
C,39453,quiet,2024-04-23T20:40:31.656864Z,96.0,2024-04-27T20:40:31.656864Z,0.03795177740112364,3.116726145924888,0.12864427752283003,468.0199810982067,7.630371033125715
C,39453,quiet,2024-04-23T20:40:31.656864Z,120.0,2024-04-28T20:40:31.656864Z,-0.7401160288556824,3.953726558981424,-0.16561460887713386,468.0199810982067,7.630371033125715
C,39453,quiet,2024-04-23T20:40:31.656864Z,144.0,2024-04-29T20:40:31.656864Z,0.4697826111463924,1.2396606076148988,-0.020867246064024958,468.0199810982067,7.630371033125715
C,39453,quiet,2024-04-23T20:40:31.656864Z,168.0,2024-04-30T20:40:31.656864Z,0.544444547378525,-10.085528646328765,0.2880901386527075,468.0199810982067,7.630371033125715
C,39453,quiet,2024-04-24T12:21:24.375744Z,6.0,2024-04-24T18:21:24.375744Z,-0.003595086157320744,-0.682322986137497,-0.03702795255912991,467.97378621567714,7.6303967764645195
C,39453,quiet,2024-04-24T12:21:24.375744Z,12.0,2024-04-25T00:21:24.375744Z,-0.1826094224878353,1.7037401380319361,0.06062287722560278,467.97378621567714,7.6303967764645195
C,39453,quiet,2024-04-24T12:21:24.375744Z,24.0,2024-04-25T12:21:24.375744Z,-0.11154512242493034,0.889495916798972,-0.05097832492191881,467.97378621567714,7.6303967764645195
C,39453,quiet,2024-04-24T12:21:24.375744Z,36.0,2024-04-26T00:21:24.375744Z,0.4437486424880497,2.120456492724873,0.0010235230703834197,467.97378621567714,7.6303967764645195
C,39453,quiet,2024-04-24T12:21:24.375744Z,48.0,2024-04-26T12:21:24.375744Z,-0.38354771974863183,2.854609047951647,-0.005324497086103386,467.97378621567714,7.6303967764645195
C,39453,quiet,2024-04-24T12:21:24.375744Z,72.0,2024-04-27T12:21:24.375744Z,0.4936958225761764,4.062421317094512,0.14859348567550446,467.97378621567714,7.6303967764645195
C,39453,quiet,2024-04-24T12:21:24.375744Z,96.0,2024-04-28T12:21:24.375744Z,0.08509400528236834,2.3710164887123133,-0.04912706746523399,467.97378621567714,7.6303967764645195
C,39453,quiet,2024-04-24T12:21:24.375744Z,120.0,2024-04-29T12:21:24.375744Z,-0.8145128244488292,1.2244756123849674,-0.23541154100795703,467.97378621567714,7.6303967764645195
C,39453,quiet,2024-04-24T12:21:24.375744Z,144.0,2024-04-30T12:21:24.375744Z,0.6643328942194795,-4.382454500550282,0.23762496735464045,467.97378621567714,7.6303967764645195
C,39453,quiet,2024-04-24T12:21:24.375744Z,168.0,2024-05-01T12:21:24.375744Z,0.6598110040029255,-19.670750756520928,0.1286559659017943,467.97378621567714,7.6303967764645195
C,39453,quiet,2024-04-24T13:55:29.614368Z,6.0,2024-04-24T19:55:29.614368Z,-0.060644803233214854,-0.22596059939524038,-0.1501572327782033,467.9694790575595,7.630399176757324
C,39453,quiet,2024-04-24T13:55:29.614368Z,12.0,2024-04-25T01:55:29.614368Z,-0.08657773873591769,1.241231596181543,0.20343251449133737,467.9694790575595,7.630399176757324
C,39453,quiet,2024-04-24T13:55:29.614368Z,24.0,2024-04-25T13:55:29.614368Z,-0.08508296651831765,0.8374764120185442,-0.24130525279541828,467.9694790575595,7.630399176757324
C,39453,quiet,2024-04-24T13:55:29.614368Z,36.0,2024-04-26T01:55:29.614368Z,0.32422196296884853,2.1154887554412416,0.1955860335726345,467.9694790575595,7.630399176757324
C,39453,quiet,2024-04-24T13:55:29.614368Z,48.0,2024-04-26T13:55:29.614368Z,-0.20331401713155972,2.7649153131010733,0.15883193785046668,467.9694790575595,7.630399176757324
C,39453,quiet,2024-04-24T13:55:29.614368Z,72.0,2024-04-27T13:55:29.614368Z,0.48867068978968886,4.050531385681498,0.14289274644984518,467.9694790575595,7.630399176757324
C,39453,quiet,2024-04-24T13:55:29.614368Z,96.0,2024-04-28T13:55:29.614368Z,0.058793061402193404,2.9292047777821435,-0.3557588271389347,467.9694790575595,7.630399176757324
C,39453,quiet,2024-04-24T13:55:29.614368Z,120.0,2024-04-29T13:55:29.614368Z,-0.6800759143582765,2.123653086597974,-0.10438215591802386,467.9694790575595,7.630399176757324
C,39453,quiet,2024-04-24T13:55:29.614368Z,144.0,2024-04-30T13:55:29.614368Z,0.7130357817298572,-3.4535449155075075,0.2979077859576257,467.9694790575595,7.630399176757324
C,39453,quiet,2024-04-24T13:55:29.614368Z,168.0,2024-05-01T13:55:29.614368Z,0.5999874127538807,-17.978791090340277,-0.1599146127024218,467.9694790575595,7.630399176757324
C,39453,quiet,2024-04-24T21:45:55.715040Z,6.0,2024-04-25T03:45:55.715040Z,-0.044926461820748276,-0.14211966015517397,0.4179260697769851,467.9430293120622,7.6304139167194975
C,39453,quiet,2024-04-24T21:45:55.715040Z,12.0,2024-04-25T09:45:55.715040Z,-0.020112741815434265,0.19935721604947382,-0.24035175494925942,467.9430293120622,7.6304139167194975
C,39453,quiet,2024-04-24T21:45:55.715040Z,24.0,2024-04-25T21:45:55.715040Z,-0.015884465267746048,-0.5599139557747062,0.2506531136893775,467.9430293120622,7.6304139167194975
C,39453,quiet,2024-04-24T21:45:55.715040Z,36.0,2024-04-26T09:45:55.715040Z,0.11633858893510356,-0.6487714103043082,-0.020676198853836036,467.9430293120622,7.6304139167194975
C,39453,quiet,2024-04-24T21:45:55.715040Z,48.0,2024-04-26T21:45:55.715040Z,-0.33757172621563014,-0.6704305764304274,-0.10385795870288664,467.9430293120622,7.6304139167194975
C,39453,quiet,2024-04-24T21:45:55.715040Z,72.0,2024-04-27T21:45:55.715040Z,0.2945617003843474,-1.6261639473483405,0.07502661522271876,467.9430293120622,7.6304139167194975
C,39453,quiet,2024-04-24T21:45:55.715040Z,96.0,2024-04-28T21:45:55.715040Z,0.17106262481746126,-7.581381667904194,0.23452234522594928,467.9430293120622,7.6304139167194975
C,39453,quiet,2024-04-24T21:45:55.715040Z,120.0,2024-04-29T21:45:55.715040Z,-0.7628244300905533,-14.42763713331943,-0.16626499794046912,467.9430293120622,7.6304139167194975
C,39453,quiet,2024-04-24T21:45:55.715040Z,144.0,2024-04-30T21:45:55.715040Z,0.5557712381940978,-26.65224082489774,-0.0005343754628146513,467.9430293120622,7.6304139167194975
C,39453,quiet,2024-04-24T21:45:55.715040Z,168.0,2024-05-01T21:45:55.715040Z,0.8955434584176576,-48.84046674028395,0.33751111624172303,467.9430293120622,7.6304139167194975
C,39453,quiet,2024-04-25T13:26:47.511168Z,6.0,2024-04-25T19:26:47.511168Z,-0.053568517189720014,-0.5951363961803035,-0.17479373296344541,467.89929050803494,7.630438291747011
C,39453,quiet,2024-04-25T13:26:47.511168Z,12.0,2024-04-26T01:26:47.511168Z,-0.05459856421349332,1.1896082279418327,0.13918593719565353,467.89929050803494,7.630438291747011
C,39453,quiet,2024-04-25T13:26:47.511168Z,24.0,2024-04-26T13:26:47.511168Z,-0.07467032436037355,0.46873688664466806,-0.1744592700665349,467.89929050803494,7.630438291747011
C,39453,quiet,2024-04-25T13:26:47.511168Z,36.0,2024-04-27T01:26:47.511168Z,0.26788440272400127,1.3030635688978711,0.13538920514433528,467.89929050803494,7.630438291747011
C,39453,quiet,2024-04-25T13:26:47.511168Z,48.0,2024-04-27T13:26:47.511168Z,-0.16103293405973682,1.8699599961854374,0.09156026131099182,467.89929050803494,7.630438291747011
C,39453,quiet,2024-04-25T13:26:47.511168Z,72.0,2024-04-28T13:26:47.511168Z,0.5287667258096118,1.230073785656292,0.16181009463075707,467.89929050803494,7.630438291747011
C,39453,quiet,2024-04-25T13:26:47.511168Z,96.0,2024-04-29T13:26:47.511168Z,0.1259985794685992,-4.0919349222071215,-0.22174825677868526,467.89929050803494,7.630438291747011
C,39453,quiet,2024-04-25T13:26:47.511168Z,120.0,2024-04-30T13:26:47.511168Z,-0.5917695098585265,-9.906172635708188,-0.1560434042139307,467.89929050803494,7.630438291747011
C,39453,quiet,2024-04-25T13:26:47.511168Z,144.0,2024-05-01T13:26:47.511168Z,0.7803934623070969,-21.818349899993216,0.23657377738817775,467.89929050803494,7.630438291747011
C,39453,quiet,2024-04-25T13:26:47.511168Z,168.0,2024-05-02T13:26:47.511168Z,0.8068549391471813,-42.37821975363861,-0.1455576210434053,467.89929050803494,7.630438291747011
C,39453,quiet,2024-04-25T15:00:52.657344Z,6.0,2024-04-25T21:00:52.657344Z,-0.07590459712016567,0.02723640903785912,-0.18926525350428888,467.89408865061887,7.630441190685386
C,39453,quiet,2024-04-25T15:00:52.657344Z,12.0,2024-04-26T03:00:52.657344Z,-0.0018895833439171832,0.11252971933115587,0.15432501862886178,467.89408865061887,7.630441190685386
C,39453,quiet,2024-04-25T15:00:52.657344Z,24.0,2024-04-26T15:00:52.657344Z,-0.07465585091714173,-0.28019068133711594,-0.27065460500135385,467.89408865061887,7.630441190685386
C,39453,quiet,2024-04-25T15:00:52.657344Z,36.0,2024-04-27T03:00:52.657344Z,0.12669815855901012,0.47339950844025247,0.33443471810680914,467.89408865061887,7.630441190685386
C,39453,quiet,2024-04-25T15:00:52.657344Z,48.0,2024-04-27T15:00:52.657344Z,-0.008507224870000288,0.7127149821722385,0.1919572535231487,467.89408865061887,7.630441190685386
C,39453,quiet,2024-04-25T15:00:52.657344Z,72.0,2024-04-28T15:00:52.657344Z,0.4960052542486492,-0.5894056919536173,0.11885814513141021,467.89408865061887,7.630441190685386
C,39453,quiet,2024-04-25T15:00:52.657344Z,96.0,2024-04-29T15:00:52.657344Z,0.05003589934179005,-6.053614436788768,-0.353511637027758,467.89408865061887,7.630441190685386
C,39453,quiet,2024-04-25T15:00:52.657344Z,120.0,2024-04-30T15:00:52.657344Z,-0.4896927312327652,-12.597736119117759,-0.06407636628603441,467.89408865061887,7.630441190685386
C,39453,quiet,2024-04-25T15:00:52.657344Z,144.0,2024-05-01T15:00:52.657344Z,0.8062044849957215,-25.56752525285896,0.20250088550399514,467.89408865061887,7.630441190685386
C,39453,quiet,2024-04-25T15:00:52.657344Z,168.0,2024-05-02T15:00:52.657344Z,0.722926587902478,-46.610611959899224,-0.2739734394467721,467.89408865061887,7.630441190685386
C,39453,quiet,2024-04-25T21:17:13.210080Z,6.0,2024-04-26T03:17:13.210080Z,0.03292234481884622,0.049754485929969984,0.37012050221550935,467.8761999519784,7.630451159887154
C,39453,quiet,2024-04-25T21:17:13.210080Z,12.0,2024-04-26T09:17:13.210080Z,0.020162155035542126,-0.0008851229495250579,-0.25011566741679603,467.8761999519784,7.630451159887154
C,39453,quiet,2024-04-25T21:17:13.210080Z,24.0,2024-04-26T21:17:13.210080Z,-0.022661817223065574,-0.3005457155942123,0.22037624908101022,467.8761999519784,7.630451159887154
C,39453,quiet,2024-04-25T21:17:13.210080Z,36.0,2024-04-27T09:17:13.210080Z,0.03507979250777075,-0.0565015347871982,0.006911543653930253,467.8761999519784,7.630451159887154
C,39453,quiet,2024-04-25T21:17:13.210080Z,48.0,2024-04-27T21:17:13.210080Z,-0.2851268654054893,0.20075843414385017,-0.14197560592851688,467.8761999519784,7.630451159887154
C,39453,quiet,2024-04-25T21:17:13.210080Z,72.0,2024-04-28T21:17:13.210080Z,0.32635371211987224,-2.0956467893444857,0.050012337599408485,467.8761999519784,7.630451159887154
C,39453,quiet,2024-04-25T21:17:13.210080Z,96.0,2024-04-29T21:17:13.210080Z,0.14984228469609792,-10.040171481395681,0.3058147943261629,467.8761999519784,7.630451159887154
C,39453,quiet,2024-04-25T21:17:13.210080Z,120.0,2024-04-30T21:17:13.210080Z,-0.6184520926966597,-19.601981320208406,-0.16394248923391674,467.8761999519784,7.630451159887154
C,39453,quiet,2024-04-25T21:17:13.210080Z,144.0,2024-05-01T21:17:13.210080Z,0.5962047906694199,-34.74362335469166,-0.06009158125561065,467.8761999519784,7.630451159887154
C,39453,quiet,2024-04-25T21:17:13.210080Z,168.0,2024-05-02T21:17:13.210080Z,0.9853060214482996,-59.41139504344069,0.3538921410366882,467.8761999519784,7.630451159887154
C,39453,quiet,2024-04-26T14:32:09.255552Z,6.0,2024-04-26T20:32:09.255552Z,-0.08324969437343138,-0.08884266167556945,-0.17284824613337052,467.8285325076513,7.630477724691708
C,39453,quiet,2024-04-26T14:32:09.255552Z,12.0,2024-04-27T02:32:09.255552Z,-0.010402527707344893,0.5578600529049879,0.17872634356137684,467.8285325076513,7.630477724691708
C,39453,quiet,2024-04-26T14:32:09.255552Z,24.0,2024-04-27T14:32:09.255552Z,-0.09760567196173285,0.6237363413155219,-0.26827688507560343,467.8285325076513,7.630477724691708
C,39453,quiet,2024-04-26T14:32:09.255552Z,36.0,2024-04-28T02:32:09.255552Z,0.18185978406579079,1.3721208111652847,0.28995618189683203,467.8285325076513,7.630477724691708
C,39453,quiet,2024-04-26T14:32:09.255552Z,48.0,2024-04-28T14:32:09.255552Z,-0.07113723827246357,1.0525568595517578,0.2396854818146656,467.8285325076513,7.630477724691708
C,39453,quiet,2024-04-26T14:32:09.255552Z,72.0,2024-04-29T14:32:09.255552Z,0.5720648555996003,-2.284720634870483,0.07634554052736259,467.8285325076513,7.630477724691708
C,39453,quiet,2024-04-26T14:32:09.255552Z,96.0,2024-04-30T14:32:09.255552Z,0.10398796088145061,-10.495178388570361,-0.27287023409554845,467.8285325076513,7.630477724691708
C,39453,quiet,2024-04-26T14:32:09.255552Z,120.0,2024-05-01T14:32:09.255552Z,-0.4452004651865866,-20.32518440796749,-0.031844791889691804,467.8285325076513,7.630477724691708
C,39453,quiet,2024-04-26T14:32:09.255552Z,144.0,2024-05-02T14:32:09.255552Z,0.9231245917164506,-35.82662749632608,0.2197512721329833,467.8285325076513,7.630477724691708
C,39453,quiet,2024-04-26T14:32:09.255552Z,168.0,2024-05-03T14:32:09.255552Z,0.9064484329077702,-57.96486084559705,-0.2773875546468858,467.8285325076513,7.630477724691708
C,39453,quiet,2024-04-26T20:48:29.439360Z,6.0,2024-04-27T02:48:29.439360Z,0.026539790187139402,-0.0636183875256003,0.31416847734631276,467.8052725368434,7.630490687446235
C,39453,quiet,2024-04-26T20:48:29.439360Z,12.0,2024-04-27T08:48:29.439360Z,0.021927522496676267,-0.5147496912300515,-0.20446862817254208,467.8052725368434,7.630490687446235
C,39453,quiet,2024-04-26T20:48:29.439360Z,24.0,2024-04-27T20:48:29.439360Z,-0.025210442656249013,-1.2725992068330105,0.20505650965909605,467.8052725368434,7.630490687446235
C,39453,quiet,2024-04-26T20:48:29.439360Z,36.0,2024-04-28T08:48:29.439360Z,0.09356053483678395,-2.3955123067303696,0.0005233562211991449,467.8052725368434,7.630490687446235
C,39453,quiet,2024-04-26T20:48:29.439360Z,48.0,2024-04-28T20:48:29.439360Z,-0.29017988682151935,-4.287748240621403,-0.1641064894365344,467.8052725368434,7.630490687446235
C,39453,quiet,2024-04-26T20:48:29.439360Z,72.0,2024-04-29T20:48:29.439360Z,0.4286483951543375,-11.95911835101385,-0.031248326993706943,467.8052725368434,7.630490687446235
C,39453,quiet,2024-04-26T20:48:29.439360Z,96.0,2024-04-30T20:48:29.439360Z,0.22195240202976435,-26.67673599467762,0.29805523313547333,467.8052725368434,7.630490687446235
C,39453,quiet,2024-04-26T20:48:29.439360Z,120.0,2024-05-01T20:48:29.439360Z,-0.4665653776348293,-44.16156305699473,-0.13356358372708677,467.8052725368434,7.630490687446235
C,39453,quiet,2024-04-26T20:48:29.439360Z,144.0,2024-05-02T20:48:29.439360Z,0.9523186609464291,-67.74762464244785,-0.13388003120487113,467.8052725368434,7.630490687446235
C,39453,quiet,2024-04-26T20:48:29.439360Z,168.0,2024-05-03T20:48:29.439360Z,1.5333994866844733,-99.54463682760944,0.31989393902603425,467.8052725368434,7.630490687446235
A,39452,storm,2024-05-06T14:26:27.721536Z,6.0,2024-05-06T20:26:27.721536Z,-0.06801782794586708,-0.10395139948484469,-0.15407386586149188,467.40944998811756,7.630711289018008
A,39452,storm,2024-05-06T14:26:27.721536Z,12.0,2024-05-07T02:26:27.721536Z,-0.06800769082275854,-0.6388070491300663,0.1899540870560319,467.40944998811756,7.630711289018008
A,39452,storm,2024-05-06T14:26:27.721536Z,24.0,2024-05-07T14:26:27.721536Z,-0.12021261256432353,-1.5996294402592788,-0.2966882087712178,467.40944998811756,7.630711289018008
A,39452,storm,2024-05-06T14:26:27.721536Z,36.0,2024-05-08T02:26:27.721536Z,0.21377711727041218,-1.4608743686203216,0.3667580090254976,467.40944998811756,7.630711289018008
A,39452,storm,2024-05-06T14:26:27.721536Z,48.0,2024-05-08T14:26:27.721536Z,-0.04953707837150628,-2.213277798248746,0.21987830517019097,467.40944998811756,7.630711289018008
A,39452,storm,2024-05-06T14:26:27.721536Z,72.0,2024-05-09T14:26:27.721536Z,0.4869563983976722,-4.839403389235545,0.11197145685146664,467.40944998811756,7.630711289018008
A,39452,storm,2024-05-06T14:26:27.721536Z,96.0,2024-05-10T14:26:27.721536Z,-0.049883061503178804,-8.229043885300321,-0.4899439299704307,467.40944998811756,7.630711289018008
A,39452,storm,2024-05-06T14:26:27.721536Z,120.0,2024-05-11T14:26:27.721536Z,-0.7107649253561406,-1.8626255198980313,-0.0521076719244697,467.40944998811756,7.630711289018008
A,39452,storm,2024-05-06T14:26:27.721536Z,144.0,2024-05-12T14:26:27.721536Z,0.5423903610765712,16.174334747574214,0.28114374836096,467.40944998811756,7.630711289018008
A,39452,storm,2024-05-06T14:26:27.721536Z,168.0,2024-05-13T14:26:27.721536Z,0.14902841046262338,32.35287476098161,-0.23939105223043633,467.40944998811756,7.630711289018008
A,39452,storm,2024-05-06T20:42:45.926784Z,6.0,2024-05-07T02:42:45.926784Z,-0.0055557927943805235,-0.19010844958334266,0.42087526350873783,467.40162927824986,7.630715647883341
A,39452,storm,2024-05-06T20:42:45.926784Z,12.0,2024-05-07T08:42:45.926784Z,-0.04311111263315917,0.08956074698029841,-0.22943346690611505,467.40162927824986,7.630715647883341
A,39452,storm,2024-05-06T20:42:45.926784Z,24.0,2024-05-07T20:42:45.926784Z,-0.04282566746671036,-0.6844739437375975,0.22414117537696618,467.40162927824986,7.630715647883341
A,39452,storm,2024-05-06T20:42:45.926784Z,36.0,2024-05-08T08:42:45.926784Z,0.14058729890357863,-0.5500771643762372,-0.0025291243213374087,467.40162927824986,7.630715647883341
A,39452,storm,2024-05-06T20:42:45.926784Z,48.0,2024-05-08T20:42:45.926784Z,-0.34463365163395066,-0.36895840760512116,-0.08456202093342657,467.40162927824986,7.630715647883341
A,39452,storm,2024-05-06T20:42:45.926784Z,72.0,2024-05-09T20:42:45.926784Z,0.33402452129152754,-0.9951474041095474,0.11559540168404989,467.40162927824986,7.630715647883341
A,39452,storm,2024-05-06T20:42:45.926784Z,96.0,2024-05-10T20:42:45.926784Z,0.08366073591940215,-3.3164547428495315,0.19368179852987533,467.40162927824986,7.630715647883341
A,39452,storm,2024-05-06T20:42:45.926784Z,120.0,2024-05-11T20:42:45.926784Z,-0.9530538358059216,9.286641803905779,-0.20726461767858728,467.40162927824986,7.630715647883341
A,39452,storm,2024-05-06T20:42:45.926784Z,144.0,2024-05-12T20:42:45.926784Z,0.35853805776172853,30.853309158301894,0.09544476736421537,467.40162927824986,7.630715647883341
A,39452,storm,2024-05-06T20:42:45.926784Z,168.0,2024-05-13T20:42:45.926784Z,0.4135542906151435,49.54124529806198,0.3499231749394873,467.40162927824986,7.630715647883341
A,39452,storm,2024-05-06T20:42:45.928512Z,6.0,2024-05-07T02:42:45.928512Z,-0.004936753466051005,-0.19727692239682315,0.4208748156758218,467.4012654527869,7.630715850661304
A,39452,storm,2024-05-06T20:42:45.928512Z,12.0,2024-05-07T08:42:45.928512Z,-0.04065917980978785,0.061198841897341344,-0.2294321570718189,467.4012654527869,7.630715850661304
A,39452,storm,2024-05-06T20:42:45.928512Z,24.0,2024-05-07T20:42:45.928512Z,-0.04194978057357089,-0.774472818880098,0.22414353764654296,467.4012654527869,7.630715850661304
A,39452,storm,2024-05-06T20:42:45.928512Z,36.0,2024-05-08T08:42:45.928512Z,0.14077612008548887,-0.7405912644823545,-0.002541603402751209,467.4012654527869,7.630715850661304
A,39452,storm,2024-05-06T20:42:45.928512Z,48.0,2024-05-08T20:42:45.928512Z,-0.34109232969887904,-0.679843284011829,-0.08454287958141428,467.4012654527869,7.630715850661304
A,39452,storm,2024-05-06T20:42:45.928512Z,72.0,2024-05-09T20:42:45.928512Z,0.33589696748422426,-1.6327063555222372,0.11555921970266025,467.4012654527869,7.630715850661304
A,39452,storm,2024-05-06T20:42:45.928512Z,96.0,2024-05-10T20:42:45.928512Z,0.08730759906036376,-4.383407011688454,0.19364374294333886,467.4012654527869,7.630715850661304
A,39452,storm,2024-05-06T20:42:45.928512Z,120.0,2024-05-11T20:42:45.928512Z,-0.9507161526531311,7.6723982613479125,-0.20714982435204443,467.4012654527869,7.630715850661304
A,39452,storm,2024-05-06T20:42:45.928512Z,144.0,2024-05-12T20:42:45.928512Z,0.3533624903872723,28.58569648113268,0.09544475946578856,467.4012654527869,7.630715850661304
A,39452,storm,2024-05-06T20:42:45.928512Z,168.0,2024-05-13T20:42:45.928512Z,0.40038561023455976,46.511345096898815,0.349702298306795,467.4012654527869,7.630715850661304
A,39452,storm,2024-05-07T13:57:35.688384Z,6.0,2024-05-07T19:57:35.688384Z,-0.0650916648666925,0.16051068810841146,-0.18215470565944603,467.37326165284503,7.630731458615524
A,39452,storm,2024-05-07T13:57:35.688384Z,12.0,2024-05-08T01:57:35.688384Z,-0.023946887879637196,0.3482455955900683,0.17870000478037779,467.37326165284503,7.630731458615524
A,39452,storm,2024-05-07T13:57:35.688384Z,24.0,2024-05-08T13:57:35.688384Z,-0.0832254776793136,-0.19401260569120893,-0.2914248512131359,467.37326165284503,7.630731458615524
A,39452,storm,2024-05-07T13:57:35.688384Z,36.0,2024-05-09T01:57:35.688384Z,0.16966039022340842,0.41838144088161966,0.3325738654054704,467.37326165284503,7.630731458615524
A,39452,storm,2024-05-07T13:57:35.688384Z,48.0,2024-05-09T13:57:35.688384Z,-0.0352588801427383,0.4117648961475364,0.22693222950964007,467.37326165284503,7.630731458615524
A,39452,storm,2024-05-07T13:57:35.688384Z,72.0,2024-05-10T13:57:35.688384Z,0.5172461386184338,0.3465468795971732,0.14281187342577248,467.37326165284503,7.630731458615524
A,39452,storm,2024-05-07T13:57:35.688384Z,96.0,2024-05-11T13:57:35.688384Z,-0.12013907130540266,6.156874584212081,-0.37390794363953406,467.37326165284503,7.630731458615524
A,39452,storm,2024-05-07T13:57:35.688384Z,120.0,2024-05-12T13:57:35.688384Z,-0.623422604914085,29.177989200778907,-0.09135505462112326,467.37326165284503,7.630731458615524
A,39452,storm,2024-05-07T13:57:35.688384Z,144.0,2024-05-13T13:57:35.688384Z,0.7148677000388561,52.31739898616291,0.2704779071469883,467.37326165284503,7.630731458615524
A,39452,storm,2024-05-07T13:57:35.688384Z,168.0,2024-05-14T13:57:35.688384Z,0.47138219885088617,74.33351469793898,-0.26649836943566285,467.37326165284503,7.630731458615524
A,39452,storm,2024-05-07T20:13:53.680224Z,6.0,2024-05-08T02:13:53.680224Z,0.04720919974588243,0.2838426276522946,0.3773778559522777,467.36295394686476,7.630737203652937
A,39452,storm,2024-05-07T20:13:53.680224Z,12.0,2024-05-08T08:13:53.680224Z,-0.004610876203582987,0.20012527549533676,-0.22344363285559793,467.36295394686476,7.630737203652937
A,39452,storm,2024-05-07T20:13:53.680224Z,24.0,2024-05-08T20:13:53.680224Z,-0.030141934246274506,-0.15489397707650543,0.18348400868523854,467.36295394686476,7.630737203652937
A,39452,storm,2024-05-07T20:13:53.680224Z,36.0,2024-05-09T08:13:53.680224Z,0.07068763301644518,0.07388085742846626,0.029587066574461827,467.36295394686476,7.630737203652937
A,39452,storm,2024-05-07T20:13:53.680224Z,48.0,2024-05-09T20:13:53.680224Z,-0.32194015451640134,0.4910698096273236,-0.1372868015278672,467.36295394686476,7.630737203652937
A,39452,storm,2024-05-07T20:13:53.680224Z,72.0,2024-05-10T20:13:53.680224Z,0.32741245442881006,1.1460305684154022,0.09111995000586809,467.36295394686476,7.630737203652937
A,39452,storm,2024-05-07T20:13:53.680224Z,96.0,2024-05-11T20:13:53.680224Z,-0.07527795540794378,11.089770793308677,0.26669147236468227,467.36295394686476,7.630737203652937
A,39452,storm,2024-05-07T20:13:53.680224Z,120.0,2024-05-12T20:13:53.680224Z,-0.7596661542650591,34.48087455337912,-0.21843025775807057,467.36295394686476,7.630737203652937
A,39452,storm,2024-05-07T20:13:53.680224Z,144.0,2024-05-13T20:13:53.680224Z,0.49093538373945833,58.44489099338789,0.013285752458724431,467.36295394686476,7.630737203652937
A,39452,storm,2024-05-07T20:13:53.680224Z,168.0,2024-05-14T20:13:53.680224Z,0.6455888099604881,80.1048518055862,0.392868767512482,467.36295394686476,7.630737203652937
A,39452,storm,2024-05-08T04:04:16.105440Z,6.0,2024-05-08T10:04:16.105440Z,0.05260074399198996,0.9981088372963687,-0.16534761348614585,467.34882475589075,7.630745078629991
A,39452,storm,2024-05-08T04:04:16.105440Z,12.0,2024-05-08T16:04:16.105440Z,0.11930958074387074,-0.503794366907312,0.1421591192143482,467.34882475589075,7.630745078629991
A,39452,storm,2024-05-08T04:04:16.105440Z,24.0,2024-05-09T04:04:16.105440Z,0.1033821239387229,-0.2776519948243363,-0.18902655923924827,467.34882475589075,7.630745078629991
A,39452,storm,2024-05-08T04:04:16.105440Z,36.0,2024-05-09T16:04:16.105440Z,0.11760669177489604,-0.8006590115010749,-0.08756505720044208,467.34882475589075,7.630745078629991
A,39452,storm,2024-05-08T04:04:16.105440Z,48.0,2024-05-10T04:04:16.105440Z,-0.13126352964038687,-0.43801592538580403,-0.11159776450618725,467.34882475589075,7.630745078629991
A,39452,storm,2024-05-08T04:04:16.105440Z,72.0,2024-05-11T04:04:16.105440Z,0.17064396941883908,1.9603708526347368,0.4438277414685152,467.34882475589075,7.630745078629991
A,39452,storm,2024-05-08T04:04:16.105440Z,96.0,2024-05-12T04:04:16.105440Z,-0.09618817674647122,18.390464879769937,-0.016730731805095544,467.34882475589075,7.630745078629991
A,39452,storm,2024-05-08T04:04:16.105440Z,120.0,2024-05-13T04:04:16.105440Z,-0.431455221949689,41.79444759395086,-0.38046668545007556,467.34882475589075,7.630745078629991
A,39452,storm,2024-05-08T04:04:16.105440Z,144.0,2024-05-14T04:04:16.105440Z,0.5054666070568841,66.24886934516358,0.3453658655359284,467.34882475589075,7.630745078629991
A,39452,storm,2024-05-08T04:04:16.105440Z,168.0,2024-05-15T04:04:16.105440Z,0.6222246448714124,89.95411749149284,0.2488923880171079,467.34882475589075,7.630745078629991
A,39452,storm,2024-05-08T15:02:47.331744Z,6.0,2024-05-08T21:02:47.331744Z,-0.09452139718161304,0.6056905312804594,-0.1397101712416865,467.3277711983237,7.630756812983511
A,39452,storm,2024-05-08T15:02:47.331744Z,12.0,2024-05-09T03:02:47.331744Z,-0.017369087118778746,-0.678715643988226,0.10384194402831252,467.3277711983237,7.630756812983511
A,39452,storm,2024-05-08T15:02:47.331744Z,24.0,2024-05-09T15:02:47.331744Z,-0.1485427894136428,-0.8778236013797978,-0.23220070992685715,467.3277711983237,7.630756812983511
A,39452,storm,2024-05-08T15:02:47.331744Z,36.0,2024-05-10T03:02:47.331744Z,0.07311517570061424,-0.5717033346203811,0.3752885601715472,467.3277711983237,7.630756812983511
A,39452,storm,2024-05-08T15:02:47.331744Z,48.0,2024-05-10T15:02:47.331744Z,-0.033508883891768454,-0.6002592535004906,0.20036426241797306,467.3277711983237,7.630756812983511
A,39452,storm,2024-05-08T15:02:47.331744Z,72.0,2024-05-11T15:02:47.331744Z,0.29982532508102866,6.180342151987214,-0.029923178944772144,467.3277711983237,7.630756812983511
A,39452,storm,2024-05-08T15:02:47.331744Z,96.0,2024-05-12T15:02:47.331744Z,-0.17707115400645643,25.524370672327564,-0.20953379552691764,467.3277711983237,7.630756812983511
A,39452,storm,2024-05-08T15:02:47.331744Z,120.0,2024-05-13T15:02:47.331744Z,-0.3922510853816443,48.878965696831315,-0.016136534583573336,467.3277711983237,7.630756812983511
A,39452,storm,2024-05-08T15:02:47.331744Z,144.0,2024-05-14T15:02:47.331744Z,0.8227278879318476,72.23543007794066,0.09845017112184351,467.3277711983237,7.630756812983511
A,39452,storm,2024-05-08T15:02:47.331744Z,168.0,2024-05-15T15:02:47.331744Z,0.6613235624665625,95.22958990588491,-0.13724859668811717,467.3277711983237,7.630756812983511
A,39452,storm,2024-05-08T21:19:05.102400Z,6.0,2024-05-09T03:19:05.102400Z,-0.10506985186754275,-0.5372584971275345,0.3264841580064219,467.31744421067106,7.63076256882502
A,39452,storm,2024-05-08T21:19:05.102400Z,12.0,2024-05-09T09:19:05.102400Z,-0.014092487374753054,0.6200323734858671,-0.18074227756436156,467.31744421067106,7.63076256882502
A,39452,storm,2024-05-08T21:19:05.102400Z,24.0,2024-05-09T21:19:05.102400Z,-0.027707726572875596,-0.14709434825238885,0.21243336409106175,467.31744421067106,7.63076256882502
A,39452,storm,2024-05-08T21:19:05.102400Z,36.0,2024-05-10T09:19:05.102400Z,0.15927459676887304,0.052119691892575024,-0.05013598788726895,467.31744421067106,7.63076256882502
A,39452,storm,2024-05-08T21:19:05.102400Z,48.0,2024-05-10T21:19:05.102400Z,-0.46153546071428236,0.8604008108555183,-0.11071080158107521,467.31744421067106,7.63076256882502
A,39452,storm,2024-05-08T21:19:05.102400Z,72.0,2024-05-11T21:19:05.102400Z,0.2611803356751069,13.012014606979626,0.027963523640686105,467.31744421067106,7.63076256882502
A,39452,storm,2024-05-08T21:19:05.102400Z,96.0,2024-05-12T21:19:05.102400Z,-0.01986325607429866,32.4296935412332,0.2563566936668167,467.31744421067106,7.63076256882502
A,39452,storm,2024-05-08T21:19:05.102400Z,120.0,2024-05-13T21:19:05.102400Z,-0.6801681499679173,56.2030891653966,-0.09370355407572628,467.31744421067106,7.63076256882502
A,39452,storm,2024-05-08T21:19:05.102400Z,144.0,2024-05-14T21:19:05.102400Z,0.7579401494731624,80.86256480892384,-0.0766880580615954,467.31744421067106,7.63076256882502
A,39452,storm,2024-05-08T21:19:05.102400Z,168.0,2024-05-15T21:19:05.102400Z,0.9504040495199826,103.8523111562969,0.3129408623280554,467.31744421067106,7.63076256882502
A,39452,storm,2024-05-09T12:59:49.313472Z,6.0,2024-05-09T18:59:49.313472Z,-0.05270309745057955,-0.3901893495286143,-0.16297034542874522,467.28720913516827,7.630779420697205
A,39452,storm,2024-05-09T12:59:49.313472Z,12.0,2024-05-10T00:59:49.313472Z,-0.05440966958308807,0.3223274935977686,0.20121319733145826,467.28720913516827,7.630779420697205
A,39452,storm,2024-05-09T12:59:49.313472Z,24.0,2024-05-10T12:59:49.313472Z,-0.10059638996569892,-0.6169345988410944,-0.2631809278463697,467.28720913516827,7.630779420697205
A,39452,storm,2024-05-09T12:59:49.313472Z,36.0,2024-05-11T00:59:49.313472Z,0.2890798284623911,0.35621821477113147,0.23828157078246687,467.28720913516827,7.630779420697205
A,39452,storm,2024-05-09T12:59:49.313472Z,48.0,2024-05-11T12:59:49.313472Z,-0.28352804107018104,5.1613032238869785,0.16881633559042886,467.28720913516827,7.630779420697205
A,39452,storm,2024-05-09T12:59:49.313472Z,72.0,2024-05-12T12:59:49.313472Z,0.3959405260886877,23.292014405282583,0.052370195170249545,467.28720913516827,7.630779420697205
A,39452,storm,2024-05-09T12:59:49.313472Z,96.0,2024-05-13T12:59:49.313472Z,-0.04151069793612161,41.46658778659944,-0.22464651758095933,467.28720913516827,7.630779420697205
A,39452,storm,2024-05-09T12:59:49.313472Z,120.0,2024-05-14T12:59:49.313472Z,-0.39500261410529536,63.67779378752248,-0.005982392924860136,467.28720913516827,7.630779420697205
A,39452,storm,2024-05-09T12:59:49.313472Z,144.0,2024-05-15T12:59:49.313472Z,1.0663518646175172,86.12588614312088,0.13851797808063893,467.28720913516827,7.630779420697205
A,39452,storm,2024-05-09T12:59:49.313472Z,168.0,2024-05-16T12:59:49.313472Z,0.9162833706279301,107.9308699093105,-0.19013429025007156,467.28720913516827,7.630779420697205
A,39452,storm,2024-05-09T14:33:53.713152Z,6.0,2024-05-09T20:33:53.713152Z,-0.0967243542799805,0.34568279314389005,-0.15345271127529833,467.2838662551003,7.630781283897278
A,39452,storm,2024-05-09T14:33:53.713152Z,12.0,2024-05-10T02:33:53.713152Z,-0.06153789241449574,-0.7636148322122573,0.163883639821863,467.2838662551003,7.630781283897278
A,39452,storm,2024-05-09T14:33:53.713152Z,24.0,2024-05-10T14:33:53.713152Z,-0.146869324139458,-1.2940367862549824,-0.277794458834855,467.2838662551003,7.630781283897278
A,39452,storm,2024-05-09T14:33:53.713152Z,36.0,2024-05-11T02:33:53.713152Z,0.13565668427191505,-0.17043451612799354,0.3806737519892118,467.2838662551003,7.630781283897278
A,39452,storm,2024-05-09T14:33:53.713152Z,48.0,2024-05-11T14:33:53.713152Z,-0.18367912553075894,5.065152874752055,0.15811046066027745,467.2838662551003,7.630781283897278
A,39452,storm,2024-05-09T14:33:53.713152Z,72.0,2024-05-12T14:33:53.713152Z,0.2900165006741966,23.046130088059957,-0.032171135119277494,467.2838662551003,7.630781283897278
A,39452,storm,2024-05-09T14:33:53.713152Z,96.0,2024-05-13T14:33:53.713152Z,-0.1458826952385832,41.22081777990819,-0.2496928931459621,467.2838662551003,7.630781283897278
A,39452,storm,2024-05-09T14:33:53.713152Z,120.0,2024-05-14T14:33:53.713152Z,-0.3172112783800878,62.893504685231875,0.032846336778927565,467.2838662551003,7.630781283897278
A,39452,storm,2024-05-09T14:33:53.713152Z,144.0,2024-05-15T14:33:53.713152Z,0.9820986386542669,84.58841774416334,0.01343977733213464,467.2838662551003,7.630781283897278
A,39452,storm,2024-05-09T14:33:53.713152Z,168.0,2024-05-16T14:33:53.713152Z,0.7755905097156148,106.25095143343889,-0.1789930588470483,467.2838662551003,7.630781283897278
A,39452,storm,2024-05-09T20:50:11.295456Z,6.0,2024-05-10T02:50:11.295456Z,-0.08314757676230032,-0.521621136056909,0.4019609662074747,467.26825228577763,7.630789986575391
A,39452,storm,2024-05-09T20:50:11.295456Z,12.0,2024-05-10T08:50:11.295456Z,-0.004138152789018183,-0.10601202519229824,-0.22951680306510502,467.26825228577763,7.630789986575391
A,39452,storm,2024-05-09T20:50:11.295456Z,24.0,2024-05-10T20:50:11.295456Z,-0.027129781972057926,-1.7000062653526713,0.2638442617839253,467.26825228577763,7.630789986575391
A,39452,storm,2024-05-09T20:50:11.295456Z,36.0,2024-05-11T08:50:11.295456Z,0.11259240815669515,0.2941097322271339,-0.0460928771532388,467.26825228577763,7.630789986575391
A,39452,storm,2024-05-09T20:50:11.295456Z,48.0,2024-05-11T20:50:11.295456Z,-0.5035089446475608,7.2847831883275225,-0.1747438265458774,467.26825228577763,7.630789986575391
A,39452,storm,2024-05-09T20:50:11.295456Z,72.0,2024-05-12T20:50:11.295456Z,0.2428412480840083,23.189493153430426,0.016970817155628204,467.26825228577763,7.630789986575391
A,39452,storm,2024-05-09T20:50:11.295456Z,96.0,2024-05-13T20:50:11.295456Z,0.05038345156372005,36.66014393163395,0.33129613878206854,467.26825228577763,7.630789986575391
A,39452,storm,2024-05-09T20:50:11.295456Z,120.0,2024-05-14T20:50:11.295456Z,-0.6856417970520181,52.81791822108414,-0.10999102134606531,467.26825228577763,7.630789986575391
A,39452,storm,2024-05-09T20:50:11.295456Z,144.0,2024-05-15T20:50:11.295456Z,0.6882585015636229,69.23709106667816,-0.14866573350348844,467.26825228577763,7.630789986575391
A,39452,storm,2024-05-09T20:50:11.295456Z,168.0,2024-05-16T20:50:11.295456Z,0.7012064147299535,83.62097279921872,0.306690288581148,467.26825228577763,7.630789986575391
A,39452,storm,2024-05-10T14:04:59.278080Z,6.0,2024-05-10T20:04:59.278080Z,-0.07815239542795271,-0.0014428012767044932,-0.17340615034151527,467.23392929745296,7.6308091171082735
A,39452,storm,2024-05-10T14:04:59.278080Z,12.0,2024-05-11T02:04:59.278080Z,-0.0729332256011783,-0.07301739492545274,0.151288886948109,467.23392929745296,7.6308091171082735
A,39452,storm,2024-05-10T14:04:59.278080Z,24.0,2024-05-11T14:04:59.278080Z,-0.2092085835059732,3.7994492288340056,-0.22774945794446144,467.23392929745296,7.6308091171082735
A,39452,storm,2024-05-10T14:04:59.278080Z,36.0,2024-05-12T02:04:59.278080Z,0.05670784935160322,12.239663168158566,0.3432550609900299,467.23392929745296,7.6308091171082735
A,39452,storm,2024-05-10T14:04:59.278080Z,48.0,2024-05-12T14:04:59.278080Z,-0.10498854165436633,20.52393862629693,0.13261503220382043,467.23392929745296,7.6308091171082735
A,39452,storm,2024-05-10T14:04:59.278080Z,72.0,2024-05-13T14:04:59.278080Z,0.3911154354704345,35.56487262170852,-0.017625507215976555,467.23392929745296,7.6308091171082735
A,39452,storm,2024-05-10T14:04:59.278080Z,96.0,2024-05-14T14:04:59.278080Z,-0.015148976235352676,49.62143274705596,-0.30069615204101297,467.23392929745296,7.6308091171082735
A,39452,storm,2024-05-10T14:04:59.278080Z,120.0,2024-05-15T14:04:59.278080Z,-0.273287281250143,66.55033179095608,0.05323712079457543,467.23392929745296,7.6308091171082735
A,39452,storm,2024-05-10T14:04:59.278080Z,144.0,2024-05-16T14:04:59.278080Z,0.9766539194704835,83.13160243482967,0.028386957778170796,467.23392929745296,7.6308091171082735
A,39452,storm,2024-05-10T14:04:59.278080Z,168.0,2024-05-17T14:04:59.278080Z,0.6866299617514127,99.83212900229269,-0.28407778496520564,467.23392929745296,7.6308091171082735
A,39452,storm,2024-05-10T20:21:16.545024Z,6.0,2024-05-11T02:21:16.545024Z,-0.009223595964292387,-0.8771067916975701,0.4001018953386046,467.2035966041485,7.630826023698453
A,39452,storm,2024-05-10T20:21:16.545024Z,12.0,2024-05-11T08:21:16.545024Z,-0.060685124924197184,0.16494932426221226,-0.2782802533028738,467.2035966041485,7.630826023698453
A,39452,storm,2024-05-10T20:21:16.545024Z,24.0,2024-05-11T20:21:16.545024Z,-0.11311423996292616,3.9105531617244633,0.2956729106846441,467.2035966041485,7.630826023698453
A,39452,storm,2024-05-10T20:21:16.545024Z,36.0,2024-05-12T08:21:16.545024Z,0.0405719095644487,9.447190678434675,-0.02231190243227954,467.2035966041485,7.630826023698453
A,39452,storm,2024-05-10T20:21:16.545024Z,48.0,2024-05-12T20:21:16.545024Z,-0.3561987857641058,14.2622878132854,-0.17504776677130574,467.2035966041485,7.630826023698453
A,39452,storm,2024-05-10T20:21:16.545024Z,72.0,2024-05-13T20:21:16.545024Z,0.2917964477545878,20.085221431021417,-0.008884484351361355,467.2035966041485,7.630826023698453
A,39452,storm,2024-05-10T20:21:16.545024Z,96.0,2024-05-14T20:21:16.545024Z,0.09921685953142487,20.320826466038447,0.3682708057076356,467.2035966041485,7.630826023698453
A,39452,storm,2024-05-10T20:21:16.545024Z,120.0,2024-05-15T20:21:16.545024Z,-0.7286742130033317,21.310025613797315,-0.10407315748936607,467.2035966041485,7.630826023698453
A,39452,storm,2024-05-10T20:21:16.545024Z,144.0,2024-05-16T20:21:16.545024Z,0.4565796139548832,20.261637572715287,-0.12749117921591235,467.2035966041485,7.630826023698453
A,39452,storm,2024-05-10T20:21:16.545024Z,168.0,2024-05-17T20:21:16.545024Z,0.4341334865624502,14.866782084715435,0.294699502022012,467.2035966041485,7.630826023698453
A,39452,storm,2024-05-11T19:52:19.694208Z,6.0,2024-05-12T01:52:19.694208Z,0.021836636527723663,-0.0838611299570792,0.368708524486952,467.0627111570411,7.630904550757551
A,39452,storm,2024-05-11T19:52:19.694208Z,12.0,2024-05-12T07:52:19.694208Z,0.03470504940837507,-0.49725860082516116,-0.2288818908167526,467.0627111570411,7.630904550757551
A,39452,storm,2024-05-11T19:52:19.694208Z,24.0,2024-05-12T19:52:19.694208Z,0.048378143748222635,-3.1913439457860706,0.23418200378589793,467.0627111570411,7.630904550757551
A,39452,storm,2024-05-11T19:52:19.694208Z,36.0,2024-05-13T07:52:19.694208Z,0.11509459505971631,-8.140530772986054,-0.020531550478725236,467.0627111570411,7.630904550757551
A,39452,storm,2024-05-11T19:52:19.694208Z,48.0,2024-05-13T19:52:19.694208Z,-0.1626432660771353,-15.248652946686782,-0.15492281995654977,467.0627111570411,7.630904550757551
A,39452,storm,2024-05-11T19:52:19.694208Z,72.0,2024-05-14T19:52:19.694208Z,0.5982985490802601,-37.259929829913396,-0.0323509472998289,467.0627111570411,7.630904550757551
A,39452,storm,2024-05-11T19:52:19.694208Z,96.0,2024-05-15T19:52:19.694208Z,0.6905573654790989,-69.84078500300537,0.3286203369250629,467.0627111570411,7.630904550757551
A,39452,storm,2024-05-11T19:52:19.694208Z,120.0,2024-05-16T19:52:19.694208Z,0.336900659543395,-106.84297334182875,-0.06553236745142854,467.0627111570411,7.630904550757551
A,39452,storm,2024-05-11T19:52:19.694208Z,144.0,2024-05-17T19:52:19.694208Z,2.411176846129379,-150.68534830074134,-0.09293072881676068,467.0627111570411,7.630904550757551
A,39452,storm,2024-05-11T19:52:19.694208Z,168.0,2024-05-18T19:52:19.694208Z,4.082658074669624,-204.65644755185772,0.2388246528302318,467.0627111570411,7.630904550757551
A,39452,storm,2024-05-11T21:26:23.813088Z,6.0,2024-05-12T03:26:23.813088Z,-0.07148360628417906,-0.8349111144332976,0.2943011114308916,467.05547885393753,7.630908581980942
A,39452,storm,2024-05-11T21:26:23.813088Z,12.0,2024-05-12T09:26:23.813088Z,-0.03829975067501159,0.3550364414119432,-0.17341061128679278,467.05547885393753,7.630908581980942
A,39452,storm,2024-05-11T21:26:23.813088Z,24.0,2024-05-12T21:26:23.813088Z,0.019778927595573093,-2.6451869253655613,0.20574496308851475,467.05547885393753,7.630908581980942
A,39452,storm,2024-05-11T21:26:23.813088Z,36.0,2024-05-13T09:26:23.813088Z,0.22134022185886076,-7.001706545845909,-0.06718964764432145,467.05547885393753,7.630908581980942
A,39452,storm,2024-05-11T21:26:23.813088Z,48.0,2024-05-13T21:26:23.813088Z,-0.27968877165086714,-13.33520812476834,-0.05331292703777457,467.05547885393753,7.630908581980942
A,39452,storm,2024-05-11T21:26:23.813088Z,72.0,2024-05-14T21:26:23.813088Z,0.6616727181489144,-33.124875371773975,-0.03742913574874063,467.05547885393753,7.630908581980942
A,39452,storm,2024-05-11T21:26:23.813088Z,96.0,2024-05-15T21:26:23.813088Z,0.5990405526435933,-62.69458463573993,0.24916423401224108,467.05547885393753,7.630908581980942
A,39452,storm,2024-05-11T21:26:23.813088Z,120.0,2024-05-16T21:26:23.813088Z,0.049296484147114406,-94.92217019442143,0.05100417745004471,467.05547885393753,7.630908581980942
A,39452,storm,2024-05-11T21:26:23.813088Z,144.0,2024-05-17T21:26:23.813088Z,2.099903753311283,-133.1091233102814,-0.07276247913350886,467.05547885393753,7.630908581980942
A,39452,storm,2024-05-11T21:26:23.813088Z,168.0,2024-05-18T21:26:23.813088Z,3.4123537078281476,-180.5576556960814,0.09791110755722343,467.05547885393753,7.630908581980942
A,39452,storm,2024-05-12T14:41:08.698272Z,6.0,2024-05-12T20:41:08.698272Z,-0.11138006942517642,0.9083883727155212,-0.13606866095020825,467.0084039945996,7.630934821257782
A,39452,storm,2024-05-12T14:41:08.698272Z,12.0,2024-05-13T02:41:08.698272Z,-0.043476624164200436,-0.48452826403509386,0.09435533004639314,467.0084039945996,7.630934821257782
A,39452,storm,2024-05-12T14:41:08.698272Z,24.0,2024-05-13T14:41:08.698272Z,-0.12231789325596565,-1.0264006438409083,-0.20013156312912736,467.0084039945996,7.630934821257782
A,39452,storm,2024-05-12T14:41:08.698272Z,36.0,2024-05-14T02:41:08.698272Z,0.09305050020571386,-1.3536341312855678,0.3398034031180694,467.0084039945996,7.630934821257782
A,39452,storm,2024-05-12T14:41:08.698272Z,48.0,2024-05-14T14:41:08.698272Z,-0.03331388592023729,-2.796613879834303,0.20148529327793196,467.0084039945996,7.630934821257782
A,39452,storm,2024-05-12T14:41:08.698272Z,72.0,2024-05-15T14:41:08.698272Z,0.4388933982129039,-6.278712588336152,-0.12177320548744264,467.0084039945996,7.630934821257782
A,39452,storm,2024-05-12T14:41:08.698272Z,96.0,2024-05-16T14:41:08.698272Z,-0.01930765309910507,-10.342135123014117,-0.21133865249349837,467.0084039945996,7.630934821257782
A,39452,storm,2024-05-12T14:41:08.698272Z,120.0,2024-05-17T14:41:08.698272Z,-0.45829674831607226,-10.177448050143287,0.12410282048034671,467.0084039945996,7.630934821257782
A,39452,storm,2024-05-12T14:41:08.698272Z,144.0,2024-05-18T14:41:08.698272Z,0.606591208423293,-9.293289784306118,0.07707657712350846,467.0084039945996,7.630934821257782
A,39452,storm,2024-05-12T14:41:08.698272Z,168.0,2024-05-19T14:41:08.698272Z,0.2837138683883157,-8.503781378766757,-0.3093055311511854,467.0084039945996,7.630934821257782
A,39452,storm,2024-05-12T19:23:20.829408Z,6.0,2024-05-13T01:23:20.829408Z,0.012399864549303669,0.44417735742397624,0.2986586378216019,466.9960551723325,7.630941704470612
A,39452,storm,2024-05-12T19:23:20.829408Z,12.0,2024-05-13T07:23:20.829408Z,0.004796526900012525,-0.15202969307786007,-0.22541062751958912,466.9960551723325,7.630941704470612
A,39452,storm,2024-05-12T19:23:20.829408Z,24.0,2024-05-13T19:23:20.829408Z,-0.02238206857653273,-0.8262446011294211,0.23637929632934104,466.9960551723325,7.630941704470612
A,39452,storm,2024-05-12T19:23:20.829408Z,36.0,2024-05-14T07:23:20.829408Z,0.08228530625586905,-1.3532265962183294,-0.017357719095390106,466.9960551723325,7.630941704470612
A,39452,storm,2024-05-12T19:23:20.829408Z,48.0,2024-05-14T19:23:20.829408Z,-0.32232929947226274,-1.955253018529654,-0.18316976438464094,466.9960551723325,7.630941704470612
A,39452,storm,2024-05-12T19:23:20.829408Z,72.0,2024-05-15T19:23:20.829408Z,0.33653931102978746,-3.5748856216387996,-0.0946436689937134,466.9960551723325,7.630941704470612
A,39452,storm,2024-05-12T19:23:20.829408Z,96.0,2024-05-16T19:23:20.829408Z,0.04201895723474823,-5.752491397822016,0.2761819955615179,466.9960551723325,7.630941704470612
A,39452,storm,2024-05-12T19:23:20.829408Z,120.0,2024-05-17T19:23:20.829408Z,-0.7064211025054697,-3.009599736513783,-0.061807260072585385,466.9960551723325,7.630941704470612
A,39452,storm,2024-05-12T19:23:20.829408Z,144.0,2024-05-18T19:23:20.829408Z,0.38717654144509206,2.226582267106727,-0.105778432935006,466.9960551723325,7.630941704470612
A,39452,storm,2024-05-12T19:23:20.829408Z,168.0,2024-05-19T19:23:20.829408Z,0.32754955399452435,6.556774534842116,0.21265099148592181,466.9960551723325,7.630941704470612
A,39452,storm,2024-05-12T20:57:24.865344Z,6.0,2024-05-13T02:57:24.865344Z,-0.1085841823230008,-0.41015233056837735,0.3126343815926883,466.9915676617011,7.630944205806129
A,39452,storm,2024-05-12T20:57:24.865344Z,12.0,2024-05-13T08:57:24.865344Z,-0.026068217275080508,0.6080938826419038,-0.21427154924493047,466.9915676617011,7.630944205806129
A,39452,storm,2024-05-12T20:57:24.865344Z,24.0,2024-05-13T20:57:24.865344Z,-0.013816236402577689,-0.5441023521784861,0.26039456159644325,466.9915676617011,7.630944205806129
A,39452,storm,2024-05-12T20:57:24.865344Z,36.0,2024-05-14T08:57:24.865344Z,0.17832404525138104,-1.0467629886468106,-0.08414694739989101,466.9915676617011,7.630944205806129
A,39452,storm,2024-05-12T20:57:24.865344Z,48.0,2024-05-14T20:57:24.865344Z,-0.44747359240638507,-1.5513301605342977,-0.12230400721953905,466.9915676617011,7.630944205806129
A,39452,storm,2024-05-12T20:57:24.865344Z,72.0,2024-05-15T20:57:24.865344Z,0.40647704084655045,-3.1761554225735917,-0.05761808759523113,466.9915676617011,7.630944205806129
A,39452,storm,2024-05-12T20:57:24.865344Z,96.0,2024-05-16T20:57:24.865344Z,0.07153648737718499,-5.590462318529271,0.2520522382758532,466.9915676617011,7.630944205806129
A,39452,storm,2024-05-12T20:57:24.865344Z,120.0,2024-05-17T20:57:24.865344Z,-0.8294093634164209,-2.6705291232501436,0.03164678512845878,466.9915676617011,7.630944205806129
A,39452,storm,2024-05-12T20:57:24.865344Z,144.0,2024-05-18T20:57:24.865344Z,0.43521305005791094,2.921553045760857,-0.0755513634472732,466.9915676617011,7.630944205806129
A,39452,storm,2024-05-12T20:57:24.865344Z,168.0,2024-05-19T20:57:24.865344Z,0.395119648623669,6.8909822076923515,0.1497743792568076,466.9915676617011,7.630944205806129
B,39451,storm,2024-05-06T12:00:07.993728Z,6.0,2024-05-06T18:00:07.993728Z,0.04846454558202428,0.2178348849775711,0.2917595782470885,502.8616996627952,7.611028446110349
B,39451,storm,2024-05-06T12:00:07.993728Z,12.0,2024-05-07T00:00:07.993728Z,0.008973619206485942,0.02911931309884454,-0.19797204778215163,502.8616996627952,7.611028446110349
B,39451,storm,2024-05-06T12:00:07.993728Z,24.0,2024-05-07T12:00:07.993728Z,0.03241436292236291,-0.4820193237604674,0.24647980303504785,502.8616996627952,7.611028446110349
B,39451,storm,2024-05-06T12:00:07.993728Z,36.0,2024-05-08T00:00:07.993728Z,0.020638957069065024,-0.6176590132247883,-0.23965451332739535,502.8616996627952,7.611028446110349
B,39451,storm,2024-05-06T12:00:07.993728Z,48.0,2024-05-08T12:00:07.993728Z,-0.15583796245178655,-1.627353373003518,0.2014949027724866,502.8616996627952,7.611028446110349
B,39451,storm,2024-05-06T12:00:07.993728Z,72.0,2024-05-09T12:00:07.993728Z,-0.4124538887936765,-2.321472178708326,-0.008626637570239487,502.8616996627952,7.611028446110349
B,39451,storm,2024-05-06T12:00:07.993728Z,96.0,2024-05-10T12:00:07.993728Z,-0.09235512783159094,-2.771974132818527,-0.10696958976807536,502.8616996627952,7.611028446110349
B,39451,storm,2024-05-06T12:00:07.993728Z,120.0,2024-05-11T12:00:07.993728Z,0.5341577461579256,-0.41076563450636405,-0.06885037127289495,502.8616996627952,7.611028446110349
B,39451,storm,2024-05-06T12:00:07.993728Z,144.0,2024-05-12T12:00:07.993728Z,0.36977018952288554,12.112469006205083,0.06328600169044307,502.8616996627952,7.611028446110349
B,39451,storm,2024-05-06T12:00:07.993728Z,168.0,2024-05-13T12:00:07.993728Z,-0.5524732182151064,28.37149856584736,0.20534835194747103,502.8616996627952,7.611028446110349
B,39451,storm,2024-05-06T13:34:56.385696Z,6.0,2024-05-06T19:34:56.385696Z,-0.032450243912218096,-0.6272430668024238,0.23080890396192466,502.8594037747571,7.611029715844169
B,39451,storm,2024-05-06T13:34:56.385696Z,12.0,2024-05-07T01:34:56.385696Z,-0.0832693973326144,0.7532831821270667,-0.15004450176381157,502.8594037747571,7.611029715844169
B,39451,storm,2024-05-06T13:34:56.385696Z,24.0,2024-05-07T13:34:56.385696Z,0.09233373360278804,-0.16923271690901298,0.22913919588924309,502.8594037747571,7.611029715844169
B,39451,storm,2024-05-06T13:34:56.385696Z,36.0,2024-05-08T01:34:56.385696Z,0.05776954638663641,-0.026733167402499522,-0.22460823073653752,502.8594037747571,7.611029715844169
B,39451,storm,2024-05-06T13:34:56.385696Z,48.0,2024-05-08T13:34:56.385696Z,-0.21552924672774515,-1.5402994543828232,0.19267074282399682,502.8594037747571,7.611029715844169
B,39451,storm,2024-05-06T13:34:56.385696Z,72.0,2024-05-09T13:34:56.385696Z,-0.5284704608597276,-2.3033651929677257,0.08689915890642905,502.8594037747571,7.611029715844169
B,39451,storm,2024-05-06T13:34:56.385696Z,96.0,2024-05-10T13:34:56.385696Z,-0.09779810751973649,-2.886917200833584,-0.041794185742485945,502.8594037747571,7.611029715844169
B,39451,storm,2024-05-06T13:34:56.385696Z,120.0,2024-05-11T13:34:56.385696Z,0.6531215461313115,-0.27360139532095423,-0.06643334362390782,502.8594037747571,7.611029715844169
B,39451,storm,2024-05-06T13:34:56.385696Z,144.0,2024-05-12T13:34:56.385696Z,0.47036613801145877,11.824825208710497,-0.01787889124190034,502.8594037747571,7.611029715844169
B,39451,storm,2024-05-06T13:34:56.385696Z,168.0,2024-05-13T13:34:56.385696Z,-0.6258164573810783,27.610837761244674,0.11471710884915964,502.8594037747571,7.611029715844169
B,39451,storm,2024-05-06T21:28:58.310976Z,6.0,2024-05-07T03:28:58.310976Z,0.06945950446003463,1.2168806946469577,0.0400952051316702,502.85268529460154,7.611033431482614
B,39451,storm,2024-05-06T21:28:58.310976Z,12.0,2024-05-07T09:28:58.310976Z,0.036219937409198016,-0.7144450150981885,0.058401708504035255,502.85268529460154,7.611033431482614
B,39451,storm,2024-05-06T21:28:58.310976Z,24.0,2024-05-07T21:28:58.310976Z,-0.0224818606791454,-0.7033834316756341,0.13808330673589875,502.85268529460154,7.611033431482614
B,39451,storm,2024-05-06T21:28:58.310976Z,36.0,2024-05-08T09:28:58.310976Z,0.014874260337951924,-1.1613394456464634,-0.1070519666436317,502.85268529460154,7.611033431482614
B,39451,storm,2024-05-06T21:28:58.310976Z,48.0,2024-05-08T21:28:58.310976Z,-0.05717102430835702,-1.6452922521462252,-0.04039396243194504,502.85268529460154,7.611033431482614
B,39451,storm,2024-05-06T21:28:58.310976Z,72.0,2024-05-09T21:28:58.310976Z,-0.25632851370335474,-2.13207608432141,-0.08994603562612197,502.85268529460154,7.611033431482614
B,39451,storm,2024-05-06T21:28:58.310976Z,96.0,2024-05-10T21:28:58.310976Z,-0.021534069094762222,-1.7068165307507797,0.05362905586619604,502.85268529460154,7.611033431482614
B,39451,storm,2024-05-06T21:28:58.310976Z,120.0,2024-05-11T21:28:58.310976Z,0.4113095444115765,7.047244780528634,0.09912951316655061,502.85268529460154,7.611033431482614
B,39451,storm,2024-05-06T21:28:58.310976Z,144.0,2024-05-12T21:28:58.310976Z,0.22536380025498648,22.477498035253124,0.04353736707024147,502.85268529460154,7.611033431482614
B,39451,storm,2024-05-06T21:28:58.310976Z,168.0,2024-05-13T21:28:58.310976Z,-0.4785529199970018,40.80920681307293,9.77367497299042e-05,502.85268529460154,7.611033431482614
B,39451,storm,2024-05-07T11:42:13.692672Z,6.0,2024-05-07T17:42:13.692672Z,0.033453842220710905,0.40790285601908055,0.276946272085777,502.8409249704837,7.611039935513201
B,39451,storm,2024-05-07T11:42:13.692672Z,12.0,2024-05-07T23:42:13.692672Z,0.03262650046242099,0.14514130975881517,-0.16155561439413507,502.8409249704837,7.611039935513201
B,39451,storm,2024-05-07T11:42:13.692672Z,24.0,2024-05-08T11:42:13.692672Z,0.011841291901215377,-0.027982314125907876,0.19571157637918304,502.8409249704837,7.611039935513201
B,39451,storm,2024-05-07T11:42:13.692672Z,36.0,2024-05-08T23:42:13.692672Z,0.0017959092098199722,0.32707913150312334,-0.1946495779705108,502.8409249704837,7.611039935513201
B,39451,storm,2024-05-07T11:42:13.692672Z,48.0,2024-05-09T11:42:13.692672Z,-0.18693165787453223,-0.03786437754881772,0.17804975404596304,502.8409249704837,7.611039935513201
B,39451,storm,2024-05-07T11:42:13.692672Z,72.0,2024-05-10T11:42:13.692672Z,-0.46158011699533597,1.3030762485074123,0.0265293996921121,502.8409249704837,7.611039935513201
B,39451,storm,2024-05-07T11:42:13.692672Z,96.0,2024-05-11T11:42:13.692672Z,-0.1680803313529579,7.5112147769334,-0.09707480707543859,502.8409249704837,7.611039935513201
B,39451,storm,2024-05-07T11:42:13.692672Z,120.0,2024-05-12T11:42:13.692672Z,0.5193582946447513,24.03183744309777,-0.10654543136680328,502.8409249704837,7.611039935513201
B,39451,storm,2024-05-07T11:42:13.692672Z,144.0,2024-05-13T11:42:13.692672Z,0.3640480311115457,42.29425613136467,0.025965542503376682,502.8409249704837,7.611039935513201
B,39451,storm,2024-05-07T11:42:13.692672Z,168.0,2024-05-14T11:42:13.692672Z,-0.3141302033644573,63.58966077623208,0.18403406308495462,502.8409249704837,7.611039935513201
B,39451,storm,2024-05-07T19:36:15.496992Z,6.0,2024-05-08T01:36:15.496992Z,0.04230618412701759,0.7330357911909519,-0.2200827064896838,502.8316659808024,7.611045056196054
B,39451,storm,2024-05-07T19:36:15.496992Z,12.0,2024-05-08T07:36:15.496992Z,0.1473509689748512,-0.5138081590756074,0.16095396584320953,502.8316659808024,7.611045056196054
B,39451,storm,2024-05-07T19:36:15.496992Z,24.0,2024-05-08T19:36:15.496992Z,0.08767546700235679,-0.4550190270804772,-0.05379291311592618,502.8316659808024,7.611045056196054
B,39451,storm,2024-05-07T19:36:15.496992Z,36.0,2024-05-09T07:36:15.496992Z,0.16850500071279914,-0.8357316670049701,0.12290095363151526,502.8316659808024,7.611045056196054
B,39451,storm,2024-05-07T19:36:15.496992Z,48.0,2024-05-09T19:36:15.496992Z,0.004912092465620188,-1.1883262415070737,-0.23501225813058035,502.8316659808024,7.611045056196054
B,39451,storm,2024-05-07T19:36:15.496992Z,72.0,2024-05-10T19:36:15.496992Z,-0.2722477868201403,-0.5627422982661472,-0.03502581033849838,502.8316659808024,7.611045056196054
B,39451,storm,2024-05-07T19:36:15.496992Z,96.0,2024-05-11T19:36:15.496992Z,-0.09793328320709976,9.073902273668422,0.2845530396243974,502.8316659808024,7.611045056196054
B,39451,storm,2024-05-07T19:36:15.496992Z,120.0,2024-05-12T19:36:15.496992Z,0.42206044177562196,26.116389065999204,0.26002289325339945,502.8316659808024,7.611045056196054
B,39451,storm,2024-05-07T19:36:15.496992Z,144.0,2024-05-13T19:36:15.496992Z,0.2823104678246251,44.089485760612405,-0.07668744667300054,502.8316659808024,7.611045056196054
B,39451,storm,2024-05-07T19:36:15.496992Z,168.0,2024-05-14T19:36:15.496992Z,-0.17901846215740402,64.38249188903734,-0.20473539342709657,502.8316659808024,7.611045056196054
B,39451,storm,2024-05-07T21:11:03.839712Z,6.0,2024-05-08T03:11:03.839712Z,0.0876103833407406,1.201877324986749,0.028487772115866172,502.8309906172144,7.61104542970619
B,39451,storm,2024-05-07T21:11:03.839712Z,12.0,2024-05-08T09:11:03.839712Z,0.07725571458647573,-0.6619740318167169,0.08558251077720799,502.8309906172144,7.61104542970619
B,39451,storm,2024-05-07T21:11:03.839712Z,24.0,2024-05-08T21:11:03.839712Z,-0.015921354526761494,-0.4353817393063457,0.0898307527415785,502.8309906172144,7.61104542970619
B,39451,storm,2024-05-07T21:11:03.839712Z,36.0,2024-05-09T09:11:03.839712Z,0.04229550818996628,-0.5611013256517473,-0.04359783879893825,502.8309906172144,7.61104542970619
B,39451,storm,2024-05-07T21:11:03.839712Z,48.0,2024-05-09T21:11:03.839712Z,-0.07903152095922297,-0.6176932413206715,-0.09314864036119827,502.8309906172144,7.61104542970619
B,39451,storm,2024-05-07T21:11:03.839712Z,72.0,2024-05-10T21:11:03.839712Z,-0.2912701283623439,0.6547954268157993,-0.07335487141428362,502.8309906172144,7.61104542970619
B,39451,storm,2024-05-07T21:11:03.839712Z,96.0,2024-05-11T21:11:03.839712Z,-0.08496879363736586,11.735567512141408,0.054870424606043855,502.8309906172144,7.61104542970619
B,39451,storm,2024-05-07T21:11:03.839712Z,120.0,2024-05-12T21:11:03.839712Z,0.4188302566834361,29.556491398565107,0.09756415805262453,502.8309906172144,7.61104542970619
B,39451,storm,2024-05-07T21:11:03.839712Z,144.0,2024-05-13T21:11:03.839712Z,0.24442177729137438,48.5186902072046,0.02324158949334887,502.8309906172144,7.61104542970619
B,39451,storm,2024-05-07T21:11:03.839712Z,168.0,2024-05-14T21:11:03.839712Z,-0.20373365664832033,70.00751200663157,-0.02729011597292086,502.8309906172144,7.61104542970619
B,39451,storm,2024-05-08T12:59:07.304064Z,6.0,2024-05-08T18:59:07.304064Z,-0.09741427531690777,-0.5225562330297977,0.29970427889009793,502.81332289564216,7.611055200867068
B,39451,storm,2024-05-08T12:59:07.304064Z,12.0,2024-05-09T00:59:07.304064Z,-0.029129341234558237,0.5927813473434045,-0.13425910732320243,502.81332289564216,7.611055200867068
B,39451,storm,2024-05-08T12:59:07.304064Z,24.0,2024-05-09T12:59:07.304064Z,0.09916530056337795,-0.11039364210922356,0.20843271090865056,502.81332289564216,7.611055200867068
B,39451,storm,2024-05-08T12:59:07.304064Z,36.0,2024-05-10T00:59:07.304064Z,0.06532745574723653,0.3265733387842765,-0.21148413314930875,502.81332289564216,7.611055200867068
B,39451,storm,2024-05-08T12:59:07.304064Z,48.0,2024-05-10T12:59:07.304064Z,-0.24960878851663576,-0.6550111968051663,0.1942049286459622,502.81332289564216,7.611055200867068
B,39451,storm,2024-05-08T12:59:07.304064Z,72.0,2024-05-11T12:59:07.304064Z,-0.6879328755646968,4.969888388942088,0.08080301748028762,502.81332289564216,7.611055200867068
B,39451,storm,2024-05-08T12:59:07.304064Z,96.0,2024-05-12T12:59:07.304064Z,-0.17947555554399566,21.93269702693434,-0.09685401076812994,502.81332289564216,7.611055200867068
B,39451,storm,2024-05-08T12:59:07.304064Z,120.0,2024-05-13T12:59:07.304064Z,0.6340278981946819,39.17838932422798,-0.10882522559954744,502.81332289564216,7.611055200867068
B,39451,storm,2024-05-08T12:59:07.304064Z,144.0,2024-05-14T12:59:07.304064Z,0.4809152742213847,56.63085006806488,-0.007482248567789895,502.81332289564216,7.611055200867068
B,39451,storm,2024-05-08T12:59:07.304064Z,168.0,2024-05-15T12:59:07.304064Z,-0.17615187064258286,76.484215424546,0.16056729872748932,502.81332289564216,7.611055200867068
B,39451,storm,2024-05-08T22:27:57.276576Z,6.0,2024-05-09T04:27:57.276576Z,0.15304607131990577,0.691161134178561,0.16257492597203954,502.80390520168294,7.611060409352728
B,39451,storm,2024-05-08T22:27:57.276576Z,12.0,2024-05-09T10:27:57.276576Z,-0.03844392314032973,-0.44347608951803685,-0.005843677544906334,502.80390520168294,7.611060409352728
B,39451,storm,2024-05-08T22:27:57.276576Z,24.0,2024-05-09T22:27:57.276576Z,-0.019197881687202017,-0.5768982078484267,0.1255963570979089,502.80390520168294,7.611060409352728
B,39451,storm,2024-05-08T22:27:57.276576Z,36.0,2024-05-10T10:27:57.276576Z,-0.017079676344960576,-0.2761484985758733,-0.10232018133080233,502.80390520168294,7.611060409352728
B,39451,storm,2024-05-08T22:27:57.276576Z,48.0,2024-05-10T22:27:57.276576Z,-0.19587593364153344,-0.39731802701601227,0.020842640501654436,502.80390520168294,7.611060409352728
B,39451,storm,2024-05-08T22:27:57.276576Z,72.0,2024-05-11T22:27:57.276576Z,-0.4172922441664735,10.48017050756533,-0.06007678680740147,502.80390520168294,7.611060409352728
B,39451,storm,2024-05-08T22:27:57.276576Z,96.0,2024-05-12T22:27:57.276576Z,-0.013710335296270998,28.36562300669813,-0.12125680099119585,502.80390520168294,7.611060409352728
B,39451,storm,2024-05-08T22:27:57.276576Z,120.0,2024-05-13T22:27:57.276576Z,0.4999306965244994,46.50452595533598,-0.04507345408455876,502.80390520168294,7.611060409352728
B,39451,storm,2024-05-08T22:27:57.276576Z,144.0,2024-05-14T22:27:57.276576Z,0.35351475367960283,65.15209344892861,0.016822993182689316,502.80390520168294,7.611060409352728
B,39451,storm,2024-05-08T22:27:57.276576Z,168.0,2024-05-15T22:27:57.276576Z,-0.046605293593831476,86.0442458117365,0.08849772011814849,502.80390520168294,7.611060409352728
B,39451,storm,2024-05-09T04:47:10.563648Z,6.0,2024-05-09T10:47:10.563648Z,-0.04800293930448239,-0.3364962045375751,-0.16498286035261725,502.795372643699,7.611065128320348
B,39451,storm,2024-05-09T04:47:10.563648Z,12.0,2024-05-09T16:47:10.563648Z,-0.08057027230187268,0.3204863061307731,0.13687470197138937,502.795372643699,7.611065128320348
B,39451,storm,2024-05-09T04:47:10.563648Z,24.0,2024-05-10T04:47:10.563648Z,0.06808351760553026,-0.5995141881628108,-0.3305123000807695,502.795372643699,7.611065128320348
B,39451,storm,2024-05-09T04:47:10.563648Z,36.0,2024-05-10T16:47:10.563648Z,0.07408189880799501,0.3529661990620787,0.3281956253962654,502.795372643699,7.611065128320348
B,39451,storm,2024-05-09T04:47:10.563648Z,48.0,2024-05-11T04:47:10.563648Z,-0.34028263214494125,0.2366741961617233,-0.1761117517232965,502.795372643699,7.611065128320348
B,39451,storm,2024-05-09T04:47:10.563648Z,72.0,2024-05-12T04:47:10.563648Z,-0.4911367273787224,13.700227172872818,0.2532643005383206,502.795372643699,7.611065128320348
B,39451,storm,2024-05-09T04:47:10.563648Z,96.0,2024-05-13T04:47:10.563648Z,0.15665079214706146,30.784906859450412,0.3241529139138759,502.795372643699,7.611065128320348
B,39451,storm,2024-05-09T04:47:10.563648Z,120.0,2024-05-14T04:47:10.563648Z,0.7669770099404651,47.17830836785355,-0.14440173047049853,502.795372643699,7.611065128320348
B,39451,storm,2024-05-09T04:47:10.563648Z,144.0,2024-05-15T04:47:10.563648Z,0.4855874172451671,63.56252138613738,-0.45472724806765896,502.795372643699,7.611065128320348
B,39451,storm,2024-05-09T04:47:10.563648Z,168.0,2024-05-16T04:47:10.563648Z,-0.12955264910481645,82.53820060795947,-0.22215722013282146,502.795372643699,7.611065128320348
B,39451,storm,2024-05-09T12:41:12.109632Z,6.0,2024-05-09T18:41:12.109632Z,-0.08445146146964692,-0.4243146480643286,0.37205172244878804,502.786424950591,7.61107007688965
B,39451,storm,2024-05-09T12:41:12.109632Z,12.0,2024-05-10T00:41:12.109632Z,-0.04829094954828053,0.3850446120831433,-0.13752397825337598,502.786424950591,7.61107007688965
B,39451,storm,2024-05-09T12:41:12.109632Z,24.0,2024-05-10T12:41:12.109632Z,0.1154558175179766,-0.547270075599963,0.20232606067383685,502.786424950591,7.61107007688965
B,39451,storm,2024-05-09T12:41:12.109632Z,36.0,2024-05-11T00:41:12.109632Z,0.06246329333368673,0.3703845690965933,-0.20982225869410012,502.786424950591,7.61107007688965
B,39451,storm,2024-05-09T12:41:12.109632Z,48.0,2024-05-11T12:41:12.109632Z,-0.3471577086635776,2.8574013397737565,0.19679135063604092,502.786424950591,7.61107007688965
B,39451,storm,2024-05-09T12:41:12.109632Z,72.0,2024-05-12T12:41:12.109632Z,-0.6716451611904399,18.51469500727812,0.04817719036774637,502.786424950591,7.61107007688965
B,39451,storm,2024-05-09T12:41:12.109632Z,96.0,2024-05-13T12:41:12.109632Z,-0.08738352460664758,35.82141835730084,-0.11640005488227345,502.786424950591,7.61107007688965
B,39451,storm,2024-05-09T12:41:12.109632Z,120.0,2024-05-14T12:41:12.109632Z,0.6612423684975841,52.086881629450225,-0.1030509420753063,502.786424950591,7.61107007688965
B,39451,storm,2024-05-09T12:41:12.109632Z,144.0,2024-05-15T12:41:12.109632Z,0.5584797853058063,68.00291805341445,0.027585421914569253,502.786424950591,7.61107007688965
B,39451,storm,2024-05-09T12:41:12.109632Z,168.0,2024-05-16T12:41:12.109632Z,-0.03828095180978508,86.41521498245369,0.2076018452742403,502.786424950591,7.61107007688965
B,39451,storm,2024-05-09T22:10:01.904160Z,6.0,2024-05-10T04:10:01.904160Z,0.16158842288290168,0.6778610638790508,0.1904713186263453,502.76928616134956,7.611079555615221
B,39451,storm,2024-05-09T22:10:01.904160Z,12.0,2024-05-10T10:10:01.904160Z,-0.055639115761406455,-1.0913041528784464,0.022907298576378216,502.76928616134956,7.611079555615221
B,39451,storm,2024-05-09T22:10:01.904160Z,24.0,2024-05-10T22:10:01.904160Z,-0.0029874711405271648,-2.0553767327931176,0.1117768720575516,502.76928616134956,7.611079555615221
B,39451,storm,2024-05-09T22:10:01.904160Z,36.0,2024-05-11T10:10:01.904160Z,-0.051658652901132446,0.013031439912645104,-0.10617832517890889,502.76928616134956,7.611079555615221
B,39451,storm,2024-05-09T22:10:01.904160Z,48.0,2024-05-11T22:10:01.904160Z,-0.28015769444216887,4.519302006971508,0.027369142141325353,502.76928616134956,7.611079555615221
B,39451,storm,2024-05-09T22:10:01.904160Z,72.0,2024-05-12T22:10:01.904160Z,-0.36468788117539575,17.66347379729898,-0.07778566343745563,502.76928616134956,7.611079555615221
B,39451,storm,2024-05-09T22:10:01.904160Z,96.0,2024-05-13T22:10:01.904160Z,0.05076221452867784,30.622794774176676,-0.10580836456826148,502.76928616134956,7.611079555615221
B,39451,storm,2024-05-09T22:10:01.904160Z,120.0,2024-05-14T22:10:01.904160Z,0.48167260507799625,42.093633245748244,-0.03152534435346954,502.76928616134956,7.611079555615221
B,39451,storm,2024-05-09T22:10:01.904160Z,144.0,2024-05-15T22:10:01.904160Z,0.3266942254711038,52.718070926796834,0.029753426426438523,502.76928616134956,7.611079555615221
B,39451,storm,2024-05-09T22:10:01.904160Z,168.0,2024-05-16T22:10:01.904160Z,-0.24212377987599076,65.23118013978169,0.10513925544689329,502.76928616134956,7.611079555615221
B,39451,storm,2024-05-10T12:23:16.418400Z,6.0,2024-05-10T18:23:16.418400Z,-0.05035487253372145,-0.375356639102121,0.40354559240081317,502.75428448197545,7.6110878524265075
B,39451,storm,2024-05-10T12:23:16.418400Z,12.0,2024-05-11T00:23:16.418400Z,-0.06790364338350154,0.2927920463736211,-0.13685492918572117,502.75428448197545,7.6110878524265075
B,39451,storm,2024-05-10T12:23:16.418400Z,24.0,2024-05-11T12:23:16.418400Z,0.04993828754237428,2.360608011121679,0.21841239117875133,502.75428448197545,7.6110878524265075
B,39451,storm,2024-05-10T12:23:16.418400Z,36.0,2024-05-12T00:23:16.418400Z,-0.002504511215323635,8.84390778714924,-0.25058988212789934,502.75428448197545,7.6110878524265075
B,39451,storm,2024-05-10T12:23:16.418400Z,48.0,2024-05-12T12:23:16.418400Z,-0.32711549490671077,14.361721159466228,0.2438304127126001,502.75428448197545,7.6110878524265075
B,39451,storm,2024-05-10T12:23:16.418400Z,72.0,2024-05-13T12:23:16.418400Z,-0.5354859615433649,28.20491944762492,0.05809112802663474,502.75428448197545,7.6110878524265075
B,39451,storm,2024-05-10T12:23:16.418400Z,96.0,2024-05-14T12:23:16.418400Z,-0.018893058301147382,41.27528737696763,-0.12706339880526585,502.75428448197545,7.6110878524265075
B,39451,storm,2024-05-10T12:23:16.418400Z,120.0,2024-05-15T12:23:16.418400Z,0.6319971172299264,52.18784795592172,-0.13110534637197446,502.75428448197545,7.6110878524265075
B,39451,storm,2024-05-10T12:23:16.418400Z,144.0,2024-05-16T12:23:16.418400Z,0.5503491665437021,62.15730279073969,0.05986304104834517,502.75428448197545,7.6110878524265075
B,39451,storm,2024-05-10T12:23:16.418400Z,168.0,2024-05-17T12:23:16.418400Z,-0.13257572540903162,74.49521584279883,0.2804937181116003,502.75428448197545,7.6110878524265075
B,39451,storm,2024-05-10T13:58:04.687680Z,6.0,2024-05-10T19:58:04.687680Z,-0.07399724868496951,-0.9704859203901269,0.21852437265728997,502.7520158694533,7.611089107105063
B,39451,storm,2024-05-10T13:58:04.687680Z,12.0,2024-05-11T01:58:04.687680Z,-0.20235616297766656,1.2870467219593382,-0.01641431455182868,502.7520158694533,7.611089107105063
B,39451,storm,2024-05-10T13:58:04.687680Z,24.0,2024-05-11T13:58:04.687680Z,0.09856923172002896,3.4439096401562077,0.05521192717385026,502.7520158694533,7.611089107105063
B,39451,storm,2024-05-10T13:58:04.687680Z,36.0,2024-05-12T01:58:04.687680Z,0.025925481268317396,10.724248987169725,-0.10326445616199642,502.7520158694533,7.611089107105063
B,39451,storm,2024-05-10T13:58:04.687680Z,48.0,2024-05-12T13:58:04.687680Z,-0.42778820201678114,15.756223389454634,0.16660326651530966,502.7520158694533,7.611089107105063
B,39451,storm,2024-05-10T13:58:04.687680Z,72.0,2024-05-13T13:58:04.687680Z,-0.5541739137487585,29.663277724526218,0.21267724113875364,502.7520158694533,7.611089107105063
B,39451,storm,2024-05-10T13:58:04.687680Z,96.0,2024-05-14T13:58:04.687680Z,0.10893926401265322,42.44499605614886,-0.022615622145075065,502.7520158694533,7.611089107105063
B,39451,storm,2024-05-10T13:58:04.687680Z,120.0,2024-05-15T13:58:04.687680Z,0.8034886884878922,52.87124323337172,-0.1703977180156393,502.7520158694533,7.611089107105063
B,39451,storm,2024-05-10T13:58:04.687680Z,144.0,2024-05-16T13:58:04.687680Z,0.65702414251313,62.428808264396636,-0.14308134692825547,502.7520158694533,7.611089107105063
B,39451,storm,2024-05-10T13:58:04.687680Z,168.0,2024-05-17T13:58:04.687680Z,-0.20230012544582632,74.63264995544326,0.06574064514758504,502.7520158694533,7.611089107105063
B,39451,storm,2024-05-10T21:52:05.883744Z,6.0,2024-05-11T03:52:05.883744Z,0.11619986665204159,0.4685917609890769,0.19045823277058677,502.72727574703185,7.611102789914335
B,39451,storm,2024-05-10T21:52:05.883744Z,12.0,2024-05-11T09:52:05.883744Z,-0.09692893131840566,-0.24936471850447695,0.03851487439030202,502.72727574703185,7.611102789914335
B,39451,storm,2024-05-10T21:52:05.883744Z,24.0,2024-05-11T21:52:05.883744Z,-0.07724420500482909,3.3951232684303845,0.13332335244558147,502.72727574703185,7.611102789914335
B,39451,storm,2024-05-10T21:52:05.883744Z,36.0,2024-05-12T09:52:05.883744Z,-0.04577492766891872,8.118504868525271,-0.1434077428328009,502.72727574703185,7.611102789914335
B,39451,storm,2024-05-10T21:52:05.883744Z,48.0,2024-05-12T21:52:05.883744Z,-0.20405875565631937,11.65831172732475,0.04739367637054537,502.72727574703185,7.611102789914335
B,39451,storm,2024-05-10T21:52:05.883744Z,72.0,2024-05-13T21:52:05.883744Z,-0.23692576015368116,18.41762258674594,-0.06730043957283804,502.72727574703185,7.611102789914335
B,39451,storm,2024-05-10T21:52:05.883744Z,96.0,2024-05-14T21:52:05.883744Z,0.0629407590934342,22.3828179873288,-0.0897656793309789,502.72727574703185,7.611102789914335
B,39451,storm,2024-05-10T21:52:05.883744Z,120.0,2024-05-15T21:52:05.883744Z,0.42975310765138985,23.07898186297707,-0.03099627527687243,502.72727574703185,7.611102789914335
B,39451,storm,2024-05-10T21:52:05.883744Z,144.0,2024-05-16T21:52:05.883744Z,0.2907228736018297,21.779252277927764,0.04198118592532918,502.72727574703185,7.611102789914335
B,39451,storm,2024-05-10T21:52:05.883744Z,168.0,2024-05-17T21:52:05.883744Z,-0.45276153340461045,20.74258907189412,0.13509880453379353,502.72727574703185,7.611102789914335
B,39451,storm,2024-05-11T19:59:20.212512Z,6.0,2024-05-12T01:59:20.212512Z,0.06995243983372662,1.2890830169006853,-0.11361119546551168,502.63083930379435,7.61115612590296
B,39451,storm,2024-05-11T19:59:20.212512Z,12.0,2024-05-12T07:59:20.212512Z,0.04829885174807874,-0.8360080931918927,0.14134703165438436,502.63083930379435,7.61115612590296
B,39451,storm,2024-05-11T19:59:20.212512Z,24.0,2024-05-12T19:59:20.212512Z,0.06642631511709818,-2.7110380905627496,0.0229084830593711,502.63083930379435,7.61115612590296
B,39451,storm,2024-05-11T19:59:20.212512Z,36.0,2024-05-13T07:59:20.212512Z,0.12981907943492815,-7.000776915694765,-0.002652926454001836,502.63083930379435,7.61115612590296
B,39451,storm,2024-05-11T19:59:20.212512Z,48.0,2024-05-13T19:59:20.212512Z,0.061226071140651595,-13.618929363867714,-0.11446325534892754,502.63083930379435,7.61115612590296
B,39451,storm,2024-05-11T19:59:20.212512Z,72.0,2024-05-14T19:59:20.212512Z,0.07367827394114768,-33.41241915078254,-0.07496469491204749,502.63083930379435,7.61115612590296
B,39451,storm,2024-05-11T19:59:20.212512Z,96.0,2024-05-15T19:59:20.212512Z,0.4796828809943256,-62.15771492887248,0.06702092393391013,502.63083930379435,7.61115612590296
B,39451,storm,2024-05-11T19:59:20.212512Z,120.0,2024-05-16T19:59:20.212512Z,1.4538597159234072,-99.83348675998681,0.11199443572831136,502.63083930379435,7.61115612590296
B,39451,storm,2024-05-11T19:59:20.212512Z,144.0,2024-05-17T19:59:20.212512Z,2.412992613535195,-145.91871502296308,0.0014614751638362122,502.63083930379435,7.61115612590296
B,39451,storm,2024-05-11T19:59:20.212512Z,168.0,2024-05-18T19:59:20.212512Z,2.5822301141150206,-197.38104473501164,0.007490880664590804,502.63083930379435,7.61115612590296
B,39451,storm,2024-05-11T21:34:08.308128Z,6.0,2024-05-12T03:34:08.308128Z,0.08333568234185425,1.247586687651964,0.1448386439801856,502.62465603544933,7.6111595457140595
B,39451,storm,2024-05-11T21:34:08.308128Z,12.0,2024-05-12T09:34:08.308128Z,-0.01801081160370724,-0.8482723215476888,0.03135272653480431,502.62465603544933,7.6111595457140595
B,39451,storm,2024-05-11T21:34:08.308128Z,24.0,2024-05-12T21:34:08.308128Z,0.024029211226459457,-3.05254878994904,0.16113642673976347,502.62465603544933,7.6111595457140595
B,39451,storm,2024-05-11T21:34:08.308128Z,36.0,2024-05-13T09:34:08.308128Z,0.06684609824252818,-7.352638255149242,-0.15802159633905566,502.62465603544933,7.6111595457140595
B,39451,storm,2024-05-11T21:34:08.308128Z,48.0,2024-05-13T21:34:08.308128Z,0.0018351710549913136,-14.227643717177592,0.035425723584284974,502.62465603544933,7.6111595457140595
B,39451,storm,2024-05-11T21:34:08.308128Z,72.0,2024-05-14T21:34:08.308128Z,0.05012301252366891,-34.205773065786836,-0.06937322094952769,502.62465603544933,7.6111595457140595
B,39451,storm,2024-05-11T21:34:08.308128Z,96.0,2024-05-15T21:34:08.308128Z,0.5013462336219037,-63.09377654283833,-0.09236702097743787,502.62465603544933,7.6111595457140595
B,39451,storm,2024-05-11T21:34:08.308128Z,120.0,2024-05-16T21:34:08.308128Z,1.5076908206362614,-100.80512457728045,-0.02228924276654709,502.62465603544933,7.6111595457140595
B,39451,storm,2024-05-11T21:34:08.308128Z,144.0,2024-05-17T21:34:08.308128Z,2.3971066924405093,-146.74604558417045,0.07313939968575767,502.62465603544933,7.6111595457140595
B,39451,storm,2024-05-11T21:34:08.308128Z,168.0,2024-05-18T21:34:08.308128Z,2.5109711941250303,-197.67900626720802,0.18858403821027991,502.62465603544933,7.6111595457140595
B,39451,storm,2024-05-12T14:56:57.089472Z,6.0,2024-05-12T20:56:57.089472Z,-0.05573158506522736,-0.6029084954585039,-0.018171815624456356,502.58727840611846,7.611180218444314
B,39451,storm,2024-05-12T14:56:57.089472Z,12.0,2024-05-13T02:56:57.089472Z,-0.21285019642402916,1.168757476881746,0.04004734765598639,502.58727840611846,7.611180218444314
B,39451,storm,2024-05-12T14:56:57.089472Z,24.0,2024-05-13T14:56:57.089472Z,0.08783052303718425,-0.13365353536652852,-0.09215896520897399,502.58727840611846,7.611180218444314
B,39451,storm,2024-05-12T14:56:57.089472Z,36.0,2024-05-14T02:56:57.089472Z,0.06732123773206887,0.13225891321335942,0.07833756820006174,502.58727840611846,7.611180218444314
B,39451,storm,2024-05-12T14:56:57.089472Z,48.0,2024-05-14T14:56:57.089472Z,-0.2876960722851667,-2.5195892433666125,0.02736020537500039,502.58727840611846,7.611180218444314
B,39451,storm,2024-05-12T14:56:57.089472Z,72.0,2024-05-15T14:56:57.089472Z,-0.35754090569235264,-6.327179166145409,0.21764852056495942,502.58727840611846,7.611180218444314
B,39451,storm,2024-05-12T14:56:57.089472Z,96.0,2024-05-16T14:56:57.089472Z,0.08278519182642198,-11.427934754862546,0.025126376437293096,502.58727840611846,7.611180218444314
B,39451,storm,2024-05-12T14:56:57.089472Z,120.0,2024-05-17T14:56:57.089472Z,0.7951379779550996,-18.233554443980406,-0.16385934933481705,502.58727840611846,7.611180218444314
B,39451,storm,2024-05-12T14:56:57.089472Z,144.0,2024-05-18T14:56:57.089472Z,0.6604857795626007,-25.825411427216913,-0.18205310114561968,502.58727840611846,7.611180218444314
B,39451,storm,2024-05-12T14:56:57.089472Z,168.0,2024-05-19T14:56:57.089472Z,-0.5485928209993252,-30.66641125416695,0.02825732462227215,502.58727840611846,7.611180218444314
B,39451,storm,2024-05-12T19:41:21.265728Z,6.0,2024-05-13T01:41:21.265728Z,0.06055124669798978,1.5629905817144962,-0.17512373082326105,502.5813808819257,7.611183480248342
B,39451,storm,2024-05-12T19:41:21.265728Z,12.0,2024-05-13T07:41:21.265728Z,0.05882554906777759,-0.2561977713588579,0.16382656825624325,502.5813808819257,7.611183480248342
B,39451,storm,2024-05-12T19:41:21.265728Z,24.0,2024-05-13T19:41:21.265728Z,0.03389472001816994,-0.6026900744726857,-0.007618667550372105,502.5813808819257,7.611183480248342
B,39451,storm,2024-05-12T19:41:21.265728Z,36.0,2024-05-14T07:41:21.265728Z,0.08780022666514957,-1.9988003027200851,0.01941041362691609,502.5813808819257,7.611183480248342
B,39451,storm,2024-05-12T19:41:21.265728Z,48.0,2024-05-14T19:41:21.265728Z,0.03672746005868721,-3.9076261082916357,-0.11944371001361875,502.5813808819257,7.611183480248342
B,39451,storm,2024-05-12T19:41:21.265728Z,72.0,2024-05-15T19:41:21.265728Z,-0.11841316819848047,-9.433856594557781,-0.05603705219172239,502.5813808819257,7.611183480248342
B,39451,storm,2024-05-12T19:41:21.265728Z,96.0,2024-05-16T19:41:21.265728Z,0.01114252109773575,-15.849406816429426,0.09305119499144254,502.5813808819257,7.611183480248342
B,39451,storm,2024-05-12T19:41:21.265728Z,120.0,2024-05-17T19:41:21.265728Z,0.5164504681492272,-23.666504132871836,0.12987187964010882,502.5813808819257,7.611183480248342
B,39451,storm,2024-05-12T19:41:21.265728Z,144.0,2024-05-18T19:41:21.265728Z,0.5264646168400313,-32.08688598036889,0.03241991228884622,502.5813808819257,7.611183480248342
B,39451,storm,2024-05-12T19:41:21.265728Z,168.0,2024-05-19T19:41:21.265728Z,-0.3242456110524401,-39.10802568331048,0.05444866435576934,502.5813808819257,7.611183480248342
B,39451,storm,2024-05-12T22:50:57.331680Z,6.0,2024-05-13T04:50:57.331680Z,0.15457436768855123,0.8016882518180232,0.2049452677418278,502.5746026637398,7.611187229151984
B,39451,storm,2024-05-12T22:50:57.331680Z,12.0,2024-05-13T10:50:57.331680Z,-0.12325524536787755,0.019946575103379712,-0.05992774983707671,502.5746026637398,7.611187229151984
B,39451,storm,2024-05-12T22:50:57.331680Z,24.0,2024-05-13T22:50:57.331680Z,-0.038012234262550466,-0.6366712491605322,0.17455235770608682,502.5746026637398,7.611187229151984
B,39451,storm,2024-05-12T22:50:57.331680Z,36.0,2024-05-14T10:50:57.331680Z,-0.046722547686764135,-1.3852308993645464,-0.18863193668579842,502.5746026637398,7.611187229151984
B,39451,storm,2024-05-12T22:50:57.331680Z,48.0,2024-05-14T22:50:57.331680Z,-0.12002901518740006,-3.460920572371735,0.13104329125881065,502.5746026637398,7.611187229151984
B,39451,storm,2024-05-12T22:50:57.331680Z,72.0,2024-05-15T22:50:57.331680Z,-0.17689951108190527,-7.985615612104015,-0.04300254838597084,502.5746026637398,7.611187229151984
B,39451,storm,2024-05-12T22:50:57.331680Z,96.0,2024-05-16T22:50:57.331680Z,0.04737962607430053,-13.127193722531853,-0.2042345059921118,502.5746026637398,7.611187229151984
B,39451,storm,2024-05-12T22:50:57.331680Z,120.0,2024-05-17T22:50:57.331680Z,0.5533737446153673,-19.518019657580574,-0.16718139669616505,502.5746026637398,7.611187229151984
B,39451,storm,2024-05-12T22:50:57.331680Z,144.0,2024-05-18T22:50:57.331680Z,0.43123986152161287,-25.67976199716781,0.11841157705080185,502.5746026637398,7.611187229151984
B,39451,storm,2024-05-12T22:50:57.331680Z,168.0,2024-05-19T22:50:57.331680Z,-0.5401052957615393,-29.954499007296768,0.33870562087451006,502.5746026637398,7.611187229151984
C,39453,storm,2024-05-06T14:26:21.079104Z,6.0,2024-05-06T20:26:21.079104Z,-0.0736470024084811,0.014393568443474475,-0.1733607804951756,467.4048980257767,7.630713826049055
C,39453,storm,2024-05-06T14:26:21.079104Z,12.0,2024-05-07T02:26:21.079104Z,-0.07604918866380397,-0.6812985425000083,0.21110450576917197,467.4048980257767,7.630713826049055
C,39453,storm,2024-05-06T14:26:21.079104Z,24.0,2024-05-07T14:26:21.079104Z,-0.1307430507403244,-1.6859941084914147,-0.2809643493813427,467.4048980257767,7.630713826049055
C,39453,storm,2024-05-06T14:26:21.079104Z,36.0,2024-05-08T02:26:21.079104Z,0.22058945829741944,-1.524382367688103,0.3380477596303413,467.4048980257767,7.630713826049055
C,39453,storm,2024-05-06T14:26:21.079104Z,48.0,2024-05-08T14:26:21.079104Z,-0.06928403880057814,-2.1923923871526294,0.24153836115587224,467.4048980257767,7.630713826049055
C,39453,storm,2024-05-06T14:26:21.079104Z,72.0,2024-05-09T14:26:21.079104Z,0.46871067805845,-4.671214278810612,0.05770288410900154,467.4048980257767,7.630713826049055
C,39453,storm,2024-05-06T14:26:21.079104Z,96.0,2024-05-10T14:26:21.079104Z,-0.061219649209523885,-7.925233715341925,-0.47359850981879204,467.4048980257767,7.630713826049055
C,39453,storm,2024-05-06T14:26:21.079104Z,120.0,2024-05-11T14:26:21.079104Z,-0.7124325029246307,-1.587589825489415,-0.008120954826934652,467.4048980257767,7.630713826049055
C,39453,storm,2024-05-06T14:26:21.079104Z,144.0,2024-05-12T14:26:21.079104Z,0.534201226939387,16.654624197211767,0.2229458096170731,467.4048980257767,7.630713826049055
C,39453,storm,2024-05-06T14:26:21.079104Z,168.0,2024-05-13T14:26:21.079104Z,0.15405464743829178,33.031209347544596,-0.23150192433461214,467.4048980257767,7.630713826049055
C,39453,storm,2024-05-06T20:42:39.263616Z,6.0,2024-05-07T02:42:39.263616Z,-0.016287738691051837,-0.175336509242735,0.4169706251022561,467.3967015765784,7.630718394337096
C,39453,storm,2024-05-06T20:42:39.263616Z,12.0,2024-05-07T08:42:39.263616Z,-0.05296289620715901,0.14448308029644819,-0.2234664135903922,467.3967015765784,7.630718394337096
C,39453,storm,2024-05-06T20:42:39.263616Z,24.0,2024-05-07T20:42:39.263616Z,-0.048145808573878665,-0.8230475950377776,0.24124416054880765,467.3967015765784,7.630718394337096
C,39453,storm,2024-05-06T20:42:39.263616Z,36.0,2024-05-08T08:42:39.263616Z,0.17682909281155534,-0.6239862644305513,-0.02463278601941502,467.3967015765784,7.630718394337096
C,39453,storm,2024-05-06T20:42:39.263616Z,48.0,2024-05-08T20:42:39.263616Z,-0.37236289187195654,-0.4087103084095861,-0.08530396512483443,467.3967015765784,7.630718394337096
C,39453,storm,2024-05-06T20:42:39.263616Z,72.0,2024-05-09T20:42:39.263616Z,0.34637611710825145,-1.0600169152099224,0.09511269933249561,467.3967015765784,7.630718394337096
C,39453,storm,2024-05-06T20:42:39.263616Z,96.0,2024-05-10T20:42:39.263616Z,0.088787269279006,-3.5247813851808703,0.20426104636804077,467.3967015765784,7.630718394337096
C,39453,storm,2024-05-06T20:42:39.263616Z,120.0,2024-05-11T20:42:39.263616Z,-0.987413611251768,8.815163896493239,-0.19053802537566145,467.3967015765784,7.630718394337096
C,39453,storm,2024-05-06T20:42:39.263616Z,144.0,2024-05-12T20:42:39.263616Z,0.37584574447240104,30.291172091696758,0.05568360994559107,467.3967015765784,7.630718394337096
C,39453,storm,2024-05-06T20:42:39.263616Z,168.0,2024-05-13T20:42:39.263616Z,0.4198009436951202,48.76667185268225,0.34692824068526207,467.3967015765784,7.630718394337096
C,39453,storm,2024-05-06T20:42:39.265344Z,6.0,2024-05-07T02:42:39.265344Z,-0.015588800787605467,-0.16477753438576498,0.411413851636591,467.3966598263769,7.630718417606578
C,39453,storm,2024-05-06T20:42:39.265344Z,12.0,2024-05-07T08:42:39.265344Z,-0.05222356910446045,0.15201914897085822,-0.21669184945617764,467.3966598263769,7.630718417606578
C,39453,storm,2024-05-06T20:42:39.265344Z,24.0,2024-05-07T20:42:39.265344Z,-0.04851474164841249,-0.8304193784587698,0.24545789734983317,467.3966598263769,7.630718417606578
C,39453,storm,2024-05-06T20:42:39.265344Z,36.0,2024-05-08T08:42:39.265344Z,0.1773210278298091,-0.6558962754476829,-0.03621760579928292,467.3966598263769,7.630718417606578
C,39453,storm,2024-05-06T20:42:39.265344Z,48.0,2024-05-08T20:42:39.265344Z,-0.37139635898851475,-0.46878586910098413,-0.07632013395799149,467.3966598263769,7.630718417606578
C,39453,storm,2024-05-06T20:42:39.265344Z,72.0,2024-05-09T20:42:39.265344Z,0.3473839867249317,-1.2066890684109008,0.08458605590388588,467.3966598263769,7.630718417606578
C,39453,storm,2024-05-06T20:42:39.265344Z,96.0,2024-05-10T20:42:39.265344Z,0.08925510529280455,-3.7860786411101803,0.20267913513524727,467.3966598263769,7.630718417606578
C,39453,storm,2024-05-06T20:42:39.265344Z,120.0,2024-05-11T20:42:39.265344Z,-0.9868639317431601,8.407617366094035,-0.17888018986397514,467.3966598263769,7.630718417606578
C,39453,storm,2024-05-06T20:42:39.265344Z,144.0,2024-05-12T20:42:39.265344Z,0.37515071482151896,29.703429751904324,0.0490321128106288,467.3966598263769,7.630718417606578
C,39453,storm,2024-05-06T20:42:39.265344Z,168.0,2024-05-13T20:42:39.265344Z,0.4159989737441614,47.968143075943544,0.3399696433374366,467.3966598263769,7.630718417606578
C,39453,storm,2024-05-07T13:57:28.963872Z,6.0,2024-05-07T19:57:28.963872Z,-0.061910360894521566,0.20900000315283246,-0.19329642164836672,467.3684562708504,7.630734136911039
C,39453,storm,2024-05-07T13:57:28.963872Z,12.0,2024-05-08T01:57:28.963872Z,-0.0423430300918994,0.27468529667463076,0.1674226587512261,467.3684562708504,7.630734136911039
C,39453,storm,2024-05-07T13:57:28.963872Z,24.0,2024-05-08T13:57:28.963872Z,-0.08551376043356974,-0.26169031249654834,-0.2728780758713155,467.3684562708504,7.630734136911039
C,39453,storm,2024-05-07T13:57:28.963872Z,36.0,2024-05-09T01:57:28.963872Z,0.17745886322244447,0.40978064517366863,0.32740577440955076,467.3684562708504,7.630734136911039
C,39453,storm,2024-05-07T13:57:28.963872Z,48.0,2024-05-09T13:57:28.963872Z,-0.03959489872612949,0.3703622551391028,0.20836311642100233,467.3684562708504,7.630734136911039
C,39453,storm,2024-05-07T13:57:28.963872Z,72.0,2024-05-10T13:57:28.963872Z,0.5088803227919099,0.18477999162612135,0.11697447894278712,467.3684562708504,7.630734136911039
C,39453,storm,2024-05-07T13:57:28.963872Z,96.0,2024-05-11T13:57:28.963872Z,-0.1268287785300865,5.696079822078113,-0.36816144562823094,467.3684562708504,7.630734136911039
C,39453,storm,2024-05-07T13:57:28.963872Z,120.0,2024-05-12T13:57:28.963872Z,-0.6457588140375417,28.5032594086069,-0.06980513105916009,467.3684562708504,7.630734136911039
C,39453,storm,2024-05-07T13:57:28.963872Z,144.0,2024-05-13T13:57:28.963872Z,0.6946383491512078,51.38562951753308,0.21993620221647525,467.3684562708504,7.630734136911039
C,39453,storm,2024-05-07T13:57:28.963872Z,168.0,2024-05-14T13:57:28.963872Z,0.4468501055915306,73.05563485587544,-0.26190509113326144,467.3684562708504,7.630734136911039
C,39453,storm,2024-05-07T20:13:46.932384Z,6.0,2024-05-08T02:13:46.932384Z,0.04123386935677684,0.24449858546124728,0.3844497770315428,467.35823052464,7.630739836273826
C,39453,storm,2024-05-07T20:13:46.932384Z,12.0,2024-05-08T08:13:46.932384Z,-0.01783835083309516,0.2927535594137187,-0.23447465153882668,467.35823052464,7.630739836273826
C,39453,storm,2024-05-07T20:13:46.932384Z,24.0,2024-05-08T20:13:46.932384Z,-0.032255642658417016,-0.04130336763899363,0.19986903448306334,467.35823052464,7.630739836273826
C,39453,storm,2024-05-07T20:13:46.932384Z,36.0,2024-05-09T08:13:46.932384Z,0.07501195189776388,0.3137108394154698,0.020030864063723577,467.35823052464,7.630739836273826
C,39453,storm,2024-05-07T20:13:46.932384Z,48.0,2024-05-09T20:13:46.932384Z,-0.3269964656311327,0.8555981301144524,-0.13304428193909346,467.35823052464,7.630739836273826
C,39453,storm,2024-05-07T20:13:46.932384Z,72.0,2024-05-10T20:13:46.932384Z,0.31847498718997164,1.7577123363860094,0.08716329244011384,467.35823052464,7.630739836273826
C,39453,storm,2024-05-07T20:13:46.932384Z,96.0,2024-05-11T20:13:46.932384Z,-0.0638402715451428,11.791033732101385,0.2800961206805672,467.35823052464,7.630739836273826
C,39453,storm,2024-05-07T20:13:46.932384Z,120.0,2024-05-12T20:13:46.932384Z,-0.774625228453754,35.569839521322784,-0.20863978001218708,467.35823052464,7.630739836273826
C,39453,storm,2024-05-07T20:13:46.932384Z,144.0,2024-05-13T20:13:46.932384Z,0.4909377839212796,59.997239334817614,0.0012914512043167292,467.35823052464,7.630739836273826
C,39453,storm,2024-05-07T20:13:46.932384Z,168.0,2024-05-14T20:13:46.932384Z,0.671156164814616,82.16439307418327,0.3888683168854783,467.35823052464,7.630739836273826
C,39453,storm,2024-05-08T04:04:09.326496Z,6.0,2024-05-08T10:04:09.326496Z,0.06740051983422399,1.0949553366415083,-0.16805327938888442,467.34370772044804,7.630747930641953
C,39453,storm,2024-05-08T04:04:09.326496Z,12.0,2024-05-08T16:04:09.326496Z,0.09945849737037281,-0.4821556211760336,0.13008769197763775,467.34370772044804,7.630747930641953
C,39453,storm,2024-05-08T04:04:09.326496Z,24.0,2024-05-09T04:04:09.326496Z,0.08560751690555901,-0.26129547019062854,-0.17345872779742044,467.34370772044804,7.630747930641953
C,39453,storm,2024-05-08T04:04:09.326496Z,36.0,2024-05-09T16:04:09.326496Z,0.1054607333178617,-0.8078522317754726,-0.09076804632191407,467.34370772044804,7.630747930641953
C,39453,storm,2024-05-08T04:04:09.326496Z,48.0,2024-05-10T04:04:09.326496Z,-0.1271136649723773,-0.559989314170876,-0.12735454193674406,467.34370772044804,7.630747930641953
C,39453,storm,2024-05-08T04:04:09.326496Z,72.0,2024-05-11T04:04:09.326496Z,0.16497752131708615,1.4400185850733185,0.43094552844765743,467.34370772044804,7.630747930641953
C,39453,storm,2024-05-08T04:04:09.326496Z,96.0,2024-05-12T04:04:09.326496Z,-0.09788363448778839,17.282043268451186,0.008135140502832705,467.34370772044804,7.630747930641953
C,39453,storm,2024-05-08T04:04:09.326496Z,120.0,2024-05-13T04:04:09.326496Z,-0.43916788408454854,40.229294508564976,-0.3775707822083314,467.34370772044804,7.630747930641953
C,39453,storm,2024-05-08T04:04:09.326496Z,144.0,2024-05-14T04:04:09.326496Z,0.47846828011416953,63.965235258304695,0.307005406037721,467.34370772044804,7.630747930641953
C,39453,storm,2024-05-08T04:04:09.326496Z,168.0,2024-05-15T04:04:09.326496Z,0.5981218116914775,86.75122465442551,0.2419532736451373,467.34370772044804,7.630747930641953
C,39453,storm,2024-05-08T15:02:40.500960Z,6.0,2024-05-08T21:02:40.500960Z,-0.08564096709733379,0.6430186926190891,-0.14901136189493985,467.3222188169375,7.6307599076527035
C,39453,storm,2024-05-08T15:02:40.500960Z,12.0,2024-05-09T03:02:40.500960Z,-0.0019687840695932837,-0.6766631164578139,0.0863444986426471,467.3222188169375,7.6307599076527035
C,39453,storm,2024-05-08T15:02:40.500960Z,24.0,2024-05-09T15:02:40.500960Z,-0.13505407426663385,-0.8988700686232,-0.20527247538798504,467.3222188169375,7.6307599076527035
C,39453,storm,2024-05-08T15:02:40.500960Z,36.0,2024-05-10T03:02:40.500960Z,0.05329689731533571,-0.649643188028236,0.3662147104055546,467.3222188169375,7.6307599076527035
C,39453,storm,2024-05-08T15:02:40.500960Z,48.0,2024-05-10T15:02:40.500960Z,-0.01677323730339901,-0.7760540538047347,0.19129994720972093,467.3222188169375,7.6307599076527035
C,39453,storm,2024-05-08T15:02:40.500960Z,72.0,2024-05-11T15:02:40.500960Z,0.2994880841501645,5.677531798201406,-0.03320363571174623,467.3222188169375,7.6307599076527035
C,39453,storm,2024-05-08T15:02:40.500960Z,96.0,2024-05-12T15:02:40.500960Z,-0.16013407832005833,24.76152121477276,-0.18627379767986163,467.3222188169375,7.6307599076527035
C,39453,storm,2024-05-08T15:02:40.500960Z,120.0,2024-05-13T15:02:40.500960Z,-0.39100199443760886,47.788134947530935,-0.017678543855080164,467.3222188169375,7.6307599076527035
C,39453,storm,2024-05-08T15:02:40.500960Z,144.0,2024-05-14T15:02:40.500960Z,0.7953884834932721,70.75563473176342,0.08332740356579293,467.3222188169375,7.6307599076527035
C,39453,storm,2024-05-08T15:02:40.500960Z,168.0,2024-05-15T15:02:40.500960Z,0.6404201904543383,93.17399019527025,-0.1314284457055095,467.3222188169375,7.6307599076527035
C,39453,storm,2024-05-08T21:18:58.243968Z,6.0,2024-05-09T03:18:58.243968Z,-0.08984633518533874,-0.5524556694386972,0.312158923176708,467.3121095430297,7.630765542156175
C,39453,storm,2024-05-08T21:18:58.243968Z,12.0,2024-05-09T09:18:58.243968Z,-0.013628805698791067,0.692081764335114,-0.17793053080834034,467.3121095430297,7.630765542156175
C,39453,storm,2024-05-08T21:18:58.243968Z,24.0,2024-05-09T21:18:58.243968Z,-0.027743386772158846,0.01461554559288801,0.20931146624624214,467.3121095430297,7.630765542156175
C,39453,storm,2024-05-08T21:18:58.243968Z,36.0,2024-05-10T09:18:58.243968Z,0.15057870335156257,0.2735477667167222,-0.05038198648209223,467.3121095430297,7.630765542156175
C,39453,storm,2024-05-08T21:18:58.243968Z,48.0,2024-05-10T21:18:58.243968Z,-0.4514429010636455,1.0852204054338639,-0.09954501383711639,467.3121095430297,7.630765542156175
C,39453,storm,2024-05-08T21:18:58.243968Z,72.0,2024-05-11T21:18:58.243968Z,0.2677419056594724,13.249354992209184,0.023165663447351825,467.3121095430297,7.630765542156175
C,39453,storm,2024-05-08T21:18:58.243968Z,96.0,2024-05-12T21:18:58.243968Z,-0.02229721934849685,32.85361176833503,0.26258192273752634,467.3121095430297,7.630765542156175
C,39453,storm,2024-05-08T21:18:58.243968Z,120.0,2024-05-13T21:18:58.243968Z,-0.6597974074190951,56.90527101282017,-0.08387515855491667,467.3121095430297,7.630765542156175
C,39453,storm,2024-05-08T21:18:58.243968Z,144.0,2024-05-14T21:18:58.243968Z,0.7620353490938392,81.86083876973375,-0.08112996460339517,467.3121095430297,7.630765542156175
C,39453,storm,2024-05-08T21:18:58.243968Z,168.0,2024-05-15T21:18:58.243968Z,0.9797952743800611,105.07620503739597,0.3076157046590282,467.3121095430297,7.630765542156175
C,39453,storm,2024-05-09T12:59:42.379008Z,6.0,2024-05-09T18:59:42.379008Z,-0.06486726259942968,-0.3696086558678632,-0.1743042279659039,467.2814123076869,7.630782651639407
C,39453,storm,2024-05-09T12:59:42.379008Z,12.0,2024-05-10T00:59:42.379008Z,-0.04879196205461284,0.2364728414118497,0.19098849991637482,467.2814123076869,7.630782651639407
C,39453,storm,2024-05-09T12:59:42.379008Z,24.0,2024-05-10T12:59:42.379008Z,-0.0945458163833324,-0.5816316058496336,-0.25597151820438435,467.2814123076869,7.630782651639407
C,39453,storm,2024-05-09T12:59:42.379008Z,36.0,2024-05-11T00:59:42.379008Z,0.26111594895250356,0.3590046027566812,0.23962209320222827,467.2814123076869,7.630782651639407
C,39453,storm,2024-05-09T12:59:42.379008Z,48.0,2024-05-11T12:59:42.379008Z,-0.27153998987314665,5.091018951876943,0.1831984950501413,467.2814123076869,7.630782651639407
C,39453,storm,2024-05-09T12:59:42.379008Z,72.0,2024-05-12T12:59:42.379008Z,0.3937755242378924,23.453178497777035,0.033564382189612996,467.2814123076869,7.630782651639407
C,39453,storm,2024-05-09T12:59:42.379008Z,96.0,2024-05-13T12:59:42.379008Z,-0.0321128295737752,41.92824543268924,-0.21130324876617124,467.2814123076869,7.630782651639407
C,39453,storm,2024-05-09T12:59:42.379008Z,120.0,2024-05-14T12:59:42.379008Z,-0.36224837253043507,64.44800137769013,0.009504292248234236,467.2814123076869,7.630782651639407
C,39453,storm,2024-05-09T12:59:42.379008Z,144.0,2024-05-15T12:59:42.379008Z,1.0687341974136668,87.18896558365812,0.12738644569531843,467.2814123076869,7.630782651639407
C,39453,storm,2024-05-09T12:59:42.379008Z,168.0,2024-05-16T12:59:42.379008Z,0.9518706555327991,109.62920503620971,-0.20122033990487864,467.2814123076869,7.630782651639407
C,39453,storm,2024-05-09T14:33:46.770912Z,6.0,2024-05-09T20:33:46.770912Z,-0.10785036986085843,0.3593140337201312,-0.1570612497469951,467.2780783806111,7.6307845098517655
C,39453,storm,2024-05-09T14:33:46.770912Z,12.0,2024-05-10T02:33:46.770912Z,-0.05988878394863668,-0.8531571830708843,0.14496484420977443,467.2780783806111,7.6307845098517655
C,39453,storm,2024-05-09T14:33:46.770912Z,24.0,2024-05-10T14:33:46.770912Z,-0.14399107253234064,-1.260175594793902,-0.26462555955217937,467.2780783806111,7.6307845098517655
C,39453,storm,2024-05-09T14:33:46.770912Z,36.0,2024-05-11T02:33:46.770912Z,0.11113078789805333,-0.16465764717738188,0.37426846957824483,467.2780783806111,7.6307845098517655
C,39453,storm,2024-05-09T14:33:46.770912Z,48.0,2024-05-11T14:33:46.770912Z,-0.17922287382697122,5.026682775220122,0.16051227499978937,467.2780783806111,7.6307845098517655
C,39453,storm,2024-05-09T14:33:46.770912Z,72.0,2024-05-12T14:33:46.770912Z,0.28082804838052167,23.28842068758078,-0.055811311284246656,467.2780783806111,7.6307845098517655
C,39453,storm,2024-05-09T14:33:46.770912Z,96.0,2024-05-13T14:33:46.770912Z,-0.13058290156394795,41.81334309427797,-0.21588795011556527,467.2780783806111,7.6307845098517655
C,39453,storm,2024-05-09T14:33:46.770912Z,120.0,2024-05-14T14:33:46.770912Z,-0.28737680448114933,63.83626085389718,0.041351906546371,467.2780783806111,7.6307845098517655
C,39453,storm,2024-05-09T14:33:46.770912Z,144.0,2024-05-15T14:33:46.770912Z,0.9830236864162849,85.91935857973809,-0.0005101504138274038,467.2780783806111,7.6307845098517655
C,39453,storm,2024-05-09T14:33:46.770912Z,168.0,2024-05-16T14:33:46.770912Z,0.8224625593010906,108.29751973629129,-0.17327899699179738,467.2780783806111,7.6307845098517655
C,39453,storm,2024-05-09T20:50:04.329024Z,6.0,2024-05-10T02:50:04.329024Z,-0.10639234586146258,-0.5279446393473378,0.38636940171716916,467.26324119471883,7.630792779587861
C,39453,storm,2024-05-09T20:50:04.329024Z,12.0,2024-05-10T08:50:04.329024Z,-0.0064056472397268915,0.047756581303572104,-0.2178015762592912,467.26324119471883,7.630792779587861
C,39453,storm,2024-05-09T20:50:04.329024Z,24.0,2024-05-10T20:50:04.329024Z,-0.01967765358582685,-1.4161664088907093,0.2545817404868955,467.26324119471883,7.630792779587861
C,39453,storm,2024-05-09T20:50:04.329024Z,36.0,2024-05-11T08:50:04.329024Z,0.10552139231226389,0.6439689204255824,-0.05200127662942684,467.26324119471883,7.630792779587861
C,39453,storm,2024-05-09T20:50:04.329024Z,48.0,2024-05-11T20:50:04.329024Z,-0.5228821164246223,7.793293666743204,-0.1706209182902212,467.26324119471883,7.630792779587861
C,39453,storm,2024-05-09T20:50:04.329024Z,72.0,2024-05-12T20:50:04.329024Z,0.2461487306193879,24.349203423569623,0.0091270032716122,467.26324119471883,7.630792779587861
C,39453,storm,2024-05-09T20:50:04.329024Z,96.0,2024-05-13T20:50:04.329024Z,0.0642001497407183,38.67670542149535,0.32300294569419385,467.26324119471883,7.630792779587861
C,39453,storm,2024-05-09T20:50:04.329024Z,120.0,2024-05-14T20:50:04.329024Z,-0.6585003586775819,55.80701432273708,-0.0934906328913252,467.26324119471883,7.630792779587861
C,39453,storm,2024-05-09T20:50:04.329024Z,144.0,2024-05-15T20:50:04.329024Z,0.713081356616101,73.35535374761864,-0.149586534038054,467.26324119471883,7.630792779587861
C,39453,storm,2024-05-09T20:50:04.329024Z,168.0,2024-05-16T20:50:04.329024Z,0.7658132105321993,89.22099898910692,0.29747440427189176,467.26324119471883,7.630792779587861
C,39453,storm,2024-05-10T14:04:52.230432Z,6.0,2024-05-10T20:04:52.230432Z,-0.09440251699652774,0.05683269950098329,-0.17841411553840092,467.22837114092545,7.630812215059996
C,39453,storm,2024-05-10T14:04:52.230432Z,12.0,2024-05-11T02:04:52.230432Z,-0.08180299147796448,-0.17538560440476642,0.160252657565437,467.22837114092545,7.630812215059996
C,39453,storm,2024-05-10T14:04:52.230432Z,24.0,2024-05-11T14:04:52.230432Z,-0.21057190039976004,3.7396726555384556,-0.2230390473433328,467.22837114092545,7.630812215059996
C,39453,storm,2024-05-10T14:04:52.230432Z,36.0,2024-05-12T02:04:52.230432Z,0.0521461585905727,12.251927639594538,0.33936406704972577,467.22837114092545,7.630812215059996
C,39453,storm,2024-05-10T14:04:52.230432Z,48.0,2024-05-12T14:04:52.230432Z,-0.12359084138149701,20.6465661752243,0.13777768726959838,467.22837114092545,7.630812215059996
C,39453,storm,2024-05-10T14:04:52.230432Z,72.0,2024-05-13T14:04:52.230432Z,0.36257524786785034,36.031052617055835,-0.04742431892989529,467.22837114092545,7.630812215059996
C,39453,storm,2024-05-10T14:04:52.230432Z,96.0,2024-05-14T14:04:52.230432Z,-0.013894684938255936,50.49774190595461,-0.2897603007270604,467.22837114092545,7.630812215059996
C,39453,storm,2024-05-10T14:04:52.230432Z,120.0,2024-05-15T14:04:52.230432Z,-0.26053298268762415,67.70106536164538,0.07395396568710133,467.22837114092545,7.630812215059996
C,39453,storm,2024-05-10T14:04:52.230432Z,144.0,2024-05-16T14:04:52.230432Z,0.9750182040712847,84.97492596562338,-0.003946392055947712,467.22837114092545,7.630812215059996
C,39453,storm,2024-05-10T14:04:52.230432Z,168.0,2024-05-17T14:04:52.230432Z,0.7241916789038463,102.44142509206738,-0.2685800855306866,467.22837114092545,7.630812215059996
C,39453,storm,2024-05-10T20:21:09.467136Z,6.0,2024-05-11T02:21:09.467136Z,-0.03514729132793047,-0.9850464771408277,0.41532234745882707,467.1971632384202,7.630829609490023
C,39453,storm,2024-05-10T20:21:09.467136Z,12.0,2024-05-11T08:21:09.467136Z,-0.061689110262673166,0.07541777059413217,-0.26807160024543963,467.1971632384202,7.630829609490023
C,39453,storm,2024-05-10T20:21:09.467136Z,24.0,2024-05-11T20:21:09.467136Z,-0.10373422741231506,3.678458572549336,0.29424663303774734,467.1971632384202,7.630829609490023
C,39453,storm,2024-05-10T20:21:09.467136Z,36.0,2024-05-12T08:21:09.467136Z,0.05357305343464985,9.16752233677045,-0.02630625893812799,467.1971632384202,7.630829609490023
C,39453,storm,2024-05-10T20:21:09.467136Z,48.0,2024-05-12T20:21:09.467136Z,-0.37114865966246247,13.891264770818344,-0.1766957146466912,467.1971632384202,7.630829609490023
C,39453,storm,2024-05-10T20:21:09.467136Z,72.0,2024-05-13T20:21:09.467136Z,0.2802718670230566,19.49818052673899,-0.005745861401555086,467.1971632384202,7.630829609490023
C,39453,storm,2024-05-10T20:21:09.467136Z,96.0,2024-05-14T20:21:09.467136Z,0.11162765950138331,19.395850665877596,0.3604533038537232,467.1971632384202,7.630829609490023
C,39453,storm,2024-05-10T20:21:09.467136Z,120.0,2024-05-15T20:21:09.467136Z,-0.7485975538934104,19.750434873664386,-0.10366140873805829,467.1971632384202,7.630829609490023
C,39453,storm,2024-05-10T20:21:09.467136Z,144.0,2024-05-16T20:21:09.467136Z,0.45196601680736803,18.322194245118947,-0.131441370396578,467.1971632384202,7.630829609490023
C,39453,storm,2024-05-10T20:21:09.467136Z,168.0,2024-05-17T20:21:09.467136Z,0.44531220802198024,12.440888544707212,0.28769858006108606,467.1971632384202,7.630829609490023
C,39453,storm,2024-05-11T19:52:12.516960Z,6.0,2024-05-12T01:52:12.516960Z,0.015781687343516884,-0.18440074887423527,0.36697271281361277,467.05604710191983,7.6309082652441855
C,39453,storm,2024-05-11T19:52:12.516960Z,12.0,2024-05-12T07:52:12.516960Z,0.028025878046450417,-0.5414429577592828,-0.24618919289089236,467.05604710191983,7.6309082652441855
C,39453,storm,2024-05-11T19:52:12.516960Z,24.0,2024-05-12T19:52:12.516960Z,0.05181216130285504,-3.4253185668338686,0.2590083130356968,467.05604710191983,7.6309082652441855
C,39453,storm,2024-05-11T19:52:12.516960Z,36.0,2024-05-13T07:52:12.516960Z,0.12030359613383185,-8.617597598848462,-0.035464601975344734,467.05604710191983,7.6309082652441855
C,39453,storm,2024-05-11T19:52:12.516960Z,48.0,2024-05-13T19:52:12.516960Z,-0.15469816838046002,-16.074359046046673,-0.15109243388100158,467.05604710191983,7.6309082652441855
C,39453,storm,2024-05-11T19:52:12.516960Z,72.0,2024-05-14T19:52:12.516960Z,0.605345846831085,-39.0688315497155,-0.042647736096045996,467.05604710191983,7.6309082652441855
C,39453,storm,2024-05-11T19:52:12.516960Z,96.0,2024-05-15T19:52:12.516960Z,0.749346593750339,-73.22802801482091,0.3425140549692607,467.05604710191983,7.6309082652441855
C,39453,storm,2024-05-11T19:52:12.516960Z,120.0,2024-05-16T19:52:12.516960Z,0.4151213277268475,-111.93741585509481,-0.05085500242937613,467.05604710191983,7.6309082652441855
C,39453,storm,2024-05-11T19:52:12.516960Z,144.0,2024-05-17T19:52:12.516960Z,2.5751890151205146,-157.8334454361937,-0.10702425578228514,467.05604710191983,7.6309082652441855
C,39453,storm,2024-05-11T19:52:12.516960Z,168.0,2024-05-18T19:52:12.516960Z,4.41188641811879,-214.29962157390852,0.23230712809903764,467.05604710191983,7.6309082652441855
C,39453,storm,2024-05-11T21:26:16.628064Z,6.0,2024-05-12T03:26:16.628064Z,-0.07123050125665886,-0.9190482038773911,0.28396177788591537,467.0486224233755,7.63091240370212
C,39453,storm,2024-05-11T21:26:16.628064Z,12.0,2024-05-12T09:26:16.628064Z,-0.051894033486346275,0.3336712498031729,-0.17167981733126603,467.0486224233755,7.63091240370212
C,39453,storm,2024-05-11T21:26:16.628064Z,24.0,2024-05-12T21:26:16.628064Z,0.01364713463229944,-2.8792578788493888,0.2039363795589767,467.0486224233755,7.63091240370212
C,39453,storm,2024-05-11T21:26:16.628064Z,36.0,2024-05-13T09:26:16.628064Z,0.22809489962741078,-7.469713787621689,-0.06857775932640653,467.0486224233755,7.63091240370212
C,39453,storm,2024-05-11T21:26:16.628064Z,48.0,2024-05-13T21:26:16.628064Z,-0.2605624799789197,-14.183156333094654,-0.0360384535519227,467.0486224233755,7.63091240370212
C,39453,storm,2024-05-11T21:26:16.628064Z,72.0,2024-05-14T21:26:16.628064Z,0.677544344781408,-34.98153014316422,-0.042661281986787536,467.0486224233755,7.63091240370212
C,39453,storm,2024-05-11T21:26:16.628064Z,96.0,2024-05-15T21:26:16.628064Z,0.6524758717472032,-66.11756088561859,0.23471550742175395,467.0486224233755,7.63091240370212
C,39453,storm,2024-05-11T21:26:16.628064Z,120.0,2024-05-16T21:26:16.628064Z,0.12909703050222987,-100.01263564604714,0.06708551287975872,467.0486224233755,7.63091240370212
C,39453,storm,2024-05-11T21:26:16.628064Z,144.0,2024-05-17T21:26:16.628064Z,2.2586610161885314,-140.28866688864417,-0.06998990200124666,467.0486224233755,7.63091240370212
C,39453,storm,2024-05-11T21:26:16.628064Z,168.0,2024-05-18T21:26:16.628064Z,3.710616505058411,-190.20369001106093,0.0652519149630848,467.0486224233755,7.63091240370212
C,39453,storm,2024-05-12T14:41:01.428576Z,6.0,2024-05-12T20:41:01.428576Z,-0.10235413624039268,0.9894147707429745,-0.13729457346857885,467.0019323275901,7.630938428551801
C,39453,storm,2024-05-12T14:41:01.428576Z,12.0,2024-05-13T02:41:01.428576Z,-0.026874263517515335,-0.4300252232014381,0.07536893794592205,467.0019323275901,7.630938428551801
C,39453,storm,2024-05-12T14:41:01.428576Z,24.0,2024-05-13T14:41:01.428576Z,-0.1097042454544648,-0.9756866345289437,-0.18190820280211342,467.0019323275901,7.630938428551801
C,39453,storm,2024-05-12T14:41:01.428576Z,36.0,2024-05-14T02:41:01.428576Z,0.07141224948556839,-1.3231556151464023,0.34181120943848753,467.0019323275901,7.630938428551801
C,39453,storm,2024-05-12T14:41:01.428576Z,48.0,2024-05-14T14:41:01.428576Z,-0.01615970076222159,-2.798825000414042,0.19135418925667502,467.0019323275901,7.630938428551801
C,39453,storm,2024-05-12T14:41:01.428576Z,72.0,2024-05-15T14:41:01.428576Z,0.43712969487683234,-6.448698907012003,-0.11066442354114914,467.0019323275901,7.630938428551801
C,39453,storm,2024-05-12T14:41:01.428576Z,96.0,2024-05-16T14:41:01.428576Z,-0.00313544987034952,-10.498023159321319,-0.19907340682075336,467.0019323275901,7.630938428551801
C,39453,storm,2024-05-12T14:41:01.428576Z,120.0,2024-05-17T14:41:01.428576Z,-0.4481233129723793,-10.345444779572725,0.11057998181578887,467.0019323275901,7.630938428551801
C,39453,storm,2024-05-12T14:41:01.428576Z,144.0,2024-05-18T14:41:01.428576Z,0.5914521891671675,-9.495496411788121,0.08484171072346003,467.0019323275901,7.630938428551801
C,39453,storm,2024-05-12T14:41:01.428576Z,168.0,2024-05-19T14:41:01.428576Z,0.2843288729417329,-8.87430401780263,-0.3023460592927676,467.0019323275901,7.630938428551801
C,39453,storm,2024-05-12T19:23:13.528608Z,6.0,2024-05-13T01:23:13.528608Z,0.018786650353910778,0.374411714928554,0.3211316174075861,466.98898264837226,7.630945646691999
C,39453,storm,2024-05-12T19:23:13.528608Z,12.0,2024-05-13T07:23:13.528608Z,0.011892176381994045,-0.16876220922491494,-0.22689940294106967,466.98898264837226,7.630945646691999
C,39453,storm,2024-05-12T19:23:13.528608Z,24.0,2024-05-13T19:23:13.528608Z,-0.014827660593564551,-0.8580072763929382,0.22652368929669436,466.98898264837226,7.630945646691999
C,39453,storm,2024-05-12T19:23:13.528608Z,36.0,2024-05-14T07:23:13.528608Z,0.07048832342958347,-1.4300844306897038,-0.00714266608404833,466.98898264837226,7.630945646691999
C,39453,storm,2024-05-12T19:23:13.528608Z,48.0,2024-05-14T19:23:13.528608Z,-0.31615915190553057,-2.1402594911177855,-0.1789863908936471,466.98898264837226,7.630945646691999
C,39453,storm,2024-05-12T19:23:13.528608Z,72.0,2024-05-15T19:23:13.528608Z,0.3384905710940168,-4.036708243336944,-0.06735993047931865,466.98898264837226,7.630945646691999
C,39453,storm,2024-05-12T19:23:13.528608Z,96.0,2024-05-16T19:23:13.528608Z,0.0515577373748509,-6.367353838067484,0.2756856874886022,466.98898264837226,7.630945646691999
C,39453,storm,2024-05-12T19:23:13.528608Z,120.0,2024-05-17T19:23:13.528608Z,-0.69694193303876,-3.7721991589472137,-0.07145255831800112,466.98898264837226,7.630945646691999
C,39453,storm,2024-05-12T19:23:13.528608Z,144.0,2024-05-18T19:23:13.528608Z,0.3721796575471944,1.249914849560188,-0.07405595039645751,466.98898264837226,7.630945646691999
C,39453,storm,2024-05-12T19:23:13.528608Z,168.0,2024-05-19T19:23:13.528608Z,0.34364660332006636,5.164241566644394,0.2202460644591222,466.98898264837226,7.630945646691999
A,39452,held-out,2024-10-06T10:52:08.093280Z,6.0,2024-10-06T16:52:08.093280Z,-0.11690658459484213,-0.6815734088583748,-0.04334281930009659,457.1941060515719,7.636411176616864
A,39452,held-out,2024-10-06T10:52:08.093280Z,12.0,2024-10-06T22:52:08.093280Z,0.006222645605341914,0.9318980521513779,0.15777847288563907,457.1941060515719,7.636411176616864
A,39452,held-out,2024-10-06T10:52:08.093280Z,24.0,2024-10-07T10:52:08.093280Z,-0.12160076661333347,0.7251243597775237,-0.1408135612965317,457.1941060515719,7.636411176616864
A,39452,held-out,2024-10-06T10:52:08.093280Z,36.0,2024-10-07T22:52:08.093280Z,0.3946542093771461,2.565884509198845,-0.10629572773606188,457.1941060515719,7.636411176616864
A,39452,held-out,2024-10-06T10:52:08.093280Z,48.0,2024-10-08T10:52:08.093280Z,-0.16859218015907196,6.3183587083792325,0.09785777742897528,457.1941060515719,7.636411176616864
A,39452,held-out,2024-10-06T10:52:08.093280Z,72.0,2024-10-09T10:52:08.093280Z,0.49110993601525466,13.06123854032163,0.05962796408859694,457.1941060515719,7.636411176616864
A,39452,held-out,2024-10-06T10:52:08.093280Z,96.0,2024-10-10T10:52:08.093280Z,-0.41247050253733697,18.16618005549617,-0.0966532562531337,457.1941060515719,7.636411176616864
A,39452,held-out,2024-10-06T10:52:08.093280Z,120.0,2024-10-11T10:52:08.093280Z,-0.11936634744414043,27.600841659336346,0.15218452298405172,457.1941060515719,7.636411176616864
A,39452,held-out,2024-10-06T10:52:08.093280Z,144.0,2024-10-12T10:52:08.093280Z,0.8776105746932235,37.408469133035425,0.007959250669208995,457.1941060515719,7.636411176616864
A,39452,held-out,2024-10-06T10:52:08.093280Z,168.0,2024-10-13T10:52:08.093280Z,-0.7372093662313048,44.718186670083085,-0.09160210968969817,457.1941060515719,7.636411176616864
A,39452,held-out,2024-10-06T12:26:00.034944Z,6.0,2024-10-06T18:26:00.034944Z,-0.06334201090095946,-0.2332898551328517,-0.19838234525142487,457.18772119065306,7.636414743192987
A,39452,held-out,2024-10-06T12:26:00.034944Z,12.0,2024-10-07T00:26:00.034944Z,0.16117275261774988,0.17177445515992984,0.27102571634096,457.18772119065306,7.636414743192987
A,39452,held-out,2024-10-06T12:26:00.034944Z,24.0,2024-10-07T12:26:00.034944Z,0.060328912587567146,0.5574552004693858,-0.3071310813955027,457.18772119065306,7.636414743192987
A,39452,held-out,2024-10-06T12:26:00.034944Z,36.0,2024-10-08T00:26:00.034944Z,0.3070982467822294,2.276952594775623,-0.20885839065859585,457.18772119065306,7.636414743192987
A,39452,held-out,2024-10-06T12:26:00.034944Z,48.0,2024-10-08T12:26:00.034944Z,-0.16987540536068746,6.36338241247241,0.1308656406397546,457.18772119065306,7.636414743192987
A,39452,held-out,2024-10-06T12:26:00.034944Z,72.0,2024-10-09T12:26:00.034944Z,0.3488872067581754,14.142904344736515,0.21384632906280815,457.18772119065306,7.636414743192987
A,39452,held-out,2024-10-06T12:26:00.034944Z,96.0,2024-10-10T12:26:00.034944Z,-0.2311127747805699,19.655429995722834,-0.2377916956382009,457.18772119065306,7.636414743192987
A,39452,held-out,2024-10-06T12:26:00.034944Z,120.0,2024-10-11T12:26:00.034944Z,-0.15675927692443903,30.16234306884614,0.1957319895224341,457.18772119065306,7.636414743192987
A,39452,held-out,2024-10-06T12:26:00.034944Z,144.0,2024-10-12T12:26:00.034944Z,0.7599360834441811,41.35297311817719,0.1485135079598252,457.18772119065306,7.636414743192987
A,39452,held-out,2024-10-06T12:26:00.034944Z,168.0,2024-10-13T12:26:00.034944Z,-0.5511289913370376,49.42620637962395,-0.2036721290284964,457.18772119065306,7.636414743192987
A,39452,held-out,2024-10-06T20:15:19.599840Z,6.0,2024-10-07T02:15:19.599840Z,0.0945042217833727,-0.9970329980043713,0.011352935467682984,457.1486412804252,7.636436573295761
A,39452,held-out,2024-10-06T20:15:19.599840Z,12.0,2024-10-07T08:15:19.599840Z,-0.2558407351644868,1.1070936145068249,-0.10715244639487831,457.1486412804252,7.636436573295761
A,39452,held-out,2024-10-06T20:15:19.599840Z,24.0,2024-10-07T20:15:19.599840Z,-0.26471040695693465,1.139794025577956,0.15330908235740373,457.1486412804252,7.636436573295761
A,39452,held-out,2024-10-06T20:15:19.599840Z,36.0,2024-10-08T08:15:19.599840Z,0.3475792251309603,3.113849799881972,0.04317265540309344,457.1486412804252,7.636436573295761
A,39452,held-out,2024-10-06T20:15:19.599840Z,48.0,2024-10-08T20:15:19.599840Z,-0.1957026936560209,6.4400749181030355,-0.2551603121276542,457.1486412804252,7.636436573295761
A,39452,held-out,2024-10-06T20:15:19.599840Z,72.0,2024-10-09T20:15:19.599840Z,0.393798505769942,9.661654705560416,0.011748538046183643,457.1486412804252,7.636436573295761
A,39452,held-out,2024-10-06T20:15:19.599840Z,96.0,2024-10-10T20:15:19.599840Z,-0.5817024304451826,9.934972537127315,0.131116859245207,457.1486412804252,7.636436573295761
A,39452,held-out,2024-10-06T20:15:19.599840Z,120.0,2024-10-11T20:15:19.599840Z,-0.1495453834893241,17.65446293327643,-0.21022940834659343,457.1486412804252,7.636436573295761
A,39452,held-out,2024-10-06T20:15:19.599840Z,144.0,2024-10-12T20:15:19.599840Z,0.8065095316168946,19.162791264465945,0.0025074190994032186,457.1486412804252,7.636436573295761
A,39452,held-out,2024-10-06T20:15:19.599840Z,168.0,2024-10-13T20:15:19.599840Z,-1.0088278220732594,17.39984512372471,0.07024066785852989,457.1486412804252,7.636436573295761
A,39452,held-out,2024-10-07T11:53:57.967584Z,6.0,2024-10-07T17:53:57.967584Z,-0.0882229087725037,-0.3309899162267337,-0.16953209520630813,457.06758488905143,7.636481852127494
A,39452,held-out,2024-10-07T11:53:57.967584Z,12.0,2024-10-07T23:53:57.967584Z,0.0751329071288947,0.7541023495255461,0.3156911221532107,457.06758488905143,7.636481852127494
A,39452,held-out,2024-10-07T11:53:57.967584Z,24.0,2024-10-08T11:53:57.967584Z,-0.0006854065209795923,1.4280577793657603,-0.27171708781913717,457.06758488905143,7.636481852127494
A,39452,held-out,2024-10-07T11:53:57.967584Z,36.0,2024-10-08T23:53:57.967584Z,0.2890133214825452,3.1665433414776887,-0.19915306221003576,457.06758488905143,7.636481852127494
A,39452,held-out,2024-10-07T11:53:57.967584Z,48.0,2024-10-09T11:53:57.967584Z,-0.09917734780249665,4.626850767008359,0.1694980451730249,457.06758488905143,7.636481852127494
A,39452,held-out,2024-10-07T11:53:57.967584Z,72.0,2024-10-10T11:53:57.967584Z,0.4510942823206563,2.592378281026448,0.13701013185797034,457.06758488905143,7.636481852127494
A,39452,held-out,2024-10-07T11:53:57.967584Z,96.0,2024-10-11T11:53:57.967584Z,-0.32476948423652674,-1.2242000939920306,-0.2743377550631909,457.06758488905143,7.636481852127494
A,39452,held-out,2024-10-07T11:53:57.967584Z,120.0,2024-10-12T11:53:57.967584Z,-0.04428007652811278,1.1933877681921599,0.24909939528420794,457.06758488905143,7.636481852127494
A,39452,held-out,2024-10-07T11:53:57.967584Z,144.0,2024-10-13T11:53:57.967584Z,0.8584599515311537,-8.02591992784403,0.045439249361947875,457.06758488905143,7.636481852127494
A,39452,held-out,2024-10-07T11:53:57.967584Z,168.0,2024-10-14T11:53:57.967584Z,-0.6549138263208736,-23.835885915600777,-0.2895116427951381,457.06758488905143,7.636481852127494
A,39452,held-out,2024-10-07T19:43:16.722912Z,6.0,2024-10-08T01:43:16.722912Z,0.08942664482197682,-1.051326495685129,0.0422675221019084,457.0193162817277,7.636508815789775
A,39452,held-out,2024-10-07T19:43:16.722912Z,12.0,2024-10-08T07:43:16.722912Z,-0.2638163879209495,0.505014429895168,-0.18798765584242383,457.0193162817277,7.636508815789775
A,39452,held-out,2024-10-07T19:43:16.722912Z,24.0,2024-10-08T19:43:16.722912Z,-0.18210885151542963,0.6002083739124753,0.17865092168080327,457.0193162817277,7.636508815789775
A,39452,held-out,2024-10-07T19:43:16.722912Z,36.0,2024-10-09T07:43:16.722912Z,0.24870596876321402,0.5794370187904971,0.07542291761786445,457.0193162817277,7.636508815789775
A,39452,held-out,2024-10-07T19:43:16.722912Z,48.0,2024-10-09T19:43:16.722912Z,-0.08071712568997363,-0.7746805345742352,-0.2542079143319764,457.0193162817277,7.636508815789775
A,39452,held-out,2024-10-07T19:43:16.722912Z,72.0,2024-10-10T19:43:16.722912Z,0.4514144413745522,-10.24915089741889,0.015270236104402923,457.0193162817277,7.636508815789775
A,39452,held-out,2024-10-07T19:43:16.722912Z,96.0,2024-10-11T19:43:16.722912Z,-0.5353601153945018,-18.035731212730454,0.15732903775786822,457.0193162817277,7.636508815789775
A,39452,held-out,2024-10-07T19:43:16.722912Z,120.0,2024-10-12T19:43:16.722912Z,0.04583797732919237,-26.276514444342027,-0.1910004855578613,457.0193162817277,7.636508815789775
A,39452,held-out,2024-10-07T19:43:16.722912Z,144.0,2024-10-13T19:43:16.722912Z,1.1407077319855858,-48.808648230264524,-0.017793531028988507,457.0193162817277,7.636508815789775
A,39452,held-out,2024-10-07T19:43:16.722912Z,168.0,2024-10-14T19:43:16.722912Z,-0.5462845910587006,-78.49367794653058,0.07147041869348758,457.0193162817277,7.636508815789775
A,39452,held-out,2024-10-08T03:32:35.349504Z,6.0,2024-10-08T09:32:35.349504Z,0.18649039348970808,-0.3454490296862347,-0.11722139470853232,456.9268054991826,7.636560494679406
A,39452,held-out,2024-10-08T03:32:35.349504Z,12.0,2024-10-08T15:32:35.349504Z,0.14056093567417438,-6.11048029473495,-0.16790112818936254,456.9268054991826,7.636560494679406
A,39452,held-out,2024-10-08T03:32:35.349504Z,24.0,2024-10-09T03:32:35.349504Z,0.20555611624560477,-18.3856154733564,0.1764475703160029,456.9268054991826,7.636560494679406
A,39452,held-out,2024-10-08T03:32:35.349504Z,36.0,2024-10-09T15:32:35.349504Z,0.438922516419328,-37.75778756368593,0.20975928353439877,456.9268054991826,7.636560494679406
A,39452,held-out,2024-10-08T03:32:35.349504Z,48.0,2024-10-10T03:32:35.349504Z,0.6795247719835693,-64.75363257021996,-0.02467023421849568,456.9268054991826,7.636560494679406
A,39452,held-out,2024-10-08T03:32:35.349504Z,72.0,2024-10-11T03:32:35.349504Z,2.59835196326852,-142.051217618049,-0.17775770009790115,456.9268054991826,7.636560494679406
A,39452,held-out,2024-10-08T03:32:35.349504Z,96.0,2024-10-12T03:32:35.349504Z,4.226236934407112,-240.06611424810575,0.22411812928375952,456.9268054991826,7.636560494679406
A,39452,held-out,2024-10-08T03:32:35.349504Z,120.0,2024-10-13T03:32:35.349504Z,10.702230105795863,-365.7814034553504,-0.0314213670476704,456.9268054991826,7.636560494679406
A,39452,held-out,2024-10-08T03:32:35.349504Z,144.0,2024-10-14T03:32:35.349504Z,23.422177229375876,-531.3595487306109,-0.2351700060129147,456.9268054991826,7.636560494679406
A,39452,held-out,2024-10-08T03:32:35.349504Z,168.0,2024-10-15T03:32:35.349504Z,38.10838741947367,-727.471065253789,0.2216029937624171,456.9268054991826,7.636560494679406
A,39452,held-out,2024-10-08T11:21:53.427456Z,6.0,2024-10-08T17:21:53.427456Z,-0.038973195195311616,-1.7572038337596316,-0.13805565996957894,456.9015255335571,7.636574616897414
A,39452,held-out,2024-10-08T11:21:53.427456Z,12.0,2024-10-08T23:21:53.427456Z,0.09591919517200498,-2.4167656972980156,0.23381809025389744,456.9015255335571,7.636574616897414
A,39452,held-out,2024-10-08T11:21:53.427456Z,24.0,2024-10-09T11:21:53.427456Z,0.11420992558692511,-9.482511462116527,-0.20346820392340526,456.9015255335571,7.636574616897414
A,39452,held-out,2024-10-08T11:21:53.427456Z,36.0,2024-10-09T23:21:53.427456Z,0.5182229522309101,-19.93437611460675,-0.15803219851700728,456.9015255335571,7.636574616897414
A,39452,held-out,2024-10-08T11:21:53.427456Z,48.0,2024-10-10T11:21:53.427456Z,0.17732443411564702,-33.90948086268345,0.20655599751260478,456.9015255335571,7.636574616897414
A,39452,held-out,2024-10-08T11:21:53.427456Z,72.0,2024-10-11T11:21:53.427456Z,1.286470579239948,-72.67883008204939,0.09179428071555051,456.9015255335571,7.636574616897414
A,39452,held-out,2024-10-08T11:21:53.427456Z,96.0,2024-10-12T11:21:53.427456Z,0.8831390051967247,-120.35870937259665,-0.2311114624146331,456.9015255335571,7.636574616897414
A,39452,held-out,2024-10-08T11:21:53.427456Z,120.0,2024-10-13T11:21:53.427456Z,2.8825462066174907,-183.2616147138187,0.302017227962569,456.9015255335571,7.636574616897414
A,39452,held-out,2024-10-08T11:21:53.427456Z,144.0,2024-10-14T11:21:53.427456Z,7.3228693011700585,-271.4031707039817,-0.052988875886445186,456.9015255335571,7.636574616897414
A,39452,held-out,2024-10-08T11:21:53.427456Z,168.0,2024-10-15T11:21:53.427456Z,9.622922501286013,-376.51363894470717,-0.26134827116045756,456.9015255335571,7.636574616897414
A,39452,held-out,2024-10-08T12:55:45.002784Z,6.0,2024-10-08T18:55:45.002784Z,0.0151639694831196,-1.5078141398295857,-0.24769933101523625,456.890881282774,7.636580563148483
A,39452,held-out,2024-10-08T12:55:45.002784Z,12.0,2024-10-09T00:55:45.002784Z,0.1882816179124691,-3.7039199851098425,0.20437997315049872,456.890881282774,7.636580563148483
A,39452,held-out,2024-10-08T12:55:45.002784Z,24.0,2024-10-09T12:55:45.002784Z,0.2418584111549178,-10.410113065306527,-0.22980858885635036,456.890881282774,7.636580563148483
A,39452,held-out,2024-10-08T12:55:45.002784Z,36.0,2024-10-10T00:55:45.002784Z,0.3778833481955983,-21.141566591841656,-0.22683546222052636,456.890881282774,7.636580563148483
A,39452,held-out,2024-10-08T12:55:45.002784Z,48.0,2024-10-10T12:55:45.002784Z,0.13128344996833263,-34.99386590285149,0.18741143997460874,456.890881282774,7.636580563148483
A,39452,held-out,2024-10-08T12:55:45.002784Z,72.0,2024-10-11T12:55:45.002784Z,1.1272526596056043,-71.47432076013419,0.21753842762474163,456.890881282774,7.636580563148483
A,39452,held-out,2024-10-08T12:55:45.002784Z,96.0,2024-10-12T12:55:45.002784Z,0.9340263022284461,-117.44609468612958,-0.24605116200563337,456.890881282774,7.636580563148483
A,39452,held-out,2024-10-08T12:55:45.002784Z,120.0,2024-10-13T12:55:45.002784Z,2.6743791514454855,-178.48598900773405,0.27229537754025657,456.890881282774,7.636580563148483
A,39452,held-out,2024-10-08T12:55:45.002784Z,144.0,2024-10-14T12:55:45.002784Z,6.857149534789784,-263.183094396278,0.058712689660634254,456.890881282774,7.636580563148483
A,39452,held-out,2024-10-08T12:55:45.002784Z,168.0,2024-10-15T12:55:45.002784Z,9.05973545791639,-364.60942980041636,-0.2709831673934957,456.890881282774,7.636580563148483
A,39452,held-out,2024-10-08T19:11:11.325696Z,6.0,2024-10-09T01:11:11.325696Z,0.07900971310681365,-0.6523132310272115,0.04869631499690698,456.88699099565565,7.636582736402506
A,39452,held-out,2024-10-08T19:11:11.325696Z,12.0,2024-10-09T07:11:11.325696Z,-0.2052176822207905,0.3025211980971671,-0.1715536086899222,456.88699099565565,7.636582736402506
A,39452,held-out,2024-10-08T19:11:11.325696Z,24.0,2024-10-09T19:11:11.325696Z,-0.12171319064263221,-0.3052639527797037,0.13918355615501193,456.88699099565565,7.636582736402506
A,39452,held-out,2024-10-08T19:11:11.325696Z,36.0,2024-10-10T07:11:11.325696Z,0.23288432348645727,-1.5448204625923674,0.08913282685414833,456.88699099565565,7.636582736402506
A,39452,held-out,2024-10-08T19:11:11.325696Z,48.0,2024-10-10T19:11:11.325696Z,-0.06836025063492679,-3.964312441713586,-0.2629046889515464,456.88699099565565,7.636582736402506
A,39452,held-out,2024-10-08T19:11:11.325696Z,72.0,2024-10-11T19:11:11.325696Z,0.3541108536419453,-5.333010179817082,0.021964216170661632,456.88699099565565,7.636582736402506
A,39452,held-out,2024-10-08T19:11:11.325696Z,96.0,2024-10-12T19:11:11.325696Z,-0.5127564234450914,-6.178444146397355,0.10552555242957251,456.88699099565565,7.636582736402506
A,39452,held-out,2024-10-08T19:11:11.325696Z,120.0,2024-10-13T19:11:11.325696Z,0.017995928744804157,-11.168048927679962,-0.16246018696587994,456.88699099565565,7.636582736402506
A,39452,held-out,2024-10-08T19:11:11.325696Z,144.0,2024-10-14T19:11:11.325696Z,0.9280362681952159,-28.220432327054038,-0.007522057630815482,456.88699099565565,7.636582736402506
A,39452,held-out,2024-10-08T19:11:11.325696Z,168.0,2024-10-15T19:11:11.325696Z,-0.8540045613637979,-48.04729033207208,0.03785206673073027,456.88699099565565,7.636582736402506
A,39452,held-out,2024-10-08T20:45:02.880288Z,6.0,2024-10-09T02:45:02.880288Z,-0.04338849228349673,-1.078103373972386,-0.04564524843555562,456.87826293712897,7.636587612216036
A,39452,held-out,2024-10-08T20:45:02.880288Z,12.0,2024-10-09T08:45:02.880288Z,-0.14775359931798976,0.9151387949055515,-0.019647497841564415,456.87826293712897,7.636587612216036
A,39452,held-out,2024-10-08T20:45:02.880288Z,24.0,2024-10-09T20:45:02.880288Z,-0.12515774924190395,-0.30481950577309685,-0.0012520874391648978,456.87826293712897,7.636587612216036
A,39452,held-out,2024-10-08T20:45:02.880288Z,36.0,2024-10-10T08:45:02.880288Z,0.40595637709539334,-1.4542701598319356,0.005983827520314816,456.87826293712897,7.636587612216036
A,39452,held-out,2024-10-08T20:45:02.880288Z,48.0,2024-10-10T20:45:02.880288Z,-0.12369647947699192,-3.2976018505762776,-0.036961947558724506,456.87826293712897,7.636587612216036
A,39452,held-out,2024-10-08T20:45:02.880288Z,72.0,2024-10-11T20:45:02.880288Z,0.5255046691231149,-3.9499371760765896,0.03697230189233791,456.87826293712897,7.636587612216036
A,39452,held-out,2024-10-08T20:45:02.880288Z,96.0,2024-10-12T20:45:02.880288Z,-0.5045216156769854,-5.020431354149883,-0.05887748385480562,456.87826293712897,7.636587612216036
A,39452,held-out,2024-10-08T20:45:02.880288Z,120.0,2024-10-13T20:45:02.880288Z,-0.0039934544156186025,-8.917810252126651,0.1042837540804824,456.87826293712897,7.636587612216036
A,39452,held-out,2024-10-08T20:45:02.880288Z,144.0,2024-10-14T20:45:02.880288Z,1.0863163404733758,-25.426039991033083,-0.009615266556254776,456.87826293712897,7.636587612216036
A,39452,held-out,2024-10-08T20:45:02.880288Z,168.0,2024-10-15T20:45:02.880288Z,-0.8692988718709351,-44.60532194737734,-0.12809180926141028,456.87826293712897,7.636587612216036
A,39452,held-out,2024-10-09T12:23:37.968288Z,6.0,2024-10-09T18:23:37.968288Z,-0.06416403035868332,-0.13518449529539361,-0.18787219489612847,456.81184523880347,7.63662471588364
A,39452,held-out,2024-10-09T12:23:37.968288Z,12.0,2024-10-10T00:23:37.968288Z,0.1630418712523154,0.09559677674166184,0.2527901924367702,456.81184523880347,7.63662471588364
A,39452,held-out,2024-10-09T12:23:37.968288Z,24.0,2024-10-10T12:23:37.968288Z,0.1343568628787048,-0.04043129178077556,-0.30897246480055346,456.81184523880347,7.63662471588364
A,39452,held-out,2024-10-09T12:23:37.968288Z,36.0,2024-10-11T00:23:37.968288Z,0.24690961896549007,0.44253653978872176,-0.24449070762450795,456.81184523880347,7.63662471588364
A,39452,held-out,2024-10-09T12:23:37.968288Z,48.0,2024-10-11T12:23:37.968288Z,-0.22951020156664947,5.510065030101077,0.2429076432412175,456.81184523880347,7.63662471588364
A,39452,held-out,2024-10-09T12:23:37.968288Z,72.0,2024-10-12T12:23:37.968288Z,0.31789228057609664,17.68877744715769,0.1841586712165747,456.81184523880347,7.63662471588364
A,39452,held-out,2024-10-09T12:23:37.968288Z,96.0,2024-10-13T12:23:37.968288Z,-0.2226720291983284,27.396856197569473,-0.30433203405953657,456.81184523880347,7.63662471588364
A,39452,held-out,2024-10-09T12:23:37.968288Z,120.0,2024-10-14T12:23:37.968288Z,-0.060837333401369875,37.145460838301545,0.41016944011599676,456.81184523880347,7.63662471588364
A,39452,held-out,2024-10-09T12:23:37.968288Z,144.0,2024-10-15T12:23:37.968288Z,0.7857803881654029,40.62281826478601,0.11482411967186978,456.81184523880347,7.63662471588364
A,39452,held-out,2024-10-09T20:12:55.226304Z,6.0,2024-10-10T02:12:55.226304Z,0.0425953266117694,-0.9537673449698628,-0.010613764311325047,456.77895868307223,7.636643087871222
A,39452,held-out,2024-10-09T20:12:55.226304Z,12.0,2024-10-10T08:12:55.226304Z,-0.22478613232895905,0.9421216408307953,-0.05552672674914941,456.77895868307223,7.636643087871222
A,39452,held-out,2024-10-09T20:12:55.226304Z,24.0,2024-10-10T20:12:55.226304Z,-0.22340586490280326,-0.33998936896774473,0.08950391759441942,456.77895868307223,7.636643087871222
A,39452,held-out,2024-10-09T20:12:55.226304Z,36.0,2024-10-11T08:12:55.226304Z,0.35934616439187206,1.7078177218132937,0.0019295017300175674,456.77895868307223,7.636643087871222
A,39452,held-out,2024-10-09T20:12:55.226304Z,48.0,2024-10-11T20:12:55.226304Z,-0.2394922487036406,6.951033691418326,-0.13821520460548986,456.77895868307223,7.636643087871222
A,39452,held-out,2024-10-09T20:12:55.226304Z,72.0,2024-10-12T20:12:55.226304Z,0.4219172362311716,13.634556643107086,-0.022554205796256888,456.77895868307223,7.636643087871222
A,39452,held-out,2024-10-09T20:12:55.226304Z,96.0,2024-10-13T20:12:55.226304Z,-0.5639191002025257,17.359263476276098,-0.001257813440521005,456.77895868307223,7.636643087871222
A,39452,held-out,2024-10-09T20:12:55.226304Z,120.0,2024-10-14T20:12:55.226304Z,-0.023129485360531277,19.669990325138784,0.033654496775352705,456.77895868307223,7.636643087871222
A,39452,held-out,2024-10-09T20:12:55.226304Z,144.0,2024-10-15T20:12:55.226304Z,0.8857827540997256,13.118206940084574,-0.003192319097059415,456.77895868307223,7.636643087871222
A,39452,held-out,2024-10-10T11:51:29.205792Z,6.0,2024-10-10T17:51:29.205792Z,-0.06624751286701369,-0.16430467840130325,-0.1885240451788036,456.7209057108248,7.63667551933461
A,39452,held-out,2024-10-10T11:51:29.205792Z,12.0,2024-10-10T23:51:29.205792Z,0.10454350372041477,0.7210112993754142,0.32207230748915006,456.7209057108248,7.63667551933461
A,39452,held-out,2024-10-10T11:51:29.205792Z,24.0,2024-10-11T11:51:29.205792Z,-0.033674503260859856,3.6804522950347685,-0.30970468285497943,456.7209057108248,7.63667551933461
A,39452,held-out,2024-10-10T11:51:29.205792Z,36.0,2024-10-11T23:51:29.205792Z,0.2699826522516918,9.382561215071647,-0.24483674463328992,456.7209057108248,7.63667551933461
A,39452,held-out,2024-10-10T11:51:29.205792Z,48.0,2024-10-12T11:51:29.205792Z,-0.1263236630189306,15.483298013807463,0.2357450861903545,456.7209057108248,7.63667551933461
A,39452,held-out,2024-10-10T11:51:29.205792Z,72.0,2024-10-13T11:51:29.205792Z,0.37267177486107483,23.124371438598857,0.10775485682859431,456.7209057108248,7.63667551933461
A,39452,held-out,2024-10-10T11:51:29.205792Z,96.0,2024-10-14T11:51:29.205792Z,-0.2465504639718752,26.691450392212378,-0.3582432865690288,456.7209057108248,7.63667551933461
A,39452,held-out,2024-10-10T11:51:29.205792Z,120.0,2024-10-15T11:51:29.205792Z,0.024917570124323163,30.452637482329223,0.3811101588623398,456.7209057108248,7.63667551933461
A,39452,held-out,2024-10-10T19:40:45.835680Z,6.0,2024-10-11T01:40:45.835680Z,0.18969682451684866,-3.410831152521439,0.04004577043725177,456.6268470709938,7.636728066346988
A,39452,held-out,2024-10-10T19:40:45.835680Z,12.0,2024-10-11T07:40:45.835680Z,-0.21348678185540804,-3.8163129937428266,-0.1336158706027331,456.6268470709938,7.636728066346988
A,39452,held-out,2024-10-10T19:40:45.835680Z,24.0,2024-10-11T19:40:45.835680Z,-0.169759013288326,-9.679742418841943,0.16579802544080136,456.6268470709938,7.636728066346988
A,39452,held-out,2024-10-10T19:40:45.835680Z,36.0,2024-10-12T07:40:45.835680Z,0.5536511714922527,-18.22513900626861,0.01814193497196992,456.6268470709938,7.636728066346988
A,39452,held-out,2024-10-10T19:40:45.835680Z,48.0,2024-10-12T19:40:45.835680Z,0.1619402283537834,-31.207839616497054,-0.15631132700184835,456.6268470709938,7.636728066346988
A,39452,held-out,2024-10-10T19:40:45.835680Z,72.0,2024-10-13T19:40:45.835680Z,1.2792863197476212,-74.09380128637761,-0.056729429488325156,456.6268470709938,7.636728066346988
A,39452,held-out,2024-10-10T19:40:45.835680Z,96.0,2024-10-14T19:40:45.835680Z,0.9662094291632002,-135.90631005629862,0.06562447374352409,456.6268470709938,7.636728066346988
A,39452,held-out,2024-10-10T19:40:45.835680Z,120.0,2024-10-15T19:40:45.835680Z,3.8599291203842583,-212.6697722951972,-0.07142433119907565,456.6268470709938,7.636728066346988
A,39452,held-out,2024-10-11T03:30:02.362752Z,6.0,2024-10-11T09:30:02.362752Z,0.23799934931456201,-1.4029614831471555,-0.09638632795800098,456.55077293990234,7.636770566886495
A,39452,held-out,2024-10-11T03:30:02.362752Z,12.0,2024-10-11T15:30:02.362752Z,0.17881557705391016,-8.793390214667262,-0.15223910996369128,456.55077293990234,7.636770566886495
A,39452,held-out,2024-10-11T03:30:02.362752Z,24.0,2024-10-12T03:30:02.362752Z,0.2888317286798756,-27.42409686854548,0.19295733910098267,456.55077293990234,7.636770566886495
A,39452,held-out,2024-10-11T03:30:02.362752Z,36.0,2024-10-12T15:30:02.362752Z,0.8273262236940386,-57.32645886814899,0.17607650969309563,456.55077293990234,7.636770566886495
A,39452,held-out,2024-10-11T03:30:02.362752Z,48.0,2024-10-13T03:30:02.362752Z,1.2957626314645694,-98.82644858796614,0.0070921140478823474,456.55077293990234,7.636770566886495
A,39452,held-out,2024-10-11T03:30:02.362752Z,72.0,2024-10-14T03:30:02.362752Z,5.155353362581131,-219.3687046433561,-0.22372734734507915,456.55077293990234,7.636770566886495
A,39452,held-out,2024-10-11T03:30:02.362752Z,96.0,2024-10-15T03:30:02.362752Z,11.225884391029041,-387.3095026799007,0.1653049014062944,456.55077293990234,7.636770566886495
A,39452,held-out,2024-10-11T11:19:18.218496Z,6.0,2024-10-11T17:19:18.218496Z,-0.05200773188257979,-0.7281668905193448,-0.17998094430995204,456.5596811466812,7.636765590077965
A,39452,held-out,2024-10-11T11:19:18.218496Z,12.0,2024-10-11T23:19:18.218496Z,0.07046734218536824,-0.40641740751635297,0.28598509826154883,456.5596811466812,7.636765590077965
A,39452,held-out,2024-10-11T11:19:18.218496Z,24.0,2024-10-12T11:19:18.218496Z,0.05378840745523972,-5.092891711589822,-0.24119028095687411,456.5596811466812,7.636765590077965
A,39452,held-out,2024-10-11T11:19:18.218496Z,36.0,2024-10-12T23:19:18.218496Z,0.47957126064398414,-13.013578405555101,-0.2202703030498111,456.5596811466812,7.636765590077965
A,39452,held-out,2024-10-11T11:19:18.218496Z,48.0,2024-10-13T11:19:18.218496Z,0.1194030142365321,-24.024314620732078,0.267412668785898,456.5596811466812,7.636765590077965
A,39452,held-out,2024-10-11T11:19:18.218496Z,72.0,2024-10-14T11:19:18.218496Z,1.1487877464569145,-60.12545197518139,0.03393829012801275,456.5596811466812,7.636765590077965
A,39452,held-out,2024-10-11T11:19:18.218496Z,96.0,2024-10-15T11:19:18.218496Z,0.7234566770404882,-111.75433388552335,-0.31000240235278476,456.5596811466812,7.636765590077965
A,39452,held-out,2024-10-11T12:53:09.364416Z,6.0,2024-10-11T18:53:09.364416Z,0.012103089803675832,-0.3535228304085991,-0.2738915525962526,456.54744015487813,7.636772428838697
A,39452,held-out,2024-10-11T12:53:09.364416Z,12.0,2024-10-12T00:53:09.364416Z,0.1517506984735455,-1.7422703342244774,0.21546323456389366,456.54744015487813,7.636772428838697
A,39452,held-out,2024-10-11T12:53:09.364416Z,24.0,2024-10-12T12:53:09.364416Z,0.17543206771113296,-6.511163619547,-0.23552696187423316,456.54744015487813,7.636772428838697
A,39452,held-out,2024-10-11T12:53:09.364416Z,36.0,2024-10-13T00:53:09.364416Z,0.33160867907558833,-15.165855239219944,-0.2647802382328774,456.54744015487813,7.636772428838697
A,39452,held-out,2024-10-11T12:53:09.364416Z,48.0,2024-10-13T12:53:09.364416Z,0.08874764834881255,-26.772727697837908,0.21378491635615582,456.54744015487813,7.636772428838697
A,39452,held-out,2024-10-11T12:53:09.364416Z,72.0,2024-10-14T12:53:09.364416Z,1.059897581734564,-63.10879654399573,0.15140577246070475,456.54744015487813,7.636772428838697
A,39452,held-out,2024-10-11T12:53:09.364416Z,96.0,2024-10-15T12:53:09.364416Z,0.8808917730916264,-115.23149932792364,-0.2976103326974222,456.54744015487813,7.636772428838697
A,39452,held-out,2024-10-11T20:42:24.990336Z,6.0,2024-10-12T02:42:24.990336Z,-0.020563091755552765,-1.1617335195345895,-0.07617830702187196,456.5122413128038,7.636792093725006
A,39452,held-out,2024-10-11T20:42:24.990336Z,12.0,2024-10-12T08:42:24.990336Z,-0.12131755156588393,0.37696085430325066,-0.011996358646747016,456.5122413128038,7.636792093725006
A,39452,held-out,2024-10-11T20:42:24.990336Z,24.0,2024-10-12T20:42:24.990336Z,-0.09751008739425937,-3.3055758334941907,-0.031762464300267745,456.5122413128038,7.636792093725006
A,39452,held-out,2024-10-11T20:42:24.990336Z,36.0,2024-10-13T08:42:24.990336Z,0.4884296587549185,-7.6399895898500345,-0.03523357264206481,456.5122413128038,7.636792093725006
A,39452,held-out,2024-10-11T20:42:24.990336Z,48.0,2024-10-13T20:42:24.990336Z,-0.015396032064161957,-13.598356576359066,0.07274423283725096,456.5122413128038,7.636792093725006
A,39452,held-out,2024-10-11T20:42:24.990336Z,72.0,2024-10-14T20:42:24.990336Z,0.8682145422185892,-35.10679374625441,-0.01068923280291445,456.5122413128038,7.636792093725006
A,39452,held-out,2024-10-11T20:42:24.990336Z,96.0,2024-10-15T20:42:24.990336Z,-0.1750707998011407,-63.32499946097147,-0.11187481483459116,456.5122413128038,7.636792093725006
A,39452,held-out,2024-10-12T02:57:49.332960Z,6.0,2024-10-12T08:57:49.332960Z,0.1210489178180984,0.8548503954584012,-0.12594292642609742,456.48728754444346,7.636806034986366
A,39452,held-out,2024-10-12T02:57:49.332960Z,12.0,2024-10-12T14:57:49.332960Z,0.050280114760101524,-1.7343527560400895,-0.1130005237342773,456.48728754444346,7.636806034986366
A,39452,held-out,2024-10-12T02:57:49.332960Z,24.0,2024-10-13T02:57:49.332960Z,-0.017590694040428678,-3.5164954979636014,0.11301909913636066,456.48728754444346,7.636806034986366
A,39452,held-out,2024-10-12T02:57:49.332960Z,36.0,2024-10-13T14:57:49.332960Z,0.05092967114262659,-6.478955283785834,0.1788260826866527,456.48728754444346,7.636806034986366
A,39452,held-out,2024-10-12T02:57:49.332960Z,48.0,2024-10-14T02:57:49.332960Z,0.07700607869856846,-10.821654179308654,0.11733787124804507,456.48728754444346,7.636806034986366
A,39452,held-out,2024-10-12T02:57:49.332960Z,72.0,2024-10-15T02:57:49.332960Z,0.5070746780790412,-24.15863856127073,-0.21764120348229088,456.48728754444346,7.636806034986366
A,39452,held-out,2024-10-12T12:20:55.721184Z,6.0,2024-10-12T18:20:55.721184Z,-0.020388703306150096,0.06702459248686084,-0.20832841108773567,456.46110725502876,7.636820661567008
A,39452,held-out,2024-10-12T12:20:55.721184Z,12.0,2024-10-13T00:20:55.721184Z,0.1421885448614422,-0.22802117727811594,0.24843258797110768,456.46110725502876,7.636820661567008
A,39452,held-out,2024-10-12T12:20:55.721184Z,24.0,2024-10-13T12:20:55.721184Z,0.137811204388263,-1.466066631276843,-0.28356778330235344,456.46110725502876,7.636820661567008
A,39452,held-out,2024-10-12T12:20:55.721184Z,36.0,2024-10-14T00:20:55.721184Z,0.2651983060324229,-3.460107486461897,-0.27822058352067436,456.46110725502876,7.636820661567008
A,39452,held-out,2024-10-12T12:20:55.721184Z,48.0,2024-10-14T12:20:55.721184Z,-0.1206168367119822,-4.960735414763962,0.32784406469225336,456.46110725502876,7.636820661567008
A,39452,held-out,2024-10-12T12:20:55.721184Z,72.0,2024-10-15T12:20:55.721184Z,0.5061177208016066,-11.705429303447275,0.180758483061081,456.46110725502876,7.636820661567008
A,39452,held-out,2024-10-12T20:10:10.822656Z,6.0,2024-10-13T02:10:10.822656Z,0.024323684432095427,-1.1720693796811632,-0.0350082208268985,456.4301838824049,7.636837938153622
A,39452,held-out,2024-10-12T20:10:10.822656Z,12.0,2024-10-13T08:10:10.822656Z,-0.17023362613832918,0.3730360498393557,0.0012936674457473263,456.4301838824049,7.636837938153622
A,39452,held-out,2024-10-12T20:10:10.822656Z,24.0,2024-10-13T20:10:10.822656Z,-0.18649736315570264,-1.9982825142726146,0.03440799691282087,456.4301838824049,7.636837938153622
A,39452,held-out,2024-10-12T20:10:10.822656Z,36.0,2024-10-14T08:10:10.822656Z,0.4698848490045171,-4.23750007369102,-0.04822919980432036,456.4301838824049,7.636837938153622
A,39452,held-out,2024-10-12T20:10:10.822656Z,48.0,2024-10-14T20:10:10.822656Z,-0.09624020625749319,-6.692171223500516,-0.009566655363613785,456.4301838824049,7.636837938153622
A,39452,held-out,2024-10-12T20:10:10.822656Z,72.0,2024-10-15T20:10:10.822656Z,0.6394854304339703,-16.213546905875262,-0.013184903028274575,456.4301838824049,7.636837938153622
B,39451,held-out,2024-10-06T11:41:12.584544Z,6.0,2024-10-06T17:41:12.584544Z,0.12092494778934695,-0.26892011657336334,0.12839740118500675,496.8062156021797,7.61437962412928
B,39451,held-out,2024-10-06T11:41:12.584544Z,12.0,2024-10-06T23:41:12.584544Z,-0.1871383151032539,0.7535058050289786,-0.02983856722836338,496.8062156021797,7.61437962412928
B,39451,held-out,2024-10-06T11:41:12.584544Z,24.0,2024-10-07T11:41:12.584544Z,-0.11313605820927061,1.5728353744781622,0.07358102010436712,496.8062156021797,7.61437962412928
B,39451,held-out,2024-10-06T11:41:12.584544Z,36.0,2024-10-07T23:41:12.584544Z,-0.09823375874144633,3.796789546208971,-0.084789409356411,496.8062156021797,7.61437962412928
B,39451,held-out,2024-10-06T11:41:12.584544Z,48.0,2024-10-08T11:41:12.584544Z,-0.29725322302830387,5.871306629754482,0.09806340792476373,496.8062156021797,7.61437962412928
B,39451,held-out,2024-10-06T11:41:12.584544Z,72.0,2024-10-09T11:41:12.584544Z,-0.2766466230841693,12.976499818265872,-0.04183260282030865,496.8062156021797,7.61437962412928
B,39451,held-out,2024-10-06T11:41:12.584544Z,96.0,2024-10-10T11:41:12.584544Z,0.332776663192642,18.7588363719095,-0.19084017811053977,496.8062156021797,7.61437962412928
B,39451,held-out,2024-10-06T11:41:12.584544Z,120.0,2024-10-11T11:41:12.584544Z,0.515592153517797,24.838658813894302,-0.10210045511441557,496.8062156021797,7.61437962412928
B,39451,held-out,2024-10-06T11:41:12.584544Z,144.0,2024-10-12T11:41:12.584544Z,-0.3109817599477595,36.14481665251878,0.13820093549444756,496.8062156021797,7.61437962412928
B,39451,held-out,2024-10-06T11:41:12.584544Z,168.0,2024-10-13T11:41:12.584544Z,-0.833653409950904,47.422810998565986,0.16514967277100442,496.8062156021797,7.61437962412928
B,39451,held-out,2024-10-06T13:15:53.476128Z,6.0,2024-10-06T19:15:53.476128Z,0.00994332475599608,-0.7235149671746809,0.02462749203033128,496.8011395732083,7.6143824351221685
B,39451,held-out,2024-10-06T13:15:53.476128Z,12.0,2024-10-07T01:15:53.476128Z,-0.20908474074318056,1.4278004408545149,0.12364462955425021,496.8011395732083,7.6143824351221685
B,39451,held-out,2024-10-06T13:15:53.476128Z,24.0,2024-10-07T13:15:53.476128Z,-0.008949612010793948,1.7171128573737757,-0.015890202715433788,496.8011395732083,7.6143824351221685
B,39451,held-out,2024-10-06T13:15:53.476128Z,36.0,2024-10-08T01:15:53.476128Z,0.02424025464143427,4.27154389853029,-0.02581854963908614,496.8011395732083,7.6143824351221685
B,39451,held-out,2024-10-06T13:15:53.476128Z,48.0,2024-10-08T13:15:53.476128Z,-0.359659222234016,5.909644251153237,0.009342370021907631,496.8011395732083,7.6143824351221685
B,39451,held-out,2024-10-06T13:15:53.476128Z,72.0,2024-10-09T13:15:53.476128Z,-0.3705735791606962,12.953575243173324,0.13512910563323155,496.8011395732083,7.6143824351221685
B,39451,held-out,2024-10-06T13:15:53.476128Z,96.0,2024-10-10T13:15:53.476128Z,0.4304927162325053,18.15418973140332,-0.030390081484633846,496.8011395732083,7.6143824351221685
B,39451,held-out,2024-10-06T13:15:53.476128Z,120.0,2024-10-11T13:15:53.476128Z,0.6936294309795754,23.546534329741412,-0.09859162666215315,496.8011395732083,7.6143824351221685
B,39451,held-out,2024-10-06T13:15:53.476128Z,144.0,2024-10-12T13:15:53.476128Z,-0.1954648623708124,33.37805376027191,0.008123346344698135,496.8011395732083,7.6143824351221685
B,39451,held-out,2024-10-06T13:15:53.476128Z,168.0,2024-10-13T13:15:53.476128Z,-0.9116861978290492,43.320139146382964,0.10000931357127739,496.8011395732083,7.6143824351221685
B,39451,held-out,2024-10-06T22:43:58.693440Z,6.0,2024-10-07T04:43:58.693440Z,0.012182413695414958,0.104653867795109,0.34639121857576277,496.76907962184214,7.6144001892880535
B,39451,held-out,2024-10-06T22:43:58.693440Z,12.0,2024-10-07T10:43:58.693440Z,0.020039245633176016,-0.142987187465149,-0.13467776253490613,496.76907962184214,7.6144001892880535
B,39451,held-out,2024-10-06T22:43:58.693440Z,24.0,2024-10-07T22:43:58.693440Z,0.02334447900074183,-0.10611445135586815,0.1480181736629368,496.76907962184214,7.6144001892880535
B,39451,held-out,2024-10-06T22:43:58.693440Z,36.0,2024-10-08T10:43:58.693440Z,-0.004267705860312092,0.8722766346985753,-0.13479661428876943,496.76907962184214,7.6144001892880535
B,39451,held-out,2024-10-06T22:43:58.693440Z,48.0,2024-10-08T22:43:58.693440Z,-0.2533543673515602,1.4179633352177168,0.13684301172818863,496.76907962184214,7.6144001892880535
B,39451,held-out,2024-10-06T22:43:58.693440Z,72.0,2024-10-09T22:43:58.693440Z,-0.400843644252292,3.0156393451895607,-0.010170458206515298,496.76907962184214,7.6144001892880535
B,39451,held-out,2024-10-06T22:43:58.693440Z,96.0,2024-10-10T22:43:58.693440Z,0.2614175801150997,1.535228935081488,-0.15215341139269462,496.76907962184214,7.6144001892880535
B,39451,held-out,2024-10-06T22:43:58.693440Z,120.0,2024-10-11T22:43:58.693440Z,0.6459675698648712,1.9146342212647058,-0.03426907023111089,496.76907962184214,7.6144001892880535
B,39451,held-out,2024-10-06T22:43:58.693440Z,144.0,2024-10-12T22:43:58.693440Z,-0.16839573155902138,1.1550546320535422,0.25591564223030894,496.76907962184214,7.6144001892880535
B,39451,held-out,2024-10-06T22:43:58.693440Z,168.0,2024-10-13T22:43:58.693440Z,-0.95984346200599,-1.9562984855773582,0.2240142784018913,496.76907962184214,7.6144001892880535
B,39451,held-out,2024-10-07T12:56:06.139680Z,6.0,2024-10-07T18:56:06.139680Z,0.04408556695261279,-0.8885711819823172,0.04507596945813595,496.72756413738625,7.614423179925361
B,39451,held-out,2024-10-07T12:56:06.139680Z,12.0,2024-10-08T00:56:06.139680Z,-0.24609483644225394,1.1518532237545491,0.04839205660890189,496.72756413738625,7.614423179925361
B,39451,held-out,2024-10-07T12:56:06.139680Z,24.0,2024-10-08T12:56:06.139680Z,-0.030319991519133803,1.3425569493280838,0.049494467854283436,496.72756413738625,7.614423179925361
B,39451,held-out,2024-10-07T12:56:06.139680Z,36.0,2024-10-09T00:56:06.139680Z,0.01602060912284179,3.4428337004094125,-0.07508853890299394,496.72756413738625,7.614423179925361
B,39451,held-out,2024-10-07T12:56:06.139680Z,48.0,2024-10-09T12:56:06.139680Z,-0.4049007933201296,2.930470654579611,0.046215310918829966,496.72756413738625,7.614423179925361
B,39451,held-out,2024-10-07T12:56:06.139680Z,72.0,2024-10-10T12:56:06.139680Z,-0.3710129392007392,3.0350507417992345,0.015300338131987279,496.72756413738625,7.614423179925361
B,39451,held-out,2024-10-07T12:56:06.139680Z,96.0,2024-10-11T12:56:06.139680Z,0.45118160759517056,2.4878657252812193,-0.180741769298148,496.72756413738625,7.614423179925361
B,39451,held-out,2024-10-07T12:56:06.139680Z,120.0,2024-10-12T12:56:06.139680Z,0.7435570147782304,1.9488251908601049,-0.07396298701334814,496.72756413738625,7.614423179925361
B,39451,held-out,2024-10-07T12:56:06.139680Z,144.0,2024-10-13T12:56:06.139680Z,-0.21379357476363978,-2.3229785986763987,0.07098225624275589,496.72756413738625,7.614423179925361
B,39451,held-out,2024-10-07T12:56:06.139680Z,168.0,2024-10-14T12:56:06.139680Z,-1.0135000420588498,-9.135982713645145,0.14223178696351363,496.72756413738625,7.614423179925361
B,39451,held-out,2024-10-07T20:49:30.035136Z,6.0,2024-10-08T02:49:30.035136Z,0.04552034731485765,1.0113088812675484,0.05107747783168032,496.70014854812143,7.61443836237156
B,39451,held-out,2024-10-07T20:49:30.035136Z,12.0,2024-10-08T08:49:30.035136Z,0.0012049915516639947,-0.5531563189035097,-0.15212282652725476,496.70014854812143,7.61443836237156
B,39451,held-out,2024-10-07T20:49:30.035136Z,24.0,2024-10-08T20:49:30.035136Z,-0.04075431629798425,-0.17584426475220497,0.015784995078678886,496.70014854812143,7.61443836237156
B,39451,held-out,2024-10-07T20:49:30.035136Z,36.0,2024-10-09T08:49:30.035136Z,-0.01874645894493714,0.3230320805656473,0.003993564686645863,496.70014854812143,7.61443836237156
B,39451,held-out,2024-10-07T20:49:30.035136Z,48.0,2024-10-09T20:49:30.035136Z,-0.2590488518105191,-0.7733725346512078,0.1904928461967965,496.70014854812143,7.61443836237156
B,39451,held-out,2024-10-07T20:49:30.035136Z,72.0,2024-10-10T20:49:30.035136Z,-0.26971952593771054,-3.696540411221756,0.04719301834354317,496.70014854812143,7.61443836237156
B,39451,held-out,2024-10-07T20:49:30.035136Z,96.0,2024-10-11T20:49:30.035136Z,0.3202166951013834,-4.416896140911252,-0.26478860029077234,496.70014854812143,7.61443836237156
B,39451,held-out,2024-10-07T20:49:30.035136Z,120.0,2024-10-12T20:49:30.035136Z,0.6104062939952256,-8.336508141943417,-0.18655295486348478,496.70014854812143,7.61443836237156
B,39451,held-out,2024-10-07T20:49:30.035136Z,144.0,2024-10-13T20:49:30.035136Z,-0.1565331097753489,-17.27270549247148,0.19838468392224096,496.70014854812143,7.61443836237156
B,39451,held-out,2024-10-07T20:49:30.035136Z,168.0,2024-10-14T20:49:30.035136Z,-0.8124686780580687,-29.85432774199851,0.30863519898099845,496.70014854812143,7.61443836237156
B,39451,held-out,2024-10-07T22:24:10.804032Z,6.0,2024-10-08T04:24:10.804032Z,0.0005766118112334601,0.3326981091181207,0.2950867143635798,496.69578235148583,7.614440780330726
B,39451,held-out,2024-10-07T22:24:10.804032Z,12.0,2024-10-08T10:24:10.804032Z,-0.00472164153112244,0.09457246225767352,-0.14931108164757181,496.69578235148583,7.614440780330726
B,39451,held-out,2024-10-07T22:24:10.804032Z,24.0,2024-10-08T22:24:10.804032Z,0.01844983702175938,0.3641727487293069,0.17400494845862124,496.69578235148583,7.614440780330726
B,39451,held-out,2024-10-07T22:24:10.804032Z,36.0,2024-10-09T10:24:10.804032Z,0.04059939109641987,0.8464019600049714,-0.17089952984548343,496.69578235148583,7.614440780330726
B,39451,held-out,2024-10-07T22:24:10.804032Z,48.0,2024-10-09T22:24:10.804032Z,-0.2895132322464444,-0.4087036481396257,0.1684382842442178,496.69578235148583,7.614440780330726
B,39451,held-out,2024-10-07T22:24:10.804032Z,72.0,2024-10-10T22:24:10.804032Z,-0.39684661622435563,-3.149282589959655,-0.08038301136143183,496.69578235148583,7.614440780330726
B,39451,held-out,2024-10-07T22:24:10.804032Z,96.0,2024-10-11T22:24:10.804032Z,0.3102609039536999,-3.312743245202682,-0.27970117704097064,496.69578235148583,7.614440780330726
B,39451,held-out,2024-10-07T22:24:10.804032Z,120.0,2024-10-12T22:24:10.804032Z,0.672774590449769,-7.595421465648147,-0.06339572599636867,496.69578235148583,7.614440780330726
B,39451,held-out,2024-10-07T22:24:10.804032Z,144.0,2024-10-13T22:24:10.804032Z,-0.12301506811389029,-16.963987297684987,0.300398559467149,496.69578235148583,7.614440780330726
B,39451,held-out,2024-10-07T22:24:10.804032Z,168.0,2024-10-14T22:24:10.804032Z,-0.8770002587597872,-29.798857909034744,0.2619968714183438,496.69578235148583,7.614440780330726
B,39451,held-out,2024-10-08T12:36:17.321472Z,6.0,2024-10-08T18:36:17.321472Z,0.12266600691701447,-2.325437111232969,0.06570974096442234,496.62104576944967,7.6144821691132565
B,39451,held-out,2024-10-08T12:36:17.321472Z,12.0,2024-10-09T00:36:17.321472Z,-0.23813551507068248,-2.074776771828145,0.02627223124999395,496.62104576944967,7.6144821691132565
B,39451,held-out,2024-10-08T12:36:17.321472Z,24.0,2024-10-09T12:36:17.321472Z,0.050562945686599164,-7.334576541374411,0.0856411507557635,496.62104576944967,7.6144821691132565
B,39451,held-out,2024-10-08T12:36:17.321472Z,36.0,2024-10-10T00:36:17.321472Z,0.13045903197429626,-12.913502420180444,-0.13309865458517267,496.62104576944967,7.6144821691132565
B,39451,held-out,2024-10-08T12:36:17.321472Z,48.0,2024-10-10T12:36:17.321472Z,-0.3069800274306554,-23.47585284322218,0.1170016578917421,496.62104576944967,7.6144821691132565
B,39451,held-out,2024-10-08T12:36:17.321472Z,72.0,2024-10-11T12:36:17.321472Z,-0.11761996685792209,-44.834263787932706,-0.07744839494792721,496.62104576944967,7.6144821691132565
B,39451,held-out,2024-10-08T12:36:17.321472Z,96.0,2024-10-12T12:36:17.321472Z,1.0797835920786933,-72.0396150289065,-0.28627450798632914,496.62104576944967,7.6144821691132565
B,39451,held-out,2024-10-08T12:36:17.321472Z,120.0,2024-10-13T12:36:17.321472Z,2.0802138254756883,-112.9118705764509,-0.11301275005004285,496.62104576944967,7.6144821691132565
B,39451,held-out,2024-10-08T12:36:17.321472Z,144.0,2024-10-14T12:36:17.321472Z,2.0468514285667094,-165.1166953169123,0.11843961404157,496.62104576944967,7.6144821691132565
B,39451,held-out,2024-10-08T12:36:17.321472Z,168.0,2024-10-15T12:36:17.321472Z,2.753998908829256,-226.64793079477687,0.20380758846264646,496.62104576944967,7.6144821691132565
B,39451,held-out,2024-10-08T20:29:40.789248Z,6.0,2024-10-09T02:29:40.789248Z,0.03291641739395708,1.355332419539297,-0.004895217911091404,496.6256616278206,7.614479612852125
B,39451,held-out,2024-10-08T20:29:40.789248Z,12.0,2024-10-09T08:29:40.789248Z,-0.017874846086790033,-0.5483748193683267,-0.12523728925640837,496.6256616278206,7.614479612852125
B,39451,held-out,2024-10-08T20:29:40.789248Z,24.0,2024-10-09T20:29:40.789248Z,-0.009341587730054205,-0.9401802266616454,-0.00626972225522629,496.6256616278206,7.614479612852125
B,39451,held-out,2024-10-08T20:29:40.789248Z,36.0,2024-10-10T08:29:40.789248Z,0.007093669262078932,-1.2042824380164339,-0.011877107965592992,496.6256616278206,7.614479612852125
B,39451,held-out,2024-10-08T20:29:40.789248Z,48.0,2024-10-10T20:29:40.789248Z,-0.2701785286171033,-3.197457390932375,0.2465871826188194,496.6256616278206,7.614479612852125
B,39451,held-out,2024-10-08T20:29:40.789248Z,72.0,2024-10-11T20:29:40.789248Z,-0.3035066015327263,-0.6207844200937646,0.024690888066374928,496.6256616278206,7.614479612852125
B,39451,held-out,2024-10-08T20:29:40.789248Z,96.0,2024-10-12T20:29:40.789248Z,0.29367372241290896,0.8595216112257235,-0.325654619650942,496.6256616278206,7.614479612852125
B,39451,held-out,2024-10-08T20:29:40.789248Z,120.0,2024-10-13T20:29:40.789248Z,0.5384959433138148,-3.7700870271317455,-0.24038492633758768,496.6256616278206,7.614479612852125
B,39451,held-out,2024-10-08T20:29:40.789248Z,144.0,2024-10-14T20:29:40.789248Z,-0.1741975129506342,-12.944352271006956,0.1924434601832825,496.6256616278206,7.614479612852125
B,39451,held-out,2024-10-08T20:29:40.789248Z,168.0,2024-10-15T20:29:40.789248Z,-0.8553339492597745,-24.36770203677147,0.34824303263632483,496.6256616278206,7.614479612852125
B,39451,held-out,2024-10-09T04:23:04.072992Z,6.0,2024-10-09T10:23:04.072992Z,-0.05702858355039831,-0.6194383692079157,-0.19894334611881231,496.5962427125405,7.614495905083626
B,39451,held-out,2024-10-09T04:23:04.072992Z,12.0,2024-10-09T16:23:04.072992Z,0.05610462909642877,-0.5150008902558249,0.2841404512791662,496.5962427125405,7.614495905083626
B,39451,held-out,2024-10-09T04:23:04.072992Z,24.0,2024-10-10T04:23:04.072992Z,0.2340687016811191,-2.380008335452686,-0.2626290507828699,496.5962427125405,7.614495905083626
B,39451,held-out,2024-10-09T04:23:04.072992Z,36.0,2024-10-10T16:23:04.072992Z,0.29976116710243267,-4.221490477957217,0.16987630742731674,496.5962427125405,7.614495905083626
B,39451,held-out,2024-10-09T04:23:04.072992Z,48.0,2024-10-11T04:23:04.072992Z,-0.19083724283142567,-7.22719961606276,-0.17025888805900574,496.5962427125405,7.614495905083626
B,39451,held-out,2024-10-09T04:23:04.072992Z,72.0,2024-10-12T04:23:04.072992Z,-0.2574293389487222,-6.862135014853379,0.15165062325438972,496.5962427125405,7.614495905083626
B,39451,held-out,2024-10-09T04:23:04.072992Z,96.0,2024-10-13T04:23:04.072992Z,0.4322577723076651,-11.157127891105443,0.18647755018675172,496.5962427125405,7.614495905083626
B,39451,held-out,2024-10-09T04:23:04.072992Z,120.0,2024-10-14T04:23:04.072992Z,0.7635784160870742,-23.043968333632172,-0.0200716801686478,496.5962427125405,7.614495905083626
B,39451,held-out,2024-10-09T04:23:04.072992Z,144.0,2024-10-15T04:23:04.072992Z,0.222020916353788,-40.8079544285239,-0.1887051320834967,496.5962427125405,7.614495905083626
B,39451,held-out,2024-10-09T04:23:04.072992Z,168.0,2024-10-16T04:23:04.072992Z,-0.5010505880913627,-61.502981762038544,0.0031502965906606284,496.5962427125405,7.614495905083626
B,39451,held-out,2024-10-09T13:51:07.869024Z,6.0,2024-10-09T19:51:07.869024Z,-0.019934654197835848,-0.8335733044986421,-0.042367039834132036,496.5813882445327,7.614504131546029
B,39451,held-out,2024-10-09T13:51:07.869024Z,12.0,2024-10-10T01:51:07.869024Z,-0.22801841878788298,1.2379535020029406,0.1421047039265208,496.5813882445327,7.614504131546029
B,39451,held-out,2024-10-09T13:51:07.869024Z,24.0,2024-10-10T13:51:07.869024Z,0.09690819545854809,0.1308900243032398,0.03751232596298176,496.5813882445327,7.614504131546029
B,39451,held-out,2024-10-09T13:51:07.869024Z,36.0,2024-10-11T01:51:07.869024Z,0.15500295802262165,1.8348706150424523,-0.1141733046949692,496.5813882445327,7.614504131546029
B,39451,held-out,2024-10-09T13:51:07.869024Z,48.0,2024-10-11T13:51:07.869024Z,-0.4734888678477198,3.3045536356121046,0.02092841798614327,496.5813882445327,7.614504131546029
B,39451,held-out,2024-10-09T13:51:07.869024Z,72.0,2024-10-12T13:51:07.869024Z,-0.44754545366236825,11.917278818445373,0.07259754512251426,496.5813882445327,7.614504131546029
B,39451,held-out,2024-10-09T13:51:07.869024Z,96.0,2024-10-13T13:51:07.869024Z,0.4339514336686511,16.750038772361087,-0.07931143376191319,496.5813882445327,7.614504131546029
B,39451,held-out,2024-10-09T13:51:07.869024Z,120.0,2024-10-14T13:51:07.869024Z,0.6863410412672145,16.300085383675302,-0.16319520793450226,496.5813882445327,7.614504131546029
B,39451,held-out,2024-10-09T13:51:07.869024Z,144.0,2024-10-15T13:51:07.869024Z,-0.19398241483195625,13.296012917098912,-0.0006383620173799898,496.5813882445327,7.614504131546029
B,39451,held-out,2024-10-09T13:51:07.869024Z,168.0,2024-10-16T13:51:07.869024Z,-1.0363562682993395,10.770810705375714,0.10663917622112196,496.5813882445327,7.614504131546029
B,39451,held-out,2024-10-09T21:44:30.908256Z,6.0,2024-10-10T03:44:30.908256Z,0.025340644692937557,0.6032293862030818,0.28249334210701377,496.5601183426843,7.614515910947175
B,39451,held-out,2024-10-09T21:44:30.908256Z,12.0,2024-10-10T09:44:30.908256Z,-0.004601970381158782,-0.6565366768630468,-0.13635564957599983,496.5601183426843,7.614515910947175
B,39451,held-out,2024-10-09T21:44:30.908256Z,24.0,2024-10-10T21:44:30.908256Z,0.04147873901806801,-1.5478376117835453,0.1883637565048218,496.5601183426843,7.614515910947175
B,39451,held-out,2024-10-09T21:44:30.908256Z,36.0,2024-10-11T09:44:30.908256Z,0.005300784079530961,0.3975138736922473,-0.2269595750569685,496.5601183426843,7.614515910947175
B,39451,held-out,2024-10-09T21:44:30.908256Z,48.0,2024-10-11T21:44:30.908256Z,-0.3295711967808936,2.8439410460164685,0.24668501818149202,496.5601183426843,7.614515910947175
B,39451,held-out,2024-10-09T21:44:30.908256Z,72.0,2024-10-12T21:44:30.908256Z,-0.33056135150332866,8.560766161901249,-0.08944371417332975,496.5601183426843,7.614515910947175
B,39451,held-out,2024-10-09T21:44:30.908256Z,96.0,2024-10-13T21:44:30.908256Z,0.2522342316235333,9.93576999896466,-0.2979096169372417,496.5601183426843,7.614515910947175
B,39451,held-out,2024-10-09T21:44:30.908256Z,120.0,2024-10-14T21:44:30.908256Z,0.531191134270317,5.84492843601382,-0.0902876696817757,496.5601183426843,7.614515910947175
B,39451,held-out,2024-10-09T21:44:30.908256Z,144.0,2024-10-15T21:44:30.908256Z,-0.1527983145333917,-1.516737654543216,0.2332229916121346,496.5601183426843,7.614515910947175
B,39451,held-out,2024-10-09T21:44:30.908256Z,168.0,2024-10-16T21:44:30.908256Z,-0.9568476199125823,-9.146146323755834,0.22186807131924685,496.5601183426843,7.614515910947175
B,39451,held-out,2024-10-10T11:56:36.172896Z,6.0,2024-10-10T17:56:36.172896Z,0.1346861474653485,-0.41106072352187195,0.11848588193109047,496.53031945130806,7.614532413846595
B,39451,held-out,2024-10-10T11:56:36.172896Z,12.0,2024-10-10T23:56:36.172896Z,-0.32083970212722823,0.9996637951316095,-0.05393322604565168,496.53031945130806,7.614532413846595
B,39451,held-out,2024-10-10T11:56:36.172896Z,24.0,2024-10-11T11:56:36.172896Z,-0.1298392141240176,2.7726651495753702,0.18202187430547567,496.53031945130806,7.614532413846595
B,39451,held-out,2024-10-10T11:56:36.172896Z,36.0,2024-10-11T23:56:36.172896Z,-0.053998287658541894,7.594742849303047,-0.21954848269698202,496.53031945130806,7.614532413846595
B,39451,held-out,2024-10-10T11:56:36.172896Z,48.0,2024-10-12T11:56:36.172896Z,-0.41102971529426324,10.040097860132452,0.1693726274969154,496.53031945130806,7.614532413846595
B,39451,held-out,2024-10-10T11:56:36.172896Z,72.0,2024-10-13T11:56:36.172896Z,-0.24837685196167109,15.138195622175283,-0.1285054646374113,496.53031945130806,7.614532413846595
B,39451,held-out,2024-10-10T11:56:36.172896Z,96.0,2024-10-14T11:56:36.172896Z,0.36211973911659245,15.602004416361295,-0.28320445456215015,496.53031945130806,7.614532413846595
B,39451,held-out,2024-10-10T11:56:36.172896Z,120.0,2024-10-15T11:56:36.172896Z,0.5632780227325037,11.014323575539306,-0.09408875910384884,496.53031945130806,7.614532413846595
B,39451,held-out,2024-10-10T11:56:36.172896Z,144.0,2024-10-16T11:56:36.172896Z,-0.304337937646878,4.208755780283462,0.08719935210693253,496.53031945130806,7.614532413846595
B,39451,held-out,2024-10-10T11:56:36.172896Z,168.0,2024-10-17T11:56:36.172896Z,-1.0706257886046882,-1.8264012862172974,0.12817907787515753,496.53031945130806,7.614532413846595
B,39451,held-out,2024-10-10T13:31:16.724928Z,6.0,2024-10-10T19:31:16.724928Z,-0.002339688979602064,-0.7063239339204639,-0.01881114247315202,496.5248370473919,7.614535450063865
B,39451,held-out,2024-10-10T13:31:16.724928Z,12.0,2024-10-11T01:31:16.724928Z,-0.2576320186198659,1.5963893106314773,0.10584427896403337,496.5248370473919,7.614535450063865
B,39451,held-out,2024-10-10T13:31:16.724928Z,24.0,2024-10-11T13:31:16.724928Z,0.030303239748313473,2.9951967005851987,0.09425743439731193,496.5248370473919,7.614535450063865
B,39451,held-out,2024-10-10T13:31:16.724928Z,36.0,2024-10-12T01:31:16.724928Z,0.13886034315247578,7.667304379053852,-0.15005440054044472,496.5248370473919,7.614535450063865
B,39451,held-out,2024-10-10T13:31:16.724928Z,48.0,2024-10-12T13:31:16.724928Z,-0.3978738453119697,9.252260349754712,0.01810073960809455,496.5248370473919,7.614535450063865
B,39451,held-out,2024-10-10T13:31:16.724928Z,72.0,2024-10-13T13:31:16.724928Z,-0.332777499935442,13.324929646220868,0.0635136548492623,496.5248370473919,7.614535450063865
B,39451,held-out,2024-10-10T13:31:16.724928Z,96.0,2024-10-14T13:31:16.724928Z,0.4562904175254433,12.32304591828608,-0.05493840141209683,496.5248370473919,7.614535450063865
B,39451,held-out,2024-10-10T13:31:16.724928Z,120.0,2024-10-15T13:31:16.724928Z,0.7154412171457747,5.540640191039928,-0.11006815841145767,496.5248370473919,7.614535450063865
B,39451,held-out,2024-10-10T13:31:16.724928Z,144.0,2024-10-16T13:31:16.724928Z,-0.16251731008811385,-3.848732099654807,-0.05027849206245005,496.5248370473919,7.614535450063865
B,39451,held-out,2024-10-10T13:31:16.724928Z,168.0,2024-10-17T13:31:16.724928Z,-1.0475282640800674,-12.62107203959483,0.037686432581534535,496.5248370473919,7.614535450063865
B,39451,held-out,2024-10-10T19:49:58.766304Z,6.0,2024-10-11T01:49:58.766304Z,0.1188060176076649,-1.2318181700570663,-0.06996692693059725,496.4594136959904,7.614571682535804
B,39451,held-out,2024-10-10T19:49:58.766304Z,12.0,2024-10-11T07:49:58.766304Z,0.05606714005341429,-4.866215234835804,-0.16408843168683473,496.4594136959904,7.614571682535804
B,39451,held-out,2024-10-10T19:49:58.766304Z,24.0,2024-10-11T19:49:58.766304Z,0.04905354788341344,-8.712665079025621,0.028792315373687538,496.4594136959904,7.614571682535804
B,39451,held-out,2024-10-10T19:49:58.766304Z,36.0,2024-10-12T07:49:58.766304Z,0.13547430696502966,-14.247494506660436,-0.029565956201366816,496.4594136959904,7.614571682535804
B,39451,held-out,2024-10-10T19:49:58.766304Z,48.0,2024-10-12T19:49:58.766304Z,-0.034517196938465,-23.441808345268484,0.25327796803305724,496.4594136959904,7.614571682535804
B,39451,held-out,2024-10-10T19:49:58.766304Z,72.0,2024-10-13T19:49:58.766304Z,0.25782462139725015,-50.00549757435415,0.0582215497626013,496.4594136959904,7.614571682535804
B,39451,held-out,2024-10-10T19:49:58.766304Z,96.0,2024-10-14T19:49:58.766304Z,1.1886201435859833,-89.92055672820483,-0.21179851280528617,496.4594136959904,7.614571682535804
B,39451,held-out,2024-10-10T19:49:58.766304Z,120.0,2024-10-15T19:49:58.766304Z,2.583146694430007,-143.8791867709696,-0.25072940072583627,496.4594136959904,7.614571682535804
B,39451,held-out,2024-10-10T19:49:58.766304Z,144.0,2024-10-16T19:49:58.766304Z,3.3497109370522122,-209.12136954409831,0.03193395656037268,496.4594136959904,7.614571682535804
B,39451,held-out,2024-10-10T19:49:58.766304Z,168.0,2024-10-17T19:49:58.766304Z,5.017619731399958,-282.8278628634337,0.2580492351756181,496.4594136959904,7.614571682535804
B,39451,held-out,2024-10-10T21:24:39.245760Z,6.0,2024-10-11T03:24:39.245760Z,0.118520405639576,-2.0608249045334306,0.23749199225781314,496.4498777526969,7.614576963733051
B,39451,held-out,2024-10-10T21:24:39.245760Z,12.0,2024-10-11T09:24:39.245760Z,0.032690691273326355,-5.038028714654774,-0.17767618821273323,496.4498777526969,7.614576963733051
B,39451,held-out,2024-10-10T21:24:39.245760Z,24.0,2024-10-11T21:24:39.245760Z,0.10413240847913979,-9.588505391390562,0.19981015178500972,496.4498777526969,7.614576963733051
B,39451,held-out,2024-10-10T21:24:39.245760Z,36.0,2024-10-12T09:24:39.245760Z,0.18024198648655654,-15.938407037356281,-0.20339053446968247,496.4498777526969,7.614576963733051
B,39451,held-out,2024-10-10T21:24:39.245760Z,48.0,2024-10-12T21:24:39.245760Z,-0.0693199945084122,-26.372538703125436,0.23817515746982876,496.4498777526969,7.614576963733051
B,39451,held-out,2024-10-10T21:24:39.245760Z,72.0,2024-10-13T21:24:39.245760Z,0.20093118593105874,-55.466016461319384,-0.05807427652842989,496.4498777526969,7.614576963733051
B,39451,held-out,2024-10-10T21:24:39.245760Z,96.0,2024-10-14T21:24:39.245760Z,1.330826224296572,-98.71197516939577,-0.23701850454354556,496.4498777526969,7.614576963733051
B,39451,held-out,2024-10-10T21:24:39.245760Z,120.0,2024-10-15T21:24:39.245760Z,2.9896097857314294,-156.95919361148123,-0.08034820538023268,496.4498777526969,7.614576963733051
B,39451,held-out,2024-10-10T21:24:39.245760Z,144.0,2024-10-16T21:24:39.245760Z,3.9997605596861243,-227.24568596021774,0.1606926267347717,496.4498777526969,7.614576963733051
B,39451,held-out,2024-10-10T21:24:39.245760Z,168.0,2024-10-17T21:24:39.245760Z,5.953308168973381,-306.41413470693846,0.17852183984803516,496.4498777526969,7.614576963733051
B,39451,held-out,2024-10-11T13:11:24.053280Z,6.0,2024-10-11T19:11:24.053280Z,0.017813982911658446,-1.1112616637774861,-0.058326182646560504,496.4210337397353,7.614592938194622
B,39451,held-out,2024-10-11T13:11:24.053280Z,12.0,2024-10-12T01:11:24.053280Z,-0.22980828783807955,0.3437234159951662,0.09017187516462002,496.4210337397353,7.614592938194622
B,39451,held-out,2024-10-11T13:11:24.053280Z,24.0,2024-10-12T13:11:24.053280Z,0.11507601118173483,-3.5857850932715705,0.10635141840425355,496.4210337397353,7.614592938194622
B,39451,held-out,2024-10-11T13:11:24.053280Z,36.0,2024-10-13T01:11:24.053280Z,0.2510969906840733,-7.7042790298348045,-0.15501010605116972,496.4210337397353,7.614592938194622
B,39451,held-out,2024-10-11T13:11:24.053280Z,48.0,2024-10-13T13:11:24.053280Z,-0.22246610891764207,-16.84185477313086,0.04116628500064734,496.4210337397353,7.614592938194622
B,39451,held-out,2024-10-11T13:11:24.053280Z,72.0,2024-10-14T13:11:24.053280Z,-0.0172383708013909,-39.9080449397016,0.06737660059893624,496.4210337397353,7.614592938194622
B,39451,held-out,2024-10-11T13:11:24.053280Z,96.0,2024-10-15T13:11:24.053280Z,1.1646408838888545,-74.71880099976934,-0.05401640431592014,496.4210337397353,7.614592938194622
B,39451,held-out,2024-10-11T13:11:24.053280Z,120.0,2024-10-16T13:11:24.053280Z,2.341353520153054,-121.7834930985039,-0.10095396180300575,496.4210337397353,7.614592938194622
B,39451,held-out,2024-10-11T13:11:24.053280Z,144.0,2024-10-17T13:11:24.053280Z,2.399208049914494,-177.3483240151625,-0.06587234099318096,496.4210337397353,7.614592938194622
B,39451,held-out,2024-10-11T19:30:05.712768Z,6.0,2024-10-12T01:30:05.712768Z,0.08900519394912397,1.1639292681645186,-0.12458794106465125,496.40308198958246,7.61460288032741
B,39451,held-out,2024-10-11T19:30:05.712768Z,12.0,2024-10-12T07:30:05.712768Z,0.04364847105964281,-1.4864228143170441,-0.1471282713052012,496.40308198958246,7.61460288032741
B,39451,held-out,2024-10-11T19:30:05.712768Z,24.0,2024-10-12T19:30:05.712768Z,0.022327984309000803,-4.306783891759967,-0.006280902432685642,496.40308198958246,7.61460288032741
B,39451,held-out,2024-10-11T19:30:05.712768Z,36.0,2024-10-13T07:30:05.712768Z,0.08093883234604776,-8.777346169042783,0.01388140185429143,496.40308198958246,7.61460288032741
B,39451,held-out,2024-10-11T19:30:05.712768Z,48.0,2024-10-13T19:30:05.712768Z,-0.04780129057752819,-15.968177517858201,0.24029728521116733,496.40308198958246,7.61460288032741
B,39451,held-out,2024-10-11T19:30:05.712768Z,72.0,2024-10-14T19:30:05.712768Z,0.12016267692727267,-35.90663266468703,0.12685585651296893,496.40308198958246,7.61460288032741
B,39451,held-out,2024-10-11T19:30:05.712768Z,96.0,2024-10-15T19:30:05.712768Z,0.8450042906018744,-64.69108795789127,-0.12610836339363551,496.40308198958246,7.61460288032741
B,39451,held-out,2024-10-11T19:30:05.712768Z,120.0,2024-10-16T19:30:05.712768Z,1.718941104583052,-102.76363794063325,-0.2785472136235736,496.40308198958246,7.61460288032741
B,39451,held-out,2024-10-11T19:30:05.712768Z,144.0,2024-10-17T19:30:05.712768Z,1.5972355531293965,-147.22346594018074,-0.02547014473775988,496.40308198958246,7.61460288032741
B,39451,held-out,2024-10-12T12:51:29.906784Z,6.0,2024-10-12T18:51:29.906784Z,-0.0026662448841320192,-0.8210130446330983,-0.029279449928547696,496.37173569903007,7.614620240788456
B,39451,held-out,2024-10-12T12:51:29.906784Z,12.0,2024-10-13T00:51:29.906784Z,-0.20671914487949813,0.9639273094246414,0.09892866145639001,496.37173569903007,7.614620240788456
B,39451,held-out,2024-10-12T12:51:29.906784Z,24.0,2024-10-13T12:51:29.906784Z,0.045912914231902045,-0.47919241214831104,0.05509056659385406,496.37173569903007,7.614620240788456
B,39451,held-out,2024-10-12T12:51:29.906784Z,36.0,2024-10-14T00:51:29.906784Z,0.09260572162254566,-0.8233549739995258,-0.10198398161891081,496.37173569903007,7.614620240788456
B,39451,held-out,2024-10-12T12:51:29.906784Z,48.0,2024-10-14T12:51:29.906784Z,-0.28145471413333056,-3.6278802099082066,0.032583656561924745,496.37173569903007,7.614620240788456
B,39451,held-out,2024-10-12T12:51:29.906784Z,72.0,2024-10-15T12:51:29.906784Z,-0.2769497535029699,-8.13514297116542,0.07320846078748455,496.37173569903007,7.614620240788456
B,39451,held-out,2024-10-12T12:51:29.906784Z,96.0,2024-10-16T12:51:29.906784Z,0.5161003444470535,-15.127795735290812,-0.005073968531561945,496.37173569903007,7.614620240788456
B,39451,held-out,2024-10-12T12:51:29.906784Z,120.0,2024-10-17T12:51:29.906784Z,0.881020312986375,-25.07491884302501,-0.057681550456686104,496.37173569903007,7.614620240788456
B,39451,held-out,2024-10-12T20:44:51.683712Z,6.0,2024-10-13T02:44:51.683712Z,0.08131382763979372,1.0106050640249513,0.10424994293372414,496.35397545233445,7.614630076967389
B,39451,held-out,2024-10-12T20:44:51.683712Z,12.0,2024-10-13T08:44:51.683712Z,0.04911949684757324,-1.0463850618529067,-0.15193484770553023,496.35397545233445,7.614630076967389
B,39451,held-out,2024-10-12T20:44:51.683712Z,24.0,2024-10-13T20:44:51.683712Z,0.011999842197063628,-2.6436791970551576,0.09226779502315496,496.35397545233445,7.614630076967389
B,39451,held-out,2024-10-12T20:44:51.683712Z,36.0,2024-10-14T08:44:51.683712Z,0.007954631224648484,-4.760971441046212,-0.07811636424291779,496.35397545233445,7.614630076967389
B,39451,held-out,2024-10-12T20:44:51.683712Z,48.0,2024-10-14T20:44:51.683712Z,-0.14983236270702022,-8.181408788842143,0.19966543347688703,496.35397545233445,7.614630076967389
B,39451,held-out,2024-10-12T20:44:51.683712Z,72.0,2024-10-15T20:44:51.683712Z,-0.17708346808635994,-15.721481575039599,0.04376843973415001,496.35397545233445,7.614630076967389
B,39451,held-out,2024-10-12T20:44:51.683712Z,96.0,2024-10-16T20:44:51.683712Z,0.40528378956966116,-25.797208326672752,-0.09852862591755596,496.35397545233445,7.614630076967389
B,39451,held-out,2024-10-12T20:44:51.683712Z,120.0,2024-10-17T20:44:51.683712Z,0.8229385757595138,-38.95950235364813,-0.09980085111752857,496.35397545233445,7.614630076967389
C,39453,held-out,2024-10-06T10:51:59.760864Z,6.0,2024-10-06T16:51:59.760864Z,-0.10816386147341517,-0.7247568333982226,-0.06226436413084113,457.18422735310105,7.636416694848827
C,39453,held-out,2024-10-06T10:51:59.760864Z,12.0,2024-10-06T22:51:59.760864Z,0.02591508360490291,0.8120205055238022,0.14561825533448336,457.18422735310105,7.636416694848827
C,39453,held-out,2024-10-06T10:51:59.760864Z,24.0,2024-10-07T10:51:59.760864Z,-0.09623074604107673,0.642746638355487,-0.1414163170574919,457.18422735310105,7.636416694848827
C,39453,held-out,2024-10-06T10:51:59.760864Z,36.0,2024-10-07T22:51:59.760864Z,0.378911601410554,2.307268218444883,-0.10695462348849932,457.18422735310105,7.636416694848827
C,39453,held-out,2024-10-06T10:51:59.760864Z,48.0,2024-10-08T10:51:59.760864Z,-0.16772839330876943,5.9048137468009685,0.10305750747506925,457.18422735310105,7.636416694848827
C,39453,held-out,2024-10-06T10:51:59.760864Z,72.0,2024-10-09T10:51:59.760864Z,0.49262720089032097,12.510513094193099,0.07517332054971132,457.18422735310105,7.636416694848827
C,39453,held-out,2024-10-06T10:51:59.760864Z,96.0,2024-10-10T10:51:59.760864Z,-0.40034426930962397,17.430740038263338,-0.0934719864123772,457.18422735310105,7.636416694848827
C,39453,held-out,2024-10-06T10:51:59.760864Z,120.0,2024-10-11T10:51:59.760864Z,-0.1217015242150925,26.53801204456801,0.1596055141881143,457.18422735310105,7.636416694848827
C,39453,held-out,2024-10-06T10:51:59.760864Z,144.0,2024-10-12T10:51:59.760864Z,0.8786469999239159,36.03110601588624,0.01678995580324716,457.18422735310105,7.636416694848827
C,39453,held-out,2024-10-06T10:51:59.760864Z,168.0,2024-10-13T10:51:59.760864Z,-0.7471136364790532,43.15507601059885,-0.08981165019871762,457.18422735310105,7.636416694848827
C,39453,held-out,2024-10-06T12:25:51.693888Z,6.0,2024-10-06T18:25:51.693888Z,-0.059534301906596046,-0.22200092786695083,-0.19827544595597024,457.1782361020096,7.636420041562055
C,39453,held-out,2024-10-06T12:25:51.693888Z,12.0,2024-10-07T00:25:51.693888Z,0.17360537610785606,0.10051280085159123,0.24728200143760706,457.1782361020096,7.636420041562055
C,39453,held-out,2024-10-06T12:25:51.693888Z,24.0,2024-10-07T12:25:51.693888Z,0.08248038030885807,0.5651829683961279,-0.3040155590597252,457.1782361020096,7.636420041562055
C,39453,held-out,2024-10-06T12:25:51.693888Z,36.0,2024-10-08T00:25:51.693888Z,0.2833236330780396,2.1883844277484954,-0.20504050972149193,457.1782361020096,7.636420041562055
C,39453,held-out,2024-10-06T12:25:51.693888Z,48.0,2024-10-08T12:25:51.693888Z,-0.18070947820457794,6.210667219765519,0.13374512300107133,457.1782361020096,7.636420041562055
C,39453,held-out,2024-10-06T12:25:51.693888Z,72.0,2024-10-09T12:25:51.693888Z,0.3463602276304576,14.055516228657622,0.2306547411023192,457.1782361020096,7.636420041562055
C,39453,held-out,2024-10-06T12:25:51.693888Z,96.0,2024-10-10T12:25:51.693888Z,-0.22555564366700764,19.670176919572214,-0.22744843739484155,457.1782361020096,7.636420041562055
C,39453,held-out,2024-10-06T12:25:51.693888Z,120.0,2024-10-11T12:25:51.693888Z,-0.16387035304384945,30.165473320804058,0.2071802811464991,457.1782361020096,7.636420041562055
C,39453,held-out,2024-10-06T12:25:51.693888Z,144.0,2024-10-12T12:25:51.693888Z,0.7624900266832171,41.429599644675925,0.1642948666995725,457.1782361020096,7.636420041562055
C,39453,held-out,2024-10-06T12:25:51.693888Z,168.0,2024-10-13T12:25:51.693888Z,-0.5583344288031249,49.77253432066948,-0.20080811894718043,457.1782361020096,7.636420041562055
C,39453,held-out,2024-10-06T20:15:11.186208Z,6.0,2024-10-07T02:15:11.186208Z,0.07931895324558391,-1.2028316725077342,-0.004412302527548734,457.13679436303755,7.636443191040473
C,39453,held-out,2024-10-06T20:15:11.186208Z,12.0,2024-10-07T08:15:11.186208Z,-0.23055404311875455,0.8706954448022575,-0.09032681033249046,457.13679436303755,7.636443191040473
C,39453,held-out,2024-10-06T20:15:11.186208Z,24.0,2024-10-07T20:15:11.186208Z,-0.25147446454121425,0.6426763762391408,0.13784632382552253,457.13679436303755,7.636443191040473
C,39453,held-out,2024-10-06T20:15:11.186208Z,36.0,2024-10-08T08:15:11.186208Z,0.35696830948074687,2.126953536337542,0.033359629065645206,457.13679436303755,7.636443191040473
C,39453,held-out,2024-10-06T20:15:11.186208Z,48.0,2024-10-08T20:15:11.186208Z,-0.1903136013981097,5.003288818732558,-0.24306148968223396,457.13679436303755,7.636443191040473
C,39453,held-out,2024-10-06T20:15:11.186208Z,72.0,2024-10-09T20:15:11.186208Z,0.4131574597864315,6.995557044764351,0.011133569301017693,457.13679436303755,7.636443191040473
C,39453,held-out,2024-10-06T20:15:11.186208Z,96.0,2024-10-10T20:15:11.186208Z,-0.5703154363029643,5.762797539608749,0.11796231604310325,457.13679436303755,7.636443191040473
C,39453,held-out,2024-10-06T20:15:11.186208Z,120.0,2024-10-11T20:15:11.186208Z,-0.13899846908192437,11.569754011288303,-0.17759151763987235,457.13679436303755,7.636443191040473
C,39453,held-out,2024-10-06T20:15:11.186208Z,144.0,2024-10-12T20:15:11.186208Z,0.8351626968333274,10.773007520374215,0.005561025492233418,457.13679436303755,7.636443191040473
C,39453,held-out,2024-10-06T20:15:11.186208Z,168.0,2024-10-13T20:15:11.186208Z,-1.0164463858621038,6.445672757832,0.061827050278229656,457.13679436303755,7.636443191040473
C,39453,held-out,2024-10-07T11:53:49.430400Z,6.0,2024-10-07T17:53:49.430400Z,-0.09093955913943295,-0.3748290156055784,-0.18366519287474886,457.0571392005868,7.6364876872419245
C,39453,held-out,2024-10-07T11:53:49.430400Z,12.0,2024-10-07T23:53:49.430400Z,0.1067340926171697,0.5983842864894097,0.3184480031486837,457.0571392005868,7.6364876872419245
C,39453,held-out,2024-10-07T11:53:49.430400Z,24.0,2024-10-08T11:53:49.430400Z,0.012712329056526084,1.2864622998487385,-0.27325819132277185,457.0571392005868,7.6364876872419245
C,39453,held-out,2024-10-07T11:53:49.430400Z,36.0,2024-10-08T23:53:49.430400Z,0.28767705923496756,3.0328774847840916,-0.21476606013225577,457.0571392005868,7.6364876872419245
C,39453,held-out,2024-10-07T11:53:49.430400Z,48.0,2024-10-09T11:53:49.430400Z,-0.08510871859873692,4.6676804529380815,0.1639819455577679,457.0571392005868,7.6364876872419245
C,39453,held-out,2024-10-07T11:53:49.430400Z,72.0,2024-10-10T11:53:49.430400Z,0.424188995992361,2.908594375223919,0.13932893568786692,457.0571392005868,7.6364876872419245
C,39453,held-out,2024-10-07T11:53:49.430400Z,96.0,2024-10-11T11:53:49.430400Z,-0.30644569899177826,-0.5037385632550744,-0.26914648327455903,457.0571392005868,7.6364876872419245
C,39453,held-out,2024-10-07T11:53:49.430400Z,120.0,2024-10-12T11:53:49.430400Z,-0.04735609132226615,2.3194964772953623,0.24485655830775221,457.0571392005868,7.6364876872419245
C,39453,held-out,2024-10-07T11:53:49.430400Z,144.0,2024-10-13T11:53:49.430400Z,0.8276817164351091,-6.188925150472835,0.04414241965430621,457.0571392005868,7.6364876872419245
C,39453,held-out,2024-10-07T11:53:49.430400Z,168.0,2024-10-14T11:53:49.430400Z,-0.6398612533175676,-21.28910183771707,-0.26516943947390614,457.0571392005868,7.6364876872419245
C,39453,held-out,2024-10-07T19:43:08.128704Z,6.0,2024-10-08T01:43:08.128704Z,0.08870518899459634,-1.0953261874496176,0.051362569054677065,457.0099476456144,7.63651404930182
C,39453,held-out,2024-10-07T19:43:08.128704Z,12.0,2024-10-08T07:43:08.128704Z,-0.259735521944146,0.6262910964399194,-0.1736091920914039,457.0099476456144,7.63651404930182
C,39453,held-out,2024-10-07T19:43:08.128704Z,24.0,2024-10-08T19:43:08.128704Z,-0.20179585545976225,0.9370905180385458,0.17922450337890183,457.0099476456144,7.63651404930182
C,39453,held-out,2024-10-07T19:43:08.128704Z,36.0,2024-10-09T07:43:08.128704Z,0.2560188789282251,1.2459732817418339,0.06806164480991055,457.0099476456144,7.63651404930182
C,39453,held-out,2024-10-07T19:43:08.128704Z,48.0,2024-10-09T19:43:08.128704Z,-0.08418756874998937,0.38802733292330954,-0.2430560700704551,457.0099476456144,7.63651404930182
C,39453,held-out,2024-10-07T19:43:08.128704Z,72.0,2024-10-10T19:43:08.128704Z,0.4296912942710174,-7.859127064040793,0.011045805319714774,457.0099476456144,7.63651404930182
C,39453,held-out,2024-10-07T19:43:08.128704Z,96.0,2024-10-11T19:43:08.128704Z,-0.557128186036131,-14.064388358112875,0.14511789948074738,457.0099476456144,7.63651404930182
C,39453,held-out,2024-10-07T19:43:08.128704Z,120.0,2024-10-12T19:43:08.128704Z,0.01422353055821457,-20.311769631368527,-0.18880417256664872,457.0099476456144,7.63651404930182
C,39453,held-out,2024-10-07T19:43:08.128704Z,144.0,2024-10-13T19:43:08.128704Z,1.0499573319863469,-40.42185694026561,-0.02159958483062585,457.0099476456144,7.63651404930182
C,39453,held-out,2024-10-07T19:43:08.128704Z,168.0,2024-10-14T19:43:08.128704Z,-0.6558553574680133,-67.35683568406759,0.061124454318661314,457.0099476456144,7.63651404930182
C,39453,held-out,2024-10-08T03:32:26.699136Z,6.0,2024-10-08T09:32:26.699136Z,0.19073925210970716,-0.2959757734872937,-0.11364401330905617,456.91674060583773,7.63656611724958
C,39453,held-out,2024-10-08T03:32:26.699136Z,12.0,2024-10-08T15:32:26.699136Z,0.13138120804848974,-6.0154379349355,-0.17581761699026444,456.91674060583773,7.63656611724958
C,39453,held-out,2024-10-08T03:32:26.699136Z,24.0,2024-10-09T03:32:26.699136Z,0.1887058099862422,-18.27940724696065,0.1980888430024743,456.91674060583773,7.63656611724958
C,39453,held-out,2024-10-08T03:32:26.699136Z,36.0,2024-10-09T15:32:26.699136Z,0.4500282352087561,-37.53673441510714,0.20600495554954812,456.91674060583773,7.63656611724958
C,39453,held-out,2024-10-08T03:32:26.699136Z,48.0,2024-10-10T03:32:26.699136Z,0.6655842248351291,-64.38068681979033,-0.04667665277002975,456.91674060583773,7.63656611724958
C,39453,held-out,2024-10-08T03:32:26.699136Z,72.0,2024-10-11T03:32:26.699136Z,2.5839093006410074,-141.5341964388643,-0.1798089983721498,456.91674060583773,7.63656611724958
C,39453,held-out,2024-10-08T03:32:26.699136Z,96.0,2024-10-12T03:32:26.699136Z,4.181145880258143,-239.41223707998785,0.23282242484559035,456.91674060583773,7.63656611724958
C,39453,held-out,2024-10-08T03:32:26.699136Z,120.0,2024-10-13T03:32:26.699136Z,10.645809631772018,-364.81637051695304,-0.054246555996670054,456.91674060583773,7.63656611724958
C,39453,held-out,2024-10-08T03:32:26.699136Z,144.0,2024-10-14T03:32:26.699136Z,23.32648119962417,-530.2064356740186,-0.23065108430622416,456.91674060583773,7.63656611724958
C,39453,held-out,2024-10-08T03:32:26.699136Z,168.0,2024-10-15T03:32:26.699136Z,37.971340173224405,-726.3342268303377,0.23472981767738332,456.91674060583773,7.63656611724958
C,39453,held-out,2024-10-08T11:21:44.704512Z,6.0,2024-10-08T17:21:44.704512Z,-0.03936432990791627,-1.8495118094471619,-0.16598441152934132,456.8887276327796,7.636581766254444
C,39453,held-out,2024-10-08T11:21:44.704512Z,12.0,2024-10-08T23:21:44.704512Z,0.10027278167352582,-2.689755720385423,0.24846336725157442,456.8887276327796,7.636581766254444
C,39453,held-out,2024-10-08T11:21:44.704512Z,24.0,2024-10-09T11:21:44.704512Z,0.12067676734464428,-10.048343743036941,-0.20273932096156733,456.8887276327796,7.636581766254444
C,39453,held-out,2024-10-08T11:21:44.704512Z,36.0,2024-10-09T23:21:44.704512Z,0.5272541243805757,-20.985824512915435,-0.17583054633804246,456.8887276327796,7.636581766254444
C,39453,held-out,2024-10-08T11:21:44.704512Z,48.0,2024-10-10T11:21:44.704512Z,0.19672927583767397,-35.67249864012975,0.19641580382739843,456.8887276327796,7.636581766254444
C,39453,held-out,2024-10-08T11:21:44.704512Z,72.0,2024-10-11T11:21:44.704512Z,1.3306465238657328,-76.22219097777639,0.07750763966442609,456.8887276327796,7.636581766254444
C,39453,held-out,2024-10-08T11:21:44.704512Z,96.0,2024-10-12T11:21:44.704512Z,1.008220400213574,-126.50698904554059,-0.22705337932848657,456.8887276327796,7.636581766254444
C,39453,held-out,2024-10-08T11:21:44.704512Z,120.0,2024-10-13T11:21:44.704512Z,3.1659910157105458,-192.41612593145533,0.2955918638291877,456.8887276327796,7.636581766254444
C,39453,held-out,2024-10-08T11:21:44.704512Z,144.0,2024-10-14T11:21:44.704512Z,7.890383606654993,-284.4225488767444,-0.06482170858659941,456.8887276327796,7.636581766254444
C,39453,held-out,2024-10-08T11:21:44.704512Z,168.0,2024-10-15T11:21:44.704512Z,10.64622752354353,-394.380955002223,-0.242074267951093,456.8887276327796,7.636581766254444
C,39453,held-out,2024-10-08T12:55:36.274656Z,6.0,2024-10-08T18:55:36.274656Z,0.019434772591055527,-1.3648158972185687,-0.2615204305136213,456.880901105711,7.6365861384373455
C,39453,held-out,2024-10-08T12:55:36.274656Z,12.0,2024-10-09T00:55:36.274656Z,0.18087264061254293,-3.5675901375296983,0.2125695060400954,456.880901105711,7.6365861384373455
C,39453,held-out,2024-10-08T12:55:36.274656Z,24.0,2024-10-09T12:55:36.274656Z,0.22755140197446977,-10.060328719982364,-0.22366967610299748,456.880901105711,7.6365861384373455
C,39453,held-out,2024-10-08T12:55:36.274656Z,36.0,2024-10-10T00:55:36.274656Z,0.36521138985135937,-20.53693809351995,-0.23739614793919123,456.880901105711,7.6365861384373455
C,39453,held-out,2024-10-08T12:55:36.274656Z,48.0,2024-10-10T12:55:36.274656Z,0.12541067159612673,-34.197326983948216,0.17363342887141187,456.880901105711,7.6365861384373455
C,39453,held-out,2024-10-08T12:55:36.274656Z,72.0,2024-10-11T12:55:36.274656Z,1.0965928719056084,-70.0268597975903,0.19844356906844052,456.880901105711,7.6365861384373455
C,39453,held-out,2024-10-08T12:55:36.274656Z,96.0,2024-10-12T12:55:36.274656Z,0.888790302646207,-115.31044761857359,-0.23877918053605107,456.880901105711,7.6365861384373455
C,39453,held-out,2024-10-08T12:55:36.274656Z,120.0,2024-10-13T12:55:36.274656Z,2.6024296842914367,-175.29638535446435,0.25949386458736257,456.880901105711,7.6365861384373455
C,39453,held-out,2024-10-08T12:55:36.274656Z,144.0,2024-10-14T12:55:36.274656Z,6.670166481019237,-258.94785263206717,0.0446306368335474,456.880901105711,7.6365861384373455
C,39453,held-out,2024-10-08T12:55:36.274656Z,168.0,2024-10-15T12:55:36.274656Z,8.787062074482776,-359.4722368440306,-0.2568091256262015,456.880901105711,7.6365861384373455
C,39453,held-out,2024-10-08T19:11:02.536224Z,6.0,2024-10-09T01:11:02.536224Z,0.08359599883892144,-0.6968076938906614,0.03712590819608344,456.874913488924,7.636589483343099
C,39453,held-out,2024-10-08T19:11:02.536224Z,12.0,2024-10-09T07:11:02.536224Z,-0.2184209429868636,0.3251240090502294,-0.17067076342395265,456.874913488924,7.636589483343099
C,39453,held-out,2024-10-08T19:11:02.536224Z,24.0,2024-10-09T19:11:02.536224Z,-0.12836950333142774,-0.4443526010853579,0.14358859304901783,456.874913488924,7.636589483343099
C,39453,held-out,2024-10-08T19:11:02.536224Z,36.0,2024-10-10T07:11:02.536224Z,0.24230913409262328,-1.7864275999689143,0.07516991002030796,456.874913488924,7.636589483343099
C,39453,held-out,2024-10-08T19:11:02.536224Z,48.0,2024-10-10T19:11:02.536224Z,-0.06671518446000557,-4.372342646409881,-0.24838734887031766,456.874913488924,7.636589483343099
C,39453,held-out,2024-10-08T19:11:02.536224Z,72.0,2024-10-11T19:11:02.536224Z,0.36901199968556786,-6.420946878620058,0.002285372635744576,456.874913488924,7.636589483343099
C,39453,held-out,2024-10-08T19:11:02.536224Z,96.0,2024-10-12T19:11:02.536224Z,-0.5278736316582782,-8.149121203702533,0.11953986682401285,456.874913488924,7.636589483343099
C,39453,held-out,2024-10-08T19:11:02.536224Z,120.0,2024-10-13T19:11:02.536224Z,0.032111248294171446,-14.084796045084264,-0.14846494115123443,456.874913488924,7.636589483343099
C,39453,held-out,2024-10-08T19:11:02.536224Z,144.0,2024-10-14T19:11:02.536224Z,0.9694508716925991,-32.54837266510588,-0.024987196525984245,456.874913488924,7.636589483343099
C,39453,held-out,2024-10-08T19:11:02.536224Z,168.0,2024-10-15T19:11:02.536224Z,-0.827598383139005,-54.28264822345499,0.052534286168379296,456.874913488924,7.636589483343099
C,39453,held-out,2024-10-08T20:44:54.075264Z,6.0,2024-10-09T02:44:54.075264Z,-0.044864672721662224,-1.0936948315697377,-0.06232902760455228,456.86597454699404,7.636594476977181
C,39453,held-out,2024-10-08T20:44:54.075264Z,12.0,2024-10-09T08:44:54.075264Z,-0.14503804041699137,0.9139772248579364,-0.012237385396242362,456.86597454699404,7.636594476977181
C,39453,held-out,2024-10-08T20:44:54.075264Z,24.0,2024-10-09T20:44:54.075264Z,-0.11613195381925423,-0.48700222111227376,-0.007689688332266978,456.86597454699404,7.636594476977181
C,39453,held-out,2024-10-08T20:44:54.075264Z,36.0,2024-10-10T08:44:54.075264Z,0.4131791473924903,-1.7558369293639604,-0.010934970125569918,456.86597454699404,7.636594476977181
C,39453,held-out,2024-10-08T20:44:54.075264Z,48.0,2024-10-10T20:44:54.075264Z,-0.1188066502635372,-3.7506543644471897,-0.010864730917487964,456.86597454699404,7.636594476977181
C,39453,held-out,2024-10-08T20:44:54.075264Z,72.0,2024-10-11T20:44:54.075264Z,0.5442989777353563,-4.9682087505301356,0.017994586813110114,456.86597454699404,7.636594476977181
C,39453,held-out,2024-10-08T20:44:54.075264Z,96.0,2024-10-12T20:44:54.075264Z,-0.5107682196074066,-6.835019963860435,-0.05306857551044819,456.86597454699404,7.636594476977181
C,39453,held-out,2024-10-08T20:44:54.075264Z,120.0,2024-10-13T20:44:54.075264Z,0.005079198221561221,-11.592184691570706,0.12266164375500721,456.86597454699404,7.636594476977181
C,39453,held-out,2024-10-08T20:44:54.075264Z,144.0,2024-10-14T20:44:54.075264Z,1.1154773968836054,-29.34429179257562,-0.03232922460136356,456.86597454699404,7.636594476977181
C,39453,held-out,2024-10-08T20:44:54.075264Z,168.0,2024-10-15T20:44:54.075264Z,-0.8437999845989488,-50.219446933828905,-0.11672127795919174,456.86597454699404,7.636594476977181
C,39453,held-out,2024-10-09T12:23:29.006016Z,6.0,2024-10-09T18:23:29.006016Z,-0.0637524798161612,-0.17746264977454596,-0.1988862452498088,456.798603565293,7.636632113293659
C,39453,held-out,2024-10-09T12:23:29.006016Z,12.0,2024-10-10T00:23:29.006016Z,0.15874739957882966,-0.0319147485281108,0.24424712292721174,456.798603565293,7.636632113293659
C,39453,held-out,2024-10-09T12:23:29.006016Z,24.0,2024-10-10T12:23:29.006016Z,0.1509296964691191,-0.1334340665134816,-0.2849680966737547,456.798603565293,7.636632113293659
C,39453,held-out,2024-10-09T12:23:29.006016Z,36.0,2024-10-11T00:23:29.006016Z,0.20991743566167487,0.2145741696228143,-0.25803551793728124,456.798603565293,7.636632113293659
C,39453,held-out,2024-10-09T12:23:29.006016Z,48.0,2024-10-11T12:23:29.006016Z,-0.23371766864827892,5.170163293575343,0.2597788950506904,456.798603565293,7.636632113293659
C,39453,held-out,2024-10-09T12:23:29.006016Z,72.0,2024-10-12T12:23:29.006016Z,0.31167978205683733,17.226678603103547,0.1827069584325341,456.798603565293,7.636632113293659
C,39453,held-out,2024-10-09T12:23:29.006016Z,96.0,2024-10-13T12:23:29.006016Z,-0.22183582661561552,26.88592207067154,-0.2861425718887829,456.798603565293,7.636632113293659
C,39453,held-out,2024-10-09T12:23:29.006016Z,120.0,2024-10-14T12:23:29.006016Z,-0.07508775029474712,36.23466193767128,0.40504999332168534,456.798603565293,7.636632113293659
C,39453,held-out,2024-10-09T12:23:29.006016Z,144.0,2024-10-15T12:23:29.006016Z,0.7773684557649414,39.26399255997043,0.1043330458142635,456.798603565293,7.636632113293659
C,39453,held-out,2024-10-09T12:23:29.006016Z,168.0,2024-10-16T12:23:29.006016Z,-0.6248861993603931,43.19459846418138,-0.3316933102242574,456.798603565293,7.636632113293659
C,39453,held-out,2024-10-09T20:12:46.188864Z,6.0,2024-10-10T02:12:46.188864Z,0.02306402396464513,-0.9060164212205741,-0.017970159952151066,456.7661360279835,7.636650251249581
C,39453,held-out,2024-10-09T20:12:46.188864Z,12.0,2024-10-10T08:12:46.188864Z,-0.2110353498638753,1.0175727122086156,-0.04113807358904553,456.7661360279835,7.636650251249581
C,39453,held-out,2024-10-09T20:12:46.188864Z,24.0,2024-10-10T20:12:46.188864Z,-0.21396368091251694,-0.17325367892824015,0.07197156462353611,456.7661360279835,7.636650251249581
C,39453,held-out,2024-10-09T20:12:46.188864Z,36.0,2024-10-11T08:12:46.188864Z,0.36002623701056535,1.9525115301945024,-0.00817742897273004,456.7661360279835,7.636650251249581
C,39453,held-out,2024-10-09T20:12:46.188864Z,48.0,2024-10-11T20:12:46.188864Z,-0.23805846297126232,7.316245150778168,-0.10807745466429619,456.7661360279835,7.636650251249581
C,39453,held-out,2024-10-09T20:12:46.188864Z,72.0,2024-10-12T20:12:46.188864Z,0.4431432877721204,14.293558789861413,-0.015376588914432554,456.7661360279835,7.636650251249581
C,39453,held-out,2024-10-09T20:12:46.188864Z,96.0,2024-10-13T20:12:46.188864Z,-0.5537583638639489,18.47947320013933,-0.01592379706042224,456.7661360279835,7.636650251249581
C,39453,held-out,2024-10-09T20:12:46.188864Z,120.0,2024-10-14T20:12:46.188864Z,-0.013228977114886575,21.249843437270467,0.06259284639234286,456.7661360279835,7.636650251249581
C,39453,held-out,2024-10-09T20:12:46.188864Z,144.0,2024-10-15T20:12:46.188864Z,0.9018247884845421,15.027665471147957,-0.0001259807076829933,456.7661360279835,7.636650251249581
C,39453,held-out,2024-10-09T20:12:46.188864Z,168.0,2024-10-16T20:12:46.188864Z,-1.0416166337615027,9.921527930824874,-0.10249142883290585,456.7661360279835,7.636650251249581
C,39453,held-out,2024-10-10T11:51:19.998144Z,6.0,2024-10-10T17:51:19.998144Z,-0.06609346577009095,-0.064014970203223,-0.19086517163784172,456.70770012349476,7.636682896732429
C,39453,held-out,2024-10-10T11:51:19.998144Z,12.0,2024-10-10T23:51:19.998144Z,0.11887025234061732,0.7385636835694753,0.3152785679674783,456.70770012349476,7.636682896732429
C,39453,held-out,2024-10-10T11:51:19.998144Z,24.0,2024-10-11T11:51:19.998144Z,-0.01891460235849496,3.8584956602005422,-0.32159890075673814,456.70770012349476,7.636682896732429
C,39453,held-out,2024-10-10T11:51:19.998144Z,36.0,2024-10-11T23:51:19.998144Z,0.2697498332109317,9.700893290391948,-0.25043778509806214,456.70770012349476,7.636682896732429
C,39453,held-out,2024-10-10T11:51:19.998144Z,48.0,2024-10-12T11:51:19.998144Z,-0.14242044798843612,16.117190245584705,0.2370145911992685,456.70770012349476,7.636682896732429
C,39453,held-out,2024-10-10T11:51:19.998144Z,72.0,2024-10-13T11:51:19.998144Z,0.3686210015698439,24.591388784783142,0.11517882346888397,456.70770012349476,7.636682896732429
C,39453,held-out,2024-10-10T11:51:19.998144Z,96.0,2024-10-14T11:51:19.998144Z,-0.22546553263395808,29.139002422331338,-0.3526420761194875,456.70770012349476,7.636682896732429
C,39453,held-out,2024-10-10T11:51:19.998144Z,120.0,2024-10-15T11:51:19.998144Z,0.017823022444054537,33.8865145082785,0.3860676115903363,456.70770012349476,7.636682896732429
C,39453,held-out,2024-10-10T11:51:19.998144Z,144.0,2024-10-16T11:51:19.998144Z,0.7771755967729295,32.781511092480315,0.07455393633417007,456.70770012349476,7.636682896732429
C,39453,held-out,2024-10-10T11:51:19.998144Z,168.0,2024-10-17T11:51:19.998144Z,-0.6770305463265238,31.849758625873466,-0.34512785088417175,456.70770012349476,7.636682896732429
C,39453,held-out,2024-10-10T19:40:36.542496Z,6.0,2024-10-11T01:40:36.542496Z,0.1911596617164233,-3.4212863364697492,0.036728939065837185,456.6126022778353,7.636736024469915
C,39453,held-out,2024-10-10T19:40:36.542496Z,12.0,2024-10-11T07:40:36.542496Z,-0.21399591969112897,-3.7106850556429545,-0.11435870975110102,456.6126022778353,7.636736024469915
C,39453,held-out,2024-10-10T19:40:36.542496Z,24.0,2024-10-11T19:40:36.542496Z,-0.18352070090368944,-9.658290226664084,0.14886744513812356,456.6126022778353,7.636736024469915
C,39453,held-out,2024-10-10T19:40:36.542496Z,36.0,2024-10-12T07:40:36.542496Z,0.5909598769610536,-18.168697430916417,0.017944914581646654,456.6126022778353,7.636736024469915
C,39453,held-out,2024-10-10T19:40:36.542496Z,48.0,2024-10-12T19:40:36.542496Z,0.14343526904931814,-30.99510376228139,-0.15609437784085056,456.6126022778353,7.636736024469915
C,39453,held-out,2024-10-10T19:40:36.542496Z,72.0,2024-10-13T19:40:36.542496Z,1.2964450739741942,-73.77058186206158,-0.05479597937278902,456.6126022778353,7.636736024469915
C,39453,held-out,2024-10-10T19:40:36.542496Z,96.0,2024-10-14T19:40:36.542496Z,0.950265627788113,-135.47885180921918,0.04997489372295583,456.6126022778353,7.636736024469915
C,39453,held-out,2024-10-10T19:40:36.542496Z,120.0,2024-10-15T19:40:36.542496Z,3.847283914565459,-212.21609654997383,-0.06510361169430467,456.6126022778353,7.636736024469915
C,39453,held-out,2024-10-10T19:40:36.542496Z,144.0,2024-10-16T19:40:36.542496Z,9.2209180721334,-313.58170697666884,-0.026623829048091352,456.6126022778353,7.636736024469915
C,39453,held-out,2024-10-10T19:40:36.542496Z,168.0,2024-10-17T19:40:36.542496Z,12.400309320365608,-428.69505379289967,-0.012996954890098777,456.6126022778353,7.636736024469915
C,39453,held-out,2024-10-11T03:29:52.984032Z,6.0,2024-10-11T09:29:52.984032Z,0.23459514523760816,-1.354446708800943,-0.094744614456587,456.5363340635058,7.636778633572543
C,39453,held-out,2024-10-11T03:29:52.984032Z,12.0,2024-10-11T15:29:52.984032Z,0.1690577320554767,-8.758769205865162,-0.1456977928316039,456.5363340635058,7.636778633572543
C,39453,held-out,2024-10-11T03:29:52.984032Z,24.0,2024-10-12T03:29:52.984032Z,0.2762276030420203,-27.490415229920284,0.20362061163725764,456.5363340635058,7.636778633572543
C,39453,held-out,2024-10-11T03:29:52.984032Z,36.0,2024-10-12T15:29:52.984032Z,0.8522185059209324,-57.42918840230717,0.16459084085915054,456.5363340635058,7.636778633572543
C,39453,held-out,2024-10-11T03:29:52.984032Z,48.0,2024-10-13T03:29:52.984032Z,1.2829577925175855,-98.91122276273396,-0.011403968083644855,456.5363340635058,7.636778633572543
C,39453,held-out,2024-10-11T03:29:52.984032Z,72.0,2024-10-14T03:29:52.984032Z,5.171765311883597,-219.71989369538977,-0.2277775517584839,456.5363340635058,7.636778633572543
C,39453,held-out,2024-10-11T03:29:52.984032Z,96.0,2024-10-15T03:29:52.984032Z,11.27157217074307,-388.3134888098019,0.17972919608750715,456.5363340635058,7.636778633572543
C,39453,held-out,2024-10-11T03:29:52.984032Z,120.0,2024-10-16T03:29:52.984032Z,27.839032703003397,-598.8077880651604,-0.027932547599903046,456.5363340635058,7.636778633572543
C,39453,held-out,2024-10-11T03:29:52.984032Z,144.0,2024-10-17T03:29:52.984032Z,58.727862761903395,-863.1055865139908,-0.18661838269113673,456.5363340635058,7.636778633572543
C,39453,held-out,2024-10-11T03:29:52.984032Z,168.0,2024-10-18T03:29:52.984032Z,99.93225922780329,-1168.8153817517425,0.2235622001987423,456.5363340635058,7.636778633572543
C,39453,held-out,2024-10-11T11:19:08.753376Z,6.0,2024-10-11T17:19:08.753376Z,-0.039886519625982,-0.6077693707107543,-0.1771623935203233,456.54512184180476,7.636773724028989
C,39453,held-out,2024-10-11T11:19:08.753376Z,12.0,2024-10-11T23:19:08.753376Z,0.07069143470007491,-0.36692454126197466,0.3018743757642924,456.54512184180476,7.636773724028989
C,39453,held-out,2024-10-11T11:19:08.753376Z,24.0,2024-10-12T11:19:08.753376Z,0.0438612267399936,-5.138018962105999,-0.26187062517789494,456.54512184180476,7.636773724028989
C,39453,held-out,2024-10-11T11:19:08.753376Z,36.0,2024-10-12T23:19:08.753376Z,0.5135849312673368,-12.91029598968824,-0.2268114631657357,456.54512184180476,7.636773724028989
C,39453,held-out,2024-10-11T11:19:08.753376Z,48.0,2024-10-13T11:19:08.753376Z,0.12074525050109663,-23.822918737118606,0.265560935901477,456.54512184180476,7.636773724028989
C,39453,held-out,2024-10-11T11:19:08.753376Z,72.0,2024-10-14T11:19:08.753376Z,1.1548504068560064,-60.00358206384953,0.04339554625008213,456.54512184180476,7.636773724028989
C,39453,held-out,2024-10-11T11:19:08.753376Z,96.0,2024-10-15T11:19:08.753376Z,0.7193172774581811,-112.00076594402701,-0.32320682189249794,456.54512184180476,7.636773724028989
C,39453,held-out,2024-10-11T11:19:08.753376Z,120.0,2024-10-16T11:19:08.753376Z,2.6966405091034638,-173.8404357475497,0.36585638094565454,456.54512184180476,7.636773724028989
C,39453,held-out,2024-10-11T11:19:08.753376Z,144.0,2024-10-17T11:19:08.753376Z,6.606841276570577,-255.8538580723426,0.014698644185985543,456.54512184180476,7.636773724028989
C,39453,held-out,2024-10-11T11:19:08.753376Z,168.0,2024-10-18T11:19:08.753376Z,8.127212086501032,-349.8417618393381,-0.31810731727205166,456.54512184180476,7.636773724028989
C,39453,held-out,2024-10-11T12:52:59.878560Z,6.0,2024-10-11T18:52:59.878560Z,0.025555648536702433,-0.24737874419639957,-0.26723115982604406,456.5325541747334,7.6367807453183705
C,39453,held-out,2024-10-11T12:52:59.878560Z,12.0,2024-10-12T00:52:59.878560Z,0.1472164758278538,-1.7329186602241544,0.21951045665218794,456.5325541747334,7.6367807453183705
C,39453,held-out,2024-10-11T12:52:59.878560Z,24.0,2024-10-12T12:52:59.878560Z,0.16216195166929204,-6.631003785602227,-0.23834606175458695,456.5325541747334,7.6367807453183705
C,39453,held-out,2024-10-11T12:52:59.878560Z,36.0,2024-10-13T00:52:59.878560Z,0.35985834748939616,-15.206022361364775,-0.26706161560888697,456.5325541747334,7.6367807453183705
C,39453,held-out,2024-10-11T12:52:59.878560Z,48.0,2024-10-13T12:52:59.878560Z,0.10059722163442508,-26.84284594384679,0.19788515648604266,456.5325541747334,7.6367807453183705
C,39453,held-out,2024-10-11T12:52:59.878560Z,72.0,2024-10-14T12:52:59.878560Z,1.0725075353259896,-63.559465023495996,0.1516097407208845,456.5325541747334,7.6367807453183705
C,39453,held-out,2024-10-11T12:52:59.878560Z,96.0,2024-10-15T12:52:59.878560Z,0.8896621491140664,-116.42878564140533,-0.2971815602262602,456.5325541747334,7.6367807453183705
C,39453,held-out,2024-10-11T12:52:59.878560Z,120.0,2024-10-16T12:52:59.878560Z,2.7997347999903894,-179.49701071775954,0.28036815821236516,456.5325541747334,7.6367807453183705
C,39453,held-out,2024-10-11T12:52:59.878560Z,144.0,2024-10-17T12:52:59.878560Z,6.733726481551884,-261.74249052672224,0.11155587687851565,456.5325541747334,7.6367807453183705
C,39453,held-out,2024-10-11T12:52:59.878560Z,168.0,2024-10-18T12:52:59.878560Z,8.539838620780728,-356.51300806335473,-0.30251496164459013,456.5325541747334,7.6367807453183705
C,39453,held-out,2024-10-11T20:42:15.407712Z,6.0,2024-10-12T02:42:15.407712Z,-0.019942326593370585,-1.1534832237098565,-0.07057747961173841,456.4967228432397,7.636800763630609
C,39453,held-out,2024-10-11T20:42:15.407712Z,12.0,2024-10-12T08:42:15.407712Z,-0.12630965931549137,0.3911553675704724,-0.00859448793093133,456.4967228432397,7.636800763630609
C,39453,held-out,2024-10-11T20:42:15.407712Z,24.0,2024-10-12T20:42:15.407712Z,-0.09967258762542563,-3.4011575902546047,-0.03556310246393812,456.4967228432397,7.636800763630609
C,39453,held-out,2024-10-11T20:42:15.407712Z,36.0,2024-10-13T08:42:15.407712Z,0.49993429232593356,-7.769767295995717,-0.0390474354199771,456.4967228432397,7.636800763630609
C,39453,held-out,2024-10-11T20:42:15.407712Z,48.0,2024-10-13T20:42:15.407712Z,-0.020227276117307902,-13.803213461997798,0.08595185156678387,456.4967228432397,7.636800763630609
C,39453,held-out,2024-10-11T20:42:15.407712Z,72.0,2024-10-14T20:42:15.407712Z,0.8771045992269606,-35.69979701480063,-0.013701165168592544,456.4967228432397,7.636800763630609
C,39453,held-out,2024-10-11T20:42:15.407712Z,96.0,2024-10-15T20:42:15.407712Z,-0.1697864578863637,-64.72337010393022,-0.11400409821419011,456.4967228432397,7.636800763630609
C,39453,held-out,2024-10-11T20:42:15.407712Z,120.0,2024-10-16T20:42:15.407712Z,0.8798889093970015,-96.5647865836115,0.1678648001726355,456.4967228432397,7.636800763630609
C,39453,held-out,2024-10-11T20:42:15.407712Z,144.0,2024-10-17T20:42:15.407712Z,2.874324890789964,-141.79312037156208,0.03196274255859066,456.4967228432397,7.636800763630609
C,39453,held-out,2024-10-11T20:42:15.407712Z,168.0,2024-10-18T20:42:15.407712Z,1.5522747937365864,-191.1846480600629,-0.1574228193604057,456.4967228432397,7.636800763630609
C,39453,held-out,2024-10-12T02:57:39.675168Z,6.0,2024-10-12T08:57:39.675168Z,0.13099179110816644,0.8946734738234051,-0.12127181977626675,456.4715791177032,7.636814811066065
C,39453,held-out,2024-10-12T02:57:39.675168Z,12.0,2024-10-12T14:57:39.675168Z,0.04054678209513285,-1.7074912514610803,-0.12705358010780285,456.4715791177032,7.636814811066065
C,39453,held-out,2024-10-12T02:57:39.675168Z,24.0,2024-10-13T02:57:39.675168Z,-0.01785060137002592,-3.5387944363539816,0.12388697067500998,456.4715791177032,7.636814811066065
C,39453,held-out,2024-10-12T02:57:39.675168Z,36.0,2024-10-13T14:57:39.675168Z,0.05276489842816834,-6.538525046082555,0.1800202638606775,456.4715791177032,7.636814811066065
C,39453,held-out,2024-10-12T02:57:39.675168Z,48.0,2024-10-14T02:57:39.675168Z,0.07299156224876491,-10.988602064915185,0.09891614541676219,456.4715791177032,7.636814811066065
C,39453,held-out,2024-10-12T02:57:39.675168Z,72.0,2024-10-15T02:57:39.675168Z,0.5183263879999922,-24.900590564417517,-0.21248542711844431,456.4715791177032,7.636814811066065
C,39453,held-out,2024-10-12T02:57:39.675168Z,96.0,2024-10-16T02:57:39.675168Z,-0.25872258130254977,-41.891584753319094,0.1200077838295237,456.4715791177032,7.636814811066065
C,39453,held-out,2024-10-12T02:57:39.675168Z,120.0,2024-10-17T02:57:39.675168Z,0.42882417363017566,-60.10876711658403,0.04703767472191256,456.4715791177032,7.636814811066065
C,39453,held-out,2024-10-12T02:57:39.675168Z,144.0,2024-10-18T02:57:39.675168Z,1.5036697750107813,-86.81721822330007,-0.1238270646776618,456.4715791177032,7.636814811066065
C,39453,held-out,2024-10-12T02:57:39.675168Z,168.0,2024-10-19T02:57:39.675168Z,-0.04524014984977498,-114.08520335492155,0.11228742791282631,456.4715791177032,7.636814811066065
C,39453,held-out,2024-10-12T12:20:45.943296Z,6.0,2024-10-12T18:20:45.943296Z,-0.019193913434035315,0.11932744339111792,-0.22135330953384896,456.4452282675775,7.636829532987745
C,39453,held-out,2024-10-12T12:20:45.943296Z,12.0,2024-10-13T00:20:45.943296Z,0.12889797897312832,-0.20506896681315895,0.22786891653840596,456.4452282675775,7.636829532987745
C,39453,held-out,2024-10-12T12:20:45.943296Z,24.0,2024-10-13T12:20:45.943296Z,0.13483153553049776,-1.316726432852078,-0.2708604898914142,456.4452282675775,7.636829532987745
C,39453,held-out,2024-10-12T12:20:45.943296Z,36.0,2024-10-14T00:20:45.943296Z,0.23363628254076946,-3.318620427244776,-0.2604006533713582,456.4452282675775,7.636829532987745
C,39453,held-out,2024-10-12T12:20:45.943296Z,48.0,2024-10-14T12:20:45.943296Z,-0.12704106454942998,-4.900775039975186,0.3042278092510834,456.4452282675775,7.636829532987745
C,39453,held-out,2024-10-12T12:20:45.943296Z,72.0,2024-10-15T12:20:45.943296Z,0.5004535225784941,-11.73444506443872,0.1972882199260933,456.4452282675775,7.636829532987745
C,39453,held-out,2024-10-12T12:20:45.943296Z,96.0,2024-10-16T12:20:45.943296Z,-0.2659997048843916,-19.70224867879215,-0.3216596159896412,456.4452282675775,7.636829532987745
C,39453,held-out,2024-10-12T12:20:45.943296Z,120.0,2024-10-17T12:20:45.943296Z,-0.004846537293767383,-26.129723524657013,0.31421638905612514,456.4452282675775,7.636829532987745
C,39453,held-out,2024-10-12T12:20:45.943296Z,144.0,2024-10-18T12:20:45.943296Z,0.9991988299245733,-38.24250546116588,0.2037559650258165,456.4452282675775,7.636829532987745
C,39453,held-out,2024-10-12T12:20:45.943296Z,168.0,2024-10-19T12:20:45.943296Z,-0.7230013049015831,-48.69110371682756,-0.3344425069723522,456.4452282675775,7.636829532987745
C,39453,held-out,2024-10-12T20:10:00.942816Z,6.0,2024-10-13T02:10:00.942816Z,0.0066005401095908245,-1.1032623187210486,-0.03781458382373035,456.414178760745,7.636846880105006
C,39453,held-out,2024-10-12T20:10:00.942816Z,12.0,2024-10-13T08:10:00.942816Z,-0.15331933753962304,0.49441666612237495,0.004117306441519392,456.414178760745,7.636846880105006
C,39453,held-out,2024-10-12T20:10:00.942816Z,24.0,2024-10-13T20:10:00.942816Z,-0.1692085643983362,-1.7697783882602112,0.009542780966302039,456.414178760745,7.636846880105006
C,39453,held-out,2024-10-12T20:10:00.942816Z,36.0,2024-10-14T08:10:00.942816Z,0.4579231405520703,-3.8954654323385283,-0.0378236286011725,456.414178760745,7.636846880105006
C,39453,held-out,2024-10-12T20:10:00.942816Z,48.0,2024-10-14T20:10:00.942816Z,-0.09079659620779301,-6.301875006460061,0.011583327787132225,456.414178760745,7.636846880105006
C,39453,held-out,2024-10-12T20:10:00.942816Z,72.0,2024-10-15T20:10:00.942816Z,0.6485014700265852,-15.701969578526214,0.005772473938698619,456.414178760745,7.636846880105006
C,39453,held-out,2024-10-12T20:10:00.942816Z,96.0,2024-10-16T20:10:00.942816Z,-0.5144119031398802,-25.36427866885755,-0.07972637130399196,456.414178760745,7.636846880105006
C,39453,held-out,2024-10-12T20:10:00.942816Z,120.0,2024-10-17T20:10:00.942816Z,0.14253488663419134,-33.221001575030094,0.04273750069798776,456.414178760745,7.636846880105006
C,39453,held-out,2024-10-12T20:10:00.942816Z,144.0,2024-10-18T20:10:00.942816Z,1.2380168220677668,-49.31907183428777,0.12431918051636837,456.414178760745,7.636846880105006
C,39453,held-out,2024-10-12T20:10:00.942816Z,168.0,2024-10-19T20:10:00.942816Z,-0.8901826151431216,-61.97448400271598,-0.10228835988576312,456.414178760745,7.636846880105006
