hour_utc,constellation,n_catalogued,n_above,mean_simultaneous,max_simultaneous
2024-04-20T00:00:00Z,GPS,75,28,21.083333333333332,26
2024-04-20T00:00:00Z,GLONASS,143,46,40.05,42
2024-04-20T00:00:00Z,Galileo,28,8,7.383333333333334,8
2024-04-20T00:00:00Z,BeiDou,54,18,17.183333333333334,18
2024-04-20T00:00:00Z,NavIC,9,5,5.0,5
2024-04-20T00:00:00Z,QZSS,5,0,0.0,0
2024-04-20T00:00:00Z,Iridium,109,23,2.683333333333333,6
2024-04-20T00:00:00Z,Globalstar,85,32,7.1,10
2024-04-20T00:00:00Z,Inmarsat,20,9,9.0,9
2024-04-20T00:00:00Z,Starlink,5819,1246,124.26666666666667,139
2024-04-20T00:00:00Z,OneWeb,634,131,21.166666666666668,25
2024-04-20T01:00:00Z,GPS,75,31,25.366666666666667,27
2024-04-20T01:00:00Z,GLONASS,143,49,38.6,41
2024-04-20T01:00:00Z,Galileo,28,11,8.566666666666666,10
2024-04-20T01:00:00Z,BeiDou,54,19,17.233333333333334,18
2024-04-20T01:00:00Z,NavIC,9,5,5.0,5
2024-04-20T01:00:00Z,QZSS,5,0,0.0,0
2024-04-20T01:00:00Z,Iridium,109,22,2.9166666666666665,5
2024-04-20T01:00:00Z,Globalstar,85,25,5.016666666666667,9
2024-04-20T01:00:00Z,Inmarsat,20,9,9.0,9
2024-04-20T01:00:00Z,Starlink,5819,1184,114.68333333333334,145
2024-04-20T01:00:00Z,OneWeb,634,129,21.433333333333334,25
2024-04-20T02:00:00Z,GPS,75,29,24.216666666666665,25
2024-04-20T02:00:00Z,GLONASS,143,53,40.65,48
2024-04-20T02:00:00Z,Galileo,28,12,9.85,11
2024-04-20T02:00:00Z,BeiDou,54,17,15.866666666666667,17
2024-04-20T02:00:00Z,NavIC,9,5,5.0,5
2024-04-20T02:00:00Z,QZSS,5,0,0.0,0
2024-04-20T02:00:00Z,Iridium,109,19,1.9333333333333333,4
2024-04-20T02:00:00Z,Globalstar,85,32,7.133333333333334,10
2024-04-20T02:00:00Z,Inmarsat,20,9,9.0,9
2024-04-20T02:00:00Z,Starlink,5819,1187,114.13333333333334,131
2024-04-20T02:00:00Z,OneWeb,634,127,20.683333333333334,24
2024-04-20T03:00:00Z,GPS,75,29,25.166666666666668,26
2024-04-20T03:00:00Z,GLONASS,143,59,47.65,51
2024-04-20T03:00:00Z,Galileo,28,11,10.866666666666667,11
2024-04-20T03:00:00Z,BeiDou,54,19,15.333333333333334,18
2024-04-20T03:00:00Z,NavIC,9,5,5.0,5
2024-04-20T03:00:00Z,QZSS,5,0,0.0,0
2024-04-20T03:00:00Z,Iridium,109,16,1.95,4
2024-04-20T03:00:00Z,Globalstar,85,17,3.7,6
2024-04-20T03:00:00Z,Inmarsat,20,9,9.0,9
2024-04-20T03:00:00Z,Starlink,5819,1127,112.53333333333333,127
2024-04-20T03:00:00Z,OneWeb,634,127,20.6,24
2024-04-20T04:00:00Z,GPS,75,28,24.266666666666666,26
2024-04-20T04:00:00Z,GLONASS,143,55,48.483333333333334,51
2024-04-20T04:00:00Z,Galileo,28,11,9.8,10
2024-04-20T04:00:00Z,BeiDou,54,19,17.783333333333335,18
2024-04-20T04:00:00Z,NavIC,9,5,5.0,5
2024-04-20T04:00:00Z,QZSS,5,0,0.0,0
2024-04-20T04:00:00Z,Iridium,109,17,1.8666666666666667,4
2024-04-20T04:00:00Z,Globalstar,85,29,5.733333333333333,11
2024-04-20T04:00:00Z,Inmarsat,20,9,9.0,9
2024-04-20T04:00:00Z,Starlink,5819,1239,121.23333333333333,130
2024-04-20T04:00:00Z,OneWeb,634,128,20.616666666666667,24
2024-04-20T05:00:00Z,GPS,75,25,20.366666666666667,22
2024-04-20T05:00:00Z,GLONASS,143,55,49.35,51
2024-04-20T05:00:00Z,Galileo,28,10,6.883333333333334,9
2024-04-20T05:00:00Z,BeiDou,54,18,16.633333333333333,17
2024-04-20T05:00:00Z,NavIC,9,5,5.0,5
2024-04-20T05:00:00Z,QZSS,5,0,0.0,0
2024-04-20T05:00:00Z,Iridium,109,13,1.6666666666666667,5
2024-04-20T05:00:00Z,Globalstar,85,29,4.816666666666666,11
2024-04-20T05:00:00Z,Inmarsat,20,9,9.0,9
2024-04-20T05:00:00Z,Starlink,5819,1185,116.78333333333333,127
2024-04-20T05:00:00Z,OneWeb,634,120,19.466666666666665,23
2024-04-20T06:00:00Z,GPS,75,24,20.6,22
2024-04-20T06:00:00Z,GLONASS,143,58,47.0,50
2024-04-20T06:00:00Z,Galileo,28,8,7.75,8
2024-04-20T06:00:00Z,BeiDou,54,19,17.316666666666666,19
2024-04-20T06:00:00Z,NavIC,9,5,5.0,5
2024-04-20T06:00:00Z,QZSS,5,0,0.0,0
2024-04-20T06:00:00Z,Iridium,109,20,2.5,5
2024-04-20T06:00:00Z,Globalstar,85,31,6.433333333333334,11
2024-04-20T06:00:00Z,Inmarsat,20,9,9.0,9
2024-04-20T06:00:00Z,Starlink,5819,1212,119.51666666666667,136
2024-04-20T06:00:00Z,OneWeb,634,130,21.516666666666666,26
2024-04-20T07:00:00Z,GPS,75,21,18.066666666666666,19
2024-04-20T07:00:00Z,GLONASS,143,59,50.15,52
2024-04-20T07:00:00Z,Galileo,28,8,7.033333333333333,8
2024-04-20T07:00:00Z,BeiDou,54,21,18.266666666666666,19
2024-04-20T07:00:00Z,NavIC,9,5,5.0,5
2024-04-20T07:00:00Z,QZSS,5,0,0.0,0
2024-04-20T07:00:00Z,Iridium,109,17,2.0833333333333335,4
2024-04-20T07:00:00Z,Globalstar,85,29,6.433333333333334,11
2024-04-20T07:00:00Z,Inmarsat,20,9,9.0,9
2024-04-20T07:00:00Z,Starlink,5819,1225,121.38333333333334,134
2024-04-20T07:00:00Z,OneWeb,634,126,20.316666666666666,24
2024-04-20T08:00:00Z,GPS,75,23,18.866666666666667,21
2024-04-20T08:00:00Z,GLONASS,143,60,49.333333333333336,54
2024-04-20T08:00:00Z,Galileo,28,9,7.4,8
2024-04-20T08:00:00Z,BeiDou,54,22,18.316666666666666,20
2024-04-20T08:00:00Z,NavIC,9,5,5.0,5
2024-04-20T08:00:00Z,QZSS,5,0,0.0,0
2024-04-20T08:00:00Z,Iridium,109,17,2.066666666666667,3
2024-04-20T08:00:00Z,Globalstar,85,29,6.483333333333333,10
2024-04-20T08:00:00Z,Inmarsat,20,9,9.0,9
2024-04-20T08:00:00Z,Starlink,5819,1221,120.66666666666667,143
2024-04-20T08:00:00Z,OneWeb,634,141,22.35,25
2024-04-20T09:00:00Z,GPS,75,24,20.3,22
2024-04-20T09:00:00Z,GLONASS,143,63,46.733333333333334,51
2024-04-20T09:00:00Z,Galileo,28,8,6.733333333333333,7
2024-04-20T09:00:00Z,BeiDou,54,21,18.666666666666668,20
2024-04-20T09:00:00Z,NavIC,9,5,5.0,5
2024-04-20T09:00:00Z,QZSS,5,0,0.0,0
2024-04-20T09:00:00Z,Iridium,109,19,2.183333333333333,5
2024-04-20T09:00:00Z,Globalstar,85,32,7.216666666666667,10
2024-04-20T09:00:00Z,Inmarsat,20,9,9.0,9
2024-04-20T09:00:00Z,Starlink,5819,1157,113.95,128
2024-04-20T09:00:00Z,OneWeb,634,140,23.5,28
2024-04-20T10:00:00Z,GPS,75,26,20.35,23
2024-04-20T10:00:00Z,GLONASS,143,56,47.9,51
2024-04-20T10:00:00Z,Galileo,28,10,6.533333333333333,8
2024-04-20T10:00:00Z,BeiDou,54,20,16.566666666666666,19
2024-04-20T10:00:00Z,NavIC,9,5,5.0,5
2024-04-20T10:00:00Z,QZSS,5,0,0.0,0
2024-04-20T10:00:00Z,Iridium,109,12,1.7666666666666666,4
2024-04-20T10:00:00Z,Globalstar,85,32,6.616666666666666,10
2024-04-20T10:00:00Z,Inmarsat,20,9,9.0,9
2024-04-20T10:00:00Z,Starlink,5819,1151,113.85,131
2024-04-20T10:00:00Z,OneWeb,634,139,23.3,27
2024-04-20T11:00:00Z,GPS,75,24,21.333333333333332,23
2024-04-20T11:00:00Z,GLONASS,143,46,37.53333333333333,42
2024-04-20T11:00:00Z,Galileo,28,8,7.983333333333333,8
2024-04-20T11:00:00Z,BeiDou,54,19,15.916666666666666,17
2024-04-20T11:00:00Z,NavIC,9,5,5.0,5
2024-04-20T11:00:00Z,QZSS,5,0,0.0,0
2024-04-20T11:00:00Z,Iridium,109,22,2.5833333333333335,6
2024-04-20T11:00:00Z,Globalstar,85,34,7.233333333333333,13
2024-04-20T11:00:00Z,Inmarsat,20,9,9.0,9
2024-04-20T11:00:00Z,Starlink,5819,1171,115.16666666666667,126
2024-04-20T11:00:00Z,OneWeb,634,140,22.666666666666668,26
2024-04-20T12:00:00Z,GPS,75,26,22.616666666666667,24
2024-04-20T12:00:00Z,GLONASS,143,39,32.28333333333333,34
2024-04-20T12:00:00Z,Galileo,28,8,6.85,7
2024-04-20T12:00:00Z,BeiDou,54,18,16.966666666666665,17
2024-04-20T12:00:00Z,NavIC,9,5,5.0,5
2024-04-20T12:00:00Z,QZSS,5,0,0.0,0
2024-04-20T12:00:00Z,Iridium,109,15,1.8333333333333333,4
2024-04-20T12:00:00Z,Globalstar,85,31,6.233333333333333,11
2024-04-20T12:00:00Z,Inmarsat,20,9,9.0,9
2024-04-20T12:00:00Z,Starlink,5819,1153,113.85,126
2024-04-20T12:00:00Z,OneWeb,634,130,21.5,25
2024-04-20T13:00:00Z,GPS,75,23,22.8,23
2024-04-20T13:00:00Z,GLONASS,143,35,31.166666666666668,33
2024-04-20T13:00:00Z,Galileo,28,6,4.883333333333334,5
2024-04-20T13:00:00Z,BeiDou,54,18,16.516666666666666,17
2024-04-20T13:00:00Z,NavIC,9,5,5.0,5
2024-04-20T13:00:00Z,QZSS,5,0,0.0,0
2024-04-20T13:00:00Z,Iridium,109,23,2.683333333333333,5
2024-04-20T13:00:00Z,Globalstar,85,33,5.966666666666667,14
2024-04-20T13:00:00Z,Inmarsat,20,9,9.0,9
2024-04-20T13:00:00Z,Starlink,5819,1235,119.53333333333333,139
2024-04-20T13:00:00Z,OneWeb,634,130,21.283333333333335,24
2024-04-20T14:00:00Z,GPS,75,27,22.066666666666666,23
2024-04-20T14:00:00Z,GLONASS,143,36,26.783333333333335,30
2024-04-20T14:00:00Z,Galileo,28,6,5.466666666666667,6
2024-04-20T14:00:00Z,BeiDou,54,19,17.083333333333332,18
2024-04-20T14:00:00Z,NavIC,9,5,5.0,5
2024-04-20T14:00:00Z,QZSS,5,0,0.0,0
2024-04-20T14:00:00Z,Iridium,109,15,1.8166666666666667,4
2024-04-20T14:00:00Z,Globalstar,85,40,8.533333333333333,14
2024-04-20T14:00:00Z,Inmarsat,20,9,9.0,9
2024-04-20T14:00:00Z,Starlink,5819,1279,125.65,139
2024-04-20T14:00:00Z,OneWeb,634,127,20.766666666666666,24
2024-04-20T15:00:00Z,GPS,75,24,19.816666666666666,21
2024-04-20T15:00:00Z,GLONASS,143,38,29.033333333333335,31
2024-04-20T15:00:00Z,Galileo,28,7,6.0,6
2024-04-20T15:00:00Z,BeiDou,54,20,18.883333333333333,20
2024-04-20T15:00:00Z,NavIC,9,5,5.0,5
2024-04-20T15:00:00Z,QZSS,5,1,0.43333333333333335,1
2024-04-20T15:00:00Z,Iridium,109,17,1.85,4
2024-04-20T15:00:00Z,Globalstar,85,32,5.833333333333333,10
2024-04-20T15:00:00Z,Inmarsat,20,9,9.0,9
2024-04-20T15:00:00Z,Starlink,5819,1287,128.03333333333333,141
2024-04-20T15:00:00Z,OneWeb,634,126,20.45,25
2024-04-20T16:00:00Z,GPS,75,20,17.516666666666666,19
2024-04-20T16:00:00Z,GLONASS,143,43,35.333333333333336,39
2024-04-20T16:00:00Z,Galileo,28,9,6.966666666666667,9
2024-04-20T16:00:00Z,BeiDou,54,20,17.433333333333334,19
2024-04-20T16:00:00Z,NavIC,9,5,5.0,5
2024-04-20T16:00:00Z,QZSS,5,1,1.0,1
2024-04-20T16:00:00Z,Iridium,109,16,2.033333333333333,4
2024-04-20T16:00:00Z,Globalstar,85,38,8.066666666666666,13
2024-04-20T16:00:00Z,Inmarsat,20,9,9.0,9
2024-04-20T16:00:00Z,Starlink,5819,1268,124.2,141
2024-04-20T16:00:00Z,OneWeb,634,123,20.183333333333334,23
2024-04-20T17:00:00Z,GPS,75,20,16.6,18
2024-04-20T17:00:00Z,GLONASS,143,51,39.85,44
2024-04-20T17:00:00Z,Galileo,28,10,9.5,10
2024-04-20T17:00:00Z,BeiDou,54,17,16.266666666666666,17
2024-04-20T17:00:00Z,NavIC,9,5,4.1,5
2024-04-20T17:00:00Z,QZSS,5,1,1.0,1
2024-04-20T17:00:00Z,Iridium,109,17,2.0166666666666666,4
2024-04-20T17:00:00Z,Globalstar,85,32,6.2,12
2024-04-20T17:00:00Z,Inmarsat,20,9,9.0,9
2024-04-20T17:00:00Z,Starlink,5819,1197,115.61666666666666,128
2024-04-20T17:00:00Z,OneWeb,634,127,20.45,26
2024-04-20T18:00:00Z,GPS,75,20,17.75,19
2024-04-20T18:00:00Z,GLONASS,143,52,41.25,44
2024-04-20T18:00:00Z,Galileo,28,11,8.433333333333334,10
2024-04-20T18:00:00Z,BeiDou,54,15,14.583333333333334,15
2024-04-20T18:00:00Z,NavIC,9,5,4.166666666666667,5
2024-04-20T18:00:00Z,QZSS,5,1,1.0,1
2024-04-20T18:00:00Z,Iridium,109,15,1.8666666666666667,4
2024-04-20T18:00:00Z,Globalstar,85,29,6.616666666666666,10
2024-04-20T18:00:00Z,Inmarsat,20,9,9.0,9
2024-04-20T18:00:00Z,Starlink,5819,1211,116.66666666666667,139
2024-04-20T18:00:00Z,OneWeb,634,126,20.483333333333334,24
2024-04-20T19:00:00Z,GPS,75,26,20.55,22
2024-04-20T19:00:00Z,GLONASS,143,49,34.96666666666667,42
2024-04-20T19:00:00Z,Galileo,28,10,9.2,10
2024-04-20T19:00:00Z,BeiDou,54,18,15.416666666666666,17
2024-04-20T19:00:00Z,NavIC,9,5,5.0,5
2024-04-20T19:00:00Z,QZSS,5,1,1.0,1
2024-04-20T19:00:00Z,Iridium,109,22,2.3833333333333333,6
2024-04-20T19:00:00Z,Globalstar,85,31,7.25,15
2024-04-20T19:00:00Z,Inmarsat,20,9,9.0,9
2024-04-20T19:00:00Z,Starlink,5819,1221,120.25,138
2024-04-20T19:00:00Z,OneWeb,634,127,21.066666666666666,25
2024-04-20T20:00:00Z,GPS,75,27,21.0,22
2024-04-20T20:00:00Z,GLONASS,143,37,31.5,33
2024-04-20T20:00:00Z,Galileo,28,11,8.866666666666667,11
2024-04-20T20:00:00Z,BeiDou,54,15,15.0,15
2024-04-20T20:00:00Z,NavIC,9,5,5.0,5
2024-04-20T20:00:00Z,QZSS,5,1,0.15,1
2024-04-20T20:00:00Z,Iridium,109,16,2.283333333333333,4
2024-04-20T20:00:00Z,Globalstar,85,27,5.8,9
2024-04-20T20:00:00Z,Inmarsat,20,9,9.0,9
2024-04-20T20:00:00Z,Starlink,5819,1236,123.21666666666667,151
2024-04-20T20:00:00Z,OneWeb,634,125,19.883333333333333,24
2024-04-20T21:00:00Z,GPS,75,24,22.5,23
2024-04-20T21:00:00Z,GLONASS,143,36,30.283333333333335,31
2024-04-20T21:00:00Z,Galileo,28,8,6.95,7
2024-04-20T21:00:00Z,BeiDou,54,16,15.033333333333333,16
2024-04-20T21:00:00Z,NavIC,9,5,5.0,5
2024-04-20T21:00:00Z,QZSS,5,0,0.0,0
2024-04-20T21:00:00Z,Iridium,109,17,1.9166666666666667,4
2024-04-20T21:00:00Z,Globalstar,85,30,6.283333333333333,11
2024-04-20T21:00:00Z,Inmarsat,20,9,9.0,9
2024-04-20T21:00:00Z,Starlink,5819,1180,115.98333333333333,126
2024-04-20T21:00:00Z,OneWeb,634,130,21.4,25
2024-04-20T22:00:00Z,GPS,75,25,22.5,24
2024-04-20T22:00:00Z,GLONASS,143,39,31.316666666666666,33
2024-04-20T22:00:00Z,Galileo,28,10,8.016666666666667,9
2024-04-20T22:00:00Z,BeiDou,54,18,15.5,17
2024-04-20T22:00:00Z,NavIC,9,5,5.0,5
2024-04-20T22:00:00Z,QZSS,5,0,0.0,0
2024-04-20T22:00:00Z,Iridium,109,12,1.7,4
2024-04-20T22:00:00Z,Globalstar,85,26,5.616666666666666,9
2024-04-20T22:00:00Z,Inmarsat,20,9,9.0,9
2024-04-20T22:00:00Z,Starlink,5819,1291,125.41666666666667,148
2024-04-20T22:00:00Z,OneWeb,634,128,20.4,27
2024-04-20T23:00:00Z,GPS,75,23,21.216666666666665,22
2024-04-20T23:00:00Z,GLONASS,143,43,33.45,37
2024-04-20T23:00:00Z,Galileo,28,10,8.883333333333333,9
2024-04-20T23:00:00Z,BeiDou,54,17,16.233333333333334,17
2024-04-20T23:00:00Z,NavIC,9,5,5.0,5
2024-04-20T23:00:00Z,QZSS,5,0,0.0,0
2024-04-20T23:00:00Z,Iridium,109,18,2.15,5
2024-04-20T23:00:00Z,Globalstar,85,30,6.516666666666667,10
2024-04-20T23:00:00Z,Inmarsat,20,9,9.0,9
2024-04-20T23:00:00Z,Starlink,5819,1241,121.73333333333333,137
2024-04-20T23:00:00Z,OneWeb,634,134,21.866666666666667,28
2024-04-21T00:00:00Z,GPS,75,26,20.983333333333334,25
2024-04-21T00:00:00Z,GLONASS,143,50,39.266666666666666,44
2024-04-21T00:00:00Z,Galileo,28,12,9.366666666666667,11
2024-04-21T00:00:00Z,BeiDou,54,17,15.466666666666667,17
2024-04-21T00:00:00Z,NavIC,9,5,5.0,5
2024-04-21T00:00:00Z,QZSS,5,0,0.0,0
2024-04-21T00:00:00Z,Iridium,109,21,2.6333333333333333,6
2024-04-21T00:00:00Z,Globalstar,85,28,5.233333333333333,9
2024-04-21T00:00:00Z,Inmarsat,20,9,9.0,9
2024-04-21T00:00:00Z,Starlink,5819,1242,124.0,142
2024-04-21T00:00:00Z,OneWeb,634,128,21.283333333333335,26
2024-04-21T01:00:00Z,GPS,75,29,22.933333333333334,25
2024-04-21T01:00:00Z,GLONASS,143,61,49.266666666666666,55
2024-04-21T01:00:00Z,Galileo,28,12,11.4,12
2024-04-21T01:00:00Z,BeiDou,54,17,14.833333333333334,16
2024-04-21T01:00:00Z,NavIC,9,5,5.0,5
2024-04-21T01:00:00Z,QZSS,5,0,0.0,0
2024-04-21T01:00:00Z,Iridium,109,22,2.716666666666667,5
2024-04-21T01:00:00Z,Globalstar,85,31,6.716666666666667,9
2024-04-21T01:00:00Z,Inmarsat,20,9,9.0,9
2024-04-21T01:00:00Z,Starlink,5819,1184,114.8,132
2024-04-21T01:00:00Z,OneWeb,634,129,21.216666666666665,25
2024-04-21T02:00:00Z,GPS,75,27,22.9,24
2024-04-21T02:00:00Z,GLONASS,143,61,55.43333333333333,59
2024-04-21T02:00:00Z,Galileo,28,12,10.95,12
2024-04-21T02:00:00Z,BeiDou,54,16,13.9,15
2024-04-21T02:00:00Z,NavIC,9,5,5.0,5
2024-04-21T02:00:00Z,QZSS,5,0,0.0,0
2024-04-21T02:00:00Z,Iridium,109,18,1.9833333333333334,4
2024-04-21T02:00:00Z,Globalstar,85,24,5.216666666666667,8
2024-04-21T02:00:00Z,Inmarsat,20,9,9.0,9
2024-04-21T02:00:00Z,Starlink,5819,1128,109.53333333333333,122
2024-04-21T02:00:00Z,OneWeb,634,129,20.916666666666668,24
2024-04-21T03:00:00Z,GPS,75,27,23.866666666666667,25
2024-04-21T03:00:00Z,GLONASS,143,61,52.0,56
2024-04-21T03:00:00Z,Galileo,28,12,10.366666666666667,11
2024-04-21T03:00:00Z,BeiDou,54,19,14.516666666666667,17
2024-04-21T03:00:00Z,NavIC,9,5,5.0,5
2024-04-21T03:00:00Z,QZSS,5,0,0.0,0
2024-04-21T03:00:00Z,Iridium,109,15,1.9,4
2024-04-21T03:00:00Z,Globalstar,85,21,5.15,9
2024-04-21T03:00:00Z,Inmarsat,20,9,9.0,9
2024-04-21T03:00:00Z,Starlink,5819,1166,115.08333333333333,128
2024-04-21T03:00:00Z,OneWeb,634,125,20.4,24
2024-04-21T04:00:00Z,GPS,75,28,22.783333333333335,25
2024-04-21T04:00:00Z,GLONASS,143,56,46.833333333333336,49
2024-04-21T04:00:00Z,Galileo,28,11,10.3,11
2024-04-21T04:00:00Z,BeiDou,54,18,16.866666666666667,17
2024-04-21T04:00:00Z,NavIC,9,5,5.0,5
2024-04-21T04:00:00Z,QZSS,5,0,0.0,0
2024-04-21T04:00:00Z,Iridium,109,17,1.9,4
2024-04-21T04:00:00Z,Globalstar,85,24,5.816666666666666,9
2024-04-21T04:00:00Z,Inmarsat,20,9,9.0,9
2024-04-21T04:00:00Z,Starlink,5819,1208,119.96666666666667,136
2024-04-21T04:00:00Z,OneWeb,634,128,20.566666666666666,24
2024-04-21T05:00:00Z,GPS,75,27,22.466666666666665,24
2024-04-21T05:00:00Z,GLONASS,143,53,47.3,49
2024-04-21T05:00:00Z,Galileo,28,11,8.083333333333334,10
2024-04-21T05:00:00Z,BeiDou,54,18,16.65,17
2024-04-21T05:00:00Z,NavIC,9,5,5.0,5
2024-04-21T05:00:00Z,QZSS,5,0,0.0,0
2024-04-21T05:00:00Z,Iridium,109,18,2.1666666666666665,4
2024-04-21T05:00:00Z,Globalstar,85,23,5.183333333333334,9
2024-04-21T05:00:00Z,Inmarsat,20,9,9.0,9
2024-04-21T05:00:00Z,Starlink,5819,1231,120.95,140
2024-04-21T05:00:00Z,OneWeb,634,123,20.1,26
2024-04-21T06:00:00Z,GPS,75,26,23.683333333333334,25
2024-04-21T06:00:00Z,GLONASS,143,54,42.9,46
2024-04-21T06:00:00Z,Galileo,28,9,8.133333333333333,9
2024-04-21T06:00:00Z,BeiDou,54,19,17.883333333333333,19
2024-04-21T06:00:00Z,NavIC,9,5,5.0,5
2024-04-21T06:00:00Z,QZSS,5,0,0.0,0
2024-04-21T06:00:00Z,Iridium,109,19,1.9666666666666666,6
2024-04-21T06:00:00Z,Globalstar,85,29,7.0,10
2024-04-21T06:00:00Z,Inmarsat,20,9,9.0,9
2024-04-21T06:00:00Z,Starlink,5819,1196,118.28333333333333,129
2024-04-21T06:00:00Z,OneWeb,634,129,20.816666666666666,26
2024-04-21T07:00:00Z,GPS,75,20,18.766666666666666,20
2024-04-21T07:00:00Z,GLONASS,143,57,44.45,48
2024-04-21T07:00:00Z,Galileo,28,8,7.116666666666666,8
2024-04-21T07:00:00Z,BeiDou,54,21,17.716666666666665,19
2024-04-21T07:00:00Z,NavIC,9,5,5.0,5
2024-04-21T07:00:00Z,QZSS,5,0,0.0,0
2024-04-21T07:00:00Z,Iridium,109,21,2.2666666666666666,5
2024-04-21T07:00:00Z,Globalstar,85,27,5.75,8
2024-04-21T07:00:00Z,Inmarsat,20,9,9.0,9
2024-04-21T07:00:00Z,Starlink,5819,1201,118.38333333333334,128
2024-04-21T07:00:00Z,OneWeb,634,127,20.766666666666666,24
2024-04-21T08:00:00Z,GPS,75,22,17.033333333333335,20
2024-04-21T08:00:00Z,GLONASS,143,56,48.96666666666667,52
2024-04-21T08:00:00Z,Galileo,28,10,7.016666666666667,9
2024-04-21T08:00:00Z,BeiDou,54,19,18.416666666666668,19
2024-04-21T08:00:00Z,NavIC,9,5,5.0,5
2024-04-21T08:00:00Z,QZSS,5,0,0.0,0
2024-04-21T08:00:00Z,Iridium,109,18,2.2333333333333334,4
2024-04-21T08:00:00Z,Globalstar,85,30,6.5,15
2024-04-21T08:00:00Z,Inmarsat,20,9,9.0,9
2024-04-21T08:00:00Z,Starlink,5819,1205,121.35,135
2024-04-21T08:00:00Z,OneWeb,634,137,22.466666666666665,27
2024-04-21T09:00:00Z,GPS,75,20,16.5,19
2024-04-21T09:00:00Z,GLONASS,143,59,50.6,54
2024-04-21T09:00:00Z,Galileo,28,11,9.1,10
2024-04-21T09:00:00Z,BeiDou,54,20,16.633333333333333,18
2024-04-21T09:00:00Z,NavIC,9,5,5.0,5
2024-04-21T09:00:00Z,QZSS,5,0,0.0,0
2024-04-21T09:00:00Z,Iridium,109,18,2.1166666666666667,4
2024-04-21T09:00:00Z,Globalstar,85,33,7.216666666666667,10
2024-04-21T09:00:00Z,Inmarsat,20,9,9.0,9
2024-04-21T09:00:00Z,Starlink,5819,1179,116.9,134
2024-04-21T09:00:00Z,OneWeb,634,137,23.266666666666666,26
2024-04-21T10:00:00Z,GPS,75,25,21.0,22
2024-04-21T10:00:00Z,GLONASS,143,54,47.45,50
2024-04-21T10:00:00Z,Galileo,28,10,9.883333333333333,10
2024-04-21T10:00:00Z,BeiDou,54,19,14.7,17
2024-04-21T10:00:00Z,NavIC,9,5,5.0,5
2024-04-21T10:00:00Z,QZSS,5,0,0.0,0
2024-04-21T10:00:00Z,Iridium,109,16,1.9333333333333333,5
2024-04-21T10:00:00Z,Globalstar,85,34,6.383333333333334,11
2024-04-21T10:00:00Z,Inmarsat,20,9,9.0,9
2024-04-21T10:00:00Z,Starlink,5819,1156,112.0,125
2024-04-21T10:00:00Z,OneWeb,634,140,23.333333333333332,27
2024-04-21T11:00:00Z,GPS,75,26,22.25,23
2024-04-21T11:00:00Z,GLONASS,143,49,36.81666666666667,45
2024-04-21T11:00:00Z,Galileo,28,10,8.3,9
2024-04-21T11:00:00Z,BeiDou,54,19,15.116666666666667,16
2024-04-21T11:00:00Z,NavIC,9,5,5.0,5
2024-04-21T11:00:00Z,QZSS,5,0,0.0,0
2024-04-21T11:00:00Z,Iridium,109,17,2.0833333333333335,4
2024-04-21T11:00:00Z,Globalstar,85,30,6.683333333333334,13
2024-04-21T11:00:00Z,Inmarsat,20,9,9.0,9
2024-04-21T11:00:00Z,Starlink,5819,1120,111.13333333333334,123
2024-04-21T11:00:00Z,OneWeb,634,141,22.85,27
2024-04-21T12:00:00Z,GPS,75,27,23.65,25
2024-04-21T12:00:00Z,GLONASS,143,34,27.25,31
2024-04-21T12:00:00Z,Galileo,28,9,8.333333333333334,9
2024-04-21T12:00:00Z,BeiDou,54,17,16.0,16
2024-04-21T12:00:00Z,NavIC,9,5,5.0,5
2024-04-21T12:00:00Z,QZSS,5,0,0.0,0
2024-04-21T12:00:00Z,Iridium,109,19,2.3666666666666667,4
2024-04-21T12:00:00Z,Globalstar,85,30,6.8,12
2024-04-21T12:00:00Z,Inmarsat,20,9,9.0,9
2024-04-21T12:00:00Z,Starlink,5819,1197,119.05,137
2024-04-21T12:00:00Z,OneWeb,634,133,21.416666666666668,25
2024-04-21T13:00:00Z,GPS,75,26,23.7,24
2024-04-21T13:00:00Z,GLONASS,143,27,22.616666666666667,25
2024-04-21T13:00:00Z,Galileo,28,8,7.0,7
2024-04-21T13:00:00Z,BeiDou,54,16,16.0,16
2024-04-21T13:00:00Z,NavIC,9,5,5.0,5
2024-04-21T13:00:00Z,QZSS,5,0,0.0,0
2024-04-21T13:00:00Z,Iridium,109,17,2.15,4
2024-04-21T13:00:00Z,Globalstar,85,35,6.6,10
2024-04-21T13:00:00Z,Inmarsat,20,9,9.0,9
2024-04-21T13:00:00Z,Starlink,5819,1248,124.2,135
2024-04-21T13:00:00Z,OneWeb,634,127,21.05,24
2024-04-21T14:00:00Z,GPS,75,27,24.65,25
2024-04-21T14:00:00Z,GLONASS,143,30,23.516666666666666,27
2024-04-21T14:00:00Z,Galileo,28,7,6.983333333333333,7
2024-04-21T14:00:00Z,BeiDou,54,20,17.916666666666668,19
2024-04-21T14:00:00Z,NavIC,9,5,5.0,5
2024-04-21T14:00:00Z,QZSS,5,0,0.0,0
2024-04-21T14:00:00Z,Iridium,109,16,2.066666666666667,4
2024-04-21T14:00:00Z,Globalstar,85,33,6.783333333333333,12
2024-04-21T14:00:00Z,Inmarsat,20,9,9.0,9
2024-04-21T14:00:00Z,Starlink,5819,1260,123.53333333333333,137
2024-04-21T14:00:00Z,OneWeb,634,126,20.916666666666668,24
2024-04-21T15:00:00Z,GPS,75,27,22.833333333333332,24
2024-04-21T15:00:00Z,GLONASS,141,46,29.383333333333333,38
2024-04-21T15:00:00Z,Galileo,28,6,6.0,6
2024-04-21T15:00:00Z,BeiDou,54,21,18.766666666666666,20
2024-04-21T15:00:00Z,NavIC,9,5,5.0,5
2024-04-21T15:00:00Z,QZSS,5,0,0.0,0
2024-04-21T15:00:00Z,Iridium,109,14,1.7333333333333334,3
2024-04-21T15:00:00Z,Globalstar,85,34,7.716666666666667,12
2024-04-21T15:00:00Z,Inmarsat,20,9,9.0,9
2024-04-21T15:00:00Z,Starlink,5819,1311,127.38333333333334,145
2024-04-21T15:00:00Z,OneWeb,634,126,20.766666666666666,24
2024-04-21T16:00:00Z,GPS,75,24,18.133333333333333,22
2024-04-21T16:00:00Z,GLONASS,141,51,40.75,47
2024-04-21T16:00:00Z,Galileo,28,10,6.833333333333333,9
2024-04-21T16:00:00Z,BeiDou,54,20,18.666666666666668,20
2024-04-21T16:00:00Z,NavIC,9,5,5.0,5
2024-04-21T16:00:00Z,QZSS,5,0,0.0,0
2024-04-21T16:00:00Z,Iridium,109,14,1.8833333333333333,4
2024-04-21T16:00:00Z,Globalstar,85,29,6.216666666666667,9
2024-04-21T16:00:00Z,Inmarsat,20,9,9.0,9
2024-04-21T16:00:00Z,Starlink,5819,1230,120.66666666666667,129
2024-04-21T16:00:00Z,OneWeb,634,121,19.7,23
2024-04-21T17:00:00Z,GPS,75,18,16.366666666666667,18
2024-04-21T17:00:00Z,GLONASS,141,59,50.266666666666666,54
2024-04-21T17:00:00Z,Galileo,28,10,9.0,10
2024-04-21T17:00:00Z,BeiDou,54,18,16.683333333333334,17
2024-04-21T17:00:00Z,NavIC,9,5,4.016666666666667,5
2024-04-21T17:00:00Z,QZSS,5,0,0.0,0
2024-04-21T17:00:00Z,Iridium,109,19,2.216666666666667,4
2024-04-21T17:00:00Z,Globalstar,85,31,7.666666666666667,13
2024-04-21T17:00:00Z,Inmarsat,20,9,9.0,9
2024-04-21T17:00:00Z,Starlink,5819,1225,119.3,136
2024-04-21T17:00:00Z,OneWeb,634,127,20.95,25
2024-04-21T18:00:00Z,GPS,75,21,16.983333333333334,18
2024-04-21T18:00:00Z,GLONASS,141,62,51.016666666666666,55
2024-04-21T18:00:00Z,Galileo,28,9,8.983333333333333,9
2024-04-21T18:00:00Z,BeiDou,54,18,15.883333333333333,17
2024-04-21T18:00:00Z,NavIC,9,5,4.233333333333333,5
2024-04-21T18:00:00Z,QZSS,5,0,0.0,0
2024-04-21T18:00:00Z,Iridium,109,13,1.6833333333333333,4
2024-04-21T18:00:00Z,Globalstar,85,28,6.3,10
2024-04-21T18:00:00Z,Inmarsat,20,9,9.0,9
2024-04-21T18:00:00Z,Starlink,5819,1171,115.25,128
2024-04-21T18:00:00Z,OneWeb,634,124,20.15,23
2024-04-21T19:00:00Z,GPS,75,24,19.733333333333334,21
2024-04-21T19:00:00Z,GLONASS,141,51,33.166666666666664,44
2024-04-21T19:00:00Z,Galileo,28,10,7.833333333333333,9
2024-04-21T19:00:00Z,BeiDou,54,19,16.3,18
2024-04-21T19:00:00Z,NavIC,9,5,5.0,5
2024-04-21T19:00:00Z,QZSS,5,0,0.0,0
2024-04-21T19:00:00Z,Iridium,109,22,2.4833333333333334,4
2024-04-21T19:00:00Z,Globalstar,85,29,6.633333333333334,10
2024-04-21T19:00:00Z,Inmarsat,20,9,9.0,9
2024-04-21T19:00:00Z,Starlink,5818,1214,121.03333333333333,136
2024-04-21T19:00:00Z,OneWeb,634,129,21.166666666666668,26
2024-04-21T20:00:00Z,GPS,75,26,19.916666666666668,22
2024-04-21T20:00:00Z,GLONASS,141,34,29.25,31
2024-04-21T20:00:00Z,Galileo,28,9,7.9,8
2024-04-21T20:00:00Z,BeiDou,54,17,16.033333333333335,17
2024-04-21T20:00:00Z,NavIC,9,5,5.0,5
2024-04-21T20:00:00Z,QZSS,5,0,0.0,0
2024-04-21T20:00:00Z,Iridium,109,14,1.9,4
2024-04-21T20:00:00Z,Globalstar,85,25,5.6,8
2024-04-21T20:00:00Z,Inmarsat,20,9,9.0,9
2024-04-21T20:00:00Z,Starlink,5818,1228,122.33333333333333,137
2024-04-21T20:00:00Z,OneWeb,634,126,20.533333333333335,26
2024-04-21T21:00:00Z,GPS,75,28,23.466666666666665,26
2024-04-21T21:00:00Z,GLONASS,141,33,28.15,30
2024-04-21T21:00:00Z,Galileo,28,9,7.1,8
2024-04-21T21:00:00Z,BeiDou,54,17,15.65,16
2024-04-21T21:00:00Z,NavIC,9,5,5.0,5
2024-04-21T21:00:00Z,QZSS,5,0,0.0,0
2024-04-21T21:00:00Z,Iridium,109,19,2.1666666666666665,4
2024-04-21T21:00:00Z,Globalstar,85,29,6.616666666666666,11
2024-04-21T21:00:00Z,Inmarsat,20,9,9.0,9
2024-04-21T21:00:00Z,Starlink,5818,1249,121.26666666666667,138
2024-04-21T21:00:00Z,OneWeb,634,129,20.816666666666666,24
2024-04-21T22:00:00Z,GPS,75,28,25.233333333333334,26
2024-04-21T22:00:00Z,GLONASS,141,38,31.35,34
2024-04-21T22:00:00Z,Galileo,28,7,7.0,7
2024-04-21T22:00:00Z,BeiDou,54,21,17.6,19
2024-04-21T22:00:00Z,NavIC,9,5,5.0,5
2024-04-21T22:00:00Z,QZSS,5,0,0.0,0
2024-04-21T22:00:00Z,Iridium,109,14,2.033333333333333,6
2024-04-21T22:00:00Z,Globalstar,85,26,5.116666666666666,8
2024-04-21T22:00:00Z,Inmarsat,20,9,9.0,9
2024-04-21T22:00:00Z,Starlink,5818,1242,123.6,136
2024-04-21T22:00:00Z,OneWeb,634,129,21.233333333333334,26
2024-04-21T23:00:00Z,GPS,75,23,18.616666666666667,22
2024-04-21T23:00:00Z,GLONASS,141,56,39.733333333333334,47
2024-04-21T23:00:00Z,Galileo,28,8,7.016666666666667,8
2024-04-21T23:00:00Z,BeiDou,54,20,19.15,20
2024-04-21T23:00:00Z,NavIC,9,5,5.0,5
2024-04-21T23:00:00Z,QZSS,5,0,0.0,0
2024-04-21T23:00:00Z,Iridium,109,21,2.316666666666667,6
2024-04-21T23:00:00Z,Globalstar,85,30,6.2,9
2024-04-21T23:00:00Z,Inmarsat,20,9,9.0,9
2024-04-21T23:00:00Z,Starlink,5818,1251,122.51666666666667,133
2024-04-21T23:00:00Z,OneWeb,634,130,21.05,24
2024-04-22T00:00:00Z,GPS,75,23,18.3,22
2024-04-22T00:00:00Z,GLONASS,141,60,53.38333333333333,57
2024-04-22T00:00:00Z,Galileo,28,9,7.4,8
2024-04-22T00:00:00Z,BeiDou,54,20,17.266666666666666,18
2024-04-22T00:00:00Z,NavIC,9,5,5.0,5
2024-04-22T00:00:00Z,QZSS,5,0,0.0,0
2024-04-22T00:00:00Z,Iridium,109,22,2.433333333333333,5
2024-04-22T00:00:00Z,Globalstar,85,26,5.65,10
2024-04-22T00:00:00Z,Inmarsat,20,9,9.0,9
2024-04-22T00:00:00Z,Starlink,5818,1214,119.85,133
2024-04-22T00:00:00Z,OneWeb,634,133,21.45,25
2024-04-22T01:00:00Z,GPS,75,24,21.1,22
2024-04-22T01:00:00Z,GLONASS,141,63,54.43333333333333,58
2024-04-22T01:00:00Z,Galileo,28,12,8.116666666666667,9
2024-04-22T01:00:00Z,BeiDou,54,19,16.616666666666667,18
2024-04-22T01:00:00Z,NavIC,9,5,5.0,5
2024-04-22T01:00:00Z,QZSS,5,0,0.0,0
2024-04-22T01:00:00Z,Iridium,109,26,3.1166666666666667,7
2024-04-22T01:00:00Z,Globalstar,85,31,6.883333333333334,12
2024-04-22T01:00:00Z,Inmarsat,20,9,9.0,9
2024-04-22T01:00:00Z,Starlink,5818,1182,114.55,126
2024-04-22T01:00:00Z,OneWeb,634,130,21.216666666666665,25
2024-04-22T02:00:00Z,GPS,75,25,22.216666666666665,24
2024-04-22T02:00:00Z,GLONASS,141,62,52.85,55
2024-04-22T02:00:00Z,Galileo,28,9,9.0,9
2024-04-22T02:00:00Z,BeiDou,54,16,13.666666666666666,15
2024-04-22T02:00:00Z,NavIC,9,5,5.0,5
2024-04-22T02:00:00Z,QZSS,5,0,0.0,0
2024-04-22T02:00:00Z,Iridium,109,20,2.3666666666666667,5
2024-04-22T02:00:00Z,Globalstar,85,24,4.9,8
2024-04-22T02:00:00Z,Inmarsat,20,9,9.0,9
2024-04-22T02:00:00Z,Starlink,5818,1116,107.98333333333333,118
2024-04-22T02:00:00Z,OneWeb,634,130,20.883333333333333,24
2024-04-22T03:00:00Z,GPS,75,28,22.25,24
2024-04-22T03:00:00Z,GLONASS,142,61,49.06666666666667,53
2024-04-22T03:00:00Z,Galileo,28,10,9.0,10
2024-04-22T03:00:00Z,BeiDou,54,17,13.516666666666667,16
2024-04-22T03:00:00Z,NavIC,9,5,5.0,5
2024-04-22T03:00:00Z,QZSS,5,0,0.0,0
2024-04-22T03:00:00Z,Iridium,109,11,1.25,3
2024-04-22T03:00:00Z,Globalstar,85,25,5.983333333333333,10
2024-04-22T03:00:00Z,Inmarsat,20,9,9.0,9
2024-04-22T03:00:00Z,Starlink,5818,1222,119.13333333333334,136
2024-04-22T03:00:00Z,OneWeb,634,125,20.3,23
2024-04-22T04:00:00Z,GPS,75,25,22.616666666666667,24
2024-04-22T04:00:00Z,GLONASS,142,56,43.03333333333333,47
2024-04-22T04:00:00Z,Galileo,28,10,8.383333333333333,9
2024-04-22T04:00:00Z,BeiDou,54,16,15.716666666666667,16
2024-04-22T04:00:00Z,NavIC,9,5,5.0,5
2024-04-22T04:00:00Z,QZSS,5,0,0.0,0
2024-04-22T04:00:00Z,Iridium,109,20,2.316666666666667,4
2024-04-22T04:00:00Z,Globalstar,85,23,4.383333333333334,9
2024-04-22T04:00:00Z,Inmarsat,20,9,9.0,9
2024-04-22T04:00:00Z,Starlink,5818,1236,123.03333333333333,134
2024-04-22T04:00:00Z,OneWeb,634,126,20.4,24
2024-04-22T05:00:00Z,GPS,75,25,22.366666666666667,23
2024-04-22T05:00:00Z,GLONASS,142,49,41.38333333333333,44
2024-04-22T05:00:00Z,Galileo,28,7,7.0,7
2024-04-22T05:00:00Z,BeiDou,54,17,16.066666666666666,17
2024-04-22T05:00:00Z,NavIC,9,5,5.0,5
2024-04-22T05:00:00Z,QZSS,5,0,0.0,0
2024-04-22T05:00:00Z,Iridium,109,19,2.05,6
2024-04-22T05:00:00Z,Globalstar,85,27,6.166666666666667,10
2024-04-22T05:00:00Z,Inmarsat,20,9,9.0,9
2024-04-22T05:00:00Z,Starlink,5818,1215,121.11666666666666,133
2024-04-22T05:00:00Z,OneWeb,634,128,20.483333333333334,25
2024-04-22T06:00:00Z,GPS,75,25,22.333333333333332,23
2024-04-22T06:00:00Z,GLONASS,142,49,40.71666666666667,43
2024-04-22T06:00:00Z,Galileo,28,9,8.483333333333333,9
2024-04-22T06:00:00Z,BeiDou,54,20,17.783333333333335,19
2024-04-22T06:00:00Z,NavIC,9,5,5.0,5
2024-04-22T06:00:00Z,QZSS,5,0,0.0,0
2024-04-22T06:00:00Z,Iridium,109,19,1.9333333333333333,5
2024-04-22T06:00:00Z,Globalstar,85,32,6.633333333333334,11
2024-04-22T06:00:00Z,Inmarsat,20,9,9.0,9
2024-04-22T06:00:00Z,Starlink,5818,1167,115.68333333333334,123
2024-04-22T06:00:00Z,OneWeb,634,123,20.333333333333332,24
2024-04-22T07:00:00Z,GPS,75,25,19.0,22
2024-04-22T07:00:00Z,GLONASS,142,58,48.583333333333336,54
2024-04-22T07:00:00Z,Galileo,28,10,8.966666666666667,9
2024-04-22T07:00:00Z,BeiDou,54,20,17.733333333333334,19
2024-04-22T07:00:00Z,NavIC,9,5,5.0,5
2024-04-22T07:00:00Z,QZSS,5,0,0.0,0
2024-04-22T07:00:00Z,Iridium,109,19,2.1666666666666665,4
2024-04-22T07:00:00Z,Globalstar,85,27,5.883333333333334,12
2024-04-22T07:00:00Z,Inmarsat,20,9,9.0,9
2024-04-22T07:00:00Z,Starlink,5818,1213,117.93333333333334,134
2024-04-22T07:00:00Z,OneWeb,634,130,21.166666666666668,27
2024-04-22T08:00:00Z,GPS,75,24,20.066666666666666,22
2024-04-22T08:00:00Z,GLONASS,142,60,50.1,53
2024-04-22T08:00:00Z,Galileo,28,10,9.216666666666667,10
2024-04-22T08:00:00Z,BeiDou,54,19,17.55,18
2024-04-22T08:00:00Z,NavIC,9,5,5.0,5
2024-04-22T08:00:00Z,QZSS,5,0,0.0,0
2024-04-22T08:00:00Z,Iridium,109,20,2.2333333333333334,4
2024-04-22T08:00:00Z,Globalstar,85,31,7.416666666666667,12
2024-04-22T08:00:00Z,Inmarsat,20,9,9.0,9
2024-04-22T08:00:00Z,Starlink,5818,1240,123.41666666666667,135
2024-04-22T08:00:00Z,OneWeb,634,137,22.233333333333334,27
2024-04-22T09:00:00Z,GPS,75,21,18.633333333333333,20
2024-04-22T09:00:00Z,GLONASS,142,58,47.233333333333334,51
2024-04-22T09:00:00Z,Galileo,28,10,9.233333333333333,10
2024-04-22T09:00:00Z,BeiDou,54,19,16.933333333333334,18
2024-04-22T09:00:00Z,NavIC,9,5,5.0,5
2024-04-22T09:00:00Z,QZSS,5,0,0.0,0
2024-04-22T09:00:00Z,Iridium,109,13,1.65,3
2024-04-22T09:00:00Z,Globalstar,85,29,5.783333333333333,10
2024-04-22T09:00:00Z,Inmarsat,20,9,9.0,9
2024-04-22T09:00:00Z,Starlink,5818,1148,114.56666666666666,122
2024-04-22T09:00:00Z,OneWeb,634,139,23.483333333333334,27
2024-04-22T10:00:00Z,GPS,75,21,18.716666666666665,20
2024-04-22T10:00:00Z,GLONASS,142,52,41.016666666666666,48
2024-04-22T10:00:00Z,Galileo,28,11,10.25,11
2024-04-22T10:00:00Z,BeiDou,54,19,14.766666666666667,17
2024-04-22T10:00:00Z,NavIC,9,5,5.0,5
2024-04-22T10:00:00Z,QZSS,5,0,0.0,0
2024-04-22T10:00:00Z,Iridium,109,17,2.1666666666666665,5
2024-04-22T10:00:00Z,Globalstar,85,37,8.016666666666667,12
2024-04-22T10:00:00Z,Inmarsat,20,9,9.0,9
2024-04-22T10:00:00Z,Starlink,5818,1107,108.85,117
2024-04-22T10:00:00Z,OneWeb,634,140,23.3,27
2024-04-22T11:00:00Z,GPS,75,28,20.783333333333335,26
2024-04-22T11:00:00Z,GLONASS,142,36,26.883333333333333,33
2024-04-22T11:00:00Z,Galileo,28,10,9.516666666666667,10
2024-04-22T11:00:00Z,BeiDou,54,18,15.616666666666667,16
2024-04-22T11:00:00Z,NavIC,9,5,5.0,5
2024-04-22T11:00:00Z,QZSS,5,0,0.0,0
2024-04-22T11:00:00Z,Iridium,109,16,1.9833333333333334,5
2024-04-22T11:00:00Z,Globalstar,85,26,5.483333333333333,9
2024-04-22T11:00:00Z,Inmarsat,20,9,9.0,9
2024-04-22T11:00:00Z,Starlink,5818,1176,116.6,130
2024-04-22T11:00:00Z,OneWeb,634,142,22.333333333333332,26
2024-04-22T12:00:00Z,GPS,75,31,24.416666666666668,26
2024-04-22T12:00:00Z,GLONASS,142,25,20.966666666666665,23
2024-04-22T12:00:00Z,Galileo,28,10,7.733333333333333,8
2024-04-22T12:00:00Z,BeiDou,54,16,15.4,16
2024-04-22T12:00:00Z,NavIC,9,5,5.0,5
2024-04-22T12:00:00Z,QZSS,5,0,0.0,0
2024-04-22T12:00:00Z,Iridium,109,19,2.0833333333333335,4
2024-04-22T12:00:00Z,Globalstar,85,31,7.266666666666667,11
2024-04-22T12:00:00Z,Inmarsat,20,9,9.0,9
2024-04-22T12:00:00Z,Starlink,5818,1214,121.58333333333333,136
2024-04-22T12:00:00Z,OneWeb,634,129,21.566666666666666,25
2024-04-22T13:00:00Z,GPS,75,28,26.533333333333335,27
2024-04-22T13:00:00Z,GLONASS,142,28,21.3,24
2024-04-22T13:00:00Z,Galileo,28,8,6.966666666666667,7
2024-04-22T13:00:00Z,BeiDou,54,16,15.066666666666666,16
2024-04-22T13:00:00Z,NavIC,9,5,5.0,5
2024-04-22T13:00:00Z,QZSS,5,0,0.0,0
2024-04-22T13:00:00Z,Iridium,109,17,2.066666666666667,4
2024-04-22T13:00:00Z,Globalstar,85,33,6.733333333333333,10
2024-04-22T13:00:00Z,Inmarsat,20,9,9.0,9
2024-04-22T13:00:00Z,Starlink,5818,1252,123.98333333333333,137
2024-04-22T13:00:00Z,OneWeb,634,128,21.283333333333335,24
2024-04-22T14:00:00Z,GPS,75,28,25.266666666666666,26
2024-04-22T14:00:00Z,GLONASS,142,37,26.95,32
2024-04-22T14:00:00Z,Galileo,28,8,6.983333333333333,8
2024-04-22T14:00:00Z,BeiDou,54,19,15.933333333333334,17
2024-04-22T14:00:00Z,NavIC,9,5,5.0,5
2024-04-22T14:00:00Z,QZSS,5,0,0.0,0
2024-04-22T14:00:00Z,Iridium,109,15,1.95,3
2024-04-22T14:00:00Z,Globalstar,85,30,7.05,10
2024-04-22T14:00:00Z,Inmarsat,20,9,9.0,9
2024-04-22T14:00:00Z,Starlink,5818,1281,123.13333333333334,138
2024-04-22T14:00:00Z,OneWeb,634,125,20.683333333333334,23
2024-04-22T15:00:00Z,GPS,75,28,24.75,26
2024-04-22T15:00:00Z,GLONASS,142,54,43.166666666666664,48
2024-04-22T15:00:00Z,Galileo,28,7,6.0,6
2024-04-22T15:00:00Z,BeiDou,54,20,16.883333333333333,18
2024-04-22T15:00:00Z,NavIC,9,5,5.0,5
2024-04-22T15:00:00Z,QZSS,5,0,0.0,0
2024-04-22T15:00:00Z,Iridium,109,16,1.9333333333333333,3
2024-04-22T15:00:00Z,Globalstar,85,32,7.283333333333333,9
2024-04-22T15:00:00Z,Inmarsat,20,9,9.0,9
2024-04-22T15:00:00Z,Starlink,5818,1284,124.93333333333334,140
2024-04-22T15:00:00Z,OneWeb,634,124,20.666666666666668,25
2024-04-22T16:00:00Z,GPS,75,26,20.416666666666668,23
2024-04-22T16:00:00Z,GLONASS,142,63,53.88333333333333,58
2024-04-22T16:00:00Z,Galileo,28,9,7.35,9
2024-04-22T16:00:00Z,BeiDou,54,19,17.5,18
2024-04-22T16:00:00Z,NavIC,9,5,4.95,5
2024-04-22T16:00:00Z,QZSS,5,0,0.0,0
2024-04-22T16:00:00Z,Iridium,109,13,1.6333333333333333,4
2024-04-22T16:00:00Z,Globalstar,85,31,7.3,13
2024-04-22T16:00:00Z,Inmarsat,20,10,9.2,10
2024-04-22T16:00:00Z,Starlink,5818,1238,123.15,134
2024-04-22T16:00:00Z,OneWeb,634,122,19.8,23
2024-04-22T17:00:00Z,GPS,75,22,17.0,19
2024-04-22T17:00:00Z,GLONASS,142,64,52.166666666666664,56
2024-04-22T17:00:00Z,Galileo,28,11,9.55,10
2024-04-22T17:00:00Z,BeiDou,54,18,16.233333333333334,17
2024-04-22T17:00:00Z,NavIC,9,4,4.0,4
2024-04-22T17:00:00Z,QZSS,5,0,0.0,0
2024-04-22T17:00:00Z,Iridium,109,18,2.066666666666667,6
2024-04-22T17:00:00Z,Globalstar,85,26,6.133333333333334,9
2024-04-22T17:00:00Z,Inmarsat,20,10,10.0,10
2024-04-22T17:00:00Z,Starlink,5818,1209,118.2,133
2024-04-22T17:00:00Z,OneWeb,634,123,20.766666666666666,24
2024-04-22T18:00:00Z,GPS,75,22,17.533333333333335,20
2024-04-22T18:00:00Z,GLONASS,142,58,45.733333333333334,54
2024-04-22T18:00:00Z,Galileo,28,14,10.933333333333334,13
2024-04-22T18:00:00Z,BeiDou,54,18,15.283333333333333,17
2024-04-22T18:00:00Z,NavIC,9,5,4.283333333333333,5
2024-04-22T18:00:00Z,QZSS,5,0,0.0,0
2024-04-22T18:00:00Z,Iridium,109,19,2.25,5
2024-04-22T18:00:00Z,Globalstar,85,33,7.366666666666666,11
2024-04-22T18:00:00Z,Inmarsat,20,10,10.0,10
2024-04-22T18:00:00Z,Starlink,5818,1143,111.55,128
2024-04-22T18:00:00Z,OneWeb,634,126,20.2,24
2024-04-22T19:00:00Z,GPS,75,25,22.65,24
2024-04-22T19:00:00Z,GLONASS,142,43,29.0,36
2024-04-22T19:00:00Z,Galileo,28,13,11.85,13
2024-04-22T19:00:00Z,BeiDou,54,18,15.933333333333334,17
2024-04-22T19:00:00Z,NavIC,9,5,5.0,5
2024-04-22T19:00:00Z,QZSS,5,0,0.0,0
2024-04-22T19:00:00Z,Iridium,109,20,2.316666666666667,4
2024-04-22T19:00:00Z,Globalstar,85,27,5.3,7
2024-04-22T19:00:00Z,Inmarsat,20,10,10.0,10
2024-04-22T19:00:00Z,Starlink,5810,1221,120.71666666666667,136
2024-04-22T19:00:00Z,OneWeb,634,126,21.066666666666666,25
2024-04-22T20:00:00Z,GPS,75,28,21.333333333333332,24
2024-04-22T20:00:00Z,GLONASS,142,36,29.933333333333334,31
2024-04-22T20:00:00Z,Galileo,28,12,10.516666666666667,12
2024-04-22T20:00:00Z,BeiDou,54,18,16.233333333333334,17
2024-04-22T20:00:00Z,NavIC,9,5,5.0,5
2024-04-22T20:00:00Z,QZSS,5,0,0.0,0
2024-04-22T20:00:00Z,Iridium,109,15,1.95,5
2024-04-22T20:00:00Z,Globalstar,85,31,7.183333333333334,11
2024-04-22T20:00:00Z,Inmarsat,20,10,10.0,10
2024-04-22T20:00:00Z,Starlink,5810,1277,127.68333333333334,146
2024-04-22T20:00:00Z,OneWeb,634,130,21.05,26
2024-04-22T21:00:00Z,GPS,75,25,23.066666666666666,25
2024-04-22T21:00:00Z,GLONASS,142,39,31.0,34
2024-04-22T21:00:00Z,Galileo,28,9,7.583333333333333,8
2024-04-22T21:00:00Z,BeiDou,54,18,17.166666666666668,18
2024-04-22T21:00:00Z,NavIC,9,5,5.0,5
2024-04-22T21:00:00Z,QZSS,5,0,0.0,0
2024-04-22T21:00:00Z,Iridium,109,20,2.433333333333333,4
2024-04-22T21:00:00Z,Globalstar,85,25,4.733333333333333,7
2024-04-22T21:00:00Z,Inmarsat,20,10,10.0,10
2024-04-22T21:00:00Z,Starlink,5810,1228,120.0,130
2024-04-22T21:00:00Z,OneWeb,634,126,20.45,23
2024-04-22T22:00:00Z,GPS,75,26,25.016666666666666,26
2024-04-22T22:00:00Z,GLONASS,142,46,35.11666666666667,40
2024-04-22T22:00:00Z,Galileo,28,7,6.983333333333333,7
2024-04-22T22:00:00Z,BeiDou,54,22,18.433333333333334,20
2024-04-22T22:00:00Z,NavIC,9,5,5.0,5
2024-04-22T22:00:00Z,QZSS,5,0,0.0,0
2024-04-22T22:00:00Z,Iridium,109,11,1.4666666666666666,3
2024-04-22T22:00:00Z,Globalstar,85,30,6.583333333333333,11
2024-04-22T22:00:00Z,Inmarsat,20,10,10.0,10
2024-04-22T22:00:00Z,Starlink,5810,1250,124.81666666666666,145
2024-04-22T22:00:00Z,OneWeb,634,133,21.616666666666667,26
2024-04-22T23:00:00Z,GPS,75,27,21.6,24
2024-04-22T23:00:00Z,GLONASS,142,58,46.96666666666667,51
2024-04-22T23:00:00Z,Galileo,28,7,7.0,7
2024-04-22T23:00:00Z,BeiDou,54,21,20.083333333333332,21
2024-04-22T23:00:00Z,NavIC,9,5,5.0,5
2024-04-22T23:00:00Z,QZSS,5,0,0.0,0
2024-04-22T23:00:00Z,Iridium,109,22,2.683333333333333,6
2024-04-22T23:00:00Z,Globalstar,85,24,5.016666666666667,10
2024-04-22T23:00:00Z,Inmarsat,20,10,10.0,10
2024-04-22T23:00:00Z,Starlink,5810,1211,119.0,129
2024-04-22T23:00:00Z,OneWeb,634,129,21.166666666666668,24
2024-04-23T00:00:00Z,GPS,75,25,19.95,22
2024-04-23T00:00:00Z,GLONASS,142,60,54.766666666666666,58
2024-04-23T00:00:00Z,Galileo,28,9,7.433333333333334,8
2024-04-23T00:00:00Z,BeiDou,54,22,18.866666666666667,21
2024-04-23T00:00:00Z,NavIC,9,5,5.0,5
2024-04-23T00:00:00Z,QZSS,5,0,0.0,0
2024-04-23T00:00:00Z,Iridium,109,24,3.15,8
2024-04-23T00:00:00Z,Globalstar,85,28,6.3,10
2024-04-23T00:00:00Z,Inmarsat,20,10,10.0,10
2024-04-23T00:00:00Z,Starlink,5810,1231,120.4,137
2024-04-23T00:00:00Z,OneWeb,634,130,21.666666666666668,24
2024-04-23T01:00:00Z,GPS,75,26,20.216666666666665,22
2024-04-23T01:00:00Z,GLONASS,142,65,52.71666666666667,57
2024-04-23T01:00:00Z,Galileo,28,10,9.066666666666666,10
2024-04-23T01:00:00Z,BeiDou,54,18,17.3,18
2024-04-23T01:00:00Z,NavIC,9,5,5.0,5
2024-04-23T01:00:00Z,QZSS,5,0,0.0,0
2024-04-23T01:00:00Z,Iridium,109,18,2.3333333333333335,4
2024-04-23T01:00:00Z,Globalstar,85,28,6.233333333333333,11
2024-04-23T01:00:00Z,Inmarsat,20,10,10.0,10
2024-04-23T01:00:00Z,Starlink,5810,1162,112.53333333333333,128
2024-04-23T01:00:00Z,OneWeb,634,128,21.0,24
2024-04-23T02:00:00Z,GPS,75,24,19.883333333333333,22
2024-04-23T02:00:00Z,GLONASS,142,58,47.46666666666667,50
2024-04-23T02:00:00Z,Galileo,28,13,8.45,11
2024-04-23T02:00:00Z,BeiDou,54,18,15.616666666666667,17
2024-04-23T02:00:00Z,NavIC,9,5,5.0,5
2024-04-23T02:00:00Z,QZSS,5,0,0.0,0
2024-04-23T02:00:00Z,Iridium,109,19,2.0,3
2024-04-23T02:00:00Z,Globalstar,85,23,5.05,8
2024-04-23T02:00:00Z,Inmarsat,20,10,10.0,10
2024-04-23T02:00:00Z,Starlink,5810,1132,109.95,121
2024-04-23T02:00:00Z,OneWeb,634,130,20.916666666666668,23
2024-04-23T03:00:00Z,GPS,75,22,19.733333333333334,21
2024-04-23T03:00:00Z,GLONASS,142,54,42.81666666666667,45
2024-04-23T03:00:00Z,Galileo,28,11,10.933333333333334,11
2024-04-23T03:00:00Z,BeiDou,53,18,15.6,18
2024-04-23T03:00:00Z,NavIC,9,5,5.0,5
2024-04-23T03:00:00Z,QZSS,5,0,0.0,0
2024-04-23T03:00:00Z,Iridium,109,13,1.8333333333333333,4
2024-04-23T03:00:00Z,Globalstar,85,26,6.116666666666666,9
2024-04-23T03:00:00Z,Inmarsat,20,10,10.0,10
2024-04-23T03:00:00Z,Starlink,5810,1191,115.9,133
2024-04-23T03:00:00Z,OneWeb,634,125,20.733333333333334,26
2024-04-23T04:00:00Z,GPS,75,25,20.733333333333334,22
2024-04-23T04:00:00Z,GLONASS,142,49,41.15,44
2024-04-23T04:00:00Z,Galileo,28,11,9.05,10
2024-04-23T04:00:00Z,BeiDou,53,16,15.95,16
2024-04-23T04:00:00Z,NavIC,9,5,5.0,5
2024-04-23T04:00:00Z,QZSS,5,0,0.0,0
2024-04-23T04:00:00Z,Iridium,109,19,2.1333333333333333,4
2024-04-23T04:00:00Z,Globalstar,85,22,4.166666666666667,8
2024-04-23T04:00:00Z,Inmarsat,20,10,10.0,10
2024-04-23T04:00:00Z,Starlink,5810,1265,126.1,133
2024-04-23T04:00:00Z,OneWeb,634,123,19.6,24
2024-04-23T05:00:00Z,GPS,75,26,21.8,23
2024-04-23T05:00:00Z,GLONASS,142,52,44.0,47
2024-04-23T05:00:00Z,Galileo,28,8,7.016666666666667,8
2024-04-23T05:00:00Z,BeiDou,53,15,14.783333333333333,15
2024-04-23T05:00:00Z,NavIC,9,5,5.0,5
2024-04-23T05:00:00Z,QZSS,5,0,0.0,0
2024-04-23T05:00:00Z,Iridium,109,12,1.6333333333333333,4
2024-04-23T05:00:00Z,Globalstar,85,30,6.883333333333334,9
2024-04-23T05:00:00Z,Inmarsat,20,10,10.0,10
2024-04-23T05:00:00Z,Starlink,5810,1203,118.0,131
2024-04-23T05:00:00Z,OneWeb,634,124,20.933333333333334,25
2024-04-23T06:00:00Z,GPS,75,25,22.133333333333333,25
2024-04-23T06:00:00Z,GLONASS,142,53,43.03333333333333,47
2024-04-23T06:00:00Z,Galileo,28,7,7.0,7
2024-04-23T06:00:00Z,BeiDou,53,17,15.183333333333334,16
2024-04-23T06:00:00Z,NavIC,9,5,5.0,5
2024-04-23T06:00:00Z,QZSS,5,0,0.0,0
2024-04-23T06:00:00Z,Iridium,109,21,2.4166666666666665,4
2024-04-23T06:00:00Z,Globalstar,85,25,5.083333333333333,9
2024-04-23T06:00:00Z,Inmarsat,20,10,10.0,10
2024-04-23T06:00:00Z,Starlink,5810,1195,117.33333333333333,128
2024-04-23T06:00:00Z,OneWeb,634,123,19.866666666666667,23
2024-04-23T07:00:00Z,GPS,75,21,18.683333333333334,20
2024-04-23T07:00:00Z,GLONASS,142,54,44.083333333333336,47
2024-04-23T07:00:00Z,Galileo,28,8,7.25,8
2024-04-23T07:00:00Z,BeiDou,53,17,16.083333333333332,17
2024-04-23T07:00:00Z,NavIC,9,5,5.0,5
2024-04-23T07:00:00Z,QZSS,5,0,0.0,0
2024-04-23T07:00:00Z,Iridium,109,17,2.316666666666667,5
2024-04-23T07:00:00Z,Globalstar,85,31,7.133333333333334,10
2024-04-23T07:00:00Z,Inmarsat,20,10,10.0,10
2024-04-23T07:00:00Z,Starlink,5810,1198,116.6,128
2024-04-23T07:00:00Z,OneWeb,634,130,21.55,26
2024-04-23T08:00:00Z,GPS,75,21,17.05,18
2024-04-23T08:00:00Z,GLONASS,142,55,45.266666666666666,49
2024-04-23T08:00:00Z,Galileo,28,10,7.666666666666667,9
2024-04-23T08:00:00Z,BeiDou,53,18,15.083333333333334,16
2024-04-23T08:00:00Z,NavIC,9,5,5.0,5
2024-04-23T08:00:00Z,QZSS,5,0,0.0,0
2024-04-23T08:00:00Z,Iridium,109,15,1.8166666666666667,3
2024-04-23T08:00:00Z,Globalstar,85,29,6.083333333333333,11
2024-04-23T08:00:00Z,Inmarsat,20,10,10.0,10
2024-04-23T08:00:00Z,Starlink,5810,1214,121.45,132
2024-04-23T08:00:00Z,OneWeb,634,139,22.383333333333333,28
2024-04-23T09:00:00Z,GPS,75,24,18.066666666666666,22
2024-04-23T09:00:00Z,GLONASS,142,48,36.2,40
2024-04-23T09:00:00Z,Galileo,28,11,8.9,10
2024-04-23T09:00:00Z,BeiDou,53,17,15.6,16
2024-04-23T09:00:00Z,NavIC,9,5,5.0,5
2024-04-23T09:00:00Z,QZSS,5,0,0.0,0
2024-04-23T09:00:00Z,Iridium,109,19,2.3833333333333333,5
2024-04-23T09:00:00Z,Globalstar,85,36,7.8,11
2024-04-23T09:00:00Z,Inmarsat,20,10,10.0,10
2024-04-23T09:00:00Z,Starlink,5810,1158,114.75,131
2024-04-23T09:00:00Z,OneWeb,634,138,23.233333333333334,27
2024-04-23T10:00:00Z,GPS,75,25,21.616666666666667,23
2024-04-23T10:00:00Z,GLONASS,142,42,34.81666666666667,37
2024-04-23T10:00:00Z,Galileo,28,11,8.433333333333334,10
2024-04-23T10:00:00Z,BeiDou,53,17,14.6,16
2024-04-23T10:00:00Z,NavIC,9,5,5.0,5
2024-04-23T10:00:00Z,QZSS,5,0,0.0,0
2024-04-23T10:00:00Z,Iridium,109,16,1.6833333333333333,4
2024-04-23T10:00:00Z,Globalstar,85,28,5.8,9
2024-04-23T10:00:00Z,Inmarsat,20,10,10.0,10
2024-04-23T10:00:00Z,Starlink,5810,1123,109.68333333333334,119
2024-04-23T10:00:00Z,OneWeb,634,141,23.416666666666668,26
2024-04-23T11:00:00Z,GPS,75,26,22.783333333333335,25
2024-04-23T11:00:00Z,GLONASS,141,36,24.2,32
2024-04-23T11:00:00Z,Galileo,28,10,8.383333333333333,9
2024-04-23T11:00:00Z,BeiDou,53,17,15.55,16
2024-04-23T11:00:00Z,NavIC,9,5,5.0,5
2024-04-23T11:00:00Z,QZSS,5,0,0.0,0
2024-04-23T11:00:00Z,Iridium,109,20,2.466666666666667,6
2024-04-23T11:00:00Z,Globalstar,85,33,7.1,12
2024-04-23T11:00:00Z,Inmarsat,20,10,10.0,10
2024-04-23T11:00:00Z,Starlink,5810,1204,118.86666666666666,132
2024-04-23T11:00:00Z,OneWeb,634,138,22.016666666666666,24
2024-04-23T12:00:00Z,GPS,75,30,23.033333333333335,26
2024-04-23T12:00:00Z,GLONASS,142,31,24.833333333333332,26
2024-04-23T12:00:00Z,Galileo,28,8,7.166666666666667,8
2024-04-23T12:00:00Z,BeiDou,53,17,15.933333333333334,16
2024-04-23T12:00:00Z,NavIC,9,5,5.0,5
2024-04-23T12:00:00Z,QZSS,5,0,0.0,0
2024-04-23T12:00:00Z,Iridium,109,19,1.9833333333333334,5
2024-04-23T12:00:00Z,Globalstar,85,29,6.283333333333333,9
2024-04-23T12:00:00Z,Inmarsat,20,10,10.0,10
2024-04-23T12:00:00Z,Starlink,5810,1243,122.96666666666667,134
2024-04-23T12:00:00Z,OneWeb,634,128,21.066666666666666,23
2024-04-23T13:00:00Z,GPS,75,30,27.25,29
2024-04-23T13:00:00Z,GLONASS,142,38,31.066666666666666,35
2024-04-23T13:00:00Z,Galileo,28,7,5.45,6
2024-04-23T13:00:00Z,BeiDou,53,17,15.916666666666666,16
2024-04-23T13:00:00Z,NavIC,9,5,5.0,5
2024-04-23T13:00:00Z,QZSS,5,0,0.0,0
2024-04-23T13:00:00Z,Iridium,109,21,2.3333333333333335,5
2024-04-23T13:00:00Z,Globalstar,85,36,8.1,16
2024-04-23T13:00:00Z,Inmarsat,20,10,10.0,10
2024-04-23T13:00:00Z,Starlink,5810,1270,126.8,140
2024-04-23T13:00:00Z,OneWeb,634,131,21.766666666666666,26
2024-04-23T14:00:00Z,GPS,75,29,27.433333333333334,29
2024-04-23T14:00:00Z,GLONASS,142,47,36.766666666666666,44
2024-04-23T14:00:00Z,Galileo,28,7,6.766666666666667,7
2024-04-23T14:00:00Z,BeiDou,53,19,16.766666666666666,18
2024-04-23T14:00:00Z,NavIC,9,5,5.0,5
2024-04-23T14:00:00Z,QZSS,5,0,0.0,0
2024-04-23T14:00:00Z,Iridium,109,20,2.1166666666666667,5
2024-04-23T14:00:00Z,Globalstar,85,24,5.983333333333333,9
2024-04-23T14:00:00Z,Inmarsat,20,10,10.0,10
2024-04-23T14:00:00Z,Starlink,5810,1239,120.68333333333334,136
2024-04-23T14:00:00Z,OneWeb,634,122,20.333333333333332,24
2024-04-23T15:00:00Z,GPS,75,30,26.933333333333334,28
2024-04-23T15:00:00Z,GLONASS,142,59,46.4,53
2024-04-23T15:00:00Z,Galileo,28,8,7.05,8
2024-04-23T15:00:00Z,BeiDou,53,19,16.266666666666666,17
2024-04-23T15:00:00Z,NavIC,9,5,5.0,5
2024-04-23T15:00:00Z,QZSS,5,0,0.0,0
2024-04-23T15:00:00Z,Iridium,109,16,1.7166666666666666,4
2024-04-23T15:00:00Z,Globalstar,85,36,9.266666666666667,16
2024-04-23T15:00:00Z,Inmarsat,20,10,10.0,10
2024-04-23T15:00:00Z,Starlink,5818,1288,124.43333333333334,139
2024-04-23T15:00:00Z,OneWeb,634,121,20.316666666666666,24
2024-04-23T16:00:00Z,GPS,75,27,23.633333333333333,26
2024-04-23T16:00:00Z,GLONASS,142,63,53.38333333333333,55
2024-04-23T16:00:00Z,Galileo,28,10,7.616666666666666,9
2024-04-23T16:00:00Z,BeiDou,53,17,15.8,17
2024-04-23T16:00:00Z,NavIC,9,5,4.883333333333334,5
2024-04-23T16:00:00Z,QZSS,5,0,0.0,0
2024-04-23T16:00:00Z,Iridium,109,18,2.1,4
2024-04-23T16:00:00Z,Globalstar,85,23,5.183333333333334,9
2024-04-23T16:00:00Z,Inmarsat,20,10,10.0,10
2024-04-23T16:00:00Z,Starlink,5818,1229,120.9,132
2024-04-23T16:00:00Z,OneWeb,634,120,20.116666666666667,23
2024-04-23T17:00:00Z,GPS,75,24,19.816666666666666,22
2024-04-23T17:00:00Z,GLONASS,142,62,45.983333333333334,51
2024-04-23T17:00:00Z,Galileo,28,10,9.4,10
2024-04-23T17:00:00Z,BeiDou,53,17,13.6,15
2024-04-23T17:00:00Z,NavIC,9,4,4.0,4
2024-04-23T17:00:00Z,QZSS,5,0,0.0,0
2024-04-23T17:00:00Z,Iridium,109,16,1.95,4
2024-04-23T17:00:00Z,Globalstar,85,38,8.583333333333334,12
2024-04-23T17:00:00Z,Inmarsat,20,10,10.0,10
2024-04-23T17:00:00Z,Starlink,5818,1188,117.88333333333334,137
2024-04-23T17:00:00Z,OneWeb,634,123,20.783333333333335,24
2024-04-23T18:00:00Z,GPS,75,24,17.233333333333334,20
2024-04-23T18:00:00Z,GLONASS,142,53,41.75,46
2024-04-23T18:00:00Z,Galileo,28,11,9.5,10
2024-04-23T18:00:00Z,BeiDou,53,15,12.616666666666667,13
2024-04-23T18:00:00Z,NavIC,9,5,4.35,5
2024-04-23T18:00:00Z,QZSS,5,0,0.0,0
2024-04-23T18:00:00Z,Iridium,109,22,2.6166666666666667,5
2024-04-23T18:00:00Z,Globalstar,85,23,4.45,7
2024-04-23T18:00:00Z,Inmarsat,20,10,10.0,10
2024-04-23T18:00:00Z,Starlink,5818,1156,113.68333333333334,130
2024-04-23T18:00:00Z,OneWeb,634,124,20.683333333333334,24
2024-04-23T19:00:00Z,GPS,75,25,21.7,23
2024-04-23T19:00:00Z,GLONASS,142,48,32.05,39
2024-04-23T19:00:00Z,Galileo,28,10,8.183333333333334,9
2024-04-23T19:00:00Z,BeiDou,53,16,13.966666666666667,15
2024-04-23T19:00:00Z,NavIC,9,5,5.0,5
2024-04-23T19:00:00Z,QZSS,5,0,0.0,0
2024-04-23T19:00:00Z,Iridium,109,18,1.8833333333333333,3
2024-04-23T19:00:00Z,Globalstar,85,35,7.65,11
2024-04-23T19:00:00Z,Inmarsat,20,10,10.0,10
2024-04-23T19:00:00Z,Starlink,5818,1237,122.35,138
2024-04-23T19:00:00Z,OneWeb,634,122,20.366666666666667,24
2024-04-23T20:00:00Z,GPS,75,26,20.55,23
2024-04-23T20:00:00Z,GLONASS,142,34,31.233333333333334,32
2024-04-23T20:00:00Z,Galileo,28,10,8.816666666666666,9
2024-04-23T20:00:00Z,BeiDou,53,16,14.133333333333333,15
2024-04-23T20:00:00Z,NavIC,9,5,5.0,5
2024-04-23T20:00:00Z,QZSS,5,0,0.0,0
2024-04-23T20:00:00Z,Iridium,109,20,2.3666666666666667,5
2024-04-23T20:00:00Z,Globalstar,85,19,4.55,8
2024-04-23T20:00:00Z,Inmarsat,20,10,10.0,10
2024-04-23T20:00:00Z,Starlink,5818,1264,125.28333333333333,139
2024-04-23T20:00:00Z,OneWeb,634,129,21.316666666666666,27
2024-04-23T21:00:00Z,GPS,75,26,24.033333333333335,25
2024-04-23T21:00:00Z,GLONASS,142,33,27.283333333333335,29
2024-04-23T21:00:00Z,Galileo,28,10,8.25,9
2024-04-23T21:00:00Z,BeiDou,53,16,15.583333333333334,16
2024-04-23T21:00:00Z,NavIC,9,5,5.0,5
2024-04-23T21:00:00Z,QZSS,5,0,0.0,0
2024-04-23T21:00:00Z,Iridium,109,16,1.8666666666666667,3
2024-04-23T21:00:00Z,Globalstar,85,33,7.15,12
2024-04-23T21:00:00Z,Inmarsat,20,10,10.0,10
2024-04-23T21:00:00Z,Starlink,5818,1281,125.35,142
2024-04-23T21:00:00Z,OneWeb,634,121,20.466666666666665,23
2024-04-23T22:00:00Z,GPS,75,26,24.15,25
2024-04-23T22:00:00Z,GLONASS,142,46,34.03333333333333,43
2024-04-23T22:00:00Z,Galileo,28,10,9.083333333333334,10
2024-04-23T22:00:00Z,BeiDou,53,19,16.7,18
2024-04-23T22:00:00Z,NavIC,9,5,5.0,5
2024-04-23T22:00:00Z,QZSS,5,0,0.0,0
2024-04-23T22:00:00Z,Iridium,109,17,2.15,5
2024-04-23T22:00:00Z,Globalstar,85,23,5.05,11
2024-04-23T22:00:00Z,Inmarsat,20,10,10.0,10
2024-04-23T22:00:00Z,Starlink,5818,1227,121.03333333333333,137
2024-04-23T22:00:00Z,OneWeb,634,130,21.483333333333334,26
2024-04-23T23:00:00Z,GPS,75,25,21.4,23
2024-04-23T23:00:00Z,GLONASS,142,57,45.1,50
2024-04-23T23:00:00Z,Galileo,28,9,9.0,9
2024-04-23T23:00:00Z,BeiDou,53,20,17.933333333333334,19
2024-04-23T23:00:00Z,NavIC,9,5,5.0,5
2024-04-23T23:00:00Z,QZSS,5,0,0.0,0
2024-04-23T23:00:00Z,Iridium,109,15,1.7,4
2024-04-23T23:00:00Z,Globalstar,85,30,6.533333333333333,12
2024-04-23T23:00:00Z,Inmarsat,20,10,10.0,10
2024-04-23T23:00:00Z,Starlink,5818,1248,120.75,134
2024-04-23T23:00:00Z,OneWeb,634,134,21.566666666666666,25
2024-04-24T00:00:00Z,GPS,75,23,20.316666666666666,22
2024-04-24T00:00:00Z,GLONASS,142,62,46.93333333333333,50
2024-04-24T00:00:00Z,Galileo,28,12,9.983333333333333,11
2024-04-24T00:00:00Z,BeiDou,53,20,18.8,20
2024-04-24T00:00:00Z,NavIC,9,5,5.0,5
2024-04-24T00:00:00Z,QZSS,5,0,0.0,0
2024-04-24T00:00:00Z,Iridium,109,22,2.9166666666666665,8
2024-04-24T00:00:00Z,Globalstar,85,30,6.0,9
2024-04-24T00:00:00Z,Inmarsat,20,10,10.0,10
2024-04-24T00:00:00Z,Starlink,5818,1196,118.06666666666666,128
2024-04-24T00:00:00Z,OneWeb,634,129,21.05,24
2024-04-24T01:00:00Z,GPS,75,26,20.633333333333333,24
2024-04-24T01:00:00Z,GLONASS,142,57,46.03333333333333,49
2024-04-24T01:00:00Z,Galileo,28,13,10.783333333333333,11
2024-04-24T01:00:00Z,BeiDou,53,19,17.95,19
2024-04-24T01:00:00Z,NavIC,9,5,5.0,5
2024-04-24T01:00:00Z,QZSS,5,0,0.0,0
2024-04-24T01:00:00Z,Iridium,109,22,2.5833333333333335,5
2024-04-24T01:00:00Z,Globalstar,85,27,4.883333333333334,11
2024-04-24T01:00:00Z,Inmarsat,20,10,10.0,10
2024-04-24T01:00:00Z,Starlink,5818,1127,110.56666666666666,121
2024-04-24T01:00:00Z,OneWeb,634,129,21.683333333333334,25
2024-04-24T02:00:00Z,GPS,75,25,19.15,22
2024-04-24T02:00:00Z,GLONASS,142,53,47.266666666666666,49
2024-04-24T02:00:00Z,Galileo,28,11,10.95,11
2024-04-24T02:00:00Z,BeiDou,53,18,17.216666666666665,18
2024-04-24T02:00:00Z,NavIC,9,5,5.0,5
2024-04-24T02:00:00Z,QZSS,5,0,0.0,0
2024-04-24T02:00:00Z,Iridium,109,18,2.033333333333333,3
2024-04-24T02:00:00Z,Globalstar,85,30,6.35,11
2024-04-24T02:00:00Z,Inmarsat,20,10,10.0,10
2024-04-24T02:00:00Z,Starlink,5818,1171,113.65,132
2024-04-24T02:00:00Z,OneWeb,634,126,20.483333333333334,24
2024-04-24T03:00:00Z,GPS,75,21,19.85,21
2024-04-24T03:00:00Z,GLONASS,142,56,45.5,48
2024-04-24T03:00:00Z,Galileo,28,12,9.466666666666667,10
2024-04-24T03:00:00Z,BeiDou,53,20,17.716666666666665,19
2024-04-24T03:00:00Z,NavIC,9,5,5.0,5
2024-04-24T03:00:00Z,QZSS,5,0,0.0,0
2024-04-24T03:00:00Z,Iridium,109,11,1.55,4
2024-04-24T03:00:00Z,Globalstar,85,22,4.033333333333333,6
2024-04-24T03:00:00Z,Inmarsat,20,10,10.0,10
2024-04-24T03:00:00Z,Starlink,5818,1189,117.48333333333333,139
2024-04-24T03:00:00Z,OneWeb,634,125,20.6,25
2024-04-24T04:00:00Z,GPS,75,21,18.683333333333334,20
2024-04-24T04:00:00Z,GLONASS,142,50,43.81666666666667,47
2024-04-24T04:00:00Z,Galileo,28,10,9.166666666666666,10
2024-04-24T04:00:00Z,BeiDou,53,19,17.733333333333334,18
2024-04-24T04:00:00Z,NavIC,9,5,5.0,5
2024-04-24T04:00:00Z,QZSS,5,0,0.0,0
2024-04-24T04:00:00Z,Iridium,109,21,2.15,4
2024-04-24T04:00:00Z,Globalstar,85,30,7.016666666666667,10
2024-04-24T04:00:00Z,Inmarsat,20,10,10.0,10
2024-04-24T04:00:00Z,Starlink,5818,1258,126.45,141
2024-04-24T04:00:00Z,OneWeb,634,122,19.733333333333334,23
2024-04-24T05:00:00Z,GPS,75,25,19.483333333333334,22
2024-04-24T05:00:00Z,GLONASS,142,46,40.86666666666667,44
2024-04-24T05:00:00Z,Galileo,28,9,7.516666666666667,8
2024-04-24T05:00:00Z,BeiDou,53,19,17.133333333333333,18
2024-04-24T05:00:00Z,NavIC,9,5,5.0,5
2024-04-24T05:00:00Z,QZSS,5,0,0.0,0
2024-04-24T05:00:00Z,Iridium,109,14,2.033333333333333,3
2024-04-24T05:00:00Z,Globalstar,85,25,4.666666666666667,9
2024-04-24T05:00:00Z,Inmarsat,20,10,10.0,10
2024-04-24T05:00:00Z,Starlink,5818,1189,118.35,128
2024-04-24T05:00:00Z,OneWeb,634,126,20.866666666666667,25
2024-04-24T06:00:00Z,GPS,75,25,20.55,23
2024-04-24T06:00:00Z,GLONASS,142,44,37.78333333333333,40
2024-04-24T06:00:00Z,Galileo,28,8,6.6,7
2024-04-24T06:00:00Z,BeiDou,53,21,18.016666666666666,19
2024-04-24T06:00:00Z,NavIC,9,5,5.0,5
2024-04-24T06:00:00Z,QZSS,5,0,0.0,0
2024-04-24T06:00:00Z,Iridium,109,21,2.316666666666667,5
2024-04-24T06:00:00Z,Globalstar,85,33,7.766666666666667,11
2024-04-24T06:00:00Z,Inmarsat,20,10,10.0,10
2024-04-24T06:00:00Z,Starlink,5818,1173,113.7,129
2024-04-24T06:00:00Z,OneWeb,634,127,20.483333333333334,26
2024-04-24T07:00:00Z,GPS,75,23,20.0,21
2024-04-24T07:00:00Z,GLONASS,143,49,35.416666666666664,39
2024-04-24T07:00:00Z,Galileo,28,6,6.0,6
2024-04-24T07:00:00Z,BeiDou,53,19,17.016666666666666,19
2024-04-24T07:00:00Z,NavIC,9,5,5.0,5
2024-04-24T07:00:00Z,QZSS,5,0,0.0,0
2024-04-24T07:00:00Z,Iridium,109,14,1.8666666666666667,4
2024-04-24T07:00:00Z,Globalstar,85,29,5.65,10
2024-04-24T07:00:00Z,Inmarsat,20,10,10.0,10
2024-04-24T07:00:00Z,Starlink,5818,1184,116.46666666666667,128
2024-04-24T07:00:00Z,OneWeb,634,126,20.733333333333334,25
2024-04-24T08:00:00Z,GPS,75,23,18.6,21
2024-04-24T08:00:00Z,GLONASS,143,44,38.983333333333334,41
2024-04-24T08:00:00Z,Galileo,28,9,6.866666666666666,8
2024-04-24T08:00:00Z,BeiDou,53,19,14.9,16
2024-04-24T08:00:00Z,NavIC,9,5,5.0,5
2024-04-24T08:00:00Z,QZSS,5,0,0.0,0
2024-04-24T08:00:00Z,Iridium,109,21,2.283333333333333,5
2024-04-24T08:00:00Z,Globalstar,85,32,7.133333333333334,12
2024-04-24T08:00:00Z,Inmarsat,20,10,10.0,10
2024-04-24T08:00:00Z,Starlink,5818,1223,123.51666666666667,140
2024-04-24T08:00:00Z,OneWeb,634,139,23.25,26
2024-04-24T09:00:00Z,GPS,75,19,16.816666666666666,18
2024-04-24T09:00:00Z,GLONASS,143,46,35.53333333333333,37
2024-04-24T09:00:00Z,Galileo,28,10,7.816666666666666,9
2024-04-24T09:00:00Z,BeiDou,53,17,16.383333333333333,17
2024-04-24T09:00:00Z,NavIC,9,5,5.0,5
2024-04-24T09:00:00Z,QZSS,5,0,0.0,0
2024-04-24T09:00:00Z,Iridium,109,16,2.0,4
2024-04-24T09:00:00Z,Globalstar,85,33,6.866666666666666,13
2024-04-24T09:00:00Z,Inmarsat,20,10,10.0,10
2024-04-24T09:00:00Z,Starlink,5818,1146,112.78333333333333,124
2024-04-24T09:00:00Z,OneWeb,634,134,22.933333333333334,26
2024-04-24T10:00:00Z,GPS,75,23,17.85,21
2024-04-24T10:00:00Z,GLONASS,143,47,36.18333333333333,40
2024-04-24T10:00:00Z,Galileo,28,10,9.1,10
2024-04-24T10:00:00Z,BeiDou,53,17,14.016666666666667,15
2024-04-24T10:00:00Z,NavIC,9,5,5.0,5
2024-04-24T10:00:00Z,QZSS,5,0,0.0,0
2024-04-24T10:00:00Z,Iridium,109,20,2.35,6
2024-04-24T10:00:00Z,Globalstar,85,34,6.45,11
2024-04-24T10:00:00Z,Inmarsat,20,10,10.0,10
2024-04-24T10:00:00Z,Starlink,5818,1136,110.9,118
2024-04-24T10:00:00Z,OneWeb,634,143,23.45,28
2024-04-24T11:00:00Z,GPS,75,28,22.55,26
2024-04-24T11:00:00Z,GLONASS,142,45,33.7,37
2024-04-24T11:00:00Z,Galileo,28,11,8.733333333333333,10
2024-04-24T11:00:00Z,BeiDou,53,18,15.433333333333334,16
2024-04-24T11:00:00Z,NavIC,9,5,5.0,5
2024-04-24T11:00:00Z,QZSS,5,0,0.0,0
2024-04-24T11:00:00Z,Iridium,109,13,1.5666666666666667,3
2024-04-24T11:00:00Z,Globalstar,85,32,7.016666666666667,12
2024-04-24T11:00:00Z,Inmarsat,20,10,10.0,10
2024-04-24T11:00:00Z,Starlink,5818,1218,121.11666666666666,141
2024-04-24T11:00:00Z,OneWeb,634,137,22.216666666666665,27
2024-04-24T12:00:00Z,GPS,75,27,21.65,24
2024-04-24T12:00:00Z,GLONASS,142,41,34.4,36
2024-04-24T12:00:00Z,Galileo,28,9,7.433333333333334,9
2024-04-24T12:00:00Z,BeiDou,53,17,15.3,16
2024-04-24T12:00:00Z,NavIC,9,5,5.0,5
2024-04-24T12:00:00Z,QZSS,5,0,0.0,0
2024-04-24T12:00:00Z,Iridium,109,22,2.7333333333333334,8
2024-04-24T12:00:00Z,Globalstar,85,29,5.666666666666667,11
2024-04-24T12:00:00Z,Inmarsat,20,10,10.0,10
2024-04-24T12:00:00Z,Starlink,5818,1271,127.35,137
2024-04-24T12:00:00Z,OneWeb,634,127,21.116666666666667,24
2024-04-24T13:00:00Z,GPS,75,28,25.533333333333335,27
2024-04-24T13:00:00Z,GLONASS,142,40,37.3,38
2024-04-24T13:00:00Z,Galileo,28,6,5.983333333333333,6
2024-04-24T13:00:00Z,BeiDou,53,17,15.833333333333334,16
2024-04-24T13:00:00Z,NavIC,9,5,5.0,5
2024-04-24T13:00:00Z,QZSS,5,0,0.0,0
2024-04-24T13:00:00Z,Iridium,109,17,2.066666666666667,4
2024-04-24T13:00:00Z,Globalstar,85,39,8.683333333333334,13
2024-04-24T13:00:00Z,Inmarsat,20,10,10.0,10
2024-04-24T13:00:00Z,Starlink,5818,1251,123.96666666666667,139
2024-04-24T13:00:00Z,OneWeb,634,128,21.283333333333335,25
2024-04-24T14:00:00Z,GPS,75,32,28.016666666666666,30
2024-04-24T14:00:00Z,GLONASS,142,48,37.78333333333333,43
2024-04-24T14:00:00Z,Galileo,28,6,5.966666666666667,6
2024-04-24T14:00:00Z,BeiDou,53,18,17.033333333333335,18
2024-04-24T14:00:00Z,NavIC,9,5,5.0,5
2024-04-24T14:00:00Z,QZSS,5,0,0.0,0
2024-04-24T14:00:00Z,Iridium,109,18,1.95,4
2024-04-24T14:00:00Z,Globalstar,85,30,5.816666666666666,9
2024-04-24T14:00:00Z,Inmarsat,20,10,10.0,10
2024-04-24T14:00:00Z,Starlink,5818,1259,121.41666666666667,131
2024-04-24T14:00:00Z,OneWeb,634,124,20.583333333333332,23
2024-04-24T15:00:00Z,GPS,75,31,26.5,28
2024-04-24T15:00:00Z,GLONASS,142,59,46.766666666666666,50
2024-04-24T15:00:00Z,Galileo,28,8,6.883333333333334,7
2024-04-24T15:00:00Z,BeiDou,53,20,16.716666666666665,18
2024-04-24T15:00:00Z,NavIC,9,5,5.0,5
2024-04-24T15:00:00Z,QZSS,5,0,0.0,0
2024-04-24T15:00:00Z,Iridium,109,16,2.033333333333333,3
2024-04-24T15:00:00Z,Globalstar,85,34,8.233333333333333,11
2024-04-24T15:00:00Z,Inmarsat,20,10,10.0,10
2024-04-24T15:00:00Z,Starlink,5818,1242,120.98333333333333,141
2024-04-24T15:00:00Z,OneWeb,634,125,20.366666666666667,23
2024-04-24T16:00:00Z,GPS,75,27,23.533333333333335,26
2024-04-24T16:00:00Z,GLONASS,142,61,46.6,50
2024-04-24T16:00:00Z,Galileo,28,10,7.8,9
2024-04-24T16:00:00Z,BeiDou,53,18,16.95,18
2024-04-24T16:00:00Z,NavIC,9,5,4.8,5
2024-04-24T16:00:00Z,QZSS,5,0,0.0,0
2024-04-24T16:00:00Z,Iridium,109,14,1.7166666666666666,3
2024-04-24T16:00:00Z,Globalstar,85,28,6.716666666666667,12
2024-04-24T16:00:00Z,Inmarsat,20,10,10.0,10
2024-04-24T16:00:00Z,Starlink,5818,1232,123.0,136
2024-04-24T16:00:00Z,OneWeb,634,124,20.383333333333333,23
2024-04-24T17:00:00Z,GPS,75,29,24.033333333333335,26
2024-04-24T17:00:00Z,GLONASS,142,61,47.13333333333333,51
2024-04-24T17:00:00Z,Galileo,28,9,8.533333333333333,9
2024-04-24T17:00:00Z,BeiDou,53,17,15.033333333333333,16
2024-04-24T17:00:00Z,NavIC,9,4,4.0,4
2024-04-24T17:00:00Z,QZSS,5,0,0.0,0
2024-04-24T17:00:00Z,Iridium,109,18,2.2666666666666666,5
2024-04-24T17:00:00Z,Globalstar,85,27,6.233333333333333,10
2024-04-24T17:00:00Z,Inmarsat,20,10,10.0,10
2024-04-24T17:00:00Z,Starlink,5818,1169,115.28333333333333,127
2024-04-24T17:00:00Z,OneWeb,634,122,20.433333333333334,25
2024-04-24T18:00:00Z,GPS,75,30,23.433333333333334,26
2024-04-24T18:00:00Z,GLONASS,141,53,44.31666666666667,51
2024-04-24T18:00:00Z,Galileo,28,10,9.8,10
2024-04-24T18:00:00Z,BeiDou,53,17,12.616666666666667,14
2024-04-24T18:00:00Z,NavIC,9,5,4.416666666666667,5
2024-04-24T18:00:00Z,QZSS,5,0,0.0,0
2024-04-24T18:00:00Z,Iridium,109,17,1.8666666666666667,5
2024-04-24T18:00:00Z,Globalstar,85,33,7.133333333333334,11
2024-04-24T18:00:00Z,Inmarsat,20,10,10.0,10
2024-04-24T18:00:00Z,Starlink,5818,1166,114.4,127
2024-04-24T18:00:00Z,OneWeb,634,124,20.583333333333332,24
2024-04-24T19:00:00Z,GPS,75,27,22.533333333333335,24
2024-04-24T19:00:00Z,GLONASS,141,40,28.75,35
2024-04-24T19:00:00Z,Galileo,28,10,8.833333333333334,9
2024-04-24T19:00:00Z,BeiDou,53,15,14.083333333333334,15
2024-04-24T19:00:00Z,NavIC,9,5,5.0,5
2024-04-24T19:00:00Z,QZSS,5,0,0.0,0
2024-04-24T19:00:00Z,Iridium,109,17,1.9666666666666666,5
2024-04-24T19:00:00Z,Globalstar,85,23,5.15,8
2024-04-24T19:00:00Z,Inmarsat,20,10,10.0,10
2024-04-24T19:00:00Z,Starlink,5814,1229,121.98333333333333,134
2024-04-24T19:00:00Z,OneWeb,634,123,20.666666666666668,24
2024-04-24T20:00:00Z,GPS,75,25,19.9,22
2024-04-24T20:00:00Z,GLONASS,141,32,30.05,31
2024-04-24T20:00:00Z,Galileo,28,10,8.066666666666666,9
2024-04-24T20:00:00Z,BeiDou,53,15,13.716666666666667,14
2024-04-24T20:00:00Z,NavIC,9,5,5.0,5
2024-04-24T20:00:00Z,QZSS,5,0,0.0,0
2024-04-24T20:00:00Z,Iridium,109,19,2.216666666666667,4
2024-04-24T20:00:00Z,Globalstar,85,29,6.5,9
2024-04-24T20:00:00Z,Inmarsat,20,10,10.0,10
2024-04-24T20:00:00Z,Starlink,5814,1318,128.18333333333334,155
2024-04-24T20:00:00Z,OneWeb,634,128,21.133333333333333,25
2024-04-24T21:00:00Z,GPS,75,27,23.783333333333335,25
2024-04-24T21:00:00Z,GLONASS,141,36,29.866666666666667,32
2024-04-24T21:00:00Z,Galileo,28,7,7.0,7
2024-04-24T21:00:00Z,BeiDou,53,14,14.0,14
2024-04-24T21:00:00Z,NavIC,9,5,5.0,5
2024-04-24T21:00:00Z,QZSS,5,0,0.0,0
2024-04-24T21:00:00Z,Iridium,109,18,1.9833333333333334,4
2024-04-24T21:00:00Z,Globalstar,85,25,5.233333333333333,8
2024-04-24T21:00:00Z,Inmarsat,20,10,10.0,10
2024-04-24T21:00:00Z,Starlink,5814,1213,119.91666666666667,133
2024-04-24T21:00:00Z,OneWeb,634,125,20.383333333333333,24
2024-04-24T22:00:00Z,GPS,75,25,23.483333333333334,24
2024-04-24T22:00:00Z,GLONASS,141,46,32.46666666666667,39
2024-04-24T22:00:00Z,Galileo,28,8,6.483333333333333,7
2024-04-24T22:00:00Z,BeiDou,53,19,16.5,18
2024-04-24T22:00:00Z,NavIC,9,5,5.0,5
2024-04-24T22:00:00Z,QZSS,5,0,0.0,0
2024-04-24T22:00:00Z,Iridium,109,13,1.7333333333333334,4
2024-04-24T22:00:00Z,Globalstar,85,27,6.25,9
2024-04-24T22:00:00Z,Inmarsat,20,10,10.0,10
2024-04-24T22:00:00Z,Starlink,5814,1280,126.45,151
2024-04-24T22:00:00Z,OneWeb,634,128,21.366666666666667,26
2024-04-24T23:00:00Z,GPS,75,27,21.85,24
2024-04-24T23:00:00Z,GLONASS,141,53,41.4,46
2024-04-24T23:00:00Z,Galileo,28,8,6.35,7
2024-04-24T23:00:00Z,BeiDou,53,19,17.383333333333333,18
2024-04-24T23:00:00Z,NavIC,9,5,5.0,5
2024-04-24T23:00:00Z,QZSS,5,0,0.0,0
2024-04-24T23:00:00Z,Iridium,109,21,2.55,5
2024-04-24T23:00:00Z,Globalstar,85,24,5.266666666666667,11
2024-04-24T23:00:00Z,Inmarsat,20,10,10.0,10
2024-04-24T23:00:00Z,Starlink,5814,1194,115.66666666666667,128
2024-04-24T23:00:00Z,OneWeb,634,132,21.9,25
2024-04-25T00:00:00Z,GPS,75,25,23.033333333333335,25
2024-04-25T00:00:00Z,GLONASS,141,56,47.5,51
2024-04-25T00:00:00Z,Galileo,28,10,8.2,10
2024-04-25T00:00:00Z,BeiDou,53,18,17.266666666666666,18
2024-04-25T00:00:00Z,NavIC,9,5,5.0,5
2024-04-25T00:00:00Z,QZSS,5,1,0.7,1
2024-04-25T00:00:00Z,Iridium,109,22,2.65,6
2024-04-25T00:00:00Z,Globalstar,85,30,6.816666666666666,10
2024-04-25T00:00:00Z,Inmarsat,20,10,10.0,10
2024-04-25T00:00:00Z,Starlink,5814,1183,116.38333333333334,130
2024-04-25T00:00:00Z,OneWeb,634,128,20.9,25
2024-04-25T01:00:00Z,GPS,75,26,20.5,22
2024-04-25T01:00:00Z,GLONASS,141,57,49.7,52
2024-04-25T01:00:00Z,Galileo,28,11,9.333333333333334,10
2024-04-25T01:00:00Z,BeiDou,53,18,15.266666666666667,16
2024-04-25T01:00:00Z,NavIC,9,5,5.0,5
2024-04-25T01:00:00Z,QZSS,5,1,1.0,1
2024-04-25T01:00:00Z,Iridium,109,23,2.6,5
2024-04-25T01:00:00Z,Globalstar,85,24,4.7,10
2024-04-25T01:00:00Z,Inmarsat,20,10,10.0,10
2024-04-25T01:00:00Z,Starlink,5814,1146,111.25,122
2024-04-25T01:00:00Z,OneWeb,634,130,21.583333333333332,25
2024-04-25T02:00:00Z,GPS,75,23,19.633333333333333,21
2024-04-25T02:00:00Z,GLONASS,141,53,46.7,49
2024-04-25T02:00:00Z,Galileo,28,11,10.416666666666666,11
2024-04-25T02:00:00Z,BeiDou,53,17,14.733333333333333,16
2024-04-25T02:00:00Z,NavIC,9,5,5.0,5
2024-04-25T02:00:00Z,QZSS,5,1,1.0,1
2024-04-25T02:00:00Z,Iridium,109,19,2.1,4
2024-04-25T02:00:00Z,Globalstar,85,26,5.883333333333334,10
2024-04-25T02:00:00Z,Inmarsat,20,10,10.0,10
2024-04-25T02:00:00Z,Starlink,5814,1113,109.91666666666667,127
2024-04-25T02:00:00Z,OneWeb,634,123,20.15,23
2024-04-25T03:00:00Z,GPS,75,23,19.7,21
2024-04-25T03:00:00Z,GLONASS,141,49,41.233333333333334,43
2024-04-25T03:00:00Z,Galileo,28,12,10.816666666666666,11
2024-04-25T03:00:00Z,BeiDou,53,19,16.9,18
2024-04-25T03:00:00Z,NavIC,9,5,5.0,5
2024-04-25T03:00:00Z,QZSS,5,1,1.0,1
2024-04-25T03:00:00Z,Iridium,109,12,1.6833333333333333,4
2024-04-25T03:00:00Z,Globalstar,85,25,5.066666666666666,8
2024-04-25T03:00:00Z,Inmarsat,20,10,10.0,10
2024-04-25T03:00:00Z,Starlink,5814,1244,123.2,148
2024-04-25T03:00:00Z,OneWeb,634,123,20.633333333333333,23
2024-04-25T04:00:00Z,GPS,75,21,17.766666666666666,19
2024-04-25T04:00:00Z,GLONASS,141,41,36.53333333333333,38
2024-04-25T04:00:00Z,Galileo,28,11,10.116666666666667,11
2024-04-25T04:00:00Z,BeiDou,53,20,18.766666666666666,20
2024-04-25T04:00:00Z,NavIC,9,5,5.0,5
2024-04-25T04:00:00Z,QZSS,5,1,1.0,1
2024-04-25T04:00:00Z,Iridium,109,20,2.2333333333333334,4
2024-04-25T04:00:00Z,Globalstar,85,28,6.233333333333333,11
2024-04-25T04:00:00Z,Inmarsat,20,10,10.0,10
2024-04-25T04:00:00Z,Starlink,5814,1257,124.76666666666667,141
2024-04-25T04:00:00Z,OneWeb,634,124,20.366666666666667,24
2024-04-25T05:00:00Z,GPS,75,21,18.266666666666666,21
2024-04-25T05:00:00Z,GLONASS,141,43,33.35,35
2024-04-25T05:00:00Z,Galileo,28,9,8.8,9
2024-04-25T05:00:00Z,BeiDou,53,19,17.833333333333332,18
2024-04-25T05:00:00Z,NavIC,9,5,5.0,5
2024-04-25T05:00:00Z,QZSS,5,1,1.0,1
2024-04-25T05:00:00Z,Iridium,109,15,2.0166666666666666,4
2024-04-25T05:00:00Z,Globalstar,85,25,5.133333333333334,8
2024-04-25T05:00:00Z,Inmarsat,20,10,10.0,10
2024-04-25T05:00:00Z,Starlink,5814,1197,116.6,141
2024-04-25T05:00:00Z,OneWeb,634,122,20.483333333333334,25
2024-04-25T06:00:00Z,GPS,75,24,18.516666666666666,21
2024-04-25T06:00:00Z,GLONASS,141,40,34.3,35
2024-04-25T06:00:00Z,Galileo,28,10,8.7,9
2024-04-25T06:00:00Z,BeiDou,53,21,19.133333333333333,20
2024-04-25T06:00:00Z,NavIC,9,5,5.0,5
2024-04-25T06:00:00Z,QZSS,5,1,1.0,1
2024-04-25T06:00:00Z,Iridium,109,21,2.316666666666667,4
2024-04-25T06:00:00Z,Globalstar,85,33,7.85,11
2024-04-25T06:00:00Z,Inmarsat,20,10,10.0,10
2024-04-25T06:00:00Z,Starlink,5814,1179,114.21666666666667,128
2024-04-25T06:00:00Z,OneWeb,634,126,20.65,23
2024-04-25T07:00:00Z,GPS,75,20,16.85,18
2024-04-25T07:00:00Z,GLONASS,141,50,37.63333333333333,42
2024-04-25T07:00:00Z,Galileo,28,10,9.05,10
2024-04-25T07:00:00Z,BeiDou,53,21,19.3,21
2024-04-25T07:00:00Z,NavIC,9,5,5.0,5
2024-04-25T07:00:00Z,QZSS,5,1,1.0,1
2024-04-25T07:00:00Z,Iridium,109,11,1.7833333333333334,4
2024-04-25T07:00:00Z,Globalstar,85,23,4.8,8
2024-04-25T07:00:00Z,Inmarsat,20,10,10.0,10
2024-04-25T07:00:00Z,Starlink,5814,1194,117.35,129
2024-04-25T07:00:00Z,OneWeb,634,126,20.666666666666668,24
2024-04-25T08:00:00Z,GPS,75,21,16.166666666666668,18
2024-04-25T08:00:00Z,GLONASS,142,56,44.666666666666664,50
2024-04-25T08:00:00Z,Galileo,28,11,9.016666666666667,10
2024-04-25T08:00:00Z,BeiDou,53,20,16.65,18
2024-04-25T08:00:00Z,NavIC,9,5,5.0,5
2024-04-25T08:00:00Z,QZSS,5,1,1.0,1
2024-04-25T08:00:00Z,Iridium,109,20,2.2333333333333334,6
2024-04-25T08:00:00Z,Globalstar,85,33,8.5,12
2024-04-25T08:00:00Z,Inmarsat,20,10,10.0,10
2024-04-25T08:00:00Z,Starlink,5814,1206,120.63333333333334,136
2024-04-25T08:00:00Z,OneWeb,634,139,23.0,27
2024-04-25T09:00:00Z,GPS,75,21,17.683333333333334,20
2024-04-25T09:00:00Z,GLONASS,142,60,48.46666666666667,50
2024-04-25T09:00:00Z,Galileo,28,9,8.9,9
2024-04-25T09:00:00Z,BeiDou,53,18,15.633333333333333,17
2024-04-25T09:00:00Z,NavIC,9,5,5.0,5
2024-04-25T09:00:00Z,QZSS,5,1,1.0,1
2024-04-25T09:00:00Z,Iridium,109,14,1.6833333333333333,4
2024-04-25T09:00:00Z,Globalstar,85,26,5.683333333333334,9
2024-04-25T09:00:00Z,Inmarsat,20,10,10.0,10
2024-04-25T09:00:00Z,Starlink,5814,1148,113.06666666666666,127
2024-04-25T09:00:00Z,OneWeb,634,137,23.283333333333335,26
2024-04-25T10:00:00Z,GPS,75,23,18.716666666666665,20
2024-04-25T10:00:00Z,GLONASS,142,53,45.4,48
2024-04-25T10:00:00Z,Galileo,28,11,8.733333333333333,10
2024-04-25T10:00:00Z,BeiDou,53,19,15.083333333333334,16
2024-04-25T10:00:00Z,NavIC,9,5,5.0,5
2024-04-25T10:00:00Z,QZSS,5,1,1.0,1
2024-04-25T10:00:00Z,Iridium,109,20,2.3333333333333335,4
2024-04-25T10:00:00Z,Globalstar,85,31,7.516666666666667,11
2024-04-25T10:00:00Z,Inmarsat,20,10,10.0,10
2024-04-25T10:00:00Z,Starlink,5814,1163,113.4,131
2024-04-25T10:00:00Z,OneWeb,634,140,23.733333333333334,29
2024-04-25T11:00:00Z,GPS,75,24,21.233333333333334,23
2024-04-25T11:00:00Z,GLONASS,142,48,38.46666666666667,45
2024-04-25T11:00:00Z,Galileo,28,9,8.6,9
2024-04-25T11:00:00Z,BeiDou,53,18,15.6,16
2024-04-25T11:00:00Z,NavIC,9,5,5.0,5
2024-04-25T11:00:00Z,QZSS,5,1,1.0,1
2024-04-25T11:00:00Z,Iridium,109,16,2.183333333333333,4
2024-04-25T11:00:00Z,Globalstar,85,28,5.75,9
2024-04-25T11:00:00Z,Inmarsat,20,10,10.0,10
2024-04-25T11:00:00Z,Starlink,5814,1246,124.1,138
2024-04-25T11:00:00Z,OneWeb,634,130,21.316666666666666,26
2024-04-25T12:00:00Z,GPS,75,26,22.166666666666668,24
2024-04-25T12:00:00Z,GLONASS,142,43,35.7,38
2024-04-25T12:00:00Z,Galileo,28,9,7.183333333333334,8
2024-04-25T12:00:00Z,BeiDou,53,17,15.733333333333333,16
2024-04-25T12:00:00Z,NavIC,9,5,5.0,5
2024-04-25T12:00:00Z,QZSS,5,1,1.0,1
2024-04-25T12:00:00Z,Iridium,109,16,2.0,3
2024-04-25T12:00:00Z,Globalstar,85,37,7.233333333333333,12
2024-04-25T12:00:00Z,Inmarsat,20,10,10.0,10
2024-04-25T12:00:00Z,Starlink,5814,1273,127.4,143
2024-04-25T12:00:00Z,OneWeb,634,129,21.55,25
2024-04-25T13:00:00Z,GPS,75,25,21.35,22
2024-04-25T13:00:00Z,GLONASS,142,43,36.666666666666664,38
2024-04-25T13:00:00Z,Galileo,28,7,5.966666666666667,6
2024-04-25T13:00:00Z,BeiDou,53,17,15.683333333333334,16
2024-04-25T13:00:00Z,NavIC,9,5,5.0,5
2024-04-25T13:00:00Z,QZSS,5,1,1.0,1
2024-04-25T13:00:00Z,Iridium,109,18,2.033333333333333,5
2024-04-25T13:00:00Z,Globalstar,85,32,6.933333333333334,11
2024-04-25T13:00:00Z,Inmarsat,20,10,10.0,10
2024-04-25T13:00:00Z,Starlink,5814,1246,123.46666666666667,138
2024-04-25T13:00:00Z,OneWeb,634,125,20.916666666666668,25
2024-04-25T14:00:00Z,GPS,75,25,22.7,25
2024-04-25T14:00:00Z,GLONASS,142,50,36.75,40
2024-04-25T14:00:00Z,Galileo,28,6,6.0,6
2024-04-25T14:00:00Z,BeiDou,53,20,18.3,20
2024-04-25T14:00:00Z,NavIC,9,5,5.0,5
2024-04-25T14:00:00Z,QZSS,5,1,1.0,1
2024-04-25T14:00:00Z,Iridium,109,19,2.15,4
2024-04-25T14:00:00Z,Globalstar,85,32,7.0,10
2024-04-25T14:00:00Z,Inmarsat,20,10,10.0,10
2024-04-25T14:00:00Z,Starlink,5814,1232,117.7,129
2024-04-25T14:00:00Z,OneWeb,634,125,20.966666666666665,24
2024-04-25T15:00:00Z,GPS,75,31,25.033333333333335,28
2024-04-25T15:00:00Z,GLONASS,142,54,43.05,46
2024-04-25T15:00:00Z,Galileo,28,6,5.983333333333333,6
2024-04-25T15:00:00Z,BeiDou,53,22,18.683333333333334,20
2024-04-25T15:00:00Z,NavIC,9,5,5.0,5
2024-04-25T15:00:00Z,QZSS,5,1,1.0,1
2024-04-25T15:00:00Z,Iridium,109,13,1.5833333333333333,3
2024-04-25T15:00:00Z,Globalstar,85,35,8.066666666666666,13
2024-04-25T15:00:00Z,Inmarsat,20,10,10.0,10
2024-04-25T15:00:00Z,Starlink,5818,1258,121.86666666666666,141
2024-04-25T15:00:00Z,OneWeb,634,123,20.183333333333334,23
2024-04-25T16:00:00Z,GPS,75,27,22.6,25
2024-04-25T16:00:00Z,GLONASS,142,55,49.416666666666664,51
2024-04-25T16:00:00Z,Galileo,28,10,7.95,9
2024-04-25T16:00:00Z,BeiDou,53,20,18.166666666666668,19
2024-04-25T16:00:00Z,NavIC,9,5,4.766666666666667,5
2024-04-25T16:00:00Z,QZSS,5,1,1.0,1
2024-04-25T16:00:00Z,Iridium,109,20,2.183333333333333,4
2024-04-25T16:00:00Z,Globalstar,85,26,5.816666666666666,8
2024-04-25T16:00:00Z,Inmarsat,20,10,10.0,10
2024-04-25T16:00:00Z,Starlink,5818,1228,121.75,131
2024-04-25T16:00:00Z,OneWeb,634,123,20.55,24
2024-04-25T17:00:00Z,GPS,75,29,25.533333333333335,28
2024-04-25T17:00:00Z,GLONASS,142,55,43.88333333333333,50
2024-04-25T17:00:00Z,Galileo,28,11,10.233333333333333,11
2024-04-25T17:00:00Z,BeiDou,53,18,16.083333333333332,17
2024-04-25T17:00:00Z,NavIC,9,4,4.0,4
2024-04-25T17:00:00Z,QZSS,5,1,0.21666666666666667,1
2024-04-25T17:00:00Z,Iridium,109,14,1.7833333333333334,4
2024-04-25T17:00:00Z,Globalstar,85,35,8.0,12
2024-04-25T17:00:00Z,Inmarsat,20,10,10.0,10
2024-04-25T17:00:00Z,Starlink,5818,1181,116.53333333333333,133
2024-04-25T17:00:00Z,OneWeb,634,123,20.383333333333333,23
2024-04-25T18:00:00Z,GPS,75,32,26.833333333333332,29
2024-04-25T18:00:00Z,GLONASS,142,47,38.36666666666667,42
2024-04-25T18:00:00Z,Galileo,28,13,9.166666666666666,11
2024-04-25T18:00:00Z,BeiDou,53,18,13.1,15
2024-04-25T18:00:00Z,NavIC,9,5,4.5,5
2024-04-25T18:00:00Z,QZSS,5,0,0.0,0
2024-04-25T18:00:00Z,Iridium,109,20,2.183333333333333,4
2024-04-25T18:00:00Z,Globalstar,85,27,5.05,8
2024-04-25T18:00:00Z,Inmarsat,20,10,10.0,10
2024-04-25T18:00:00Z,Starlink,5818,1155,115.03333333333333,130
2024-04-25T18:00:00Z,OneWeb,634,126,20.933333333333334,24
2024-04-25T19:00:00Z,GPS,75,31,26.816666666666666,29
2024-04-25T19:00:00Z,GLONASS,142,38,30.366666666666667,33
2024-04-25T19:00:00Z,Galileo,28,10,9.2,10
2024-04-25T19:00:00Z,BeiDou,53,15,14.2,15
2024-04-25T19:00:00Z,NavIC,9,5,5.0,5
2024-04-25T19:00:00Z,QZSS,5,0,0.0,0
2024-04-25T19:00:00Z,Iridium,109,17,2.05,4
2024-04-25T19:00:00Z,Globalstar,85,32,6.9,14
2024-04-25T19:00:00Z,Inmarsat,20,10,10.0,10
2024-04-25T19:00:00Z,Starlink,5818,1232,120.85,140
2024-04-25T19:00:00Z,OneWeb,634,124,20.566666666666666,22
2024-04-25T20:00:00Z,GPS,75,30,23.433333333333334,25
2024-04-25T20:00:00Z,GLONASS,142,38,31.133333333333333,33
2024-04-25T20:00:00Z,Galileo,28,9,7.616666666666666,8
2024-04-25T20:00:00Z,BeiDou,53,15,14.183333333333334,15
2024-04-25T20:00:00Z,NavIC,9,5,5.0,5
2024-04-25T20:00:00Z,QZSS,5,0,0.0,0
2024-04-25T20:00:00Z,Iridium,109,17,2.2,5
2024-04-25T20:00:00Z,Globalstar,85,29,5.466666666666667,10
2024-04-25T20:00:00Z,Inmarsat,20,10,10.0,10
2024-04-25T20:00:00Z,Starlink,5818,1275,127.33333333333333,142
2024-04-25T20:00:00Z,OneWeb,634,126,20.766666666666666,24
2024-04-25T21:00:00Z,GPS,75,27,24.666666666666668,26
2024-04-25T21:00:00Z,GLONASS,142,35,29.033333333333335,32
2024-04-25T21:00:00Z,Galileo,28,8,6.9,7
2024-04-25T21:00:00Z,BeiDou,53,15,13.966666666666667,14
2024-04-25T21:00:00Z,NavIC,9,5,5.0,5
2024-04-25T21:00:00Z,QZSS,5,0,0.0,0
2024-04-25T21:00:00Z,Iridium,109,16,2.1166666666666667,5
2024-04-25T21:00:00Z,Globalstar,85,28,5.516666666666667,11
2024-04-25T21:00:00Z,Inmarsat,20,10,10.0,10
2024-04-25T21:00:00Z,Starlink,5818,1277,126.65,144
2024-04-25T21:00:00Z,OneWeb,634,123,20.366666666666667,24
2024-04-25T22:00:00Z,GPS,75,23,21.033333333333335,22
2024-04-25T22:00:00Z,GLONASS,142,49,34.88333333333333,47
2024-04-25T22:00:00Z,Galileo,28,7,7.0,7
2024-04-25T22:00:00Z,BeiDou,53,17,15.8,17
2024-04-25T22:00:00Z,NavIC,9,5,5.0,5
2024-04-25T22:00:00Z,QZSS,5,0,0.0,0
2024-04-25T22:00:00Z,Iridium,109,18,2.0833333333333335,5
2024-04-25T22:00:00Z,Globalstar,85,28,6.116666666666666,10
2024-04-25T22:00:00Z,Inmarsat,20,10,10.0,10
2024-04-25T22:00:00Z,Starlink,5818,1213,119.21666666666667,130
2024-04-25T22:00:00Z,OneWeb,634,131,21.5,25
2024-04-25T23:00:00Z,GPS,75,25,20.216666666666665,21
2024-04-25T23:00:00Z,GLONASS,142,57,47.96666666666667,50
2024-04-25T23:00:00Z,Galileo,28,8,6.866666666666666,7
2024-04-25T23:00:00Z,BeiDou,53,20,16.45,18
2024-04-25T23:00:00Z,NavIC,9,5,5.0,5
2024-04-25T23:00:00Z,QZSS,5,1,0.65,1
2024-04-25T23:00:00Z,Iridium,109,19,1.9333333333333333,5
2024-04-25T23:00:00Z,Globalstar,85,27,5.783333333333333,9
2024-04-25T23:00:00Z,Inmarsat,20,10,10.0,10
2024-04-25T23:00:00Z,Starlink,5818,1200,117.03333333333333,133
2024-04-25T23:00:00Z,OneWeb,634,132,21.5,26
2024-04-26T00:00:00Z,GPS,75,25,22.566666666666666,25
2024-04-26T00:00:00Z,GLONASS,142,56,50.4,52
2024-04-26T00:00:00Z,Galileo,28,10,8.283333333333333,10
2024-04-26T00:00:00Z,BeiDou,53,18,17.566666666666666,18
2024-04-26T00:00:00Z,NavIC,9,5,5.0,5
2024-04-26T00:00:00Z,QZSS,5,1,1.0,1
2024-04-26T00:00:00Z,Iridium,109,25,3.3833333333333333,6
2024-04-26T00:00:00Z,Globalstar,85,33,6.416666666666667,10
2024-04-26T00:00:00Z,Inmarsat,20,10,10.0,10
2024-04-26T00:00:00Z,Starlink,5818,1127,110.73333333333333,119
2024-04-26T00:00:00Z,OneWeb,634,130,21.416666666666668,24
2024-04-26T01:00:00Z,GPS,75,26,20.25,21
2024-04-26T01:00:00Z,GLONASS,142,56,46.13333333333333,50
2024-04-26T01:00:00Z,Galileo,28,10,9.75,10
2024-04-26T01:00:00Z,BeiDou,53,17,15.5,16
2024-04-26T01:00:00Z,NavIC,9,5,5.0,5
2024-04-26T01:00:00Z,QZSS,5,1,1.0,1
2024-04-26T01:00:00Z,Iridium,109,18,2.3,4
2024-04-26T01:00:00Z,Globalstar,85,26,5.15,8
2024-04-26T01:00:00Z,Inmarsat,20,10,10.0,10
2024-04-26T01:00:00Z,Starlink,5818,1161,112.76666666666667,129
2024-04-26T01:00:00Z,OneWeb,634,127,21.016666666666666,25
2024-04-26T02:00:00Z,GPS,75,26,21.6,23
2024-04-26T02:00:00Z,GLONASS,142,51,42.333333333333336,46
2024-04-26T02:00:00Z,Galileo,28,10,8.166666666666666,10
2024-04-26T02:00:00Z,BeiDou,53,15,13.45,15
2024-04-26T02:00:00Z,NavIC,9,5,5.0,5
2024-04-26T02:00:00Z,QZSS,5,1,1.0,1
2024-04-26T02:00:00Z,Iridium,109,18,1.8833333333333333,4
2024-04-26T02:00:00Z,Globalstar,85,25,4.833333333333333,8
2024-04-26T02:00:00Z,Inmarsat,20,10,10.0,10
2024-04-26T02:00:00Z,Starlink,5818,1192,116.38333333333334,131
2024-04-26T02:00:00Z,OneWeb,634,126,21.033333333333335,24
2024-04-26T03:00:00Z,GPS,75,26,22.95,24
2024-04-26T03:00:00Z,GLONASS,142,39,32.5,34
2024-04-26T03:00:00Z,Galileo,28,9,7.6,9
2024-04-26T03:00:00Z,BeiDou,53,17,14.966666666666667,17
2024-04-26T03:00:00Z,NavIC,9,5,5.0,5
2024-04-26T03:00:00Z,QZSS,5,1,1.0,1
2024-04-26T03:00:00Z,Iridium,109,14,1.8833333333333333,4
2024-04-26T03:00:00Z,Globalstar,85,28,6.116666666666666,10
2024-04-26T03:00:00Z,Inmarsat,20,10,10.0,10
2024-04-26T03:00:00Z,Starlink,5818,1233,123.28333333333333,136
2024-04-26T03:00:00Z,OneWeb,634,122,20.2,22
2024-04-26T04:00:00Z,GPS,75,23,20.133333333333333,23
2024-04-26T04:00:00Z,GLONASS,142,43,35.0,38
2024-04-26T04:00:00Z,Galileo,28,9,7.866666666666666,8
2024-04-26T04:00:00Z,BeiDou,53,18,15.766666666666667,16
2024-04-26T04:00:00Z,NavIC,9,5,5.0,5
2024-04-26T04:00:00Z,QZSS,5,1,1.0,1
2024-04-26T04:00:00Z,Iridium,109,20,2.183333333333333,4
2024-04-26T04:00:00Z,Globalstar,85,23,4.75,8
2024-04-26T04:00:00Z,Inmarsat,20,10,10.0,10
2024-04-26T04:00:00Z,Starlink,5818,1229,124.03333333333333,143
2024-04-26T04:00:00Z,OneWeb,634,123,20.616666666666667,24
2024-04-26T05:00:00Z,GPS,75,20,17.533333333333335,18
2024-04-26T05:00:00Z,GLONASS,142,47,36.43333333333333,39
2024-04-26T05:00:00Z,Galileo,28,7,7.0,7
2024-04-26T05:00:00Z,BeiDou,53,17,16.133333333333333,17
2024-04-26T05:00:00Z,NavIC,9,5,5.0,5
2024-04-26T05:00:00Z,QZSS,5,1,1.0,1
2024-04-26T05:00:00Z,Iridium,109,12,1.75,3
2024-04-26T05:00:00Z,Globalstar,85,33,7.066666666666666,11
2024-04-26T05:00:00Z,Inmarsat,20,10,10.0,10
2024-04-26T05:00:00Z,Starlink,5818,1174,113.71666666666667,128
2024-04-26T05:00:00Z,OneWeb,634,122,20.466666666666665,23
2024-04-26T06:00:00Z,GPS,75,20,16.683333333333334,18
2024-04-26T06:00:00Z,GLONASS,142,52,44.1,48
2024-04-26T06:00:00Z,Galileo,28,8,6.983333333333333,7
2024-04-26T06:00:00Z,BeiDou,53,20,18.633333333333333,20
2024-04-26T06:00:00Z,NavIC,9,5,5.0,5
2024-04-26T06:00:00Z,QZSS,5,1,1.0,1
2024-04-26T06:00:00Z,Iridium,109,24,2.4166666666666665,6
2024-04-26T06:00:00Z,Globalstar,85,30,5.766666666666667,9
2024-04-26T06:00:00Z,Inmarsat,20,10,10.0,10
2024-04-26T06:00:00Z,Starlink,5818,1184,115.75,130
2024-04-26T06:00:00Z,OneWeb,634,127,20.733333333333334,24
2024-04-26T07:00:00Z,GPS,75,20,15.35,17
2024-04-26T07:00:00Z,GLONASS,142,61,49.083333333333336,54
2024-04-26T07:00:00Z,Galileo,28,9,7.283333333333333,8
2024-04-26T07:00:00Z,BeiDou,53,21,19.266666666666666,20
2024-04-26T07:00:00Z,NavIC,9,5,5.0,5
2024-04-26T07:00:00Z,QZSS,5,1,1.0,1
2024-04-26T07:00:00Z,Iridium,109,14,2.066666666666667,4
2024-04-26T07:00:00Z,Globalstar,85,33,7.066666666666666,10
2024-04-26T07:00:00Z,Inmarsat,20,10,10.0,10
2024-04-26T07:00:00Z,Starlink,5818,1204,118.61666666666666,138
2024-04-26T07:00:00Z,OneWeb,634,130,20.816666666666666,25
2024-04-26T08:00:00Z,GPS,75,20,16.75,18
2024-04-26T08:00:00Z,GLONASS,142,60,53.61666666666667,56
2024-04-26T08:00:00Z,Galileo,28,11,9.133333333333333,10
2024-04-26T08:00:00Z,BeiDou,53,21,18.016666666666666,20
2024-04-26T08:00:00Z,NavIC,9,5,5.0,5
2024-04-26T08:00:00Z,QZSS,5,1,1.0,1
2024-04-26T08:00:00Z,Iridium,109,19,2.183333333333333,6
2024-04-26T08:00:00Z,Globalstar,85,30,6.516666666666667,10
2024-04-26T08:00:00Z,Inmarsat,20,10,10.0,10
2024-04-26T08:00:00Z,Starlink,5818,1210,119.0,134
2024-04-26T08:00:00Z,OneWeb,634,137,23.1,27
2024-04-26T09:00:00Z,GPS,75,19,16.8,18
2024-04-26T09:00:00Z,GLONASS,142,57,50.5,52
2024-04-26T09:00:00Z,Galileo,28,10,9.616666666666667,10
2024-04-26T09:00:00Z,BeiDou,53,19,16.533333333333335,18
2024-04-26T09:00:00Z,NavIC,9,5,5.0,5
2024-04-26T09:00:00Z,QZSS,5,1,1.0,1
2024-04-26T09:00:00Z,Iridium,109,14,1.9666666666666666,4
2024-04-26T09:00:00Z,Globalstar,85,37,6.916666666666667,9
2024-04-26T09:00:00Z,Inmarsat,20,10,10.0,10
2024-04-26T09:00:00Z,Starlink,5818,1122,110.93333333333334,123
2024-04-26T09:00:00Z,OneWeb,634,135,23.216666666666665,27
2024-04-26T10:00:00Z,GPS,75,22,15.066666666666666,18
2024-04-26T10:00:00Z,GLONASS,142,57,47.166666666666664,51
2024-04-26T10:00:00Z,Galileo,28,11,10.066666666666666,11
2024-04-26T10:00:00Z,BeiDou,53,19,14.95,16
2024-04-26T10:00:00Z,NavIC,9,5,5.0,5
2024-04-26T10:00:00Z,QZSS,5,1,1.0,1
2024-04-26T10:00:00Z,Iridium,109,18,2.066666666666667,4
2024-04-26T10:00:00Z,Globalstar,85,29,6.666666666666667,10
2024-04-26T10:00:00Z,Inmarsat,20,10,10.0,10
2024-04-26T10:00:00Z,Starlink,5818,1164,114.63333333333334,123
2024-04-26T10:00:00Z,OneWeb,634,143,23.7,27
2024-04-26T11:00:00Z,GPS,75,24,19.816666666666666,21
2024-04-26T11:00:00Z,GLONASS,142,48,37.766666666666666,43
2024-04-26T11:00:00Z,Galileo,28,11,10.266666666666667,11
2024-04-26T11:00:00Z,BeiDou,53,18,15.8,16
2024-04-26T11:00:00Z,NavIC,9,5,5.0,5
2024-04-26T11:00:00Z,QZSS,5,1,1.0,1
2024-04-26T11:00:00Z,Iridium,109,15,2.0,5
2024-04-26T11:00:00Z,Globalstar,85,31,6.583333333333333,10
2024-04-26T11:00:00Z,Inmarsat,20,10,10.0,10
2024-04-26T11:00:00Z,Starlink,5818,1286,129.41666666666666,145
2024-04-26T11:00:00Z,OneWeb,634,130,21.433333333333334,26
2024-04-26T12:00:00Z,GPS,75,26,21.583333333333332,23
2024-04-26T12:00:00Z,GLONASS,141,44,35.43333333333333,37
2024-04-26T12:00:00Z,Galileo,28,11,8.8,11
2024-04-26T12:00:00Z,BeiDou,53,16,16.0,16
2024-04-26T12:00:00Z,NavIC,9,5,5.0,5
2024-04-26T12:00:00Z,QZSS,5,1,1.0,1
2024-04-26T12:00:00Z,Iridium,109,21,2.466666666666667,5
2024-04-26T12:00:00Z,Globalstar,85,32,7.783333333333333,12
2024-04-26T12:00:00Z,Inmarsat,20,10,10.0,10
2024-04-26T12:00:00Z,Starlink,5818,1273,126.7,137
2024-04-26T12:00:00Z,OneWeb,634,131,21.466666666666665,25
2024-04-26T13:00:00Z,GPS,75,25,21.966666666666665,24
2024-04-26T13:00:00Z,GLONASS,141,43,34.05,36
2024-04-26T13:00:00Z,Galileo,28,9,7.483333333333333,9
2024-04-26T13:00:00Z,BeiDou,53,18,15.4,16
2024-04-26T13:00:00Z,NavIC,9,5,5.0,5
2024-04-26T13:00:00Z,QZSS,5,1,1.0,1
2024-04-26T13:00:00Z,Iridium,109,15,1.8833333333333333,5
2024-04-26T13:00:00Z,Globalstar,85,29,6.266666666666667,11
2024-04-26T13:00:00Z,Inmarsat,20,10,10.0,10
2024-04-26T13:00:00Z,Starlink,5818,1255,122.85,135
2024-04-26T13:00:00Z,OneWeb,634,126,20.766666666666666,24
2024-04-26T14:00:00Z,GPS,75,24,22.85,24
2024-04-26T14:00:00Z,GLONASS,141,43,34.483333333333334,37
2024-04-26T14:00:00Z,Galileo,28,8,6.7,7
2024-04-26T14:00:00Z,BeiDou,53,22,19.233333333333334,21
2024-04-26T14:00:00Z,NavIC,9,5,5.0,5
2024-04-26T14:00:00Z,QZSS,5,1,1.0,1
2024-04-26T14:00:00Z,Iridium,109,21,2.2666666666666666,5
2024-04-26T14:00:00Z,Globalstar,85,36,7.833333333333333,12
2024-04-26T14:00:00Z,Inmarsat,20,10,10.0,10
2024-04-26T14:00:00Z,Starlink,5818,1201,116.03333333333333,133
2024-04-26T14:00:00Z,OneWeb,634,126,20.733333333333334,24
2024-04-26T15:00:00Z,GPS,75,28,22.85,25
2024-04-26T15:00:00Z,GLONASS,141,52,42.733333333333334,46
2024-04-26T15:00:00Z,Galileo,28,7,6.983333333333333,7
2024-04-26T15:00:00Z,BeiDou,53,22,18.8,21
2024-04-26T15:00:00Z,NavIC,9,5,5.0,5
2024-04-26T15:00:00Z,QZSS,5,1,1.0,1
2024-04-26T15:00:00Z,Iridium,109,11,1.5333333333333334,3
2024-04-26T15:00:00Z,Globalstar,85,34,7.083333333333333,11
2024-04-26T15:00:00Z,Inmarsat,20,10,10.0,10
2024-04-26T15:00:00Z,Starlink,5818,1258,122.88333333333334,143
2024-04-26T15:00:00Z,OneWeb,634,123,20.233333333333334,23
2024-04-26T16:00:00Z,GPS,75,28,19.35,22
2024-04-26T16:00:00Z,GLONASS,141,54,46.43333333333333,48
2024-04-26T16:00:00Z,Galileo,28,9,8.033333333333333,9
2024-04-26T16:00:00Z,BeiDou,53,19,17.45,18
2024-04-26T16:00:00Z,NavIC,9,5,4.7,5
2024-04-26T16:00:00Z,QZSS,5,1,1.0,1
2024-04-26T16:00:00Z,Iridium,109,20,2.25,4
2024-04-26T16:00:00Z,Globalstar,85,27,5.616666666666666,8
2024-04-26T16:00:00Z,Inmarsat,20,10,10.0,10
2024-04-26T16:00:00Z,Starlink,5818,1205,120.93333333333334,132
2024-04-26T16:00:00Z,OneWeb,634,123,21.0,24
2024-04-26T17:00:00Z,GPS,75,28,22.866666666666667,26
2024-04-26T17:00:00Z,GLONASS,141,50,39.75,44
2024-04-26T17:00:00Z,Galileo,28,12,9.416666666666666,10
2024-04-26T17:00:00Z,BeiDou,53,18,17.1,18
2024-04-26T17:00:00Z,NavIC,9,4,4.0,4
2024-04-26T17:00:00Z,QZSS,5,1,1.0,1
2024-04-26T17:00:00Z,Iridium,109,17,1.95,3
2024-04-26T17:00:00Z,Globalstar,85,38,8.15,13
2024-04-26T17:00:00Z,Inmarsat,20,10,10.0,10
2024-04-26T17:00:00Z,Starlink,5818,1170,116.78333333333333,131
2024-04-26T17:00:00Z,OneWeb,634,123,20.383333333333333,23
2024-04-26T18:00:00Z,GPS,75,30,24.283333333333335,27
2024-04-26T18:00:00Z,GLONASS,141,45,34.36666666666667,37
2024-04-26T18:00:00Z,Galileo,28,11,10.4,11
2024-04-26T18:00:00Z,BeiDou,53,20,14.966666666666667,17
2024-04-26T18:00:00Z,NavIC,9,5,4.55,5
2024-04-26T18:00:00Z,QZSS,5,1,1.0,1
2024-04-26T18:00:00Z,Iridium,109,22,2.5,4
2024-04-26T18:00:00Z,Globalstar,85,21,4.633333333333334,7
2024-04-26T18:00:00Z,Inmarsat,20,10,10.0,10
2024-04-26T18:00:00Z,Starlink,5818,1165,112.95,136
2024-04-26T18:00:00Z,OneWeb,634,124,20.583333333333332,24
2024-04-26T19:00:00Z,GPS,75,31,26.733333333333334,28
2024-04-26T19:00:00Z,GLONASS,141,36,28.3,31
2024-04-26T19:00:00Z,Galileo,28,11,9.416666666666666,10
2024-04-26T19:00:00Z,BeiDou,53,17,15.35,17
2024-04-26T19:00:00Z,NavIC,9,5,5.0,5
2024-04-26T19:00:00Z,QZSS,5,1,1.0,1
2024-04-26T19:00:00Z,Iridium,109,16,2.0833333333333335,5
2024-04-26T19:00:00Z,Globalstar,85,32,7.65,10
2024-04-26T19:00:00Z,Inmarsat,20,10,10.0,10
2024-04-26T19:00:00Z,Starlink,5818,1286,125.11666666666666,141
2024-04-26T19:00:00Z,OneWeb,634,122,20.783333333333335,26
2024-04-26T20:00:00Z,GPS,75,31,26.4,28
2024-04-26T20:00:00Z,GLONASS,141,34,30.283333333333335,32
2024-04-26T20:00:00Z,Galileo,28,11,9.733333333333333,11
2024-04-26T20:00:00Z,BeiDou,53,17,15.583333333333334,16
2024-04-26T20:00:00Z,NavIC,9,5,5.0,5
2024-04-26T20:00:00Z,QZSS,5,1,1.0,1
2024-04-26T20:00:00Z,Iridium,109,19,2.2333333333333334,4
2024-04-26T20:00:00Z,Globalstar,85,22,4.466666666666667,7
2024-04-26T20:00:00Z,Inmarsat,20,10,10.0,10
2024-04-26T20:00:00Z,Starlink,5818,1293,129.68333333333334,140
2024-04-26T20:00:00Z,OneWeb,634,123,20.5,23
2024-04-26T21:00:00Z,GPS,75,30,28.816666666666666,30
2024-04-26T21:00:00Z,GLONASS,141,38,31.05,32
2024-04-26T21:00:00Z,Galileo,28,10,9.083333333333334,10
2024-04-26T21:00:00Z,BeiDou,53,18,15.933333333333334,17
2024-04-26T21:00:00Z,NavIC,9,5,5.0,5
2024-04-26T21:00:00Z,QZSS,5,1,0.8333333333333334,1
2024-04-26T21:00:00Z,Iridium,109,14,1.75,3
2024-04-26T21:00:00Z,Globalstar,85,31,6.783333333333333,11
2024-04-26T21:00:00Z,Inmarsat,20,10,10.0,10
2024-04-26T21:00:00Z,Starlink,5818,1268,125.5,137
2024-04-26T21:00:00Z,OneWeb,634,128,20.95,24
2024-04-26T22:00:00Z,GPS,75,31,25.666666666666668,29
2024-04-26T22:00:00Z,GLONASS,141,46,36.86666666666667,42
2024-04-26T22:00:00Z,Galileo,28,10,8.983333333333333,9
2024-04-26T22:00:00Z,BeiDou,53,18,17.083333333333332,18
2024-04-26T22:00:00Z,NavIC,9,5,5.0,5
2024-04-26T22:00:00Z,QZSS,5,0,0.0,0
2024-04-26T22:00:00Z,Iridium,109,18,2.35,5
2024-04-26T22:00:00Z,Globalstar,85,22,5.016666666666667,7
2024-04-26T22:00:00Z,Inmarsat,20,10,10.0,10
2024-04-26T22:00:00Z,Starlink,5818,1208,118.48333333333333,142
2024-04-26T22:00:00Z,OneWeb,634,128,21.116666666666667,25
2024-04-26T23:00:00Z,GPS,75,25,21.95,25
2024-04-26T23:00:00Z,GLONASS,141,50,44.2,47
2024-04-26T23:00:00Z,Galileo,28,8,8.0,8
2024-04-26T23:00:00Z,BeiDou,53,20,16.15,17
2024-04-26T23:00:00Z,NavIC,9,5,5.0,5
2024-04-26T23:00:00Z,QZSS,5,0,0.0,0
2024-04-26T23:00:00Z,Iridium,109,21,2.2666666666666666,5
2024-04-26T23:00:00Z,Globalstar,85,29,6.783333333333333,10
2024-04-26T23:00:00Z,Inmarsat,20,10,10.0,10
2024-04-26T23:00:00Z,Starlink,5818,1171,114.05,132
2024-04-26T23:00:00Z,OneWeb,634,133,21.85,25
2024-04-27T00:00:00Z,GPS,75,28,21.2,23
2024-04-27T00:00:00Z,GLONASS,141,47,40.28333333333333,43
2024-04-27T00:00:00Z,Galileo,28,11,9.25,10
2024-04-27T00:00:00Z,BeiDou,53,19,17.866666666666667,18
2024-04-27T00:00:00Z,NavIC,9,5,5.0,5
2024-04-27T00:00:00Z,QZSS,5,1,0.36666666666666664,1
2024-04-27T00:00:00Z,Iridium,109,21,2.9,5
2024-04-27T00:00:00Z,Globalstar,85,27,5.383333333333334,7
2024-04-27T00:00:00Z,Inmarsat,20,10,9.766666666666667,10
2024-04-27T00:00:00Z,Starlink,5818,1158,112.86666666666666,127
2024-04-27T00:00:00Z,OneWeb,634,127,21.3,25
2024-04-27T01:00:00Z,GPS,75,27,20.55,22
2024-04-27T01:00:00Z,GLONASS,141,46,36.25,41
2024-04-27T01:00:00Z,Galileo,28,12,9.866666666666667,11
2024-04-27T01:00:00Z,BeiDou,53,18,16.683333333333334,17
2024-04-27T01:00:00Z,NavIC,9,5,5.0,5
2024-04-27T01:00:00Z,QZSS,5,1,1.0,1
2024-04-27T01:00:00Z,Iridium,109,17,1.9,4
2024-04-27T01:00:00Z,Globalstar,85,24,5.4,10
2024-04-27T01:00:00Z,Inmarsat,20,9,9.0,9
2024-04-27T01:00:00Z,Starlink,5818,1169,113.43333333333334,125
2024-04-27T01:00:00Z,OneWeb,634,127,21.216666666666665,24
2024-04-27T02:00:00Z,GPS,75,23,21.033333333333335,23
2024-04-27T02:00:00Z,GLONASS,141,48,38.333333333333336,41
2024-04-27T02:00:00Z,Galileo,28,11,10.233333333333333,11
2024-04-27T02:00:00Z,BeiDou,53,18,14.416666666666666,17
2024-04-27T02:00:00Z,NavIC,9,5,5.0,5
2024-04-27T02:00:00Z,QZSS,5,1,1.0,1
2024-04-27T02:00:00Z,Iridium,109,18,2.25,5
2024-04-27T02:00:00Z,Globalstar,85,26,5.066666666666666,8
2024-04-27T02:00:00Z,Inmarsat,20,9,9.0,9
2024-04-27T02:00:00Z,Starlink,5818,1187,117.53333333333333,139
2024-04-27T02:00:00Z,OneWeb,634,126,20.766666666666666,25
2024-04-27T03:00:00Z,GPS,75,25,22.466666666666665,23
2024-04-27T03:00:00Z,GLONASS,141,46,36.61666666666667,38
2024-04-27T03:00:00Z,Galileo,28,11,8.8,10
2024-04-27T03:00:00Z,BeiDou,53,18,16.216666666666665,17
2024-04-27T03:00:00Z,NavIC,9,5,5.0,5
2024-04-27T03:00:00Z,QZSS,5,1,1.0,1
2024-04-27T03:00:00Z,Iridium,109,12,1.5166666666666666,3
2024-04-27T03:00:00Z,Globalstar,85,26,5.85,11
2024-04-27T03:00:00Z,Inmarsat,20,10,9.7,10
2024-04-27T03:00:00Z,Starlink,5818,1225,122.33333333333333,138
2024-04-27T03:00:00Z,OneWeb,634,124,20.35,23
2024-04-27T04:00:00Z,GPS,75,24,20.95,22
2024-04-27T04:00:00Z,GLONASS,141,51,44.266666666666666,48
2024-04-27T04:00:00Z,Galileo,28,10,7.716666666666667,9
2024-04-27T04:00:00Z,BeiDou,53,17,15.8,16
2024-04-27T04:00:00Z,NavIC,9,5,5.0,5
2024-04-27T04:00:00Z,QZSS,5,1,1.0,1
2024-04-27T04:00:00Z,Iridium,109,20,2.283333333333333,4
2024-04-27T04:00:00Z,Globalstar,85,27,5.533333333333333,8
2024-04-27T04:00:00Z,Inmarsat,20,10,10.0,10
2024-04-27T04:00:00Z,Starlink,5818,1226,122.53333333333333,134
2024-04-27T04:00:00Z,OneWeb,634,124,20.55,23
2024-04-27T05:00:00Z,GPS,75,27,24.416666666666668,26
2024-04-27T05:00:00Z,GLONASS,141,57,46.68333333333333,50
2024-04-27T05:00:00Z,Galileo,28,8,6.4,7
2024-04-27T05:00:00Z,BeiDou,53,18,15.4,17
2024-04-27T05:00:00Z,NavIC,9,5,5.0,5
2024-04-27T05:00:00Z,QZSS,5,1,1.0,1
2024-04-27T05:00:00Z,Iridium,109,15,2.1,5
2024-04-27T05:00:00Z,Globalstar,85,30,6.666666666666667,10
2024-04-27T05:00:00Z,Inmarsat,20,10,10.0,10
2024-04-27T05:00:00Z,Starlink,5818,1162,112.8,132
2024-04-27T05:00:00Z,OneWeb,634,125,20.783333333333335,24
2024-04-27T06:00:00Z,GPS,75,26,21.233333333333334,25
2024-04-27T06:00:00Z,GLONASS,141,55,50.21666666666667,51
2024-04-27T06:00:00Z,Galileo,28,7,6.05,7
2024-04-27T06:00:00Z,BeiDou,53,19,17.533333333333335,18
2024-04-27T06:00:00Z,NavIC,9,5,5.0,5
2024-04-27T06:00:00Z,QZSS,5,1,1.0,1
2024-04-27T06:00:00Z,Iridium,109,21,2.0833333333333335,5
2024-04-27T06:00:00Z,Globalstar,85,29,6.5,8
2024-04-27T06:00:00Z,Inmarsat,20,10,10.0,10
2024-04-27T06:00:00Z,Starlink,5818,1183,117.76666666666667,136
2024-04-27T06:00:00Z,OneWeb,634,124,20.4,23
2024-04-27T07:00:00Z,GPS,75,22,17.85,20
2024-04-27T07:00:00Z,GLONASS,141,61,51.0,53
2024-04-27T07:00:00Z,Galileo,28,7,5.95,6
2024-04-27T07:00:00Z,BeiDou,53,19,17.2,18
2024-04-27T07:00:00Z,NavIC,9,5,5.0,5
2024-04-27T07:00:00Z,QZSS,5,1,1.0,1
2024-04-27T07:00:00Z,Iridium,109,16,2.183333333333333,4
2024-04-27T07:00:00Z,Globalstar,85,30,6.316666666666666,9
2024-04-27T07:00:00Z,Inmarsat,20,10,10.0,10
2024-04-27T07:00:00Z,Starlink,5818,1182,117.3,132
2024-04-27T07:00:00Z,OneWeb,634,131,21.4,24
2024-04-27T08:00:00Z,GPS,75,20,15.316666666666666,17
2024-04-27T08:00:00Z,GLONASS,141,59,54.21666666666667,56
2024-04-27T08:00:00Z,Galileo,28,8,7.183333333333334,8
2024-04-27T08:00:00Z,BeiDou,53,19,16.8,18
2024-04-27T08:00:00Z,NavIC,9,5,5.0,5
2024-04-27T08:00:00Z,QZSS,5,1,1.0,1
2024-04-27T08:00:00Z,Iridium,109,20,2.2666666666666666,4
2024-04-27T08:00:00Z,Globalstar,85,36,7.533333333333333,10
2024-04-27T08:00:00Z,Inmarsat,20,10,10.0,10
2024-04-27T08:00:00Z,Starlink,5818,1164,114.88333333333334,124
2024-04-27T08:00:00Z,OneWeb,634,135,22.983333333333334,27
2024-04-27T09:00:00Z,GPS,75,19,17.066666666666666,18
2024-04-27T09:00:00Z,GLONASS,141,57,46.28333333333333,49
2024-04-27T09:00:00Z,Galileo,28,8,6.7,7
2024-04-27T09:00:00Z,BeiDou,53,18,16.516666666666666,17
2024-04-27T09:00:00Z,NavIC,9,5,5.0,5
2024-04-27T09:00:00Z,QZSS,5,1,1.0,1
2024-04-27T09:00:00Z,Iridium,109,11,1.6333333333333333,3
2024-04-27T09:00:00Z,Globalstar,85,28,5.883333333333334,9
2024-04-27T09:00:00Z,Inmarsat,20,10,10.0,10
2024-04-27T09:00:00Z,Starlink,5818,1147,113.15,125
2024-04-27T09:00:00Z,OneWeb,634,139,22.766666666666666,25
2024-04-27T10:00:00Z,GPS,75,22,15.883333333333333,19
2024-04-27T10:00:00Z,GLONASS,141,52,40.333333333333336,43
2024-04-27T10:00:00Z,Galileo,28,8,7.983333333333333,8
2024-04-27T10:00:00Z,BeiDou,53,19,14.45,16
2024-04-27T10:00:00Z,NavIC,9,5,5.0,5
2024-04-27T10:00:00Z,QZSS,5,1,1.0,1
2024-04-27T10:00:00Z,Iridium,109,22,2.45,5
2024-04-27T10:00:00Z,Globalstar,85,28,6.8,10
2024-04-27T10:00:00Z,Inmarsat,20,10,10.0,10
2024-04-27T10:00:00Z,Starlink,5818,1236,120.33333333333333,138
2024-04-27T10:00:00Z,OneWeb,634,142,24.033333333333335,28
2024-04-27T11:00:00Z,GPS,75,23,19.366666666666667,21
2024-04-27T11:00:00Z,GLONASS,142,45,36.35,39
2024-04-27T11:00:00Z,Galileo,28,9,6.916666666666667,8
2024-04-27T11:00:00Z,BeiDou,53,17,15.766666666666667,16
2024-04-27T11:00:00Z,NavIC,9,5,5.0,5
2024-04-27T11:00:00Z,QZSS,5,1,1.0,1
2024-04-27T11:00:00Z,Iridium,109,13,1.65,4
2024-04-27T11:00:00Z,Globalstar,85,31,6.883333333333334,11
2024-04-27T11:00:00Z,Inmarsat,20,10,10.0,10
2024-04-27T11:00:00Z,Starlink,5818,1295,128.93333333333334,143
2024-04-27T11:00:00Z,OneWeb,634,132,21.283333333333335,25
2024-04-27T12:00:00Z,GPS,75,22,19.016666666666666,20
2024-04-27T12:00:00Z,GLONASS,142,39,32.483333333333334,35
2024-04-27T12:00:00Z,Galileo,28,9,6.183333333333334,7
2024-04-27T12:00:00Z,BeiDou,53,17,15.95,16
2024-04-27T12:00:00Z,NavIC,9,5,5.0,5
2024-04-27T12:00:00Z,QZSS,5,1,1.0,1
2024-04-27T12:00:00Z,Iridium,109,23,2.716666666666667,5
2024-04-27T12:00:00Z,Globalstar,85,31,7.283333333333333,11
2024-04-27T12:00:00Z,Inmarsat,20,10,10.0,10
2024-04-27T12:00:00Z,Starlink,5818,1271,124.88333333333334,134
2024-04-27T12:00:00Z,OneWeb,634,129,21.533333333333335,25
2024-04-27T13:00:00Z,GPS,75,24,19.35,20
2024-04-27T13:00:00Z,GLONASS,142,34,31.966666666666665,33
2024-04-27T13:00:00Z,Galileo,28,6,6.0,6
2024-04-27T13:00:00Z,BeiDou,53,18,15.916666666666666,17
2024-04-27T13:00:00Z,NavIC,9,5,5.0,5
2024-04-27T13:00:00Z,QZSS,5,1,1.0,1
2024-04-27T13:00:00Z,Iridium,109,13,1.8166666666666667,4
2024-04-27T13:00:00Z,Globalstar,85,31,7.116666666666666,10
2024-04-27T13:00:00Z,Inmarsat,20,10,10.0,10
2024-04-27T13:00:00Z,Starlink,5818,1250,121.68333333333334,134
2024-04-27T13:00:00Z,OneWeb,634,127,21.016666666666666,24
2024-04-27T14:00:00Z,GPS,75,24,22.35,24
2024-04-27T14:00:00Z,GLONASS,142,48,35.7,41
2024-04-27T14:00:00Z,Galileo,28,8,6.416666666666667,7
2024-04-27T14:00:00Z,BeiDou,53,20,18.3,19
2024-04-27T14:00:00Z,NavIC,9,5,5.0,5
2024-04-27T14:00:00Z,QZSS,5,1,1.0,1
2024-04-27T14:00:00Z,Iridium,109,20,2.2,5
2024-04-27T14:00:00Z,Globalstar,85,32,7.516666666666667,10
2024-04-27T14:00:00Z,Inmarsat,20,10,10.0,10
2024-04-27T14:00:00Z,Starlink,5818,1187,115.8,129
2024-04-27T14:00:00Z,OneWeb,634,126,20.8,25
2024-04-27T15:00:00Z,GPS,75,25,21.883333333333333,23
2024-04-27T15:00:00Z,GLONASS,143,53,39.916666666666664,41
2024-04-27T15:00:00Z,Galileo,28,8,6.916666666666667,7
2024-04-27T15:00:00Z,BeiDou,53,21,18.6,20
2024-04-27T15:00:00Z,NavIC,9,5,5.0,5
2024-04-27T15:00:00Z,QZSS,5,1,1.0,1
2024-04-27T15:00:00Z,Iridium,109,14,1.7333333333333334,4
2024-04-27T15:00:00Z,Globalstar,85,30,6.95,13
2024-04-27T15:00:00Z,Inmarsat,20,10,10.0,10
2024-04-27T15:00:00Z,Starlink,5818,1244,122.28333333333333,137
2024-04-27T15:00:00Z,OneWeb,634,124,20.4,24
2024-04-27T16:00:00Z,GPS,75,26,21.383333333333333,23
2024-04-27T16:00:00Z,GLONASS,143,45,36.35,40
2024-04-27T16:00:00Z,Galileo,28,9,8.016666666666667,9
2024-04-27T16:00:00Z,BeiDou,53,21,16.716666666666665,19
2024-04-27T16:00:00Z,NavIC,9,5,4.633333333333334,5
2024-04-27T16:00:00Z,QZSS,5,1,1.0,1
2024-04-27T16:00:00Z,Iridium,109,19,1.9,4
2024-04-27T16:00:00Z,Globalstar,85,32,6.266666666666667,10
2024-04-27T16:00:00Z,Inmarsat,20,10,10.0,10
2024-04-27T16:00:00Z,Starlink,5818,1213,120.98333333333333,132
2024-04-27T16:00:00Z,OneWeb,634,124,20.583333333333332,25
2024-04-27T17:00:00Z,GPS,75,27,22.016666666666666,24
2024-04-27T17:00:00Z,GLONASS,143,45,34.666666666666664,36
2024-04-27T17:00:00Z,Galileo,28,10,8.666666666666666,9
2024-04-27T17:00:00Z,BeiDou,53,16,15.483333333333333,16
2024-04-27T17:00:00Z,NavIC,9,4,4.0,4
2024-04-27T17:00:00Z,QZSS,5,1,1.0,1
2024-04-27T17:00:00Z,Iridium,109,16,2.2,5
2024-04-27T17:00:00Z,Globalstar,85,33,7.3,12
2024-04-27T17:00:00Z,Inmarsat,20,10,10.0,10
2024-04-27T17:00:00Z,Starlink,5818,1177,116.93333333333334,132
2024-04-27T17:00:00Z,OneWeb,634,122,20.25,23
2024-04-27T18:00:00Z,GPS,75,25,19.983333333333334,21
2024-04-27T18:00:00Z,GLONASS,143,42,34.25,37
2024-04-27T18:00:00Z,Galileo,28,11,10.516666666666667,11
2024-04-27T18:00:00Z,BeiDou,53,20,15.383333333333333,18
2024-04-27T18:00:00Z,NavIC,9,5,4.616666666666666,5
2024-04-27T18:00:00Z,QZSS,5,1,1.0,1
2024-04-27T18:00:00Z,Iridium,109,21,2.316666666666667,5
2024-04-27T18:00:00Z,Globalstar,85,25,5.383333333333334,7
2024-04-27T18:00:00Z,Inmarsat,20,10,10.0,10
2024-04-27T18:00:00Z,Starlink,5818,1175,115.86666666666666,131
2024-04-27T18:00:00Z,OneWeb,634,124,20.783333333333335,25
2024-04-27T19:00:00Z,GPS,75,26,22.3,24
2024-04-27T19:00:00Z,GLONASS,143,39,31.5,34
2024-04-27T19:00:00Z,Galileo,28,11,9.966666666666667,11
2024-04-27T19:00:00Z,BeiDou,53,20,17.216666666666665,18
2024-04-27T19:00:00Z,NavIC,9,5,5.0,5
2024-04-27T19:00:00Z,QZSS,5,1,1.0,1
2024-04-27T19:00:00Z,Iridium,109,17,2.183333333333333,4
2024-04-27T19:00:00Z,Globalstar,85,27,6.483333333333333,10
2024-04-27T19:00:00Z,Inmarsat,20,10,10.0,10
2024-04-27T19:00:00Z,Starlink,5818,1266,124.28333333333333,137
2024-04-27T19:00:00Z,OneWeb,634,122,20.733333333333334,25
2024-04-27T20:00:00Z,GPS,75,28,25.033333333333335,28
2024-04-27T20:00:00Z,GLONASS,143,37,32.35,34
2024-04-27T20:00:00Z,Galileo,28,10,7.816666666666666,9
2024-04-27T20:00:00Z,BeiDou,53,18,17.05,18
2024-04-27T20:00:00Z,NavIC,9,5,5.0,5
2024-04-27T20:00:00Z,QZSS,5,1,1.0,1
2024-04-27T20:00:00Z,Iridium,109,16,1.8166666666666667,4
2024-04-27T20:00:00Z,Globalstar,85,31,5.8,8
2024-04-27T20:00:00Z,Inmarsat,20,10,10.0,10
2024-04-27T20:00:00Z,Starlink,5818,1339,133.16666666666666,148
2024-04-27T20:00:00Z,OneWeb,634,124,20.433333333333334,24
2024-04-27T21:00:00Z,GPS,75,30,28.4,29
2024-04-27T21:00:00Z,GLONASS,143,38,32.96666666666667,34
2024-04-27T21:00:00Z,Galileo,28,9,6.833333333333333,7
2024-04-27T21:00:00Z,BeiDou,53,20,17.0,19
2024-04-27T21:00:00Z,NavIC,9,5,5.0,5
2024-04-27T21:00:00Z,QZSS,5,1,0.45,1
2024-04-27T21:00:00Z,Iridium,109,17,1.9666666666666666,4
2024-04-27T21:00:00Z,Globalstar,85,24,5.216666666666667,9
2024-04-27T21:00:00Z,Inmarsat,20,10,10.0,10
2024-04-27T21:00:00Z,Starlink,5818,1247,123.58333333333333,138
2024-04-27T21:00:00Z,OneWeb,634,130,21.083333333333332,24
2024-04-27T22:00:00Z,GPS,75,33,26.266666666666666,29
2024-04-27T22:00:00Z,GLONASS,143,40,31.35,35
2024-04-27T22:00:00Z,Galileo,28,8,6.983333333333333,7
2024-04-27T22:00:00Z,BeiDou,53,19,18.3,19
2024-04-27T22:00:00Z,NavIC,9,5,5.0,5
2024-04-27T22:00:00Z,QZSS,5,0,0.0,0
2024-04-27T22:00:00Z,Iridium,109,18,2.1666666666666665,5
2024-04-27T22:00:00Z,Globalstar,85,34,6.733333333333333,10
2024-04-27T22:00:00Z,Inmarsat,20,10,10.0,10
2024-04-27T22:00:00Z,Starlink,5818,1185,115.18333333333334,127
2024-04-27T22:00:00Z,OneWeb,634,130,21.616666666666667,27
2024-04-27T23:00:00Z,GPS,75,27,22.683333333333334,26
2024-04-27T23:00:00Z,GLONASS,143,44,37.666666666666664,39
2024-04-27T23:00:00Z,Galileo,28,9,7.733333333333333,8
2024-04-27T23:00:00Z,BeiDou,53,20,17.266666666666666,19
2024-04-27T23:00:00Z,NavIC,9,5,5.0,5
2024-04-27T23:00:00Z,QZSS,5,0,0.0,0
2024-04-27T23:00:00Z,Iridium,109,19,2.316666666666667,5
2024-04-27T23:00:00Z,Globalstar,85,25,5.216666666666667,8
2024-04-27T23:00:00Z,Inmarsat,20,10,9.983333333333333,10
2024-04-27T23:00:00Z,Starlink,5818,1138,110.85,119
2024-04-27T23:00:00Z,OneWeb,634,131,21.45,25
