population,scope,name,window,lead_h,component,old_n,new_n,old_median_sigma_km,new_median_sigma_km,old_inside_1_sigma_count,new_inside_1_sigma_count,old_inside_1_sigma_fraction,new_inside_1_sigma_fraction,old_inside_2_sigma_count,new_inside_2_sigma_count,old_inside_2_sigma_fraction,new_inside_2_sigma_fraction,change_1_sigma_pp,change_2_sigma_pp
reference,by_band,1000-1400 km,august,6,radial,35,35,0.023686257497324205,0.023686257497933304,18,18,0.5142857142857142,0.5142857142857142,23,23,0.6571428571428571,0.6571428571428571,0.0,0.0
reference,by_band,1000-1400 km,august,6,in_track,35,35,0.02443466402569646,0.024434664027783253,0,0,0.0,0.0,0,0,0.0,0.0,0.0,0.0
reference,by_band,1000-1400 km,august,6,cross,35,35,0.031394412066770044,0.03139441205508095,5,5,0.14285714285714285,0.14285714285714285,10,10,0.2857142857142857,0.2857142857142857,0.0,0.0
reference,by_band,1000-1400 km,august,12,radial,35,35,0.023686257497324205,0.023686257497332497,1,1,0.02857142857142857,0.02857142857142857,7,7,0.2,0.2,0.0,0.0
reference,by_band,1000-1400 km,august,12,in_track,35,35,0.02443466402569646,0.024434664030723773,1,1,0.02857142857142857,0.02857142857142857,2,2,0.05714285714285714,0.05714285714285714,0.0,0.0
reference,by_band,1000-1400 km,august,12,cross,35,35,0.031394412066770044,0.03139441205665238,2,2,0.05714285714285714,0.05714285714285714,11,11,0.3142857142857143,0.3142857142857143,0.0,0.0
reference,by_band,1000-1400 km,august,24,radial,35,35,0.04737251499464841,0.047372514965689096,6,6,0.17142857142857143,0.17142857142857143,32,32,0.9142857142857143,0.9142857142857143,0.0,0.0
reference,by_band,1000-1400 km,august,24,in_track,35,35,0.0396942288180629,0.03969422886598287,1,1,0.02857142857142857,0.02857142857142857,3,3,0.08571428571428572,0.08571428571428572,0.0,0.0
reference,by_band,1000-1400 km,august,24,cross,35,35,0.06065000628105946,0.06065000626075247,4,4,0.11428571428571428,0.11428571428571428,13,13,0.37142857142857144,0.37142857142857144,0.0,0.0
reference,by_band,1000-1400 km,august,36,radial,35,35,0.07105877249197262,0.0710587723524021,18,18,0.5142857142857142,0.5142857142857142,35,35,1.0,1.0,0.0,0.0
reference,by_band,1000-1400 km,august,36,in_track,35,35,0.05272192393474557,0.052721924160039665,1,1,0.02857142857142857,0.02857142857142857,1,1,0.02857142857142857,0.02857142857142857,0.0,0.0
reference,by_band,1000-1400 km,august,36,cross,35,35,0.08914921970431598,0.08914921966697284,10,10,0.2857142857142857,0.2857142857142857,17,17,0.4857142857142857,0.4857142857142857,0.0,0.0
reference,by_band,1000-1400 km,august,48,radial,35,35,0.09474502998929682,0.09474502980251376,7,7,0.2,0.2,35,35,1.0,1.0,0.0,0.0
reference,by_band,1000-1400 km,august,48,in_track,35,35,0.06448346495796867,0.06448346525999615,7,7,0.2,0.2,15,15,0.42857142857142855,0.42857142857142855,0.0,0.0
reference,by_band,1000-1400 km,august,48,cross,35,35,0.11716808883279078,0.11716808878499918,14,14,0.4,0.4,22,22,0.6285714285714286,0.6285714285714286,0.0,0.0
reference,by_band,1000-1400 km,august,72,radial,35,35,0.14211754498394524,0.1421175445716921,27,27,0.7714285714285715,0.7714285714285715,35,35,1.0,1.0,0.0,0.0
reference,by_band,1000-1400 km,august,72,in_track,35,35,0.08564701811301652,0.08564701886904047,10,10,0.2857142857142857,0.2857142857142857,16,16,0.45714285714285713,0.45714285714285713,0.0,0.0
reference,by_band,1000-1400 km,august,72,cross,35,35,0.17222494001540295,0.17222493991229224,24,24,0.6857142857142857,0.6857142857142857,35,35,1.0,1.0,0.0,0.0
reference,by_band,1000-1400 km,august,96,radial,35,35,0.18949005997859364,0.18949005906610078,35,35,1.0,1.0,35,35,1.0,1.0,0.0,0.0
reference,by_band,1000-1400 km,august,96,in_track,35,35,0.10475369787492678,0.10475370004372227,5,5,0.14285714285714285,0.14285714285714285,9,9,0.2571428571428571,0.2571428571428571,0.0,0.0
reference,by_band,1000-1400 km,august,96,cross,35,35,0.22635382718857228,0.22635382694712403,18,18,0.5142857142857142,0.5142857142857142,35,35,1.0,1.0,0.0,0.0
reference,by_band,1000-1400 km,august,120,radial,35,35,0.23686257497324203,0.23686257427128782,27,27,0.7714285714285715,0.7714285714285715,35,35,1.0,1.0,0.0,0.0
reference,by_band,1000-1400 km,august,120,in_track,35,35,0.12246341667650636,0.12246341824758529,4,4,0.11428571428571428,0.11428571428571428,14,14,0.4,0.4,0.0,0.0
reference,by_band,1000-1400 km,august,120,cross,35,35,0.2798029920666618,0.2798029919895677,0,0,0.0,0.0,35,35,1.0,1.0,0.0,0.0
reference,by_band,1000-1400 km,august,144,radial,35,35,0.2842350899678905,0.28423508914680207,35,35,1.0,1.0,35,35,1.0,1.0,0.0,0.0
reference,by_band,1000-1400 km,august,144,in_track,35,35,0.13913399140612714,0.13913399456187886,12,12,0.34285714285714286,0.34285714285714286,18,18,0.5142857142857142,0.5142857142857142,0.0,0.0
reference,by_band,1000-1400 km,august,144,cross,35,35,0.3327166526155601,0.3327166522530579,27,27,0.7714285714285715,0.7714285714285715,35,35,1.0,1.0,0.0,0.0
reference,by_band,1000-1400 km,august,168,radial,35,35,0.3316076049625389,0.33160760390494265,35,35,1.0,1.0,35,35,1.0,1.0,0.0,0.0
reference,by_band,1000-1400 km,august,168,in_track,35,35,0.15498725870582064,0.15498726287856468,13,13,0.37142857142857144,0.37142857142857144,18,18,0.5142857142857142,0.5142857142857142,0.0,0.0
reference,by_band,1000-1400 km,august,168,cross,35,35,0.38518909923731554,0.3851890989321921,26,26,0.7428571428571429,0.7428571428571429,35,35,1.0,1.0,0.0,0.0
reference,by_band,1000-1400 km,held-out,6,radial,32,32,0.02199937956230631,0.021999387486007285,14,14,0.4375,0.4375,25,25,0.78125,0.78125,0.0,0.0
reference,by_band,1000-1400 km,held-out,6,in_track,32,32,0.2151386336318423,0.21513863282056184,16,16,0.5,0.5,17,17,0.53125,0.53125,0.0,0.0
reference,by_band,1000-1400 km,held-out,6,cross,32,32,0.042444988386230065,0.04244498845969538,8,8,0.25,0.25,16,16,0.5,0.5,0.0,0.0
reference,by_band,1000-1400 km,held-out,12,radial,32,32,0.02199937956230631,0.02199939079762631,0,0,0.0,0.0,2,2,0.0625,0.0625,0.0,0.0
reference,by_band,1000-1400 km,held-out,12,in_track,32,32,0.2151386336318423,0.2151386323736203,0,0,0.0,0.0,1,1,0.03125,0.03125,0.0,0.0
reference,by_band,1000-1400 km,held-out,12,cross,32,32,0.042444988386230065,0.04244498913260711,7,7,0.21875,0.21875,17,17,0.53125,0.53125,0.0,0.0
reference,by_band,1000-1400 km,held-out,24,radial,32,32,0.04399875912461262,0.043998773726289714,18,18,0.5625,0.5625,24,24,0.75,0.75,0.0,0.0
reference,by_band,1000-1400 km,held-out,24,in_track,32,32,0.4302772672636846,0.43027726565897106,13,13,0.40625,0.40625,26,26,0.8125,0.8125,0.0,0.0
reference,by_band,1000-1400 km,held-out,24,cross,32,32,0.08488997677246013,0.08488997757449575,10,10,0.3125,0.3125,25,25,0.78125,0.78125,0.0,0.0
reference,by_band,1000-1400 km,held-out,36,radial,32,32,0.06599813868691892,0.06599819553347833,30,30,0.9375,0.9375,32,32,1.0,1.0,0.0,0.0
reference,by_band,1000-1400 km,held-out,36,in_track,32,32,0.6454159008955269,0.6454158950721824,11,11,0.34375,0.34375,24,24,0.75,0.75,0.0,0.0
reference,by_band,1000-1400 km,held-out,36,cross,32,32,0.1273349651586902,0.12733496591362123,12,12,0.375,0.375,21,21,0.65625,0.65625,0.0,0.0
reference,by_band,1000-1400 km,held-out,48,radial,32,32,0.08799751824922523,0.08799755127848483,16,16,0.5,0.5,32,32,1.0,1.0,0.0,0.0
reference,by_band,1000-1400 km,held-out,48,in_track,32,32,0.8605545345273692,0.860554530987002,27,27,0.84375,0.84375,32,32,1.0,1.0,0.0,0.0
reference,by_band,1000-1400 km,held-out,48,cross,32,32,0.16977995354492026,0.16977995437061066,11,11,0.34375,0.34375,32,32,1.0,1.0,0.0,0.0
reference,by_band,1000-1400 km,held-out,72,radial,32,32,0.13199627737383784,0.13199634770557833,16,16,0.5,0.5,25,25,0.78125,0.78125,0.0,0.0
reference,by_band,1000-1400 km,held-out,72,in_track,32,32,1.2908318017910538,1.2908317943906273,31,31,0.96875,0.96875,32,32,1.0,1.0,0.0,0.0
reference,by_band,1000-1400 km,held-out,72,cross,32,32,0.2546699303173804,0.25466993503371604,29,29,0.90625,0.90625,32,32,1.0,1.0,0.0,0.0
reference,by_band,1000-1400 km,held-out,96,radial,32,32,0.17599503649845047,0.17599526819167297,32,32,1.0,1.0,32,32,1.0,1.0,0.0,0.0
reference,by_band,1000-1400 km,held-out,96,in_track,32,32,1.7211090690547384,1.7211090438114824,32,32,1.0,1.0,32,32,1.0,1.0,0.0,0.0
reference,by_band,1000-1400 km,held-out,96,cross,32,32,0.3395599070898405,0.3395599158579481,32,32,1.0,1.0,32,32,1.0,1.0,0.0,0.0
reference,by_band,1000-1400 km,held-out,120,radial,32,32,0.2199937956230631,0.2199941210202535,6,6,0.1875,0.1875,32,32,1.0,1.0,0.0,0.0
reference,by_band,1000-1400 km,held-out,120,in_track,32,32,2.151386336318423,2.1513863031054905,32,32,1.0,1.0,32,32,1.0,1.0,0.0,0.0
reference,by_band,1000-1400 km,held-out,120,cross,32,32,0.42444988386230065,0.4244498867372825,20,20,0.625,0.625,32,32,1.0,1.0,0.0,0.0
reference,by_band,1000-1400 km,held-out,144,radial,32,32,0.2639925547476757,0.26399287219373735,19,19,0.59375,0.59375,32,32,1.0,1.0,0.0,0.0
reference,by_band,1000-1400 km,held-out,144,in_track,32,32,2.5816636035821077,2.5816635668322556,32,32,1.0,1.0,32,32,1.0,1.0,0.0,0.0
reference,by_band,1000-1400 km,held-out,144,cross,32,32,0.5093398606347608,0.5093398892991121,31,31,0.96875,0.96875,32,32,1.0,1.0,0.0,0.0
reference,by_band,1000-1400 km,held-out,168,radial,32,32,0.30799131387228834,0.30799187395726463,32,32,1.0,1.0,32,32,1.0,1.0,0.0,0.0
reference,by_band,1000-1400 km,held-out,168,in_track,32,32,3.011940870845792,3.011940807385659,32,32,1.0,1.0,32,32,1.0,1.0,0.0,0.0
reference,by_band,1000-1400 km,held-out,168,cross,32,32,0.5942298374072209,0.5942298979217113,32,32,1.0,1.0,32,32,1.0,1.0,0.0,0.0
reference,by_band,1000-1400 km,quiet,6,radial,37,37,0.02385333737786684,0.023853341396493595,19,19,0.5135135135135135,0.5135135135135135,26,26,0.7027027027027027,0.7027027027027027,0.0,0.0
reference,by_band,1000-1400 km,quiet,6,in_track,37,37,0.1099547871918341,0.10995478631990392,6,6,0.16216216216216217,0.16216216216216217,12,12,0.32432432432432434,0.32432432432432434,0.0,0.0
reference,by_band,1000-1400 km,quiet,6,cross,37,37,0.04215668360608643,0.042156683586981915,10,10,0.2702702702702703,0.2702702702702703,21,21,0.5675675675675675,0.5675675675675675,0.0,0.0
reference,by_band,1000-1400 km,quiet,12,radial,37,37,0.02385333737786684,0.023853338952351276,2,2,0.05405405405405406,0.05405405405405406,4,4,0.10810810810810811,0.10810810810810811,0.0,0.0
reference,by_band,1000-1400 km,quiet,12,in_track,37,37,0.1099547871918341,0.10995478683952686,2,2,0.05405405405405406,0.05405405405405406,5,5,0.13513513513513514,0.13513513513513514,0.0,0.0
reference,by_band,1000-1400 km,quiet,12,cross,37,37,0.04215668360608643,0.042156683596846996,5,5,0.13513513513513514,0.13513513513513514,10,10,0.2702702702702703,0.2702702702702703,0.0,0.0
reference,by_band,1000-1400 km,quiet,24,radial,37,37,0.04770667475573368,0.047706677380999124,10,10,0.2702702702702703,0.2702702702702703,29,29,0.7837837837837838,0.7837837837837838,0.0,0.0
reference,by_band,1000-1400 km,quiet,24,in_track,37,37,0.26151803051427835,0.26151803001323454,11,11,0.2972972972972973,0.2972972972972973,19,19,0.5135135135135135,0.5135135135135135,0.0,0.0
reference,by_band,1000-1400 km,quiet,24,cross,37,37,0.08431336721217286,0.08431336719296473,13,13,0.35135135135135137,0.35135135135135137,31,31,0.8378378378378378,0.8378378378378378,0.0,0.0
reference,by_band,1000-1400 km,quiet,36,radial,37,37,0.07156001213360053,0.07156002927838567,28,28,0.7567567567567568,0.7567567567567568,37,37,1.0,1.0,0.0,0.0
reference,by_band,1000-1400 km,quiet,36,in_track,37,37,0.4341259140686833,0.43412591123369415,9,9,0.24324324324324326,0.24324324324324326,18,18,0.4864864864864865,0.4864864864864865,0.0,0.0
reference,by_band,1000-1400 km,quiet,36,cross,37,37,0.1264700508182593,0.12647005079623375,22,22,0.5945945945945946,0.5945945945945946,36,36,0.972972972972973,0.972972972972973,0.0,0.0
reference,by_band,1000-1400 km,quiet,48,radial,37,37,0.09541334951146736,0.09541335363542114,22,22,0.5945945945945946,0.5945945945945946,37,37,1.0,1.0,0.0,0.0
reference,by_band,1000-1400 km,quiet,48,in_track,37,37,0.6219982051781571,0.6219982045465557,21,21,0.5675675675675675,0.5675675675675675,23,23,0.6216216216216216,0.6216216216216216,0.0,0.0
reference,by_band,1000-1400 km,quiet,48,cross,37,37,0.16862673442434573,0.1686267343944475,29,29,0.7837837837837838,0.7837837837837838,37,37,1.0,1.0,0.0,0.0
reference,by_band,1000-1400 km,quiet,72,radial,37,37,0.14312002426720105,0.14312005505169276,36,36,0.972972972972973,0.972972972972973,37,37,1.0,1.0,0.0,0.0
reference,by_band,1000-1400 km,quiet,72,in_track,37,37,1.0325312516350762,1.0325312472584807,20,20,0.5405405405405406,0.5405405405405406,22,22,0.5945945945945946,0.5945945945945946,0.0,0.0
reference,by_band,1000-1400 km,quiet,72,cross,37,37,0.2529401016365186,0.2529401013666426,22,22,0.5945945945945946,0.5945945945945946,37,37,1.0,1.0,0.0,0.0
reference,by_band,1000-1400 km,quiet,96,radial,37,37,0.19082669902293473,0.19082683368858067,37,37,1.0,1.0,37,37,1.0,1.0,0.0,0.0
reference,by_band,1000-1400 km,quiet,96,in_track,37,37,1.4793693822335736,1.4793693635754017,21,21,0.5675675675675675,0.5675675675675675,22,22,0.5945945945945946,0.5945945945945946,0.0,0.0
reference,by_band,1000-1400 km,quiet,96,cross,37,37,0.33725346884869145,0.33725347292913777,37,37,1.0,1.0,37,37,1.0,1.0,0.0,0.0
reference,by_band,1000-1400 km,quiet,120,radial,37,37,0.2385333737786684,0.23853347272719058,34,34,0.918918918918919,0.918918918918919,37,37,1.0,1.0,0.0,0.0
reference,by_band,1000-1400 km,quiet,120,in_track,37,37,1.9553033409845006,1.9553033288048276,21,21,0.5675675675675675,0.5675675675675675,26,26,0.7027027027027027,0.7027027027027027,0.0,0.0
reference,by_band,1000-1400 km,quiet,120,cross,37,37,0.4215668360608643,0.4215668353594247,4,4,0.10810810810810811,0.10810810810810811,37,37,1.0,1.0,0.0,0.0
reference,by_band,1000-1400 km,quiet,144,radial,37,37,0.2862400485344021,0.2862402408667495,37,37,1.0,1.0,37,37,1.0,1.0,0.0,0.0
reference,by_band,1000-1400 km,quiet,144,in_track,37,37,2.455787021814195,2.4557869970793327,26,26,0.7027027027027027,0.7027027027027027,32,32,0.8648648648648649,0.8648648648648649,0.0,0.0
reference,by_band,1000-1400 km,quiet,144,cross,37,37,0.5058802032730372,0.5058802145213817,33,33,0.8918918918918919,0.8918918918918919,37,37,1.0,1.0,0.0,0.0
reference,by_band,1000-1400 km,quiet,168,radial,37,37,0.33394672329013575,0.33394701835153573,37,37,1.0,1.0,37,37,1.0,1.0,0.0,0.0
reference,by_band,1000-1400 km,quiet,168,in_track,37,37,2.9776536922712404,2.9776536453514737,25,25,0.6756756756756757,0.6756756756756757,27,27,0.7297297297297297,0.7297297297297297,0.0,0.0
reference,by_band,1000-1400 km,quiet,168,cross,37,37,0.59019357048521,0.5901935858422438,37,37,1.0,1.0,37,37,1.0,1.0,0.0,0.0
reference,by_band,1000-1400 km,storm,6,radial,30,30,0.02333743789781878,0.023337438336190883,6,6,0.2,0.2,17,17,0.5666666666666667,0.5666666666666667,0.0,0.0
reference,by_band,1000-1400 km,storm,6,in_track,30,30,0.03153846638481384,0.03153846613478338,4,4,0.13333333333333333,0.13333333333333333,4,4,0.13333333333333333,0.13333333333333333,0.0,0.0
reference,by_band,1000-1400 km,storm,6,cross,30,30,0.045558821406743055,0.04555882139585256,6,6,0.2,0.2,12,12,0.4,0.4,0.0,0.0
reference,by_band,1000-1400 km,storm,12,radial,29,29,0.025290283079699986,0.025290283083050754,0,0,0.0,0.0,1,1,0.034482758620689655,0.034482758620689655,0.0,0.0
reference,by_band,1000-1400 km,storm,12,in_track,29,29,0.031044887765918985,0.03104488777594396,2,2,0.06896551724137931,0.06896551724137931,5,5,0.1724137931034483,0.1724137931034483,0.0,0.0
reference,by_band,1000-1400 km,storm,12,cross,29,29,0.0463508537475257,0.046350853734577334,9,9,0.3103448275862069,0.3103448275862069,18,18,0.6206896551724138,0.6206896551724138,0.0,0.0
reference,by_band,1000-1400 km,storm,24,radial,28,28,0.04885760639095108,0.04885760639056541,16,16,0.5714285714285714,0.5714285714285714,25,25,0.8928571428571429,0.8928571428571429,0.0,0.0
reference,by_band,1000-1400 km,storm,24,in_track,28,28,0.048714650524258836,0.048714650617440264,2,2,0.07142857142857142,0.07142857142857142,2,2,0.07142857142857142,0.07142857142857142,0.0,0.0
reference,by_band,1000-1400 km,storm,24,cross,28,28,0.0927017074950514,0.09270170744478375,17,17,0.6071428571428571,0.6071428571428571,25,25,0.8928571428571429,0.8928571428571429,0.0,0.0
reference,by_band,1000-1400 km,storm,36,radial,26,26,0.07181561476167757,0.0718156146903764,25,25,0.9615384615384616,0.9615384615384616,26,26,1.0,1.0,0.0,0.0
reference,by_band,1000-1400 km,storm,36,in_track,26,26,0.06340432883318277,0.06340432900023625,3,3,0.11538461538461539,0.11538461538461539,6,6,0.23076923076923078,0.23076923076923078,0.0,0.0
reference,by_band,1000-1400 km,storm,36,cross,26,26,0.1390525612425771,0.1390525611633563,13,13,0.5,0.5,22,22,0.8461538461538461,0.8461538461538461,0.0,0.0
reference,by_band,1000-1400 km,storm,48,radial,25,25,0.09438667391466071,0.09438667398595135,22,22,0.88,0.88,25,25,1.0,1.0,0.0,0.0
reference,by_band,1000-1400 km,storm,48,in_track,25,25,0.07644148027186219,0.0764414804574278,6,6,0.24,0.24,9,9,0.36,0.36,0.0,0.0
reference,by_band,1000-1400 km,storm,48,cross,25,25,0.1854034149901028,0.18540341480857775,2,2,0.08,0.08,20,20,0.8,0.8,0.0,0.0
reference,by_band,1000-1400 km,storm,72,radial,23,23,0.13873862256475153,0.13873862253151562,21,21,0.9130434782608695,0.9130434782608695,23,23,1.0,1.0,0.0,0.0
reference,by_band,1000-1400 km,storm,72,in_track,23,23,0.09949205628066331,0.09949205715298434,6,6,0.2608695652173913,0.2608695652173913,6,6,0.2608695652173913,0.2608695652173913,0.0,0.0
reference,by_band,1000-1400 km,storm,72,cross,23,23,0.2781051224851542,0.27810512208732824,16,16,0.6956521739130435,0.6956521739130435,23,23,1.0,1.0,0.0,0.0
reference,by_band,1000-1400 km,storm,96,radial,20,20,0.1823430346011077,0.18234303434981003,20,20,1.0,1.0,20,20,1.0,1.0,0.0,0.0
reference,by_band,1000-1400 km,storm,96,in_track,20,20,0.11994953968198253,0.11994954190314365,0,0,0.0,0.0,3,3,0.15,0.15,0.0,0.0
reference,by_band,1000-1400 km,storm,96,cross,20,20,0.3708068299802056,0.37080682940295767,18,18,0.9,0.9,20,20,1.0,1.0,0.0,0.0
reference,by_band,1000-1400 km,storm,120,radial,20,20,0.225399885204506,0.22539988612586878,19,19,0.95,0.95,20,20,1.0,1.0,0.0,0.0
reference,by_band,1000-1400 km,storm,120,in_track,20,20,0.1386724198520418,0.13867242034323107,2,2,0.1,0.1,6,6,0.3,0.3,0.0,0.0
reference,by_band,1000-1400 km,storm,120,cross,20,20,0.463508537475257,0.46350853656904145,9,9,0.45,0.45,20,20,1.0,1.0,0.0,0.0
reference,by_band,1000-1400 km,storm,144,radial,20,20,0.26802535152057166,0.26802535141528816,19,19,0.95,0.95,20,20,1.0,1.0,0.0,0.0
reference,by_band,1000-1400 km,storm,144,in_track,20,20,0.15611977044971392,0.15611977595118107,4,4,0.2,0.2,9,9,0.45,0.45,0.0,0.0
reference,by_band,1000-1400 km,storm,144,cross,20,20,0.5562102449703084,0.5562102434687253,20,20,1.0,1.0,20,20,1.0,1.0,0.0,0.0
reference,by_band,1000-1400 km,storm,168,radial,20,20,0.3102953907277487,0.31029539167224074,20,20,1.0,1.0,20,20,1.0,1.0,0.0,0.0
reference,by_band,1000-1400 km,storm,168,in_track,20,20,0.1725731861193285,0.17257319217647776,1,1,0.05,0.05,8,8,0.4,0.4,0.0,0.0
reference,by_band,1000-1400 km,storm,168,cross,20,20,0.6489119524653598,0.6489119503285738,19,19,0.95,0.95,20,20,1.0,1.0,0.0,0.0
reference,by_band,400-600 km,august,6,radial,93,93,0.06750508743392453,0.06750509177543981,17,17,0.1827956989247312,0.1827956989247312,61,61,0.6559139784946236,0.6559139784946236,0.0,0.0
reference,by_band,400-600 km,august,6,in_track,93,93,0.26229629336862487,0.2622962922629131,22,22,0.23655913978494625,0.23655913978494625,40,40,0.43010752688172044,0.43010752688172044,0.0,0.0
reference,by_band,400-600 km,august,6,cross,93,93,0.007732834662651963,0.00773283589425152,1,1,0.010752688172043012,0.010752688172043012,1,1,0.010752688172043012,0.010752688172043012,0.0,0.0
reference,by_band,400-600 km,august,12,radial,93,93,0.06750508743392453,0.06750509356969504,51,51,0.5483870967741935,0.5483870967741935,77,77,0.8279569892473119,0.8279569892473119,0.0,0.0
reference,by_band,400-600 km,august,12,in_track,93,93,0.26229629336862487,0.2622962908866243,20,20,0.21505376344086022,0.21505376344086022,39,39,0.41935483870967744,0.41935483870967744,0.0,0.0
reference,by_band,400-600 km,august,12,cross,93,93,0.007732834662651963,0.007732836099978555,6,6,0.06451612903225806,0.06451612903225806,13,13,0.13978494623655913,0.13978494623655913,0.0,0.0
reference,by_band,400-600 km,august,24,radial,93,93,0.13501017486784905,0.13501018596627284,86,86,0.9247311827956989,0.9247311827956989,92,92,0.989247311827957,0.989247311827957,0.0,0.0
reference,by_band,400-600 km,august,24,in_track,93,93,0.8356083779627435,0.8356083759433709,53,53,0.5698924731182796,0.5698924731182796,75,75,0.8064516129032258,0.8064516129032258,0.0,0.0
reference,by_band,400-600 km,august,24,cross,93,93,0.014429979716707361,0.014429985888424226,5,5,0.053763440860215055,0.053763440860215055,9,9,0.0967741935483871,0.0967741935483871,0.0,0.0
reference,by_band,400-600 km,august,36,radial,93,93,0.20251526230177358,0.20251557130613246,67,67,0.7204301075268817,0.7204301075268817,92,92,0.989247311827957,0.989247311827957,0.0,0.0
reference,by_band,400-600 km,august,36,in_track,93,93,1.6289321268762027,1.6289320415566277,44,44,0.4731182795698925,0.4731182795698925,64,64,0.6881720430107527,0.6881720430107527,0.0,0.0
reference,by_band,400-600 km,august,36,cross,93,93,0.02078489590365874,0.02078495720693384,13,13,0.13978494623655913,0.13978494623655913,25,25,0.26881720430107525,0.26881720430107525,0.0,0.0
reference,by_band,400-600 km,august,48,radial,93,93,0.2700203497356981,0.2700215600055217,53,53,0.5698924731182796,0.5698924731182796,93,93,1.0,1.0,0.0,0.0
reference,by_band,400-600 km,august,48,in_track,93,93,2.733963515965984,2.733962884595481,40,40,0.43010752688172044,0.43010752688172044,55,55,0.5913978494623656,0.5913978494623656,0.0,0.0
reference,by_band,400-600 km,august,48,cross,93,93,0.026927294285789844,0.026927347540111893,19,19,0.20430107526881722,0.20430107526881722,26,26,0.27956989247311825,0.27956989247311825,0.0,0.0
reference,by_band,400-600 km,august,72,radial,93,93,0.40503052460354716,0.40506948631562045,70,70,0.7526881720430108,0.7526881720430108,89,89,0.956989247311828,0.956989247311828,0.0,0.0
reference,by_band,400-600 km,august,72,in_track,93,93,5.285267927593578,5.285264544534823,27,27,0.2903225806451613,0.2903225806451613,47,47,0.5053763440860215,0.5053763440860215,0.0,0.0
reference,by_band,400-600 km,august,72,cross,93,93,0.03878598720754369,0.03878627917494588,15,15,0.16129032258064516,0.16129032258064516,34,34,0.3655913978494624,0.3655913978494624,0.0,0.0
reference,by_band,400-600 km,august,96,radial,93,93,0.5400406994713962,0.5402069690399129,82,82,0.8817204301075269,0.8817204301075269,89,89,0.956989247311828,0.956989247311828,0.0,0.0
reference,by_band,400-600 km,august,96,in_track,93,93,8.374694754433063,8.374682781390984,20,20,0.21505376344086022,0.21505376344086022,41,41,0.44086021505376344,0.44086021505376344,0.0,0.0
reference,by_band,400-600 km,august,96,cross,93,93,0.050248107882924956,0.050248414942708985,21,21,0.22580645161290322,0.22580645161290322,37,37,0.3978494623655914,0.3978494623655914,0.0,0.0
reference,by_band,400-600 km,august,120,radial,93,93,0.6750508743392453,0.6779160312273274,60,60,0.6451612903225806,0.6451612903225806,88,88,0.946236559139785,0.946236559139785,0.0,0.0
reference,by_band,400-600 km,august,120,in_track,93,93,11.968094436098498,11.96802643799888,22,22,0.23655913978494625,0.23655913978494625,35,35,0.3763440860215054,0.3763440860215054,0.0,0.0
reference,by_band,400-600 km,august,120,cross,93,93,0.061424089069990695,0.06142495355345849,21,21,0.22580645161290322,0.22580645161290322,50,50,0.5376344086021505,0.5376344086021505,0.0,0.0
reference,by_band,400-600 km,august,144,radial,93,93,0.8100610492070943,0.8186290710873363,62,62,0.6666666666666666,0.6666666666666666,85,86,0.9139784946236559,0.9247311827956989,0.0,1.0752688172043001
reference,by_band,400-600 km,august,144,in_track,93,93,16.021936312599333,16.021695899263136,24,24,0.25806451612903225,0.25806451612903225,33,33,0.3548387096774194,0.3548387096774194,0.0,0.0
reference,by_band,400-600 km,august,144,cross,93,93,0.07237721134792567,0.07237902433861006,31,31,0.3333333333333333,0.3333333333333333,62,62,0.6666666666666666,0.6666666666666666,0.0,0.0
reference,by_band,400-600 km,august,168,radial,93,93,0.9450712240749434,0.9610618101252326,66,68,0.7096774193548387,0.7311827956989247,80,80,0.8602150537634409,0.8602150537634409,2.1505376344086002,0.0
reference,by_band,400-600 km,august,168,in_track,93,93,20.503587903471,20.503032535370664,27,27,0.2903225806451613,0.2903225806451613,31,31,0.3333333333333333,0.3333333333333333,0.0,0.0
reference,by_band,400-600 km,august,168,cross,93,93,0.08314841148947334,0.08314962295458647,25,25,0.26881720430107525,0.26881720430107525,61,61,0.6559139784946236,0.6559139784946236,0.0,0.0
reference,by_band,400-600 km,held-out,6,radial,100,100,0.06729153690497795,0.06729155421786208,58,58,0.58,0.58,86,86,0.86,0.86,0.0,0.0
reference,by_band,400-600 km,held-out,6,in_track,100,100,0.5053619956368025,0.5053619922322402,31,31,0.31,0.31,77,77,0.77,0.77,0.0,0.0
reference,by_band,400-600 km,held-out,6,cross,100,100,0.009429929095050181,0.009429937495246036,2,2,0.02,0.02,7,7,0.07,0.07,0.0,0.0
reference,by_band,400-600 km,held-out,12,radial,100,100,0.06729153690497795,0.06729155278565196,20,20,0.2,0.2,42,42,0.42,0.42,0.0,0.0
reference,by_band,400-600 km,held-out,12,in_track,100,100,0.5053619956368025,0.5053619915855188,33,33,0.33,0.33,58,58,0.58,0.58,0.0,0.0
reference,by_band,400-600 km,held-out,12,cross,100,100,0.009429929095050181,0.009429932921100788,4,4,0.04,0.04,9,9,0.09,0.09,0.0,0.0
reference,by_band,400-600 km,held-out,24,radial,100,100,0.14424256701607396,0.14424275951913273,67,67,0.67,0.67,97,97,0.97,0.97,0.0,0.0
reference,by_band,400-600 km,held-out,24,in_track,100,100,1.6998283621458021,1.699828318370351,53,53,0.53,0.53,71,71,0.71,0.71,0.0,0.0
reference,by_band,400-600 km,held-out,24,cross,100,100,0.015859187144248804,0.015859210655770145,8,8,0.08,0.08,16,16,0.16,0.16,0.0,0.0
reference,by_band,400-600 km,held-out,36,radial,100,100,0.22531693126801086,0.22532359057634316,30,30,0.3,0.3,83,83,0.83,0.83,0.0,0.0
reference,by_band,400-600 km,held-out,36,in_track,100,100,3.4559287061125223,3.455928229899672,49,49,0.49,0.49,65,65,0.65,0.65,0.0,0.0
reference,by_band,400-600 km,held-out,36,cross,100,100,0.021495589918750068,0.021496009096979934,13,13,0.13,0.13,19,19,0.19,0.19,0.0,0.0
reference,by_band,400-600 km,held-out,48,radial,100,100,0.32471114530546535,0.32486126589699416,80,80,0.8,0.8,96,97,0.96,0.97,0.0,1.0000000000000009
reference,by_band,400-600 km,held-out,48,in_track,100,100,5.717518305099992,5.7175168697251255,48,48,0.48,0.48,68,68,0.68,0.68,0.0,0.0
reference,by_band,400-600 km,held-out,48,cross,100,100,0.026671867236873228,0.026672422056642484,20,20,0.2,0.2,29,29,0.29,0.29,0.0,0.0
reference,by_band,400-600 km,held-out,72,radial,100,100,0.5114705959953171,0.5119512100302284,63,63,0.63,0.63,85,85,0.85,0.85,0.0,0.0
reference,by_band,400-600 km,held-out,72,in_track,100,100,11.624312241369712,11.624299067110378,47,47,0.47,0.47,65,65,0.65,0.65,0.0,0.0
reference,by_band,400-600 km,held-out,72,cross,100,100,0.03615112901288164,0.036155741401044175,28,28,0.28,0.28,43,43,0.43,0.43,0.0,0.0
reference,by_band,400-600 km,held-out,96,radial,97,97,0.7018645085269971,0.7038142423990481,71,75,0.7319587628865979,0.7731958762886598,89,89,0.9175257731958762,0.9175257731958762,4.123711340206193,0.0
reference,by_band,400-600 km,held-out,96,in_track,97,97,19.231362587624307,19.231313290734903,53,53,0.5463917525773195,0.5463917525773195,62,62,0.6391752577319587,0.6391752577319587,0.0,0.0
reference,by_band,400-600 km,held-out,96,cross,97,97,0.04485655509521939,0.04485790182761752,17,17,0.17525773195876287,0.17525773195876287,37,37,0.38144329896907214,0.38144329896907214,0.0,0.0
reference,by_band,400-600 km,held-out,120,radial,93,93,0.8971277616210015,0.9086208931617078,67,68,0.7204301075268817,0.7311827956989247,74,78,0.7956989247311828,0.8387096774193549,1.0752688172043001,4.301075268817211
reference,by_band,400-600 km,held-out,120,in_track,93,93,28.41859343272389,28.418408249183944,56,56,0.6021505376344086,0.6021505376344086,62,62,0.6666666666666666,0.6666666666666666,0.0,0.0
reference,by_band,400-600 km,held-out,120,cross,93,93,0.053028388237615486,0.05303083379226501,29,29,0.3118279569892473,0.3118279569892473,44,44,0.4731182795698925,0.4731182795698925,0.0,0.0
reference,by_band,400-600 km,held-out,144,radial,89,89,1.096361223310805,1.2180439264929692,58,58,0.651685393258427,0.651685393258427,63,68,0.7078651685393258,0.7640449438202247,0.0,5.61797752808989
reference,by_band,400-600 km,held-out,144,in_track,89,89,39.099369974230655,39.09868036865052,50,50,0.5617977528089888,0.5617977528089888,59,59,0.6629213483146067,0.6629213483146067,0.0,0.0
reference,by_band,400-600 km,held-out,144,cross,89,89,0.06079870958861345,0.060818529734933416,34,34,0.38202247191011235,0.38202247191011235,53,53,0.5955056179775281,0.5955056179775281,0.0,0.0
reference,by_band,400-600 km,held-out,168,radial,85,85,1.298958078906107,1.655951652475568,58,58,0.6823529411764706,0.6823529411764706,59,63,0.6941176470588235,0.7411764705882353,0.0,4.705882352941182
reference,by_band,400-600 km,held-out,168,in_track,85,85,51.206682615791735,51.20463788820926,46,46,0.5411764705882353,0.5411764705882353,57,57,0.6705882352941176,0.6705882352941176,0.0,0.0
reference,by_band,400-600 km,held-out,168,cross,85,85,0.06785346212386184,0.06785422889491295,33,33,0.38823529411764707,0.38823529411764707,60,60,0.7058823529411765,0.7058823529411765,0.0,0.0
reference,by_band,400-600 km,quiet,6,radial,95,95,0.0658629272269975,0.06586292893457213,47,47,0.49473684210526314,0.49473684210526314,93,93,0.9789473684210527,0.9789473684210527,0.0,0.0
reference,by_band,400-600 km,quiet,6,in_track,95,95,0.25220823748954563,0.25220823722946656,30,30,0.3157894736842105,0.3157894736842105,54,54,0.5684210526315789,0.5684210526315789,0.0,0.0
reference,by_band,400-600 km,quiet,6,cross,95,95,0.01020008776583759,0.010200088916922553,2,2,0.021052631578947368,0.021052631578947368,2,2,0.021052631578947368,0.021052631578947368,0.0,0.0
reference,by_band,400-600 km,quiet,12,radial,95,95,0.0658629272269975,0.06586292897079564,54,54,0.5684210526315789,0.5684210526315789,77,77,0.8105263157894737,0.8105263157894737,0.0,0.0
reference,by_band,400-600 km,quiet,12,in_track,95,95,0.25220823748954563,0.2522082370252211,25,25,0.2631578947368421,0.2631578947368421,39,39,0.4105263157894737,0.4105263157894737,0.0,0.0
reference,by_band,400-600 km,quiet,12,cross,95,95,0.01020008776583759,0.010200092174817266,1,1,0.010526315789473684,0.010526315789473684,3,3,0.031578947368421054,0.031578947368421054,0.0,0.0
reference,by_band,400-600 km,quiet,24,radial,95,95,0.13834761787325978,0.1383476404698775,91,91,0.9578947368421052,0.9578947368421052,95,95,1.0,1.0,0.0,0.0
reference,by_band,400-600 km,quiet,24,in_track,95,95,0.9771599667075203,0.9771599638484904,81,81,0.8526315789473684,0.8526315789473684,93,93,0.9789473684210527,0.9789473684210527,0.0,0.0
reference,by_band,400-600 km,quiet,24,cross,95,95,0.02040017553167518,0.020400179840318493,1,1,0.010526315789473684,0.010526315789473684,5,5,0.05263157894736842,0.05263157894736842,0.0,0.0
reference,by_band,400-600 km,quiet,36,radial,95,95,0.21238354777768811,0.21238362649928896,65,65,0.6842105263157895,0.6842105263157895,95,95,1.0,1.0,0.0,0.0
reference,by_band,400-600 km,quiet,36,in_track,95,95,1.9866683334695503,1.9866683071519122,78,78,0.8210526315789474,0.8210526315789474,94,94,0.9894736842105263,0.9894736842105263,0.0,0.0
reference,by_band,400-600 km,quiet,36,cross,95,95,0.030600263297512767,0.03060032790806504,23,23,0.24210526315789474,0.24210526315789474,34,34,0.35789473684210527,0.35789473684210527,0.0,0.0
reference,by_band,400-600 km,quiet,48,radial,95,95,0.28728076239917283,0.28728102229178126,61,61,0.6421052631578947,0.6421052631578947,95,95,1.0,1.0,0.0,0.0
reference,by_band,400-600 km,quiet,48,in_track,95,95,3.2873449384027915,3.287344913751591,89,89,0.9368421052631579,0.9368421052631579,95,95,1.0,1.0,0.0,0.0
reference,by_band,400-600 km,quiet,48,cross,95,95,0.04080035106335036,0.04080070544359842,10,10,0.10526315789473684,0.10526315789473684,28,28,0.29473684210526313,0.29473684210526313,0.0,0.0
reference,by_band,400-600 km,quiet,72,radial,95,95,0.4397464748304597,0.43974759499566274,73,73,0.7684210526315789,0.7684210526315789,95,95,1.0,1.0,0.0,0.0
reference,by_band,400-600 km,quiet,72,in_track,95,95,7.102621453966157,7.102621381508335,91,91,0.9578947368421052,0.9578947368421052,95,95,1.0,1.0,0.0,0.0
reference,by_band,400-600 km,quiet,72,cross,95,95,0.061200526595025534,0.061201352201914166,39,39,0.4105263157894737,0.4105263157894737,61,61,0.6421052631578947,0.6421052631578947,0.0,0.0
reference,by_band,400-600 km,quiet,96,radial,95,95,0.594823393212545,0.5948419433639591,95,95,1.0,1.0,95,95,1.0,1.0,0.0,0.0
reference,by_band,400-600 km,quiet,96,in_track,95,95,12.268805128365353,12.26880422082272,91,91,0.9578947368421052,0.9578947368421052,95,95,1.0,1.0,0.0,0.0
reference,by_band,400-600 km,quiet,96,cross,95,95,0.08160070212670072,0.08160093240046842,20,20,0.21052631578947367,0.21052631578947367,37,37,0.3894736842105263,0.3894736842105263,0.0,0.0
reference,by_band,400-600 km,quiet,120,radial,95,95,0.7462081521525594,0.7472884228142938,88,88,0.9263157894736842,0.9263157894736842,95,95,1.0,1.0,0.0,0.0
reference,by_band,400-600 km,quiet,120,in_track,95,95,18.746979009212513,18.746975222254775,88,88,0.9263157894736842,0.9263157894736842,94,94,0.9894736842105263,0.9894736842105263,0.0,0.0
reference,by_band,400-600 km,quiet,120,cross,95,95,0.10108474155262029,0.10108827459775058,41,41,0.43157894736842106,0.43157894736842106,81,81,0.8526315789473684,0.8526315789473684,0.0,0.0
reference,by_band,400-600 km,quiet,144,radial,95,95,0.8954497825830714,0.9002769216606336,92,92,0.968421052631579,0.968421052631579,95,95,1.0,1.0,0.0,0.0
reference,by_band,400-600 km,quiet,144,in_track,95,95,26.507920571790212,26.50790990124505,84,84,0.8842105263157894,0.8842105263157894,94,94,0.9894736842105263,0.9894736842105263,0.0,0.0
reference,by_band,400-600 km,quiet,144,cross,95,95,0.11911013763782222,0.11911429662111728,42,42,0.4421052631578947,0.4421052631578947,76,76,0.8,0.8,0.0,0.0
reference,by_band,400-600 km,quiet,168,radial,95,95,1.0521446862097392,1.061944900258927,75,75,0.7894736842105263,0.7894736842105263,95,95,1.0,1.0,0.0,0.0
reference,by_band,400-600 km,quiet,168,in_track,95,95,35.52831092526059,35.528248047182,76,76,0.8,0.8,93,93,0.9789473684210527,0.9789473684210527,0.0,0.0
reference,by_band,400-600 km,quiet,168,cross,95,95,0.1368361470749217,0.13684488365245237,45,45,0.47368421052631576,0.47368421052631576,76,76,0.8,0.8,0.0,0.0
reference,by_band,400-600 km,storm,6,radial,91,91,0.06086755584605774,0.060867559575011804,36,36,0.3956043956043956,0.3956043956043956,85,85,0.9340659340659341,0.9340659340659341,0.0,0.0
reference,by_band,400-600 km,storm,6,in_track,91,91,0.2824369442008086,0.2824369436851155,19,19,0.2087912087912088,0.2087912087912088,42,42,0.46153846153846156,0.46153846153846156,0.0,0.0
reference,by_band,400-600 km,storm,6,cross,91,91,0.010753455837116491,0.010753457443394909,0,0,0.0,0.0,2,2,0.02197802197802198,0.02197802197802198,0.0,0.0
reference,by_band,400-600 km,storm,12,radial,91,91,0.06086755584605774,0.060867558163187195,55,55,0.6043956043956044,0.6043956043956044,79,79,0.8681318681318682,0.8681318681318682,0.0,0.0
reference,by_band,400-600 km,storm,12,in_track,91,91,0.2824369442008086,0.282436943587636,25,25,0.27472527472527475,0.27472527472527475,47,47,0.5164835164835165,0.5164835164835165,0.0,0.0
reference,by_band,400-600 km,storm,12,cross,91,91,0.010753455837116491,0.010753457536039216,6,6,0.06593406593406594,0.06593406593406594,8,8,0.08791208791208792,0.08791208791208792,0.0,0.0
reference,by_band,400-600 km,storm,24,radial,91,91,0.1350735636123407,0.13507369592513194,84,84,0.9230769230769231,0.9230769230769231,91,91,1.0,1.0,0.0,0.0
reference,by_band,400-600 km,storm,24,in_track,91,91,1.1297477768032345,1.1297477668181188,52,52,0.5714285714285714,0.5714285714285714,76,76,0.8351648351648352,0.8351648351648352,0.0,0.0
reference,by_band,400-600 km,storm,24,cross,91,91,0.021663953486225376,0.021663968764920806,3,3,0.03296703296703297,0.03296703296703297,7,7,0.07692307692307693,0.07692307692307693,0.0,0.0
reference,by_band,400-600 km,storm,36,radial,91,91,0.2092686563891193,0.20926890991782307,64,64,0.7032967032967034,0.7032967032967034,89,89,0.978021978021978,0.978021978021978,0.0,0.0
reference,by_band,400-600 km,storm,36,in_track,91,91,2.478854216021,2.478854196487278,68,68,0.7472527472527473,0.7472527472527473,70,70,0.7692307692307693,0.7692307692307693,0.0,0.0
reference,by_band,400-600 km,storm,36,cross,91,91,0.033161451873416806,0.033161574873840055,22,22,0.24175824175824176,0.24175824175824176,36,36,0.3956043956043956,0.3956043956043956,0.0,0.0
reference,by_band,400-600 km,storm,48,radial,91,91,0.2830674022671754,0.28306899097173094,52,52,0.5714285714285714,0.5714285714285714,91,91,1.0,1.0,0.0,0.0
reference,by_band,400-600 km,storm,48,in_track,91,91,4.160453880295362,4.16045352249144,60,60,0.6593406593406593,0.6593406593406593,68,68,0.7472527472527473,0.7472527472527473,0.0,0.0
reference,by_band,400-600 km,storm,48,cross,91,91,0.04419303240128526,0.044193057202135684,14,14,0.15384615384615385,0.15384615384615385,30,30,0.32967032967032966,0.32967032967032966,0.0,0.0
reference,by_band,400-600 km,storm,72,radial,88,88,0.43329699923813797,0.43335904912624634,70,70,0.7954545454545454,0.7954545454545454,88,88,1.0,1.0,0.0,0.0
reference,by_band,400-600 km,storm,72,in_track,88,88,8.631871736344214,8.631864805646353,44,44,0.5,0.5,60,60,0.6818181818181818,0.6818181818181818,0.0,0.0
reference,by_band,400-600 km,storm,72,cross,88,88,0.06365550029597176,0.06365568019379696,45,45,0.5113636363636364,0.5113636363636364,70,70,0.7954545454545454,0.7954545454545454,0.0,0.0
reference,by_band,400-600 km,storm,96,radial,86,86,0.5860995053002078,0.5868772702467624,82,82,0.9534883720930233,0.9534883720930233,86,86,1.0,1.0,0.0,0.0
reference,by_band,400-600 km,storm,96,in_track,86,86,14.487541876234694,14.48750963713362,40,40,0.46511627906976744,0.46511627906976744,61,61,0.7093023255813954,0.7093023255813954,0.0,0.0
reference,by_band,400-600 km,storm,96,cross,86,86,0.0824671144529085,0.08246736872712881,21,21,0.2441860465116279,0.2441860465116279,43,43,0.5,0.5,0.0,0.0
reference,by_band,400-600 km,storm,120,radial,84,84,0.7408441714993789,0.7464224597450491,70,70,0.8333333333333334,0.8333333333333334,82,84,0.9761904761904762,1.0,0.0,2.3809523809523836
reference,by_band,400-600 km,storm,120,in_track,84,84,21.648745139296704,21.648615551457674,29,29,0.34523809523809523,0.34523809523809523,63,63,0.75,0.75,0.0,0.0
reference,by_band,400-600 km,storm,120,cross,84,84,0.10080911693834921,0.10080935071720787,53,53,0.6309523809523809,0.6309523809523809,81,81,0.9642857142857143,0.9642857142857143,0.0,0.0
reference,by_band,400-600 km,storm,144,radial,81,81,0.8971543698339366,0.9176921879031361,72,75,0.8888888888888888,0.9259259259259259,75,79,0.9259259259259259,0.9753086419753086,3.703703703703709,4.938271604938271
reference,by_band,400-600 km,storm,144,in_track,81,81,30.0579232094974,30.0577114556725,29,29,0.35802469135802467,0.35802469135802467,58,58,0.7160493827160493,0.7160493827160493,0.0,0.0
reference,by_band,400-600 km,storm,144,cross,81,81,0.11878536373784533,0.11878752218960272,64,64,0.7901234567901234,0.7901234567901234,74,74,0.9135802469135802,0.9135802469135802,0.0,0.0
reference,by_band,400-600 km,storm,168,radial,78,78,1.0547785901838422,1.1860730376477893,63,64,0.8076923076923077,0.8205128205128205,70,75,0.8974358974358975,0.9615384615384616,1.2820512820512775,6.41025641025641
reference,by_band,400-600 km,storm,168,in_track,78,78,39.6700905638261,39.66970537577096,30,30,0.38461538461538464,0.38461538461538464,65,65,0.8333333333333334,0.8333333333333334,0.0,0.0
reference,by_band,400-600 km,storm,168,cross,78,78,0.13646304021748137,0.13646447096766745,33,33,0.4230769230769231,0.4230769230769231,69,69,0.8846153846153846,0.8846153846153846,0.0,0.0
reference,by_band,600-750 km,august,6,radial,39,39,0.028923689102971578,0.028923718073359434,14,14,0.358974358974359,0.358974358974359,17,17,0.4358974358974359,0.4358974358974359,0.0,0.0
reference,by_band,600-750 km,august,6,in_track,39,39,0.3262844365599852,0.32628443643387467,14,14,0.358974358974359,0.358974358974359,23,23,0.5897435897435898,0.5897435897435898,0.0,0.0
reference,by_band,600-750 km,august,6,cross,39,39,0.023528732815639525,0.023528732869905724,3,3,0.07692307692307693,0.07692307692307693,5,5,0.1282051282051282,0.1282051282051282,0.0,0.0
reference,by_band,600-750 km,august,12,radial,37,37,0.028923689102971578,0.028923737761815286,13,13,0.35135135135135137,0.35135135135135137,25,25,0.6756756756756757,0.6756756756756757,0.0,0.0
reference,by_band,600-750 km,august,12,in_track,37,37,0.3262844365599852,0.32628443632274784,18,18,0.4864864864864865,0.4864864864864865,25,25,0.6756756756756757,0.6756756756756757,0.0,0.0
reference,by_band,600-750 km,august,12,cross,37,37,0.023528732815639525,0.023528732833334773,1,1,0.02702702702702703,0.02702702702702703,3,3,0.08108108108108109,0.08108108108108109,0.0,0.0
reference,by_band,600-750 km,august,24,radial,34,34,0.057847378205943156,0.057847848755910716,7,7,0.20588235294117646,0.20588235294117646,17,17,0.5,0.5,0.0,0.0
reference,by_band,600-750 km,august,24,in_track,34,34,0.8317385922928134,0.8317385914299587,21,21,0.6176470588235294,0.6176470588235294,28,28,0.8235294117647058,0.8235294117647058,0.0,0.0
reference,by_band,600-750 km,august,24,cross,34,34,0.04705746563127905,0.04705746691804241,2,2,0.058823529411764705,0.058823529411764705,8,8,0.23529411764705882,0.23529411764705882,0.0,0.0
reference,by_band,600-750 km,august,36,radial,29,29,0.08677106730891473,0.08677374868444329,19,19,0.6551724137931034,0.6551724137931034,29,29,1.0,1.0,0.0,0.0
reference,by_band,600-750 km,august,36,in_track,29,29,1.437838316289001,1.4378383154997285,21,21,0.7241379310344828,0.7241379310344828,24,24,0.8275862068965517,0.8275862068965517,0.0,0.0
reference,by_band,600-750 km,august,36,cross,29,29,0.07058619844691857,0.07058619893798174,11,11,0.3793103448275862,0.3793103448275862,15,15,0.5172413793103449,0.5172413793103449,0.0,0.0
reference,by_band,600-750 km,august,48,radial,25,25,0.11569475641188631,0.11570717828138978,13,13,0.52,0.52,24,24,0.96,0.96,0.0,0.0
reference,by_band,600-750 km,august,48,in_track,25,25,2.1202025239167366,2.120202521640712,14,14,0.56,0.56,20,20,0.8,0.8,0.0,0.0
reference,by_band,600-750 km,august,48,cross,25,25,0.0941149312625581,0.09411493128108574,5,5,0.2,0.2,13,13,0.52,0.52,0.0,0.0
reference,by_band,600-750 km,august,72,radial,19,19,0.17354213461782947,0.17357979305993315,15,15,0.7894736842105263,0.7894736842105263,19,19,1.0,1.0,0.0,0.0
reference,by_band,600-750 km,august,72,in_track,19,19,3.665224212785962,3.6652238829961914,10,10,0.5263157894736842,0.5263157894736842,18,18,0.9473684210526315,0.9473684210526315,0.0,0.0
reference,by_band,600-750 km,august,72,cross,19,19,0.14117239689383715,0.14117239703997314,7,7,0.3684210526315789,0.3684210526315789,14,14,0.7368421052631579,0.7368421052631579,0.0,0.0
reference,by_band,600-750 km,august,96,radial,12,12,0.23138951282377263,0.23148565329132736,8,8,0.6666666666666666,0.6666666666666666,12,12,1.0,1.0,0.0,0.0
reference,by_band,600-750 km,august,96,in_track,12,12,5.404653317854398,5.404650392178787,5,5,0.4166666666666667,0.4166666666666667,12,12,1.0,1.0,0.0,0.0
reference,by_band,600-750 km,august,96,cross,12,12,0.1882298625251162,0.18822986355955246,6,6,0.5,0.5,9,9,0.75,0.75,0.0,0.0
reference,by_band,600-750 km,august,120,radial,4,4,0.5292982913135538,0.5293484870079637,1,1,0.25,0.25,4,4,1.0,1.0,0.0,0.0
reference,by_band,600-750 km,august,120,in_track,4,4,9.631870112815921,9.631865805441688,4,4,1.0,1.0,4,4,1.0,1.0,0.0,0.0
reference,by_band,600-750 km,august,120,cross,4,4,0.027493062205967082,0.02749390904032391,2,2,0.5,0.5,2,2,0.5,0.5,0.0,0.0
reference,by_band,600-750 km,august,144,radial,0,0,,,0,0,,,0,0,,,,
reference,by_band,600-750 km,august,144,in_track,0,0,,,0,0,,,0,0,,,,
reference,by_band,600-750 km,august,144,cross,0,0,,,0,0,,,0,0,,,,
reference,by_band,600-750 km,august,168,radial,0,0,,,0,0,,,0,0,,,,
reference,by_band,600-750 km,august,168,in_track,0,0,,,0,0,,,0,0,,,,
reference,by_band,600-750 km,august,168,cross,0,0,,,0,0,,,0,0,,,,
reference,by_band,600-750 km,held-out,6,radial,42,42,0.02766056551597919,0.02766075668210746,18,18,0.42857142857142855,0.42857142857142855,25,25,0.5952380952380952,0.5952380952380952,0.0,0.0
reference,by_band,600-750 km,held-out,6,in_track,42,42,0.5726291256681583,0.5726291248949089,17,17,0.40476190476190477,0.40476190476190477,31,31,0.7380952380952381,0.7380952380952381,0.0,0.0
reference,by_band,600-750 km,held-out,6,cross,42,42,0.016984282758098868,0.016984283072492033,1,1,0.023809523809523808,0.023809523809523808,5,5,0.11904761904761904,0.11904761904761904,0.0,0.0
reference,by_band,600-750 km,held-out,12,radial,41,41,0.02766056551597919,0.02766078206500968,15,15,0.36585365853658536,0.36585365853658536,28,28,0.6829268292682927,0.6829268292682927,0.0,0.0
reference,by_band,600-750 km,held-out,12,in_track,41,41,0.5726291256681583,0.5726291250094852,22,22,0.5365853658536586,0.5365853658536586,29,29,0.7073170731707317,0.7073170731707317,0.0,0.0
reference,by_band,600-750 km,held-out,12,cross,41,41,0.016984282758098868,0.01698428332194864,2,2,0.04878048780487805,0.04878048780487805,4,4,0.0975609756097561,0.0975609756097561,0.0,0.0
reference,by_band,600-750 km,held-out,24,radial,39,39,0.05727202650461927,0.05727353220440624,10,10,0.2564102564102564,0.2564102564102564,22,22,0.5641025641025641,0.5641025641025641,0.0,0.0
reference,by_band,600-750 km,held-out,24,in_track,39,39,1.4597010752657769,1.459701071734245,29,29,0.7435897435897436,0.7435897435897436,33,33,0.8461538461538461,0.8461538461538461,0.0,0.0
reference,by_band,600-750 km,held-out,24,cross,39,39,0.03281147147355914,0.03281147883586916,0,0,0.0,0.0,3,3,0.07692307692307693,0.07692307692307693,0.0,0.0
reference,by_band,600-750 km,held-out,36,radial,37,37,0.0876674496108741,0.08767443079208045,23,23,0.6216216216216216,0.6216216216216216,36,36,0.972972972972973,0.972972972972973,0.0,0.0
reference,by_band,600-750 km,held-out,36,in_track,37,37,2.523405978505446,2.5234059721378923,27,27,0.7297297297297297,0.7297297297297297,32,32,0.8648648648648649,0.8648648648648649,0.0,0.0
reference,by_band,600-750 km,held-out,36,cross,37,37,0.048229460449894665,0.04822947583697434,11,11,0.2972972972972973,0.2972972972972973,14,14,0.3783783783783784,0.3783783783783784,0.0,0.0
reference,by_band,600-750 km,held-out,48,radial,33,33,0.11858344031509205,0.1186033684624668,21,21,0.6363636363636364,0.6363636363636364,30,30,0.9090909090909091,0.9090909090909091,0.0,0.0
reference,by_band,600-750 km,held-out,48,in_track,33,33,3.7209550363787005,3.7209550058348846,25,25,0.7575757575757576,0.7575757575757576,30,30,0.9090909090909091,0.9090909090909091,0.0,0.0
reference,by_band,600-750 km,held-out,48,cross,33,33,0.06338758460358401,0.06338762686788241,3,3,0.09090909090909091,0.09090909090909091,15,15,0.45454545454545453,0.45454545454545453,0.0,0.0
reference,by_band,600-750 km,held-out,72,radial,27,27,0.18151807108953877,0.1815523152560568,22,22,0.8148148148148148,0.8148148148148148,27,27,1.0,1.0,0.0,0.0
reference,by_band,600-750 km,held-out,72,in_track,27,27,6.432467813890155,6.432467724646182,25,25,0.9259259259259259,0.9259259259259259,25,25,0.9259259259259259,0.9259259259259259,0.0,0.0
reference,by_band,600-750 km,held-out,72,cross,27,27,0.09317317594599456,0.09317317781826627,4,4,0.14814814814814814,0.14814814814814814,8,8,0.2962962962962963,0.2962962962962963,0.0,0.0
reference,by_band,600-750 km,held-out,96,radial,22,22,0.2455305526133046,0.24569255500915346,15,15,0.6818181818181818,0.6818181818181818,22,22,1.0,1.0,0.0,0.0
reference,by_band,600-750 km,held-out,96,in_track,22,22,9.485165570787208,9.485164349957055,18,18,0.8181818181818182,0.8181818181818182,21,21,0.9545454545454546,0.9545454545454546,0.0,0.0
reference,by_band,600-750 km,held-out,96,cross,22,22,0.12245674154279801,0.12245681841643544,6,6,0.2727272727272727,0.2727272727272727,16,16,0.7272727272727273,0.7272727272727273,0.0,0.0
reference,by_band,600-750 km,held-out,120,radial,18,18,0.3103566496535717,0.3118947944995363,7,7,0.3888888888888889,0.3888888888888889,18,18,1.0,1.0,0.0,0.0
reference,by_band,600-750 km,held-out,120,in_track,18,18,12.819569281932123,12.819566060777698,14,14,0.7777777777777778,0.7777777777777778,17,17,0.9444444444444444,0.9444444444444444,0.0,0.0
reference,by_band,600-750 km,held-out,120,cross,18,18,0.15137257941684412,0.15137267857831355,4,4,0.2222222222222222,0.2222222222222222,12,12,0.6666666666666666,0.6666666666666666,0.0,0.0
reference,by_band,600-750 km,held-out,144,radial,13,13,0.3758385840846902,0.3777598273634914,12,12,0.9230769230769231,0.9230769230769231,13,13,1.0,1.0,0.0,0.0
reference,by_band,600-750 km,held-out,144,in_track,13,13,16.3971404241656,16.397133485608517,12,12,0.9230769230769231,0.9230769230769231,13,13,1.0,1.0,0.0,0.0
reference,by_band,600-750 km,held-out,144,cross,13,13,0.1799987110550854,0.17999887833491557,4,4,0.3076923076923077,0.3076923076923077,8,8,0.6153846153846154,0.6153846153846154,0.0,0.0
reference,by_band,600-750 km,held-out,168,radial,8,8,0.7852692923543663,0.7866380840260522,7,7,0.875,0.875,8,8,1.0,1.0,0.0,0.0
reference,by_band,600-750 km,held-out,168,in_track,8,8,24.536050417483555,24.53596700919808,8,8,1.0,1.0,8,8,1.0,1.0,0.0,0.0
reference,by_band,600-750 km,held-out,168,cross,8,8,0.026210506500187178,0.026239057634455182,1,1,0.125,0.125,2,2,0.25,0.25,0.0,0.0
reference,by_band,600-750 km,quiet,6,radial,45,45,0.028973062634779154,0.028973285441355585,15,15,0.3333333333333333,0.3333333333333333,26,26,0.5777777777777777,0.5777777777777777,0.0,0.0
reference,by_band,600-750 km,quiet,6,in_track,45,45,0.8140230977654749,0.814023089816638,27,27,0.6,0.6,41,41,0.9111111111111111,0.9111111111111111,0.0,0.0
reference,by_band,600-750 km,quiet,6,cross,45,45,0.01776550133066086,0.017765501493617834,2,2,0.044444444444444446,0.044444444444444446,4,4,0.08888888888888889,0.08888888888888889,0.0,0.0
reference,by_band,600-750 km,quiet,12,radial,45,45,0.028973062634779154,0.02897320402672942,16,16,0.35555555555555557,0.35555555555555557,32,32,0.7111111111111111,0.7111111111111111,0.0,0.0
reference,by_band,600-750 km,quiet,12,in_track,45,45,0.8140230977654749,0.8140230927213628,36,36,0.8,0.8,44,44,0.9777777777777777,0.9777777777777777,0.0,0.0
reference,by_band,600-750 km,quiet,12,cross,45,45,0.01776550133066086,0.017765501566947138,3,3,0.06666666666666667,0.06666666666666667,4,4,0.08888888888888889,0.08888888888888889,0.0,0.0
reference,by_band,600-750 km,quiet,24,radial,44,44,0.05794612526955831,0.0579474872072074,11,11,0.25,0.25,26,26,0.5909090909090909,0.5909090909090909,0.0,0.0
reference,by_band,600-750 km,quiet,24,in_track,44,44,1.744896708153245,1.744896662006854,36,36,0.8181818181818182,0.8181818181818182,44,44,1.0,1.0,0.0,0.0
reference,by_band,600-750 km,quiet,24,cross,44,44,0.03315159770539527,0.03315160143184685,4,4,0.09090909090909091,0.09090909090909091,8,8,0.18181818181818182,0.18181818181818182,0.0,0.0
reference,by_band,600-750 km,quiet,36,radial,42,42,0.08691918790433746,0.08692134549759105,26,26,0.6190476190476191,0.6190476190476191,41,41,0.9761904761904762,0.9761904761904762,0.0,0.0
reference,by_band,600-750 km,quiet,36,in_track,42,42,2.7256501308447394,2.725650060953768,37,37,0.8809523809523809,0.8809523809523809,40,40,0.9523809523809523,0.9523809523809523,0.0,0.0
reference,by_band,600-750 km,quiet,36,cross,42,42,0.047751453631553746,0.04775145582201297,9,9,0.21428571428571427,0.21428571428571427,20,20,0.47619047619047616,0.47619047619047616,0.0,0.0
reference,by_band,600-750 km,quiet,48,radial,41,41,0.11589225053911661,0.11589608149039335,20,20,0.4878048780487805,0.4878048780487805,40,40,0.975609756097561,0.975609756097561,0.0,0.0
reference,by_band,600-750 km,quiet,48,in_track,41,41,3.740267973331166,3.740267854332762,36,36,0.8780487804878049,0.8780487804878049,38,38,0.926829268292683,0.926829268292683,0.0,0.0
reference,by_band,600-750 km,quiet,48,cross,41,41,0.061863068762579417,0.06186308111037863,11,11,0.2682926829268293,0.2682926829268293,15,15,0.36585365853658536,0.36585365853658536,0.0,0.0
reference,by_band,600-750 km,quiet,72,radial,38,38,0.17383837580867492,0.17385714321867846,35,35,0.9210526315789473,0.9210526315789473,38,38,1.0,1.0,0.0,0.0
reference,by_band,600-750 km,quiet,72,in_track,38,38,5.842558956795934,5.84255888916544,33,33,0.868421052631579,0.868421052631579,36,36,0.9473684210526315,0.9473684210526315,0.0,0.0
reference,by_band,600-750 km,quiet,72,cross,38,38,0.08910736326415947,0.0891073840465123,8,8,0.21052631578947367,0.21052631578947367,18,18,0.47368421052631576,0.47368421052631576,0.0,0.0
reference,by_band,600-750 km,quiet,96,radial,36,36,0.23178450107823323,0.23181987622045602,27,27,0.75,0.75,36,36,1.0,1.0,0.0,0.0
reference,by_band,600-750 km,quiet,96,in_track,36,36,8.017439913181496,8.017439303500257,29,29,0.8055555555555556,0.8055555555555556,33,33,0.9166666666666666,0.9166666666666666,0.0,0.0
reference,by_band,600-750 km,quiet,96,cross,36,36,0.11544056822639338,0.11544067070429652,20,20,0.5555555555555556,0.5555555555555556,28,28,0.7777777777777778,0.7777777777777778,0.0,0.0
reference,by_band,600-750 km,quiet,120,radial,35,35,0.28973062634779156,0.28982200758644755,12,12,0.34285714285714286,0.34285714285714286,35,35,1.0,1.0,0.0,0.0
reference,by_band,600-750 km,quiet,120,in_track,35,35,10.247943635643642,10.247942183175589,28,28,0.8,0.8,33,33,0.9428571428571428,0.9428571428571428,0.0,0.0
reference,by_band,600-750 km,quiet,120,cross,35,35,0.14111639310975715,0.14111666541727297,15,15,0.42857142857142855,0.42857142857142855,28,28,0.8,0.8,0.0,0.0
reference,by_band,600-750 km,quiet,144,radial,35,35,0.34767675161734984,0.34796636661845287,22,22,0.6285714285714286,0.6285714285714286,35,35,1.0,1.0,0.0,0.0
reference,by_band,600-750 km,quiet,144,in_track,35,35,12.523799286395223,12.523794132674007,27,27,0.7714285714285715,0.7714285714285715,32,32,0.9142857142857143,0.9142857142857143,0.0,0.0
reference,by_band,600-750 km,quiet,144,cross,35,35,0.16628021942863144,0.1662803506264817,7,7,0.2,0.2,27,27,0.7714285714285715,0.7714285714285715,0.0,0.0
reference,by_band,600-750 km,quiet,168,radial,35,35,0.4056228768869081,0.4064723490123284,21,21,0.6,0.6,35,35,1.0,1.0,0.0,0.0
reference,by_band,600-750 km,quiet,168,in_track,35,35,14.838075185234697,14.838060550036813,25,25,0.7142857142857143,0.7142857142857143,31,31,0.8857142857142857,0.8857142857142857,0.0,0.0
reference,by_band,600-750 km,quiet,168,cross,35,35,0.19102609578516208,0.19102642038743686,5,5,0.14285714285714285,0.14285714285714285,28,28,0.8,0.8,0.0,0.0
reference,by_band,600-750 km,storm,6,radial,41,41,0.02921863065859328,0.029218743320533563,14,14,0.34146341463414637,0.34146341463414637,23,23,0.5609756097560976,0.5609756097560976,0.0,0.0
reference,by_band,600-750 km,storm,6,in_track,41,41,0.5555611959843545,0.5555611897819938,17,17,0.4146341463414634,0.4146341463414634,34,34,0.8292682926829268,0.8292682926829268,0.0,0.0
reference,by_band,600-750 km,storm,6,cross,41,41,0.020821969228670332,0.020821969414145443,2,2,0.04878048780487805,0.04878048780487805,4,4,0.0975609756097561,0.0975609756097561,0.0,0.0
reference,by_band,600-750 km,storm,12,radial,39,39,0.02921863065859328,0.029218721913634043,8,8,0.20512820512820512,0.20512820512820512,27,27,0.6923076923076923,0.6923076923076923,0.0,0.0
reference,by_band,600-750 km,storm,12,in_track,39,39,0.5555611959843545,0.555561191184628,16,16,0.41025641025641024,0.41025641025641024,34,34,0.8717948717948718,0.8717948717948718,0.0,0.0
reference,by_band,600-750 km,storm,12,cross,39,39,0.020821969228670332,0.020821969312315856,0,0,0.0,0.0,1,1,0.02564102564102564,0.02564102564102564,0.0,0.0
reference,by_band,600-750 km,storm,24,radial,34,34,0.05843726131718656,0.0584378476114398,12,12,0.35294117647058826,0.35294117647058826,22,22,0.6470588235294118,0.6470588235294118,0.0,0.0
reference,by_band,600-750 km,storm,24,in_track,34,34,1.3679521254147164,1.3679521002165744,28,28,0.8235294117647058,0.8235294117647058,34,34,1.0,1.0,0.0,0.0
reference,by_band,600-750 km,storm,24,cross,34,34,0.03885516847822726,0.03885517132509407,1,1,0.029411764705882353,0.029411764705882353,4,4,0.11764705882352941,0.11764705882352941,0.0,0.0
reference,by_band,600-750 km,storm,36,radial,32,32,0.08765589197577983,0.08765808026971297,21,21,0.65625,0.65625,32,32,1.0,1.0,0.0,0.0
reference,by_band,600-750 km,storm,36,in_track,32,32,2.317338811033203,2.3173388079906267,31,31,0.96875,0.96875,32,32,1.0,1.0,0.0,0.0
reference,by_band,600-750 km,storm,36,cross,32,32,0.05596685844291364,0.05596685966300554,10,10,0.3125,0.3125,12,12,0.375,0.375,0.0,0.0
reference,by_band,600-750 km,storm,48,radial,29,29,0.11687452263437312,0.11688148942241586,19,19,0.6551724137931034,0.6551724137931034,28,28,0.9655172413793104,0.9655172413793104,0.0,0.0
reference,by_band,600-750 km,storm,48,in_track,29,29,3.368293233855265,3.368293207468439,29,29,1.0,1.0,29,29,1.0,1.0,0.0,0.0
reference,by_band,600-750 km,storm,48,cross,29,29,0.07250630816381408,0.0725063093207016,6,6,0.20689655172413793,0.20689655172413793,7,7,0.2413793103448276,0.2413793103448276,0.0,0.0
reference,by_band,600-750 km,storm,72,radial,24,24,0.2526508186726485,0.252669722324953,23,23,0.9583333333333334,0.9583333333333334,24,24,1.0,1.0,0.0,0.0
reference,by_band,600-750 km,storm,72,in_track,24,24,6.534276368723788,6.534276134710558,24,24,1.0,1.0,24,24,1.0,1.0,0.0,0.0
reference,by_band,600-750 km,storm,72,cross,24,24,0.07199293022418518,0.07199347625964594,3,3,0.125,0.125,9,9,0.375,0.375,0.0,0.0
reference,by_band,600-750 km,storm,96,radial,20,20,0.446361018350515,0.44636924027968106,18,18,0.9,0.9,20,20,1.0,1.0,0.0,0.0
reference,by_band,600-750 km,storm,96,in_track,20,20,11.666293719921457,11.66629213327668,20,20,1.0,1.0,20,20,1.0,1.0,0.0,0.0
reference,by_band,600-750 km,storm,96,cross,20,20,0.05197762506956439,0.051978879901038194,6,6,0.3,0.3,11,11,0.55,0.55,0.0,0.0
reference,by_band,600-750 km,storm,120,radial,15,15,0.5642112914941393,0.5642768247531693,13,13,0.8666666666666667,0.8666666666666667,15,15,1.0,1.0,0.0,0.0
reference,by_band,600-750 km,storm,120,in_track,15,15,16.672047048087887,16.67204091221877,15,15,1.0,1.0,15,15,1.0,1.0,0.0,0.0
reference,by_band,600-750 km,storm,120,cross,15,15,0.06425115579277244,0.06425209492230381,4,4,0.26666666666666666,0.26666666666666666,9,9,0.6,0.6,0.0,0.0
reference,by_band,600-750 km,storm,144,radial,12,12,0.6832538408841897,0.6835444143200722,12,12,1.0,1.0,12,12,1.0,1.0,0.0,0.0
reference,by_band,600-750 km,storm,144,in_track,12,12,22.31921526282694,22.319206360682955,12,12,1.0,1.0,12,12,1.0,1.0,0.0,0.0
reference,by_band,600-750 km,storm,144,cross,12,12,0.07640171866696488,0.07640257382794091,3,3,0.25,0.25,6,6,0.5,0.5,0.0,0.0
reference,by_band,600-750 km,storm,168,radial,12,12,0.8032971217193303,0.8041596000196984,12,12,1.0,1.0,12,12,1.0,1.0,0.0,0.0
reference,by_band,600-750 km,storm,168,in_track,12,12,28.562339978720136,28.562315706834823,12,12,1.0,1.0,12,12,1.0,1.0,0.0,0.0
reference,by_band,600-750 km,storm,168,cross,12,12,0.08845096559538627,0.08845192685359357,2,2,0.16666666666666666,0.16666666666666666,6,6,0.5,0.5,0.0,0.0
reference,by_band,750-850 km,august,6,radial,60,60,0.02182929837278625,0.021829298375308163,5,5,0.08333333333333333,0.08333333333333333,14,14,0.23333333333333334,0.23333333333333334,0.0,0.0
reference,by_band,750-850 km,august,6,in_track,60,60,0.2387962601541526,0.238796258843404,15,15,0.25,0.25,24,24,0.4,0.4,0.0,0.0
reference,by_band,750-850 km,august,6,cross,60,60,0.01860356399716797,0.018603564513273163,6,6,0.1,0.1,13,13,0.21666666666666667,0.21666666666666667,0.0,0.0
reference,by_band,750-850 km,august,12,radial,58,58,0.02182929837278625,0.02182929838331417,7,7,0.1206896551724138,0.1206896551724138,10,10,0.1724137931034483,0.1724137931034483,0.0,0.0
reference,by_band,750-850 km,august,12,in_track,58,58,0.2387962601541526,0.23879625969562393,21,21,0.3620689655172414,0.3620689655172414,33,33,0.5689655172413793,0.5689655172413793,0.0,0.0
reference,by_band,750-850 km,august,12,cross,58,58,0.01860356399716797,0.01860356420642082,5,5,0.08620689655172414,0.08620689655172414,12,12,0.20689655172413793,0.20689655172413793,0.0,0.0
reference,by_band,750-850 km,august,24,radial,53,53,0.0436585967455725,0.04365859674802893,35,35,0.660377358490566,0.660377358490566,44,44,0.8301886792452831,0.8301886792452831,0.0,0.0
reference,by_band,750-850 km,august,24,in_track,53,53,0.6992363774740102,0.6992363728118545,27,27,0.5094339622641509,0.5094339622641509,38,38,0.7169811320754716,0.7169811320754716,0.0,0.0
reference,by_band,750-850 km,august,24,cross,53,53,0.03593971662468571,0.0359397167117602,3,3,0.05660377358490566,0.05660377358490566,8,8,0.1509433962264151,0.1509433962264151,0.0,0.0
reference,by_band,750-850 km,august,36,radial,50,50,0.06634805059747989,0.06634806111441405,28,28,0.56,0.56,34,34,0.68,0.68,0.0,0.0
reference,by_band,750-850 km,august,36,in_track,50,50,1.3108876312339268,1.3108876282427473,34,34,0.68,0.68,39,39,0.78,0.78,0.0,0.0
reference,by_band,750-850 km,august,36,cross,50,50,0.05282765641667458,0.0528276573592642,16,16,0.32,0.32,32,32,0.64,0.64,0.0,0.0
reference,by_band,750-850 km,august,48,radial,46,46,0.08974573953013752,0.08974583510783628,19,19,0.41304347826086957,0.41304347826086957,39,39,0.8478260869565217,0.8478260869565217,0.0,0.0
reference,by_band,750-850 km,august,48,in_track,46,46,2.0474839566890686,2.0474839369756084,33,33,0.717391304347826,0.717391304347826,33,33,0.717391304347826,0.717391304347826,0.0,0.0
reference,by_band,750-850 km,august,48,cross,46,46,0.0694309558780963,0.06943096141811568,18,18,0.391304347826087,0.391304347826087,24,24,0.5217391304347826,0.5217391304347826,0.0,0.0
reference,by_band,750-850 km,august,72,radial,40,40,0.13737561909764776,0.13737584267526728,31,31,0.775,0.775,40,40,1.0,1.0,0.0,0.0
reference,by_band,750-850 km,august,72,in_track,40,40,3.8385036597632727,3.8385033618063567,25,25,0.625,0.625,29,29,0.725,0.725,0.0,0.0
reference,by_band,750-850 km,august,72,cross,40,40,0.10205630500965139,0.10205630530946996,10,10,0.25,0.25,23,23,0.575,0.575,0.0,0.0
reference,by_band,750-850 km,august,96,radial,34,34,0.17463438698229,0.17463524901639665,29,29,0.8529411764705882,0.8529411764705882,34,34,1.0,1.0,0.0,0.0
reference,by_band,750-850 km,august,96,in_track,34,34,0.7250293878094717,0.72502938726856,20,20,0.5882352941176471,0.5882352941176471,26,26,0.7647058823529411,0.7647058823529411,0.0,0.0
reference,by_band,750-850 km,august,96,cross,34,34,0.03121298626545424,0.031213003474326574,14,14,0.4117647058823529,0.4117647058823529,17,17,0.5,0.5,0.0,0.0
reference,by_band,750-850 km,august,120,radial,25,25,0.2182929837278625,0.2182934382751497,25,25,1.0,1.0,25,25,1.0,1.0,0.0,0.0
reference,by_band,750-850 km,august,120,in_track,25,25,0.9690331343203956,0.9690330968494189,8,8,0.32,0.32,10,10,0.4,0.4,0.0,0.0
reference,by_band,750-850 km,august,120,cross,25,25,0.03815525259133509,0.038155256064668706,7,7,0.28,0.28,10,10,0.4,0.4,0.0,0.0
reference,by_band,750-850 km,august,144,radial,19,19,0.26195158047343503,0.2619525173305167,14,14,0.7368421052631579,0.7368421052631579,19,19,1.0,1.0,0.0,0.0
reference,by_band,750-850 km,august,144,in_track,19,19,1.2282145758581804,1.2282144338009031,2,2,0.10526315789473684,0.10526315789473684,7,7,0.3684210526315789,0.3684210526315789,0.0,0.0
reference,by_band,750-850 km,august,144,cross,19,19,0.044959084011646167,0.04495909163267323,11,11,0.5789473684210527,0.5789473684210527,14,14,0.7368421052631579,0.7368421052631579,0.0,0.0
reference,by_band,750-850 km,august,168,radial,18,18,0.3056101772190075,0.3056116945150432,18,18,1.0,1.0,18,18,1.0,1.0,0.0,0.0
reference,by_band,750-850 km,august,168,in_track,18,18,1.5007386710714115,1.5007383615979972,4,4,0.2222222222222222,0.2222222222222222,7,7,0.3888888888888889,0.3888888888888889,0.0,0.0
reference,by_band,750-850 km,august,168,cross,18,18,0.05164990952220897,0.05164991383632618,1,1,0.05555555555555555,0.05555555555555555,3,3,0.16666666666666666,0.16666666666666666,0.0,0.0
reference,by_band,750-850 km,held-out,6,radial,51,51,0.020689619769315278,0.020689689250500423,3,4,0.058823529411764705,0.0784313725490196,11,11,0.21568627450980393,0.21568627450980393,1.9607843137254901,0.0
reference,by_band,750-850 km,held-out,6,in_track,51,51,0.6096108273918335,0.6096108219596122,15,15,0.29411764705882354,0.29411764705882354,33,33,0.6470588235294118,0.6470588235294118,0.0,0.0
reference,by_band,750-850 km,held-out,6,cross,51,51,0.013564376816086542,0.01356437731386288,5,5,0.09803921568627451,0.09803921568627451,10,10,0.19607843137254902,0.19607843137254902,0.0,0.0
reference,by_band,750-850 km,held-out,12,radial,50,50,0.020689619769315278,0.020689638035472944,11,11,0.22,0.22,17,17,0.34,0.34,0.0,0.0
reference,by_band,750-850 km,held-out,12,in_track,50,50,0.6096108273918335,0.6096108253592836,27,27,0.54,0.54,35,35,0.7,0.7,0.0,0.0
reference,by_band,750-850 km,held-out,12,cross,50,50,0.013564376816086542,0.013564376852624186,5,5,0.1,0.1,6,6,0.12,0.12,0.0,0.0
reference,by_band,750-850 km,held-out,24,radial,50,50,0.04283847526957448,0.04283865729884691,39,39,0.78,0.78,46,46,0.92,0.92,0.0,0.0
reference,by_band,750-850 km,held-out,24,in_track,50,50,1.5010379289160558,1.5010379140157437,35,35,0.7,0.7,40,40,0.8,0.8,0.0,0.0
reference,by_band,750-850 km,held-out,24,cross,50,50,0.027128753632173083,0.027128753662124666,3,3,0.06,0.06,6,6,0.12,0.12,0.0,0.0
reference,by_band,750-850 km,held-out,36,radial,48,48,0.06557372073780547,0.06557389073066816,20,20,0.4166666666666667,0.4166666666666667,23,23,0.4791666666666667,0.4791666666666667,0.0,0.0
reference,by_band,750-850 km,held-out,36,in_track,48,48,2.5427888775387792,2.5427888489115826,33,33,0.6875,0.6875,41,41,0.8541666666666666,0.8541666666666666,0.0,0.0
reference,by_band,750-850 km,held-out,36,cross,48,48,0.040693130448259625,0.04069313060171807,17,17,0.3541666666666667,0.3541666666666667,35,35,0.7291666666666666,0.7291666666666666,0.0,0.0
reference,by_band,750-850 km,held-out,48,radial,47,47,0.08869834167487353,0.08869895970396585,19,19,0.40425531914893614,0.40425531914893614,43,43,0.9148936170212766,0.9148936170212766,0.0,0.0
reference,by_band,750-850 km,held-out,48,in_track,47,47,3.6959889208076513,3.695988786312769,35,35,0.7446808510638298,0.7446808510638298,41,41,0.8723404255319149,0.8723404255319149,0.0,0.0
reference,by_band,750-850 km,held-out,48,cross,47,47,0.054257507264346166,0.05425750753425489,24,24,0.5106382978723404,0.5106382978723404,34,34,0.723404255319149,0.723404255319149,0.0,0.0
reference,by_band,750-850 km,held-out,72,radial,45,45,0.13577234601123989,0.1357743523694642,39,39,0.8666666666666667,0.8666666666666667,43,43,0.9555555555555556,0.9555555555555556,0.0,0.0
reference,by_band,750-850 km,held-out,72,in_track,45,45,6.2257148748283635,6.2257148732405705,34,34,0.7555555555555555,0.7555555555555555,40,40,0.8888888888888888,0.8888888888888888,0.0,0.0
reference,by_band,750-850 km,held-out,72,cross,45,45,0.09526554474937367,0.09526554974774008,16,16,0.35555555555555557,0.35555555555555557,29,29,0.6444444444444445,0.6444444444444445,0.0,0.0
reference,by_band,750-850 km,held-out,96,radial,43,43,0.18365256387778883,0.18365258290583053,29,29,0.6744186046511628,0.6744186046511628,42,42,0.9767441860465116,0.9767441860465116,0.0,0.0
reference,by_band,750-850 km,held-out,96,in_track,43,43,9.100592223274093,9.100281488496623,32,32,0.7441860465116279,0.7441860465116279,37,37,0.8604651162790697,0.8604651162790697,0.0,0.0
reference,by_band,750-850 km,held-out,96,cross,43,43,0.14457627243482682,0.1445762726153543,30,30,0.6976744186046512,0.6976744186046512,37,37,0.8604651162790697,0.8604651162790697,0.0,0.0
reference,by_band,750-850 km,held-out,120,radial,41,41,0.22642678302151703,0.2265078569066901,39,39,0.9512195121951219,0.9512195121951219,40,41,0.975609756097561,1.0,0.0,2.4390243902439046
reference,by_band,750-850 km,held-out,120,in_track,41,41,11.78962968480795,11.789629681408899,28,28,0.6829268292682927,0.6829268292682927,35,35,0.8536585365853658,0.8536585365853658,0.0,0.0
reference,by_band,750-850 km,held-out,120,cross,41,41,0.13970905738796494,0.13970941465378292,23,23,0.5609756097560976,0.5609756097560976,33,33,0.8048780487804879,0.8048780487804879,0.0,0.0
reference,by_band,750-850 km,held-out,144,radial,38,38,0.2717121396258204,0.2717406376815849,26,26,0.6842105263157895,0.6842105263157895,36,37,0.9473684210526315,0.9736842105263158,0.0,2.6315789473684292
reference,by_band,750-850 km,held-out,144,in_track,38,38,14.807328850248329,14.80732832565517,25,25,0.6578947368421053,0.6578947368421053,31,31,0.8157894736842105,0.8157894736842105,0.0,0.0
reference,by_band,750-850 km,held-out,144,cross,38,38,0.1627725217930385,0.16277264568340966,33,33,0.868421052631579,0.868421052631579,38,38,1.0,1.0,0.0,0.0
reference,by_band,750-850 km,held-out,168,radial,33,33,0.2871464818169425,0.2913109069997613,32,32,0.9696969696969697,0.9696969696969697,32,32,0.9696969696969697,0.9696969696969697,0.0,0.0
reference,by_band,750-850 km,held-out,168,in_track,33,33,3.0048281542284734,3.0048281524526477,24,24,0.7272727272727273,0.7272727272727273,25,25,0.7575757575757576,0.7575757575757576,0.0,0.0
reference,by_band,750-850 km,held-out,168,cross,33,33,0.18990127542521157,0.18990132412815908,23,23,0.696969696969697,0.696969696969697,25,25,0.7575757575757576,0.7575757575757576,0.0,0.0
reference,by_band,750-850 km,quiet,6,radial,57,57,0.02210228819061953,0.022102296380762464,3,3,0.05263157894736842,0.05263157894736842,10,10,0.17543859649122806,0.17543859649122806,0.0,0.0
reference,by_band,750-850 km,quiet,6,in_track,57,57,0.30724390652622713,0.30724390498572707,13,13,0.22807017543859648,0.22807017543859648,29,29,0.5087719298245614,0.5087719298245614,0.0,0.0
reference,by_band,750-850 km,quiet,6,cross,57,57,0.03049520185068745,0.030495202498324606,17,17,0.2982456140350877,0.2982456140350877,27,27,0.47368421052631576,0.47368421052631576,0.0,0.0
reference,by_band,750-850 km,quiet,12,radial,56,56,0.02210228819061953,0.02210228868021424,6,6,0.10714285714285714,0.10714285714285714,11,11,0.19642857142857142,0.19642857142857142,0.0,0.0
reference,by_band,750-850 km,quiet,12,in_track,56,56,0.30724390652622713,0.30724390622626124,31,31,0.5535714285714286,0.5535714285714286,46,46,0.8214285714285714,0.8214285714285714,0.0,0.0
reference,by_band,750-850 km,quiet,12,cross,56,56,0.03049520185068745,0.030495202096055857,6,6,0.10714285714285714,0.10714285714285714,13,13,0.23214285714285715,0.23214285714285715,0.0,0.0
reference,by_band,750-850 km,quiet,24,radial,52,52,0.04420457638123906,0.0442046112222739,33,33,0.6346153846153846,0.6346153846153846,48,48,0.9230769230769231,0.9230769230769231,0.0,0.0
reference,by_band,750-850 km,quiet,24,in_track,52,52,0.8108215303962486,0.8108215259701028,37,37,0.7115384615384616,0.7115384615384616,46,46,0.8846153846153846,0.8846153846153846,0.0,0.0
reference,by_band,750-850 km,quiet,24,cross,52,52,0.0609904037013749,0.060990403712256266,9,9,0.17307692307692307,0.17307692307692307,21,21,0.40384615384615385,0.40384615384615385,0.0,0.0
reference,by_band,750-850 km,quiet,36,radial,49,49,0.06630686457185858,0.06630686872011494,27,27,0.5510204081632653,0.5510204081632653,30,30,0.6122448979591837,0.6122448979591837,0.0,0.0
reference,by_band,750-850 km,quiet,36,in_track,49,49,1.4303852893655697,1.4303852856557513,38,38,0.7755102040816326,0.7755102040816326,47,47,0.9591836734693877,0.9591836734693877,0.0,0.0
reference,by_band,750-850 km,quiet,36,cross,49,49,0.09148560555206235,0.09148560587520377,20,20,0.40816326530612246,0.40816326530612246,41,41,0.8367346938775511,0.8367346938775511,0.0,0.0
reference,by_band,750-850 km,quiet,48,radial,46,46,0.08840915276247811,0.08840921003621433,18,18,0.391304347826087,0.391304347826087,40,40,0.8695652173913043,0.8695652173913043,0.0,0.0
reference,by_band,750-850 km,quiet,48,in_track,46,46,2.1397708471656696,2.1397708232311565,38,38,0.8260869565217391,0.8260869565217391,44,44,0.9565217391304348,0.9565217391304348,0.0,0.0
reference,by_band,750-850 km,quiet,48,cross,46,46,0.1219808074027498,0.12198080827406249,25,25,0.5434782608695652,0.5434782608695652,34,34,0.7391304347826086,0.7391304347826086,0.0,0.0
reference,by_band,750-850 km,quiet,72,radial,40,40,0.12516431706231046,0.12516436639499745,30,30,0.75,0.75,40,40,1.0,1.0,0.0,0.0
reference,by_band,750-850 km,quiet,72,in_track,40,40,3.7748094095420894,3.7748092567038727,37,37,0.925,0.925,40,40,1.0,1.0,0.0,0.0
reference,by_band,750-850 km,quiet,72,cross,40,40,0.1829712111041247,0.1829712124408813,24,24,0.6,0.6,39,39,0.975,0.975,0.0,0.0
reference,by_band,750-850 km,quiet,96,radial,33,33,0.1668857560830806,0.16688581428235888,23,23,0.696969696969697,0.696969696969697,33,33,1.0,1.0,0.0,0.0
reference,by_band,750-850 km,quiet,96,in_track,33,33,1.4140021054952656,1.4140021042860123,32,32,0.9696969696969697,0.9696969696969697,33,33,1.0,1.0,0.0,0.0
reference,by_band,750-850 km,quiet,96,cross,33,33,0.11854127566136687,0.1185412867915132,20,20,0.6060606060606061,0.6060606060606061,28,28,0.8484848484848485,0.8484848484848485,0.0,0.0
reference,by_band,750-850 km,quiet,120,radial,30,30,0.20860719510385073,0.20860742488524786,28,28,0.9333333333333333,0.9333333333333333,30,30,1.0,1.0,0.0,0.0
reference,by_band,750-850 km,quiet,120,in_track,30,30,1.787333394535875,1.7873333906530326,27,27,0.9,0.9,30,30,1.0,1.0,0.0,0.0
reference,by_band,750-850 km,quiet,120,cross,30,30,0.14983908425386225,0.14983908940628077,20,20,0.6666666666666666,0.6666666666666666,27,27,0.9,0.9,0.0,0.0
reference,by_band,750-850 km,quiet,144,radial,29,29,0.2503286341246209,0.2503291236949737,17,17,0.5862068965517241,0.5862068965517241,29,29,1.0,1.0,0.0,0.0
reference,by_band,750-850 km,quiet,144,in_track,29,29,2.164441628814688,2.1644416240202697,25,25,0.8620689655172413,0.8620689655172413,29,29,1.0,1.0,0.0,0.0
reference,by_band,750-850 km,quiet,144,cross,29,29,0.1814535288010707,0.18145354459434257,25,25,0.8620689655172413,0.8620689655172413,29,29,1.0,1.0,0.0,0.0
reference,by_band,750-850 km,quiet,168,radial,29,29,0.29205007314539105,0.29205137056011254,28,28,0.9655172413793104,0.9655172413793104,29,29,1.0,1.0,0.0,0.0
reference,by_band,750-850 km,quiet,168,in_track,29,29,2.544720024268466,2.544720017872606,23,23,0.7931034482758621,0.7931034482758621,27,27,0.9310344827586207,0.9310344827586207,0.0,0.0
reference,by_band,750-850 km,quiet,168,cross,29,29,0.21333374024372584,0.21333375887444958,25,25,0.8620689655172413,0.8620689655172413,29,29,1.0,1.0,0.0,0.0
reference,by_band,750-850 km,storm,6,radial,65,65,0.021294550045354802,0.021294551595964568,6,6,0.09230769230769231,0.09230769230769231,18,18,0.27692307692307694,0.27692307692307694,0.0,0.0
reference,by_band,750-850 km,storm,6,in_track,65,65,0.41630168316462574,0.41630168134253653,18,18,0.27692307692307694,0.27692307692307694,40,40,0.6153846153846154,0.6153846153846154,0.0,0.0
reference,by_band,750-850 km,storm,6,cross,65,65,0.023782506755535653,0.02378250988660751,6,6,0.09230769230769231,0.09230769230769231,16,16,0.24615384615384617,0.24615384615384617,0.0,0.0
reference,by_band,750-850 km,storm,12,radial,63,63,0.021294550045354802,0.021294550788712955,7,7,0.1111111111111111,0.1111111111111111,14,14,0.2222222222222222,0.2222222222222222,0.0,0.0
reference,by_band,750-850 km,storm,12,in_track,63,63,0.41630168316462574,0.4163016827097997,37,37,0.5873015873015873,0.5873015873015873,44,44,0.6984126984126984,0.6984126984126984,0.0,0.0
reference,by_band,750-850 km,storm,12,cross,63,63,0.023782506755535653,0.02378250716699939,8,8,0.12698412698412698,0.12698412698412698,16,16,0.25396825396825395,0.25396825396825395,0.0,0.0
reference,by_band,750-850 km,storm,24,radial,61,61,0.04312574778236369,0.04312583523932827,40,40,0.6557377049180327,0.6557377049180327,51,51,0.8360655737704918,0.8360655737704918,0.0,0.0
reference,by_band,750-850 km,storm,24,in_track,61,61,1.0986267284075892,1.098626724974182,44,44,0.7213114754098361,0.7213114754098361,56,56,0.9180327868852459,0.9180327868852459,0.0,0.0
reference,by_band,750-850 km,storm,24,cross,61,61,0.04437972684872352,0.04437972714670179,9,9,0.14754098360655737,0.14754098360655737,22,22,0.36065573770491804,0.36065573770491804,0.0,0.0
reference,by_band,750-850 km,storm,36,radial,58,58,0.06601345458479106,0.06601354295582212,30,30,0.5172413793103449,0.5172413793103449,35,35,0.603448275862069,0.603448275862069,0.0,0.0
reference,by_band,750-850 km,storm,36,in_track,58,58,1.9381077732976162,1.938107769641315,45,45,0.7758620689655172,0.7758620689655172,53,53,0.9137931034482759,0.9137931034482759,0.0,0.0
reference,by_band,750-850 km,storm,36,cross,58,58,0.06392441437152674,0.0639244213243032,22,22,0.3793103448275862,0.3793103448275862,36,36,0.6206896551724138,0.6206896551724138,0.0,0.0
reference,by_band,750-850 km,storm,48,radial,56,56,0.0892931479870224,0.08929403449742947,23,23,0.4107142857142857,0.4107142857142857,47,47,0.8392857142857143,0.8392857142857143,0.0,0.0
reference,by_band,750-850 km,storm,48,in_track,56,56,2.8992933182407157,2.8992932898854527,46,46,0.8214285714285714,0.8214285714285714,53,53,0.9464285714285714,0.9464285714285714,0.0,0.0
reference,by_band,750-850 km,storm,48,cross,56,56,0.08281549861050176,0.08281550781670091,25,25,0.44642857142857145,0.44642857142857145,39,39,0.6964285714285714,0.6964285714285714,0.0,0.0
reference,by_band,750-850 km,storm,72,radial,53,53,0.13605724877345068,0.13605912093676462,42,42,0.7924528301886793,0.7924528301886793,53,53,1.0,1.0,0.0,0.0
reference,by_band,750-850 km,storm,72,in_track,53,53,5.114697077593288,5.114696763198114,45,45,0.8490566037735849,0.8490566037735849,49,49,0.9245283018867925,0.9245283018867925,0.0,0.0
reference,by_band,750-850 km,storm,72,cross,53,53,0.11928717514660815,0.11928721082977806,27,27,0.5094339622641509,0.5094339622641509,47,47,0.8867924528301887,0.8867924528301887,0.0,0.0
reference,by_band,750-850 km,storm,96,radial,46,46,0.17881892700246493,0.17882282244766032,33,33,0.717391304347826,0.717391304347826,46,46,1.0,1.0,0.0,0.0
reference,by_band,750-850 km,storm,96,in_track,46,46,7.651280938139237,7.651279040608324,35,35,0.7608695652173914,0.7608695652173914,43,43,0.9347826086956522,0.9347826086956522,0.0,0.0
reference,by_band,750-850 km,storm,96,cross,46,46,0.15453918482833753,0.1545391969627804,23,23,0.5,0.5,38,38,0.8260869565217391,0.8260869565217391,0.0,0.0
reference,by_band,750-850 km,storm,120,radial,40,40,0.221043626409537,0.22104485920288303,36,36,0.9,0.9,40,40,1.0,1.0,0.0,0.0
reference,by_band,750-850 km,storm,120,in_track,40,40,10.263099131062509,10.263094623319752,27,27,0.675,0.675,32,32,0.8,0.8,0.0,0.0
reference,by_band,750-850 km,storm,120,cross,40,40,0.18891116608442937,0.18891137311618475,27,27,0.675,0.675,40,40,1.0,1.0,0.0,0.0
reference,by_band,750-850 km,storm,144,radial,33,33,0.25553460054425764,0.2555480111130291,17,17,0.5151515151515151,0.5151515151515151,33,33,1.0,1.0,0.0,0.0
reference,by_band,750-850 km,storm,144,in_track,33,33,2.780553184239488,2.780553158790073,19,19,0.5757575757575758,0.5757575757575758,24,24,0.7272727272727273,0.7272727272727273,0.0,0.0
reference,by_band,750-850 km,storm,144,cross,33,33,0.13524406778876705,0.1352441096554022,25,25,0.7575757575757576,0.7575757575757576,33,33,1.0,1.0,0.0,0.0
reference,by_band,750-850 km,storm,168,radial,25,25,0.29812370063496724,0.2981441964645046,25,25,1.0,1.0,25,25,1.0,1.0,0.0,0.0
reference,by_band,750-850 km,storm,168,in_track,25,25,3.3455486827176637,3.345547621409919,10,10,0.4,0.4,15,15,0.6,0.6,0.0,0.0
reference,by_band,750-850 km,storm,168,cross,25,25,0.15900557579557764,0.15900560538255562,15,15,0.6,0.6,24,24,0.96,0.96,0.0,0.0
reference,by_band,850-1000 km,august,6,radial,65,65,0.031221505734885923,0.031221506490781068,3,3,0.046153846153846156,0.046153846153846156,6,6,0.09230769230769231,0.09230769230769231,0.0,0.0
reference,by_band,850-1000 km,august,6,in_track,65,65,0.10587260483633022,0.10587260458018762,6,6,0.09230769230769231,0.09230769230769231,11,11,0.16923076923076924,0.16923076923076924,0.0,0.0
reference,by_band,850-1000 km,august,6,cross,65,65,0.040652159234032106,0.04065215928509911,18,18,0.27692307692307694,0.27692307692307694,37,37,0.5692307692307692,0.5692307692307692,0.0,0.0
reference,by_band,850-1000 km,august,12,radial,65,65,0.031221505734885923,0.03122150628819719,14,14,0.2153846153846154,0.2153846153846154,22,22,0.3384615384615385,0.3384615384615385,0.0,0.0
reference,by_band,850-1000 km,august,12,in_track,65,65,0.10587260483633022,0.10587260464632213,9,9,0.13846153846153847,0.13846153846153847,23,23,0.35384615384615387,0.35384615384615387,0.0,0.0
reference,by_band,850-1000 km,august,12,cross,65,65,0.040652159234032106,0.040652159332517486,14,14,0.2153846153846154,0.2153846153846154,27,27,0.4153846153846154,0.4153846153846154,0.0,0.0
reference,by_band,850-1000 km,august,24,radial,65,65,0.062443011469771846,0.06244301338128493,21,21,0.3230769230769231,0.3230769230769231,33,33,0.5076923076923077,0.5076923076923077,0.0,0.0
reference,by_band,850-1000 km,august,24,in_track,65,65,0.3561115755217727,0.3561115750634503,32,32,0.49230769230769234,0.49230769230769234,45,45,0.6923076923076923,0.6923076923076923,0.0,0.0
reference,by_band,850-1000 km,august,24,cross,65,65,0.08130431846806421,0.08130431900743613,21,21,0.3230769230769231,0.3230769230769231,45,45,0.6923076923076923,0.6923076923076923,0.0,0.0
reference,by_band,850-1000 km,august,36,radial,64,64,0.09366451720465777,0.09366452435461647,40,40,0.625,0.625,51,51,0.796875,0.796875,0.0,0.0
reference,by_band,850-1000 km,august,36,in_track,64,64,0.7240120495877979,0.7240120485812636,41,41,0.640625,0.640625,56,56,0.875,0.875,0.0,0.0
reference,by_band,850-1000 km,august,36,cross,64,64,0.12195647770209632,0.12195647871393749,31,31,0.484375,0.484375,50,50,0.78125,0.78125,0.0,0.0
reference,by_band,850-1000 km,august,48,radial,62,62,0.12488602293954369,0.12488603375837404,25,25,0.4032258064516129,0.4032258064516129,45,45,0.7258064516129032,0.7258064516129032,0.0,0.0
reference,by_band,850-1000 km,august,48,in_track,62,62,1.1978117891464444,1.197811787706843,51,51,0.8225806451612904,0.8225806451612904,60,60,0.967741935483871,0.967741935483871,0.0,0.0
reference,by_band,850-1000 km,august,48,cross,62,62,0.16260863693612843,0.16260863753421476,29,29,0.46774193548387094,0.46774193548387094,50,50,0.8064516129032258,0.8064516129032258,0.0,0.0
reference,by_band,850-1000 km,august,72,radial,57,57,0.18732903440931553,0.18732909292948996,20,20,0.3508771929824561,0.3508771929824561,40,40,0.7017543859649122,0.7017543859649122,0.0,0.0
reference,by_band,850-1000 km,august,72,in_track,57,57,2.3407728078927974,2.340772807393697,57,57,1.0,1.0,57,57,1.0,1.0,0.0,0.0
reference,by_band,850-1000 km,august,72,cross,57,57,0.24391295540419264,0.2439129623129952,27,27,0.47368421052631576,0.47368421052631576,51,51,0.8947368421052632,0.8947368421052632,0.0,0.0
reference,by_band,850-1000 km,august,96,radial,53,53,0.24977204587908738,0.24977250295449505,36,36,0.6792452830188679,0.6792452830188679,37,37,0.6981132075471698,0.6981132075471698,0.0,0.0
reference,by_band,850-1000 km,august,96,in_track,53,53,3.402354965652336,3.4023549648577096,53,53,1.0,1.0,53,53,1.0,1.0,0.0,0.0
reference,by_band,850-1000 km,august,96,cross,53,53,0.32521727387225685,0.325217338647458,45,45,0.8490566037735849,0.8490566037735849,53,53,1.0,1.0,0.0,0.0
reference,by_band,850-1000 km,august,120,radial,49,49,0.31221505734885924,0.31221675981511354,32,32,0.6530612244897959,0.6530612244897959,34,34,0.6938775510204082,0.6938775510204082,0.0,0.0
reference,by_band,850-1000 km,august,120,in_track,49,49,5.95365409050161,5.953653727548643,49,49,1.0,1.0,49,49,1.0,1.0,0.0,0.0
reference,by_band,850-1000 km,august,120,cross,49,49,0.40652159234032104,0.40652163891084503,31,31,0.6326530612244898,0.6326530612244898,49,49,1.0,1.0,0.0,0.0
reference,by_band,850-1000 km,august,144,radial,46,46,0.37465806881863106,0.3746592351160952,21,21,0.45652173913043476,0.45652173913043476,30,30,0.6521739130434783,0.6521739130434783,0.0,0.0
reference,by_band,850-1000 km,august,144,in_track,46,46,8.191261278788845,8.191260710553541,46,46,1.0,1.0,46,46,1.0,1.0,0.0,0.0
reference,by_band,850-1000 km,august,144,cross,46,46,0.4878259108083853,0.48782591296583977,15,15,0.32608695652173914,0.32608695652173914,46,46,1.0,1.0,0.0,0.0
reference,by_band,850-1000 km,august,168,radial,39,39,0.43710108028840294,0.43710115318539217,22,22,0.5641025641025641,0.5641025641025641,25,25,0.6410256410256411,0.6410256410256411,0.0,0.0
reference,by_band,850-1000 km,august,168,in_track,39,39,10.72772571022017,10.727724993571275,39,39,1.0,1.0,39,39,1.0,1.0,0.0,0.0
reference,by_band,850-1000 km,august,168,cross,39,39,0.5691302292764495,0.569130877134142,32,32,0.8205128205128205,0.8205128205128205,39,39,1.0,1.0,0.0,0.0
reference,by_band,850-1000 km,held-out,6,radial,60,60,0.030789076429606717,0.030789076513621116,8,8,0.13333333333333333,0.13333333333333333,14,14,0.23333333333333334,0.23333333333333334,0.0,0.0
reference,by_band,850-1000 km,held-out,6,in_track,60,60,0.09123257694089923,0.09123257687521491,8,8,0.13333333333333333,0.13333333333333333,19,19,0.31666666666666665,0.31666666666666665,0.0,0.0
reference,by_band,850-1000 km,held-out,6,cross,60,60,0.050397068651728605,0.05039706865084008,14,14,0.23333333333333334,0.23333333333333334,29,29,0.48333333333333334,0.48333333333333334,0.0,0.0
reference,by_band,850-1000 km,held-out,12,radial,59,59,0.030789076429606717,0.03078907656387845,16,16,0.2711864406779661,0.2711864406779661,21,21,0.3559322033898305,0.3559322033898305,0.0,0.0
reference,by_band,850-1000 km,held-out,12,in_track,59,59,0.09123257694089923,0.09123257684270236,7,7,0.11864406779661017,0.11864406779661017,13,13,0.22033898305084745,0.22033898305084745,0.0,0.0
reference,by_band,850-1000 km,held-out,12,cross,59,59,0.050397068651728605,0.05039706864986141,15,15,0.2542372881355932,0.2542372881355932,23,23,0.3898305084745763,0.3898305084745763,0.0,0.0
reference,by_band,850-1000 km,held-out,24,radial,55,55,0.061578152859213434,0.06157815361010408,19,19,0.34545454545454546,0.34545454545454546,29,29,0.5272727272727272,0.5272727272727272,0.0,0.0
reference,by_band,850-1000 km,held-out,24,in_track,55,55,0.34049201675511664,0.3404920161410982,22,22,0.4,0.4,37,37,0.6727272727272727,0.6727272727272727,0.0,0.0
reference,by_band,850-1000 km,held-out,24,cross,55,55,0.10079413730345721,0.10079413730121237,17,17,0.3090909090909091,0.3090909090909091,30,30,0.5454545454545454,0.5454545454545454,0.0,0.0
reference,by_band,850-1000 km,held-out,36,radial,52,52,0.09457308219700636,0.09457309083925426,25,25,0.4807692307692308,0.4807692307692308,39,39,0.75,0.75,0.0,0.0
reference,by_band,850-1000 km,held-out,36,in_track,52,52,0.7356653921094471,0.7356653908641992,35,35,0.6730769230769231,0.6730769230769231,40,40,0.7692307692307693,0.7692307692307693,0.0,0.0
reference,by_band,850-1000 km,held-out,36,cross,52,52,0.1569764903453621,0.1569764903229855,26,26,0.5,0.5,44,44,0.8461538461538461,0.8461538461538461,0.0,0.0
reference,by_band,850-1000 km,held-out,48,radial,49,49,0.12719576125464532,0.12719576200871838,31,31,0.6326530612244898,0.6326530612244898,38,38,0.7755102040816326,0.7755102040816326,0.0,0.0
reference,by_band,850-1000 km,held-out,48,in_track,49,49,1.270761139949709,1.2707611352705603,37,37,0.7551020408163265,0.7551020408163265,44,44,0.8979591836734694,0.8979591836734694,0.0,0.0
reference,by_band,850-1000 km,held-out,48,cross,49,49,0.21701569964738454,0.21701569946552438,19,19,0.3877551020408163,0.3877551020408163,42,42,0.8571428571428571,0.8571428571428571,0.0,0.0
reference,by_band,850-1000 km,held-out,72,radial,42,42,0.18696457858553114,0.18696460353415234,14,14,0.3333333333333333,0.3333333333333333,35,35,0.8333333333333334,0.8333333333333334,0.0,0.0
reference,by_band,850-1000 km,held-out,72,in_track,42,42,2.745600326279903,2.7456003145218073,35,35,0.8333333333333334,0.8333333333333334,39,39,0.9285714285714286,0.9285714285714286,0.0,0.0
reference,by_band,850-1000 km,held-out,72,cross,42,42,0.3255235494710768,0.3255235496973307,26,26,0.6190476190476191,0.6190476190476191,39,39,0.9285714285714286,0.9285714285714286,0.0,0.0
reference,by_band,850-1000 km,held-out,96,radial,32,32,0.24572601336222644,0.2457265605227199,25,25,0.78125,0.78125,29,29,0.90625,0.90625,0.0,0.0
reference,by_band,850-1000 km,held-out,96,in_track,32,32,4.7426482717440015,4.742648195013279,30,30,0.9375,0.9375,31,31,0.96875,0.96875,0.0,0.0
reference,by_band,850-1000 km,held-out,96,cross,32,32,0.4340313992947691,0.43403146785416424,29,29,0.90625,0.90625,30,30,0.9375,0.9375,0.0,0.0
reference,by_band,850-1000 km,held-out,120,radial,25,25,0.3037495527304901,0.3037521859936695,22,22,0.88,0.88,23,23,0.92,0.92,0.0,0.0
reference,by_band,850-1000 km,held-out,120,in_track,25,25,7.246861179081166,7.246860991871424,23,23,0.92,0.92,24,24,0.96,0.96,0.0,0.0
reference,by_band,850-1000 km,held-out,120,cross,25,25,0.5425392491184613,0.5425393702129568,21,21,0.84,0.84,24,24,0.96,0.96,0.0,0.0
reference,by_band,850-1000 km,held-out,144,radial,19,19,0.36119175735577747,0.3611948473919868,6,6,0.3157894736842105,0.3157894736842105,18,18,0.9473684210526315,0.9473684210526315,0.0,0.0
reference,by_band,850-1000 km,held-out,144,in_track,19,19,10.246942743973491,10.24694263063244,17,17,0.8947368421052632,0.8947368421052632,18,18,0.9473684210526315,0.9473684210526315,0.0,0.0
reference,by_band,850-1000 km,held-out,144,cross,19,19,0.6510470989421536,0.6510471201776126,8,8,0.42105263157894735,0.42105263157894735,19,19,1.0,1.0,0.0,0.0
reference,by_band,850-1000 km,held-out,168,radial,15,15,0.41815498735667556,0.4181656284066935,14,14,0.9333333333333333,0.9333333333333333,14,14,0.9333333333333333,0.9333333333333333,0.0,0.0
reference,by_band,850-1000 km,held-out,168,in_track,15,15,13.733878779939568,13.733878353351507,12,12,0.8,0.8,13,13,0.8666666666666667,0.8666666666666667,0.0,0.0
reference,by_band,850-1000 km,held-out,168,cross,15,15,0.759554948765846,0.7595559598978012,14,14,0.9333333333333333,0.9333333333333333,15,15,1.0,1.0,0.0,0.0
reference,by_band,850-1000 km,quiet,6,radial,78,78,0.03189296329545869,0.03189296799484673,5,5,0.0641025641025641,0.0641025641025641,13,13,0.16666666666666666,0.16666666666666666,0.0,0.0
reference,by_band,850-1000 km,quiet,6,in_track,78,78,0.23695477931615067,0.23695477867165254,15,15,0.19230769230769232,0.19230769230769232,43,43,0.5512820512820513,0.5512820512820513,0.0,0.0
reference,by_band,850-1000 km,quiet,6,cross,78,78,0.043817921107786935,0.04381792166982149,17,17,0.21794871794871795,0.21794871794871795,37,37,0.47435897435897434,0.47435897435897434,0.0,0.0
reference,by_band,850-1000 km,quiet,12,radial,78,78,0.03189296329545869,0.03189296827186244,16,16,0.20512820512820512,0.20512820512820512,23,23,0.2948717948717949,0.2948717948717949,0.0,0.0
reference,by_band,850-1000 km,quiet,12,in_track,78,78,0.23695477931615067,0.23695477921548208,26,26,0.3333333333333333,0.3333333333333333,57,57,0.7307692307692307,0.7307692307692307,0.0,0.0
reference,by_band,850-1000 km,quiet,12,cross,78,78,0.043817921107786935,0.04381792152491658,21,21,0.2692307692307692,0.2692307692307692,36,36,0.46153846153846156,0.46153846153846156,0.0,0.0
reference,by_band,850-1000 km,quiet,24,radial,78,78,0.06378592659091738,0.0637859330686128,31,31,0.3974358974358974,0.3974358974358974,56,56,0.717948717948718,0.717948717948718,0.0,0.0
reference,by_band,850-1000 km,quiet,24,in_track,78,78,0.6040264643429807,0.6040264621973697,64,64,0.8205128205128205,0.8205128205128205,78,78,1.0,1.0,0.0,0.0
reference,by_band,850-1000 km,quiet,24,cross,78,78,0.08763584221557387,0.08763584398983694,26,26,0.3333333333333333,0.3333333333333333,60,60,0.7692307692307693,0.7692307692307693,0.0,0.0
reference,by_band,850-1000 km,quiet,36,radial,78,78,0.09567888988637607,0.09567891033809661,44,44,0.5641025641025641,0.5641025641025641,57,57,0.7307692307692307,0.7307692307692307,0.0,0.0
reference,by_band,850-1000 km,quiet,36,in_track,78,78,1.0441891268875463,1.0441891262551941,76,76,0.9743589743589743,0.9743589743589743,78,78,1.0,1.0,0.0,0.0
reference,by_band,850-1000 km,quiet,36,cross,78,78,0.1314537633233608,0.13145376592364277,34,34,0.4358974358974359,0.4358974358974359,67,67,0.8589743589743589,0.8589743589743589,0.0,0.0
reference,by_band,850-1000 km,quiet,48,radial,78,78,0.12757185318183475,0.12757186932775866,45,45,0.5769230769230769,0.5769230769230769,63,63,0.8076923076923077,0.8076923076923077,0.0,0.0
reference,by_band,850-1000 km,quiet,48,in_track,78,78,1.539736698620851,1.539736692502585,78,78,1.0,1.0,78,78,1.0,1.0,0.0,0.0
reference,by_band,850-1000 km,quiet,48,cross,78,78,0.17527168443114774,0.17527168780186553,38,38,0.48717948717948717,0.48717948717948717,69,69,0.8846153846153846,0.8846153846153846,0.0,0.0
reference,by_band,850-1000 km,quiet,72,radial,78,78,0.19135777977275215,0.19135779020923216,30,30,0.38461538461538464,0.38461538461538464,62,62,0.7948717948717948,0.7948717948717948,0.0,0.0
reference,by_band,850-1000 km,quiet,72,in_track,78,78,2.6617646972114875,2.6617646857323214,78,78,1.0,1.0,78,78,1.0,1.0,0.0,0.0
reference,by_band,850-1000 km,quiet,72,cross,78,78,0.2629075266467216,0.26290753680808776,41,41,0.5256410256410257,0.5256410256410257,78,78,1.0,1.0,0.0,0.0
reference,by_band,850-1000 km,quiet,96,radial,78,78,0.2551437063636695,0.2551438204557232,61,61,0.782051282051282,0.782051282051282,65,65,0.8333333333333334,0.8333333333333334,0.0,0.0
reference,by_band,850-1000 km,quiet,96,in_track,78,78,3.9249755450013626,3.9249755326468874,78,78,1.0,1.0,78,78,1.0,1.0,0.0,0.0
reference,by_band,850-1000 km,quiet,96,cross,78,78,0.3505433688622955,0.3505434090415631,66,66,0.8461538461538461,0.8461538461538461,78,78,1.0,1.0,0.0,0.0
reference,by_band,850-1000 km,quiet,120,radial,78,78,0.3189296329545869,0.3189298482285541,62,62,0.7948717948717948,0.7948717948717948,70,70,0.8974358974358975,0.8974358974358975,0.0,0.0
reference,by_band,850-1000 km,quiet,120,in_track,78,78,5.304756733398626,5.304756719136154,78,78,1.0,1.0,78,78,1.0,1.0,0.0,0.0
reference,by_band,850-1000 km,quiet,120,cross,78,78,0.43817921107786933,0.43817923823848426,40,40,0.5128205128205128,0.5128205128205128,78,78,1.0,1.0,0.0,0.0
reference,by_band,850-1000 km,quiet,144,radial,78,78,0.3827155595455043,0.38271567904063,42,42,0.5384615384615384,0.5384615384615384,71,71,0.9102564102564102,0.9102564102564102,0.0,0.0
reference,by_band,850-1000 km,quiet,144,in_track,78,78,6.785160964508278,6.785160948791775,78,78,1.0,1.0,78,78,1.0,1.0,0.0,0.0
reference,by_band,850-1000 km,quiet,144,cross,78,78,0.5258150532934432,0.5258150926713037,18,18,0.23076923076923078,0.23076923076923078,78,78,1.0,1.0,0.0,0.0
reference,by_band,850-1000 km,quiet,168,radial,77,77,0.44650148613642165,0.4465024311607864,65,65,0.8441558441558441,0.8441558441558441,75,75,0.974025974025974,0.974025974025974,0.0,0.0
reference,by_band,850-1000 km,quiet,168,in_track,77,77,8.354843531594515,8.354843509715968,77,77,1.0,1.0,77,77,1.0,1.0,0.0,0.0
reference,by_band,850-1000 km,quiet,168,cross,77,77,0.6134508955090171,0.6134510978458434,60,60,0.7792207792207793,0.7792207792207793,77,77,1.0,1.0,0.0,0.0
reference,by_band,850-1000 km,storm,6,radial,77,77,0.03145217460041275,0.03145217566712679,2,2,0.025974025974025976,0.025974025974025976,10,10,0.12987012987012986,0.12987012987012986,0.0,0.0
reference,by_band,850-1000 km,storm,6,in_track,77,77,0.16877718401283634,0.16877718374737433,18,18,0.23376623376623376,0.23376623376623376,32,32,0.4155844155844156,0.4155844155844156,0.0,0.0
reference,by_band,850-1000 km,storm,6,cross,77,77,0.04637206712416141,0.04637206715614248,19,19,0.24675324675324675,0.24675324675324675,33,33,0.42857142857142855,0.42857142857142855,0.0,0.0
reference,by_band,850-1000 km,storm,12,radial,75,75,0.03145217460041275,0.03145217587420795,15,15,0.2,0.2,25,25,0.3333333333333333,0.3333333333333333,0.0,0.0
reference,by_band,850-1000 km,storm,12,in_track,75,75,0.16877718401283634,0.16877718368336952,19,19,0.25333333333333335,0.25333333333333335,30,30,0.4,0.4,0.0,0.0
reference,by_band,850-1000 km,storm,12,cross,75,75,0.04637206712416141,0.046372067230583985,17,17,0.22666666666666666,0.22666666666666666,38,38,0.5066666666666667,0.5066666666666667,0.0,0.0
reference,by_band,850-1000 km,storm,24,radial,73,73,0.0629043492008255,0.06290435381049134,24,24,0.3287671232876712,0.3287671232876712,36,36,0.4931506849315068,0.4931506849315068,0.0,0.0
reference,by_band,850-1000 km,storm,24,in_track,73,73,0.47737396530018533,0.4773739645437289,42,42,0.5753424657534246,0.5753424657534246,62,62,0.8493150684931506,0.8493150684931506,0.0,0.0
reference,by_band,850-1000 km,storm,24,cross,73,73,0.09274413424832283,0.09274413457921443,26,26,0.3561643835616438,0.3561643835616438,54,54,0.7397260273972602,0.7397260273972602,0.0,0.0
reference,by_band,850-1000 km,storm,36,radial,72,72,0.09435652380123824,0.09435652879417383,50,50,0.6944444444444444,0.6944444444444444,57,57,0.7916666666666666,0.7916666666666666,0.0,0.0
reference,by_band,850-1000 km,storm,36,in_track,72,72,0.8423754985343247,0.8423754983721004,60,60,0.8333333333333334,0.8333333333333334,71,71,0.9861111111111112,0.9861111111111112,0.0,0.0
reference,by_band,850-1000 km,storm,36,cross,72,72,0.13911620137248423,0.13911620193416213,41,41,0.5694444444444444,0.5694444444444444,61,61,0.8472222222222222,0.8472222222222222,0.0,0.0
reference,by_band,850-1000 km,storm,48,radial,72,72,0.125808698401651,0.12580870630932225,41,41,0.5694444444444444,0.5694444444444444,53,53,0.7361111111111112,0.7361111111111112,0.0,0.0
reference,by_band,850-1000 km,storm,48,in_track,72,72,1.2244077899051626,1.2244077896333778,69,69,0.9583333333333334,0.9583333333333334,72,72,1.0,1.0,0.0,0.0
reference,by_band,850-1000 km,storm,48,cross,72,72,0.18548826849664565,0.18548826912983318,30,30,0.4166666666666667,0.4166666666666667,61,61,0.8472222222222222,0.8472222222222222,0.0,0.0
reference,by_band,850-1000 km,storm,72,radial,67,67,0.18871304760247648,0.18871309639886982,31,31,0.4626865671641791,0.4626865671641791,48,48,0.7164179104477612,0.7164179104477612,0.0,0.0
reference,by_band,850-1000 km,storm,72,in_track,67,67,2.074171777918345,2.0741717768065824,65,65,0.9701492537313433,0.9701492537313433,67,67,1.0,1.0,0.0,0.0
reference,by_band,850-1000 km,storm,72,cross,67,67,0.27823240274496847,0.2782324141988975,36,36,0.5373134328358209,0.5373134328358209,62,62,0.9253731343283582,0.9253731343283582,0.0,0.0
reference,by_band,850-1000 km,storm,96,radial,63,63,0.251617396803302,0.2516178190179536,44,44,0.6984126984126984,0.6984126984126984,44,44,0.6984126984126984,0.6984126984126984,0.0,0.0
reference,by_band,850-1000 km,storm,96,in_track,63,63,3.0148456203954743,3.0148456158302475,60,60,0.9523809523809523,0.9523809523809523,63,63,1.0,1.0,0.0,0.0
reference,by_band,850-1000 km,storm,96,cross,63,63,0.3709765369932913,0.3709765739648589,49,49,0.7777777777777778,0.7777777777777778,60,60,0.9523809523809523,0.9523809523809523,0.0,0.0
reference,by_band,850-1000 km,storm,120,radial,58,58,0.31452174600412747,0.3145236161313685,38,38,0.6551724137931034,0.6551724137931034,39,39,0.6724137931034483,0.6724137931034483,0.0,0.0
reference,by_band,850-1000 km,storm,120,in_track,58,58,4.142052499165136,4.142052314062257,57,57,0.9827586206896551,0.9827586206896551,58,58,1.0,1.0,0.0,0.0
reference,by_band,850-1000 km,storm,120,cross,58,58,0.46372067124161415,0.463720705580557,28,28,0.4827586206896552,0.4827586206896552,58,58,1.0,1.0,0.0,0.0
reference,by_band,850-1000 km,storm,144,radial,53,53,0.37742609520495296,0.37742752183131134,23,23,0.4339622641509434,0.4339622641509434,34,34,0.6415094339622641,0.6415094339622641,0.0,0.0
reference,by_band,850-1000 km,storm,144,in_track,53,53,5.698791655573557,5.698791022402189,53,53,1.0,1.0,53,53,1.0,1.0,0.0,0.0
reference,by_band,850-1000 km,storm,144,cross,53,53,0.5564648054899369,0.5564648615689832,15,15,0.2830188679245283,0.2830188679245283,53,53,1.0,1.0,0.0,0.0
reference,by_band,850-1000 km,storm,168,radial,48,48,0.44033044440577845,0.44033108708023666,29,29,0.6041666666666666,0.6041666666666666,29,29,0.6041666666666666,0.6041666666666666,0.0,0.0
reference,by_band,850-1000 km,storm,168,in_track,48,48,7.46345058226784,7.463449304370469,48,48,1.0,1.0,48,48,1.0,1.0,0.0,0.0
reference,by_band,850-1000 km,storm,168,cross,48,48,0.6492089397382598,0.6492093337665541,34,34,0.7083333333333334,0.7083333333333334,48,48,1.0,1.0,0.0,0.0
reference,by_mission,cryosat-2,august,6,radial,14,14,0.05292982913135538,0.05292984203770305,8,8,0.5714285714285714,0.5714285714285714,9,9,0.6428571428571429,0.6428571428571429,0.0,0.0
reference,by_mission,cryosat-2,august,6,in_track,14,14,0.48273703364994136,0.4827370320785576,6,6,0.42857142857142855,0.42857142857142855,11,11,0.7857142857142857,0.7857142857142857,0.0,0.0
reference,by_mission,cryosat-2,august,6,cross,14,14,0.006154929952447282,0.006154942044755514,1,1,0.07142857142857142,0.07142857142857142,1,1,0.07142857142857142,0.07142857142857142,0.0,0.0
reference,by_mission,cryosat-2,august,12,radial,14,14,0.05292982913135538,0.05292983659210565,2,2,0.14285714285714285,0.14285714285714285,7,7,0.5,0.5,0.0,0.0
reference,by_mission,cryosat-2,august,12,in_track,14,14,0.48273703364994136,0.4827370326607294,8,8,0.5714285714285714,0.5714285714285714,12,12,0.8571428571428571,0.8571428571428571,0.0,0.0
reference,by_mission,cryosat-2,august,12,cross,14,14,0.006154929952447282,0.006154930361716814,0,0,0.0,0.0,0,0,0.0,0.0,0.0,0.0
reference,by_mission,cryosat-2,august,24,radial,13,13,0.10585965826271077,0.10585973589440159,6,6,0.46153846153846156,0.46153846153846156,8,8,0.6153846153846154,0.6153846153846154,0.0,0.0
reference,by_mission,cryosat-2,august,24,in_track,13,13,1.1886380041856444,1.1886379968137715,10,10,0.7692307692307693,0.7692307692307693,13,13,1.0,1.0,0.0,0.0
reference,by_mission,cryosat-2,august,24,cross,13,13,0.009658120328717082,0.009658147458295206,1,1,0.07692307692307693,0.07692307692307693,1,1,0.07692307692307693,0.07692307692307693,0.0,0.0
reference,by_mission,cryosat-2,august,36,radial,11,11,0.15878948739406615,0.15878977996875931,11,11,1.0,1.0,11,11,1.0,1.0,0.0,0.0
reference,by_mission,cryosat-2,august,36,in_track,11,11,2.0135770310919154,2.0135770080187787,9,9,0.8181818181818182,0.8181818181818182,11,11,1.0,1.0,0.0,0.0
reference,by_mission,cryosat-2,august,36,cross,11,11,0.012570481993450407,0.012570492826397092,0,0,0.0,0.0,2,2,0.18181818181818182,0.18181818181818182,0.0,0.0
reference,by_mission,cryosat-2,august,48,radial,10,10,0.21171931652542153,0.21171957403589606,6,6,0.6,0.6,10,10,1.0,1.0,0.0,0.0
reference,by_mission,cryosat-2,august,48,in_track,10,10,2.9267700766852145,2.9267700577903146,8,8,0.8,0.8,10,10,1.0,1.0,0.0,0.0
reference,by_mission,cryosat-2,august,48,cross,10,10,0.015155215250969524,0.015155269840131774,1,1,0.1,0.1,2,2,0.2,0.2,0.0,0.0
reference,by_mission,cryosat-2,august,72,radial,7,7,0.3175789747881323,0.3175818105676047,3,3,0.42857142857142855,0.42857142857142855,7,7,1.0,1.0,0.0,0.0
reference,by_mission,cryosat-2,august,72,in_track,7,7,4.9580082253369095,4.958008042444632,7,7,1.0,1.0,7,7,1.0,1.0,0.0,0.0
reference,by_mission,cryosat-2,august,72,cross,7,7,0.019725200549917277,0.019725442062583108,2,2,0.2857142857142857,0.2857142857142857,5,5,0.7142857142857143,0.7142857142857143,0.0,0.0
reference,by_mission,cryosat-2,august,96,radial,5,5,0.42343863305084306,0.4234495225679167,3,3,0.6,0.6,5,5,1.0,1.0,0.0,0.0
reference,by_mission,cryosat-2,august,96,in_track,5,5,7.206553258112149,7.2065526165332345,5,5,1.0,1.0,5,5,1.0,1.0,0.0,0.0
reference,by_mission,cryosat-2,august,96,cross,5,5,0.023781081772226004,0.023781353612757315,0,0,0.0,0.0,2,2,0.4,0.4,0.0,0.0
reference,by_mission,cryosat-2,august,120,radial,3,3,0.5292982913135538,0.5293765801583824,1,1,0.3333333333333333,0.3333333333333333,3,3,1.0,1.0,0.0,0.0
reference,by_mission,cryosat-2,august,120,in_track,3,3,9.631870112815921,9.63186580968339,3,3,1.0,1.0,3,3,1.0,1.0,0.0,0.0
reference,by_mission,cryosat-2,august,120,cross,3,3,0.027493062205967082,0.027493494068525446,1,1,0.3333333333333333,0.3333333333333333,1,1,0.3333333333333333,0.3333333333333333,0.0,0.0
reference,by_mission,cryosat-2,august,144,radial,0,0,,,0,0,,,0,0,,,,
reference,by_mission,cryosat-2,august,144,in_track,0,0,,,0,0,,,0,0,,,,
reference,by_mission,cryosat-2,august,144,cross,0,0,,,0,0,,,0,0,,,,
reference,by_mission,cryosat-2,august,168,radial,0,0,,,0,0,,,0,0,,,,
reference,by_mission,cryosat-2,august,168,in_track,0,0,,,0,0,,,0,0,,,,
reference,by_mission,cryosat-2,august,168,cross,0,0,,,0,0,,,0,0,,,,
reference,by_mission,cryosat-2,held-out,6,radial,15,15,0.05609066373959759,0.05609067911905101,11,11,0.7333333333333333,0.7333333333333333,14,14,0.9333333333333333,0.9333333333333333,0.0,0.0
reference,by_mission,cryosat-2,held-out,6,in_track,15,15,0.6098533382539315,0.6098533367570516,8,8,0.5333333333333333,0.5333333333333333,13,13,0.8666666666666667,0.8666666666666667,0.0,0.0
reference,by_mission,cryosat-2,held-out,6,cross,15,15,0.010407120928168371,0.010407129860448745,1,1,0.06666666666666667,0.06666666666666667,2,2,0.13333333333333333,0.13333333333333333,0.0,0.0
reference,by_mission,cryosat-2,held-out,12,radial,14,14,0.05609066373959759,0.05609067680289302,3,3,0.21428571428571427,0.21428571428571427,6,6,0.42857142857142855,0.42857142857142855,0.0,0.0
reference,by_mission,cryosat-2,held-out,12,in_track,14,14,0.6098533382539315,0.6098533370173624,9,9,0.6428571428571429,0.6428571428571429,12,12,0.8571428571428571,0.8571428571428571,0.0,0.0
reference,by_mission,cryosat-2,held-out,12,cross,14,14,0.010407120928168371,0.010407121388338764,0,0,0.0,0.0,0,0,0.0,0.0,0.0,0.0
reference,by_mission,cryosat-2,held-out,24,radial,12,12,0.11218132747919518,0.1121815723146542,7,7,0.5833333333333334,0.5833333333333334,11,11,0.9166666666666666,0.9166666666666666,0.0,0.0
reference,by_mission,cryosat-2,held-out,24,in_track,12,12,1.6094126084746405,1.6094125909174157,11,11,0.9166666666666666,0.9166666666666666,12,12,1.0,1.0,0.0,0.0
reference,by_mission,cryosat-2,held-out,24,cross,12,12,0.013264506578793701,0.013264572121526746,0,0,0.0,0.0,0,0,0.0,0.0,0.0,0.0
reference,by_mission,cryosat-2,held-out,36,radial,11,11,0.16827199121879277,0.16827340737184623,11,11,1.0,1.0,11,11,1.0,1.0,0.0,0.0
reference,by_mission,cryosat-2,held-out,36,in_track,11,11,2.8391946111206106,2.8391945270893397,10,10,0.9090909090909091,0.9090909090909091,11,11,1.0,1.0,0.0,0.0
reference,by_mission,cryosat-2,held-out,36,cross,11,11,0.015287027264244694,0.015287043222225427,0,0,0.0,0.0,0,0,0.0,0.0,0.0,0.0
reference,by_mission,cryosat-2,held-out,48,radial,9,9,0.22436265495839036,0.22436518271818653,7,7,0.7777777777777778,0.7777777777777778,9,9,1.0,1.0,0.0,0.0
reference,by_mission,cryosat-2,held-out,48,in_track,9,9,4.247265337159853,4.247265202896655,9,9,1.0,1.0,9,9,1.0,1.0,0.0,0.0
reference,by_mission,cryosat-2,held-out,48,cross,9,9,0.016906417826147782,0.0169068672575975,0,0,0.0,0.0,2,2,0.2222222222222222,0.2222222222222222,0.0,0.0
reference,by_mission,cryosat-2,held-out,72,radial,6,6,0.33654398243758554,0.33656734722496773,2,2,0.3333333333333333,0.3333333333333333,6,6,1.0,1.0,0.0,0.0
reference,by_mission,cryosat-2,held-out,72,in_track,6,6,7.492679499194833,7.492678445585312,6,6,1.0,1.0,6,6,1.0,1.0,0.0,0.0
reference,by_mission,cryosat-2,held-out,72,cross,6,6,0.01948424305976238,0.019485239277038095,0,0,0.0,0.0,0,0,0.0,0.0,0.0,0.0
reference,by_mission,cryosat-2,held-out,96,radial,6,6,0.4487253099167807,0.44879473575743356,5,5,0.8333333333333334,0.8333333333333334,6,6,1.0,1.0,0.0,0.0
reference,by_mission,cryosat-2,held-out,96,in_track,6,6,11.20860042306786,11.20859763712295,6,6,1.0,1.0,6,6,1.0,1.0,0.0,0.0
reference,by_mission,cryosat-2,held-out,96,cross,6,6,0.02154825451021647,0.02155075217996173,1,1,0.16666666666666666,0.16666666666666666,1,1,0.16666666666666666,0.16666666666666666,0.0,0.0
reference,by_mission,cryosat-2,held-out,120,radial,6,6,0.5609066373959759,0.5611814991404579,5,5,0.8333333333333334,0.8333333333333334,6,6,1.0,1.0,0.0,0.0
reference,by_mission,cryosat-2,held-out,120,in_track,6,6,15.318823255708725,15.318813176072592,6,6,1.0,1.0,6,6,1.0,1.0,0.0,0.0
reference,by_mission,cryosat-2,held-out,120,cross,6,6,0.02329864161352749,0.023302311131739133,0,0,0.0,0.0,0,0,0.0,0.0,0.0,0.0
reference,by_mission,cryosat-2,held-out,144,radial,6,6,0.6730879648751711,0.6736275825002684,6,6,1.0,1.0,6,6,1.0,1.0,0.0,0.0
reference,by_mission,cryosat-2,held-out,144,in_track,6,6,19.77329974414694,19.773281352031965,6,6,1.0,1.0,6,6,1.0,1.0,0.0,0.0
reference,by_mission,cryosat-2,held-out,144,cross,6,6,0.02483384905709172,0.024842232514314527,0,0,0.0,0.0,1,1,0.16666666666666666,0.16666666666666666,0.0,0.0
reference,by_mission,cryosat-2,held-out,168,radial,6,6,0.7852692923543663,0.7868315699933913,6,6,1.0,1.0,6,6,1.0,1.0,0.0,0.0
reference,by_mission,cryosat-2,held-out,168,in_track,6,6,24.536050417483555,24.536000344513212,6,6,1.0,1.0,6,6,1.0,1.0,0.0,0.0
reference,by_mission,cryosat-2,held-out,168,cross,6,6,0.026210506500187178,0.026222065731687283,0,0,0.0,0.0,0,0,0.0,0.0,0.0,0.0
reference,by_mission,cryosat-2,quiet,6,radial,14,14,0.05308166442013447,0.05308166975319499,8,8,0.5714285714285714,0.5714285714285714,12,12,0.8571428571428571,0.8571428571428571,0.0,0.0
reference,by_mission,cryosat-2,quiet,6,in_track,14,14,0.40469608961828957,0.40469608884533464,7,7,0.5,0.5,10,10,0.7142857142857143,0.7142857142857143,0.0,0.0
reference,by_mission,cryosat-2,quiet,6,cross,14,14,0.006798389633729503,0.006798398082062593,0,0,0.0,0.0,1,1,0.07142857142857142,0.07142857142857142,0.0,0.0
reference,by_mission,cryosat-2,quiet,12,radial,14,14,0.05308166442013447,0.053081666154777156,2,2,0.14285714285714285,0.14285714285714285,7,7,0.5,0.5,0.0,0.0
reference,by_mission,cryosat-2,quiet,12,in_track,14,14,0.40469608961828957,0.4046960893273677,12,12,0.8571428571428571,0.8571428571428571,14,14,1.0,1.0,0.0,0.0
reference,by_mission,cryosat-2,quiet,12,cross,14,14,0.006798389633729503,0.006798393476737573,2,2,0.14285714285714285,0.14285714285714285,2,2,0.14285714285714285,0.14285714285714285,0.0,0.0
reference,by_mission,cryosat-2,quiet,24,radial,13,13,0.10616332884026894,0.10616335204063748,8,8,0.6153846153846154,0.6153846153846154,13,13,1.0,1.0,0.0,0.0
reference,by_mission,cryosat-2,quiet,24,in_track,13,13,1.1446533971550852,1.1446533943655182,13,13,1.0,1.0,13,13,1.0,1.0,0.0,0.0
reference,by_mission,cryosat-2,quiet,24,cross,13,13,0.012254103604814773,0.012254141328849331,1,1,0.07692307692307693,0.07692307692307693,2,2,0.15384615384615385,0.15384615384615385,0.0,0.0
reference,by_mission,cryosat-2,quiet,36,radial,11,11,0.15924499326040342,0.1592450623165702,10,10,0.9090909090909091,0.9090909090909091,11,11,1.0,1.0,0.0,0.0
reference,by_mission,cryosat-2,quiet,36,in_track,11,11,2.1028625665299754,2.1028625611656384,11,11,1.0,1.0,11,11,1.0,1.0,0.0,0.0
reference,by_mission,cryosat-2,quiet,36,cross,11,11,0.0172965353201407,0.017296548712416305,1,1,0.09090909090909091,0.09090909090909091,1,1,0.09090909090909091,0.09090909090909091,0.0,0.0
reference,by_mission,cryosat-2,quiet,48,radial,10,10,0.21232665768053788,0.21232668914093708,6,6,0.6,0.6,10,10,1.0,1.0,0.0,0.0
reference,by_mission,cryosat-2,quiet,48,in_track,10,10,3.2375687169463165,3.2375687139131912,10,10,1.0,1.0,10,10,1.0,1.0,0.0,0.0
reference,by_mission,cryosat-2,quiet,48,cross,10,10,0.022088033085440714,0.02208822373729482,1,1,0.1,0.1,2,2,0.2,0.2,0.0,0.0
reference,by_mission,cryosat-2,quiet,72,radial,7,7,0.31848998652080684,0.31849037740538316,4,4,0.5714285714285714,0.5714285714285714,7,7,1.0,1.0,0.0,0.0
reference,by_mission,cryosat-2,quiet,72,in_track,7,7,5.947793522786773,5.947793499370214,7,7,1.0,1.0,7,7,1.0,1.0,0.0,0.0
reference,by_mission,cryosat-2,quiet,72,cross,7,7,0.031177020917682742,0.031177249171475546,2,2,0.2857142857142857,0.2857142857142857,2,2,0.2857142857142857,0.2857142857142857,0.0,0.0
reference,by_mission,cryosat-2,quiet,96,radial,5,5,0.42465331536107576,0.4246543933401883,3,3,0.6,0.6,5,5,1.0,1.0,0.0,0.0
reference,by_mission,cryosat-2,quiet,96,in_track,5,5,9.157227177240681,9.157227126372394,5,5,1.0,1.0,5,5,1.0,1.0,0.0,0.0
reference,by_mission,cryosat-2,quiet,96,cross,5,5,0.03981370007283353,0.03981419674077715,1,1,0.2,0.2,1,1,0.2,0.2,0.0,0.0
reference,by_mission,cryosat-2,quiet,120,radial,4,4,0.5308166442013447,0.5308202621409017,4,4,1.0,1.0,4,4,1.0,1.0,0.0,0.0
reference,by_mission,cryosat-2,quiet,120,in_track,4,4,12.797614033574176,12.79761387619863,4,4,1.0,1.0,4,4,1.0,1.0,0.0,0.0
reference,by_mission,cryosat-2,quiet,120,cross,4,4,0.04812891281799624,0.04813000901149117,1,1,0.25,0.25,2,2,0.5,0.5,0.0,0.0
reference,by_mission,cryosat-2,quiet,144,radial,4,4,0.6369799730416137,0.6370047141941944,4,4,1.0,1.0,4,4,1.0,1.0,0.0,0.0
reference,by_mission,cryosat-2,quiet,144,in_track,4,4,16.822900532239803,16.82289959309604,4,4,1.0,1.0,4,4,1.0,1.0,0.0,0.0
reference,by_mission,cryosat-2,quiet,144,cross,4,4,0.0561966090497782,0.056197333901393864,1,1,0.25,0.25,2,2,0.5,0.5,0.0,0.0
reference,by_mission,cryosat-2,quiet,168,radial,4,4,0.7431433018818826,0.7431672206657547,4,4,1.0,1.0,4,4,1.0,1.0,0.0,0.0
reference,by_mission,cryosat-2,quiet,168,in_track,4,4,21.199277583663232,21.199276737664057,4,4,1.0,1.0,4,4,1.0,1.0,0.0,0.0
reference,by_mission,cryosat-2,quiet,168,cross,4,4,0.06406412249350504,0.06406635302124739,1,1,0.25,0.25,2,2,0.5,0.5,0.0,0.0
reference,by_mission,cryosat-2,storm,6,radial,15,15,0.05028538428498037,0.050285392767365905,8,8,0.5333333333333333,0.5333333333333333,13,13,0.8666666666666667,0.8666666666666667,0.0,0.0
reference,by_mission,cryosat-2,storm,6,in_track,15,15,0.418782887655813,0.41878288643990097,6,6,0.4,0.4,11,11,0.7333333333333333,0.7333333333333333,0.0,0.0
reference,by_mission,cryosat-2,storm,6,cross,15,15,0.007209098250972119,0.0072091067351793625,0,0,0.0,0.0,0,0,0.0,0.0,0.0,0.0
reference,by_mission,cryosat-2,storm,12,radial,14,14,0.05028538428498037,0.050285396155604685,0,0,0.0,0.0,8,8,0.5714285714285714,0.5714285714285714,0.0,0.0
reference,by_mission,cryosat-2,storm,12,in_track,14,14,0.418782887655813,0.4187828861400451,4,4,0.2857142857142857,0.2857142857142857,11,11,0.7857142857142857,0.7857142857142857,0.0,0.0
reference,by_mission,cryosat-2,storm,12,cross,14,14,0.007209098250972119,0.007209101035660437,0,0,0.0,0.0,0,0,0.0,0.0,0.0,0.0
reference,by_mission,cryosat-2,storm,24,radial,12,12,0.10411738906424921,0.10411740922957802,11,11,0.9166666666666666,0.9166666666666666,12,12,1.0,1.0,0.0,0.0
reference,by_mission,cryosat-2,storm,24,in_track,12,12,1.2695123211819574,1.2695123189622373,11,11,0.9166666666666666,0.9166666666666666,12,12,1.0,1.0,0.0,0.0
reference,by_mission,cryosat-2,storm,24,cross,12,12,0.013927059798805066,0.013927089723389564,0,0,0.0,0.0,0,0,0.0,0.0,0.0,0.0
reference,by_mission,cryosat-2,storm,36,radial,12,12,0.15937459378479732,0.15937467051493132,12,12,1.0,1.0,12,12,1.0,1.0,0.0,0.0
reference,by_mission,cryosat-2,storm,36,in_track,12,12,2.42875067742268,2.428750672246701,12,12,1.0,1.0,12,12,1.0,1.0,0.0,0.0
reference,by_mission,cryosat-2,storm,36,cross,12,12,0.020471333639854178,0.02047136243099389,0,0,0.0,0.0,0,0,0.0,0.0,0.0,0.0
reference,by_mission,cryosat-2,storm,48,radial,12,12,0.21557816172032607,0.21557844829502845,10,10,0.8333333333333334,0.8333333333333334,12,12,1.0,1.0,0.0,0.0
reference,by_mission,cryosat-2,storm,48,in_track,12,12,3.848441713209125,3.8484416969738984,12,12,1.0,1.0,12,12,1.0,1.0,0.0,0.0
reference,by_mission,cryosat-2,storm,48,cross,12,12,0.026905306029549124,0.02690543087136282,1,1,0.08333333333333333,0.08333333333333333,1,1,0.08333333333333333,0.08333333333333333,0.0,0.0
reference,by_mission,cryosat-2,storm,72,radial,12,12,0.3299898533937374,0.3299946582421319,11,11,0.9166666666666666,0.9166666666666666,12,12,1.0,1.0,0.0,0.0
reference,by_mission,cryosat-2,storm,72,in_track,12,12,7.362595275385817,7.362595058778051,12,12,1.0,1.0,12,12,1.0,1.0,0.0,0.0
reference,by_mission,cryosat-2,storm,72,cross,12,12,0.03954800972855287,0.03954834827834721,0,0,0.0,0.0,3,3,0.25,0.25,0.0,0.0
reference,by_mission,cryosat-2,storm,96,radial,12,12,0.446361018350515,0.4463907537321261,11,11,0.9166666666666666,0.9166666666666666,12,12,1.0,1.0,0.0,0.0
reference,by_mission,cryosat-2,storm,96,in_track,12,12,11.666293719921457,11.666292580538471,12,12,1.0,1.0,12,12,1.0,1.0,0.0,0.0
reference,by_mission,cryosat-2,storm,96,cross,12,12,0.05197762506956439,0.05197810236294384,1,1,0.08333333333333333,0.08333333333333333,3,3,0.25,0.25,0.0,0.0
reference,by_mission,cryosat-2,storm,120,radial,12,12,0.5642112914941393,0.5643304230821432,11,11,0.9166666666666666,0.9166666666666666,12,12,1.0,1.0,0.0,0.0
reference,by_mission,cryosat-2,storm,120,in_track,12,12,16.672047048087887,16.672043010196212,12,12,1.0,1.0,12,12,1.0,1.0,0.0,0.0
reference,by_mission,cryosat-2,storm,120,cross,12,12,0.06425115579277244,0.06425196313011503,2,2,0.16666666666666666,0.16666666666666666,6,6,0.5,0.5,0.0,0.0
reference,by_mission,cryosat-2,storm,144,radial,12,12,0.6832538408841897,0.6835444143200722,12,12,1.0,1.0,12,12,1.0,1.0,0.0,0.0
reference,by_mission,cryosat-2,storm,144,in_track,12,12,22.31921526282694,22.319206360682955,12,12,1.0,1.0,12,12,1.0,1.0,0.0,0.0
reference,by_mission,cryosat-2,storm,144,cross,12,12,0.07640171866696488,0.07640257382794091,3,3,0.25,0.25,6,6,0.5,0.5,0.0,0.0
reference,by_mission,cryosat-2,storm,168,radial,12,12,0.8032971217193303,0.8041596000196984,12,12,1.0,1.0,12,12,1.0,1.0,0.0,0.0
reference,by_mission,cryosat-2,storm,168,in_track,12,12,28.562339978720136,28.562315706834823,12,12,1.0,1.0,12,12,1.0,1.0,0.0,0.0
reference,by_mission,cryosat-2,storm,168,cross,12,12,0.08845096559538627,0.08845192685359357,2,2,0.16666666666666666,0.16666666666666666,6,6,0.5,0.5,0.0,0.0
reference,by_mission,gracefo-c,august,6,radial,18,18,0.06750508743392453,0.06750509200590078,3,3,0.16666666666666666,0.16666666666666666,11,11,0.6111111111111112,0.6111111111111112,0.0,0.0
reference,by_mission,gracefo-c,august,6,in_track,18,18,0.2756479662574866,0.2756479650786366,5,5,0.2777777777777778,0.2777777777777778,8,8,0.4444444444444444,0.4444444444444444,0.0,0.0
reference,by_mission,gracefo-c,august,6,cross,18,18,0.007196945431266622,0.007196949084875162,0,0,0.0,0.0,0,0,0.0,0.0,0.0,0.0
reference,by_mission,gracefo-c,august,12,radial,18,18,0.06750508743392453,0.06750509365259286,8,8,0.4444444444444444,0.4444444444444444,11,11,0.6111111111111112,0.6111111111111112,0.0,0.0
reference,by_mission,gracefo-c,august,12,in_track,18,18,0.2756479662574866,0.2756479646585794,3,3,0.16666666666666666,0.16666666666666666,7,7,0.3888888888888889,0.3888888888888889,0.0,0.0
reference,by_mission,gracefo-c,august,12,cross,18,18,0.007196945431266622,0.0071969481219718336,1,1,0.05555555555555555,0.05555555555555555,1,1,0.05555555555555555,0.05555555555555555,0.0,0.0
reference,by_mission,gracefo-c,august,24,radial,18,18,0.13501017486784905,0.13501018659559832,17,17,0.9444444444444444,0.9444444444444444,18,18,1.0,1.0,0.0,0.0
reference,by_mission,gracefo-c,august,24,in_track,18,18,0.8356083779627435,0.8356083759676551,12,12,0.6666666666666666,0.6666666666666666,16,16,0.8888888888888888,0.8888888888888888,0.0,0.0
reference,by_mission,gracefo-c,august,24,cross,18,18,0.012103771227857402,0.01210377563296844,3,3,0.16666666666666666,0.16666666666666666,3,3,0.16666666666666666,0.16666666666666666,0.0,0.0
reference,by_mission,gracefo-c,august,36,radial,18,18,0.20251526230177358,0.20251559845022493,11,11,0.6111111111111112,0.6111111111111112,18,18,1.0,1.0,0.0,0.0
reference,by_mission,gracefo-c,august,36,in_track,18,18,1.5986330972727887,1.5986330545995457,9,9,0.5,0.5,14,14,0.7777777777777778,0.7777777777777778,0.0,0.0
reference,by_mission,gracefo-c,august,36,cross,18,18,0.01640548789909071,0.016405511581049886,2,2,0.1111111111111111,0.1111111111111111,4,4,0.2222222222222222,0.2222222222222222,0.0,0.0
reference,by_mission,gracefo-c,august,48,radial,18,18,0.2700203497356981,0.270023258249331,10,10,0.5555555555555556,0.5555555555555556,18,18,1.0,1.0,0.0,0.0
reference,by_mission,gracefo-c,august,48,in_track,18,18,2.533090923186025,2.5330906120500334,9,9,0.5,0.5,12,12,0.6666666666666666,0.6666666666666666,0.0,0.0
reference,by_mission,gracefo-c,august,48,cross,18,18,0.02035603567311268,0.02035607020306414,0,0,0.0,0.0,0,0,0.0,0.0,0.0,0.0
reference,by_mission,gracefo-c,august,72,radial,18,18,0.40503052460354716,0.4050711843392572,15,15,0.8333333333333334,0.8333333333333334,18,18,1.0,1.0,0.0,0.0
reference,by_mission,gracefo-c,august,72,in_track,18,18,4.84614933861639,4.846145938070611,6,6,0.3333333333333333,0.3333333333333333,10,10,0.5555555555555556,0.5555555555555556,0.0,0.0
reference,by_mission,gracefo-c,august,72,cross,18,18,0.02759063192966714,0.027590943838546305,1,1,0.05555555555555555,0.05555555555555555,4,4,0.2222222222222222,0.2222222222222222,0.0,0.0
reference,by_mission,gracefo-c,august,96,radial,18,18,0.5400406994713962,0.54022157815312,15,15,0.8333333333333334,0.8333333333333334,18,18,1.0,1.0,0.0,0.0
reference,by_mission,gracefo-c,august,96,in_track,18,18,7.6788957535003535,7.678883029794491,5,5,0.2777777777777778,0.2777777777777778,10,10,0.5555555555555556,0.5555555555555556,0.0,0.0
reference,by_mission,gracefo-c,august,96,cross,18,18,0.03423463485259438,0.03423476177953432,3,3,0.16666666666666666,0.16666666666666666,4,4,0.2222222222222222,0.2222222222222222,0.0,0.0
reference,by_mission,gracefo-c,august,120,radial,18,18,0.6750508743392453,0.676090378675682,10,10,0.5555555555555556,0.5555555555555556,18,18,1.0,1.0,0.0,0.0
reference,by_mission,gracefo-c,august,120,in_track,18,18,10.973743191559391,10.97367919322408,5,5,0.2777777777777778,0.2777777777777778,8,8,0.4444444444444444,0.4444444444444444,0.0,0.0
reference,by_mission,gracefo-c,august,120,cross,18,18,0.04047139831141101,0.04047230621387002,4,4,0.2222222222222222,0.2222222222222222,12,12,0.6666666666666666,0.6666666666666666,0.0,0.0
reference,by_mission,gracefo-c,august,144,radial,18,18,0.8100610492070943,0.8142179511976602,16,16,0.8888888888888888,0.8888888888888888,17,18,0.9444444444444444,1.0,0.0,5.555555555555558
reference,by_mission,gracefo-c,august,144,in_track,18,18,14.690777672648544,14.690547857498183,5,5,0.2777777777777778,0.2777777777777778,7,7,0.3888888888888889,0.3888888888888889,0.0,0.0
reference,by_mission,gracefo-c,august,144,cross,18,18,0.046401726968483555,0.04640205757530219,2,2,0.1111111111111111,0.1111111111111111,7,7,0.3888888888888889,0.3888888888888889,0.0,0.0
reference,by_mission,gracefo-c,august,168,radial,18,18,0.9450712240749434,0.9554839687318035,9,9,0.5,0.5,15,15,0.8333333333333334,0.8333333333333334,0.0,0.0
reference,by_mission,gracefo-c,august,168,in_track,18,18,18.800077937186035,18.799551590830923,6,6,0.3333333333333333,0.3333333333333333,6,6,0.3333333333333333,0.3333333333333333,0.0,0.0
reference,by_mission,gracefo-c,august,168,cross,18,18,0.052088786098433766,0.05208959211425424,5,5,0.2777777777777778,0.2777777777777778,10,10,0.5555555555555556,0.5555555555555556,0.0,0.0
reference,by_mission,gracefo-c,held-out,6,radial,19,19,0.07165177437028981,0.07165178782634851,15,15,0.7894736842105263,0.7894736842105263,17,17,0.8947368421052632,0.8947368421052632,0.0,0.0
reference,by_mission,gracefo-c,held-out,6,in_track,19,19,0.4625315680300413,0.4625315656317793,6,6,0.3157894736842105,0.3157894736842105,16,16,0.8421052631578947,0.8421052631578947,0.0,0.0
reference,by_mission,gracefo-c,held-out,6,cross,19,19,0.007077931603111847,0.007077937154437609,0,0,0.0,0.0,0,0,0.0,0.0,0.0,0.0
reference,by_mission,gracefo-c,held-out,12,radial,19,19,0.07165177437028981,0.07165179444221285,3,3,0.15789473684210525,0.15789473684210525,11,11,0.5789473684210527,0.5789473684210527,0.0,0.0
reference,by_mission,gracefo-c,held-out,12,in_track,19,19,0.4625315680300413,0.46253156482411784,6,6,0.3157894736842105,0.3157894736842105,11,11,0.5789473684210527,0.5789473684210527,0.0,0.0
reference,by_mission,gracefo-c,held-out,12,cross,19,19,0.007077931603111847,0.007077935198018138,0,0,0.0,0.0,1,1,0.05263157894736842,0.05263157894736842,0.0,0.0
reference,by_mission,gracefo-c,held-out,24,radial,19,19,0.1483571374731153,0.14835736158790133,14,14,0.7368421052631579,0.7368421052631579,19,19,1.0,1.0,0.0,0.0
reference,by_mission,gracefo-c,held-out,24,in_track,19,19,1.451579652206478,1.451579629086125,11,11,0.5789473684210527,0.5789473684210527,14,14,0.7368421052631579,0.7368421052631579,0.0,0.0
reference,by_mission,gracefo-c,held-out,24,cross,19,19,0.012323394688120916,0.01232340952836819,1,1,0.05263157894736842,0.05263157894736842,2,2,0.10526315789473684,0.10526315789473684,0.0,0.0
reference,by_mission,gracefo-c,held-out,36,radial,19,19,0.22709327166533652,0.2270988546614687,5,5,0.2631578947368421,0.2631578947368421,17,17,0.8947368421052632,0.8947368421052632,0.0,0.0
reference,by_mission,gracefo-c,held-out,36,in_track,19,19,2.8339452076195584,2.833944758310404,9,9,0.47368421052631576,0.47368421052631576,13,13,0.6842105263157895,0.6842105263157895,0.0,0.0
reference,by_mission,gracefo-c,held-out,36,cross,19,19,0.017045249607342293,0.017045461076337615,1,1,0.05263157894736842,0.05263157894736842,2,2,0.10526315789473684,0.10526315789473684,0.0,0.0
reference,by_mission,gracefo-c,held-out,48,radial,19,19,0.307177881254859,0.30720352577588483,15,15,0.7894736842105263,0.7894736842105263,19,19,1.0,1.0,0.0,0.0
reference,by_mission,gracefo-c,held-out,48,in_track,19,19,4.555545247806795,4.555543516331607,9,9,0.47368421052631576,0.47368421052631576,13,13,0.6842105263157895,0.6842105263157895,0.0,0.0
reference,by_mission,gracefo-c,held-out,48,cross,19,19,0.021456276374928255,0.0214567358262953,4,4,0.21052631578947367,0.21052631578947367,6,6,0.3157894736842105,0.3157894736842105,0.0,0.0
reference,by_mission,gracefo-c,held-out,72,radial,19,19,0.47020339719100773,0.47036045960381917,10,10,0.5263157894736842,0.5263157894736842,16,16,0.8421052631578947,0.8421052631578947,0.0,0.0
reference,by_mission,gracefo-c,held-out,72,in_track,19,19,8.893873376836044,8.89386506881603,8,8,0.42105263157894735,0.42105263157894735,12,12,0.631578947368421,0.631578947368421,0.0,0.0
reference,by_mission,gracefo-c,held-out,72,cross,19,19,0.02967750329438975,0.029677810139956615,2,2,0.10526315789473684,0.10526315789473684,2,2,0.10526315789473684,0.10526315789473684,0.0,0.0
reference,by_mission,gracefo-c,held-out,96,radial,19,19,0.6360209716861345,0.6365663915959169,13,13,0.6842105263157895,0.6842105263157895,17,17,0.8947368421052632,0.8947368421052632,0.0,0.0
reference,by_mission,gracefo-c,held-out,96,in_track,19,19,14.296833434713294,14.296809154241835,10,10,0.5263157894736842,0.5263157894736842,12,12,0.631578947368421,0.631578947368421,0.0,0.0
reference,by_mission,gracefo-c,held-out,96,cross,19,19,0.037357546968862225,0.0373599035147415,5,5,0.2631578947368421,0.2631578947368421,10,10,0.5263157894736842,0.5263157894736842,0.0,0.0
reference,by_mission,gracefo-c,held-out,120,radial,19,19,0.8039461312694562,0.8062141754674697,14,14,0.7368421052631579,0.7368421052631579,17,17,0.8947368421052632,0.8947368421052632,0.0,0.0
reference,by_mission,gracefo-c,held-out,120,in_track,19,19,20.660526229087637,20.660437848238733,10,10,0.5263157894736842,0.5263157894736842,12,12,0.631578947368421,0.631578947368421,0.0,0.0
reference,by_mission,gracefo-c,held-out,120,cross,19,19,0.044658729287118885,0.044662486384041584,5,5,0.2631578947368421,0.2631578947368421,9,9,0.47368421052631576,0.47368421052631576,0.0,0.0
reference,by_mission,gracefo-c,held-out,144,radial,19,19,0.9735701683658112,0.9825157862909019,12,12,0.631578947368421,0.631578947368421,13,13,0.6842105263157895,0.6842105263157895,0.0,0.0
reference,by_mission,gracefo-c,held-out,144,in_track,19,19,27.911966480691337,27.911653018872666,9,9,0.47368421052631576,0.47368421052631576,12,12,0.631578947368421,0.631578947368421,0.0,0.0
reference,by_mission,gracefo-c,held-out,144,cross,19,19,0.05167153442030715,0.05167221301249039,3,3,0.15789473684210525,0.15789473684210525,6,6,0.3157894736842105,0.3157894736842105,0.0,0.0
reference,by_mission,gracefo-c,held-out,168,radial,19,19,1.144620150291433,1.1734830217789858,12,12,0.631578947368421,0.631578947368421,12,13,0.631578947368421,0.6842105263157895,0.0,5.263157894736848
reference,by_mission,gracefo-c,held-out,168,in_track,19,19,35.99586694227833,35.994937504250814,8,8,0.42105263157894735,0.42105263157894735,12,12,0.631578947368421,0.631578947368421,0.0,0.0
reference,by_mission,gracefo-c,held-out,168,cross,19,19,0.05845326711568574,0.05845916931324299,10,10,0.5263157894736842,0.5263157894736842,16,16,0.8421052631578947,0.8421052631578947,0.0,0.0
reference,by_mission,gracefo-c,quiet,6,radial,19,19,0.06701060728806874,0.06701061035860215,3,3,0.15789473684210525,0.15789473684210525,19,19,1.0,1.0,0.0,0.0
reference,by_mission,gracefo-c,quiet,6,in_track,19,19,0.23601048269069475,0.23601048177715575,2,2,0.10526315789473684,0.10526315789473684,7,7,0.3684210526315789,0.3684210526315789,0.0,0.0
reference,by_mission,gracefo-c,quiet,6,cross,19,19,0.007105772984896037,0.007105774398876061,0,0,0.0,0.0,0,0,0.0,0.0,0.0,0.0
reference,by_mission,gracefo-c,quiet,12,radial,19,19,0.06701060728806874,0.06701061175601543,9,9,0.47368421052631576,0.47368421052631576,15,15,0.7894736842105263,0.7894736842105263,0.0,0.0
reference,by_mission,gracefo-c,quiet,12,in_track,19,19,0.23601048269069475,0.23601048134177824,2,2,0.10526315789473684,0.10526315789473684,3,3,0.15789473684210525,0.15789473684210525,0.0,0.0
reference,by_mission,gracefo-c,quiet,12,cross,19,19,0.007105772984896037,0.007105774220668411,0,0,0.0,0.0,1,1,0.05263157894736842,0.05263157894736842,0.0,0.0
reference,by_mission,gracefo-c,quiet,24,radial,19,19,0.13874746250129388,0.13874746715090777,19,19,1.0,1.0,19,19,1.0,1.0,0.0,0.0
reference,by_mission,gracefo-c,quiet,24,in_track,19,19,0.8808222667957794,0.88082226571271,18,18,0.9473684210526315,0.9473684210526315,19,19,1.0,1.0,0.0,0.0
reference,by_mission,gracefo-c,quiet,24,cross,19,19,0.015231557832037753,0.015231567715949277,0,0,0.0,0.0,1,1,0.05263157894736842,0.05263157894736842,0.0,0.0
reference,by_mission,gracefo-c,quiet,36,radial,19,19,0.21238354777768811,0.21238362649928896,13,13,0.6842105263157895,0.6842105263157895,19,19,1.0,1.0,0.0,0.0
reference,by_mission,gracefo-c,quiet,36,in_track,19,19,1.9031002972004676,1.903100288194593,17,17,0.8947368421052632,0.8947368421052632,19,19,1.0,1.0,0.0,0.0
reference,by_mission,gracefo-c,quiet,36,cross,19,19,0.023792753693599608,0.023792774553113637,2,2,0.10526315789473684,0.10526315789473684,4,4,0.21052631578947367,0.21052631578947367,0.0,0.0
reference,by_mission,gracefo-c,quiet,48,radial,19,19,0.28728076239917283,0.28728102229178126,9,9,0.47368421052631576,0.47368421052631576,19,19,1.0,1.0,0.0,0.0
reference,by_mission,gracefo-c,quiet,48,in_track,19,19,3.2873449384027915,3.287344913751591,18,18,0.9473684210526315,0.9473684210526315,19,19,1.0,1.0,0.0,0.0
reference,by_mission,gracefo-c,quiet,48,cross,19,19,0.03264955895492979,0.032649615749828005,3,3,0.15789473684210525,0.15789473684210525,8,8,0.42105263157894735,0.42105263157894735,0.0,0.0
reference,by_mission,gracefo-c,quiet,72,radial,19,19,0.4397464748304597,0.43974759499566274,19,19,1.0,1.0,19,19,1.0,1.0,0.0,0.0
reference,by_mission,gracefo-c,quiet,72,in_track,19,19,7.102621453966157,7.102621381508335,19,19,1.0,1.0,19,19,1.0,1.0,0.0,0.0
reference,by_mission,gracefo-c,quiet,72,cross,19,19,0.051000884018924865,0.05100129392026012,6,6,0.3157894736842105,0.3157894736842105,9,9,0.47368421052631576,0.47368421052631576,0.0,0.0
reference,by_mission,gracefo-c,quiet,96,radial,19,19,0.594823393212545,0.5948419433639591,19,19,1.0,1.0,19,19,1.0,1.0,0.0,0.0
reference,by_mission,gracefo-c,quiet,96,in_track,19,19,12.268805128365353,12.26880422082272,18,18,0.9473684210526315,0.9473684210526315,19,19,1.0,1.0,0.0,0.0
reference,by_mission,gracefo-c,quiet,96,cross,19,19,0.06998586170281589,0.06998611840554167,3,3,0.15789473684210525,0.15789473684210525,6,6,0.3157894736842105,0.3157894736842105,0.0,0.0
reference,by_mission,gracefo-c,quiet,120,radial,19,19,0.7518713801119479,0.7519656391728292,19,19,1.0,1.0,19,19,1.0,1.0,0.0,0.0
reference,by_mission,gracefo-c,quiet,120,in_track,19,19,18.746979009212513,18.746975222254775,18,18,0.9473684210526315,0.9473684210526315,19,19,1.0,1.0,0.0,0.0
reference,by_mission,gracefo-c,quiet,120,cross,19,19,0.08945638181126113,0.08945739990471246,8,8,0.42105263157894735,0.42105263157894735,16,16,0.8421052631578947,0.8421052631578947,0.0,0.0
reference,by_mission,gracefo-c,quiet,144,radial,19,19,0.9105082015497401,0.9108187976465699,19,19,1.0,1.0,19,19,1.0,1.0,0.0,0.0
reference,by_mission,gracefo-c,quiet,144,in_track,19,19,26.507920571790212,26.50790990124505,18,18,0.9473684210526315,0.9473684210526315,19,19,1.0,1.0,0.0,0.0
reference,by_mission,gracefo-c,quiet,144,cross,19,19,0.10932278811475,0.10932325379200628,8,8,0.42105263157894735,0.42105263157894735,17,17,0.8947368421052632,0.8947368421052632,0.0,0.0
reference,by_mission,gracefo-c,quiet,168,radial,19,19,1.0704786037649552,1.0725629497652105,11,11,0.5789473684210527,0.5789473684210527,19,19,1.0,1.0,0.0,0.0
reference,by_mission,gracefo-c,quiet,168,in_track,19,19,35.52831092526059,35.528248047182,18,18,0.9473684210526315,0.9473684210526315,19,19,1.0,1.0,0.0,0.0
reference,by_mission,gracefo-c,quiet,168,cross,19,19,0.12952457256866898,0.12952842730779823,14,14,0.7368421052631579,0.7368421052631579,18,18,0.9473684210526315,0.9473684210526315,0.0,0.0
reference,by_mission,gracefo-c,storm,6,radial,18,18,0.06568725962885741,0.06568726516665083,8,8,0.4444444444444444,0.4444444444444444,17,17,0.9444444444444444,0.9444444444444444,0.0,0.0
reference,by_mission,gracefo-c,storm,6,in_track,18,18,0.22951564930624183,0.22951564763787152,0,0,0.0,0.0,1,1,0.05555555555555555,0.05555555555555555,0.0,0.0
reference,by_mission,gracefo-c,storm,6,cross,18,18,0.010753455837116491,0.010753457363103937,0,0,0.0,0.0,1,1,0.05555555555555555,0.05555555555555555,0.0,0.0
reference,by_mission,gracefo-c,storm,12,radial,18,18,0.06568725962885741,0.06568726612090187,9,9,0.5,0.5,13,13,0.7222222222222222,0.7222222222222222,0.0,0.0
reference,by_mission,gracefo-c,storm,12,in_track,18,18,0.22951564930624183,0.22951564736975405,0,0,0.0,0.0,2,2,0.1111111111111111,0.1111111111111111,0.0,0.0
reference,by_mission,gracefo-c,storm,12,cross,18,18,0.010753455837116491,0.010753457490806554,2,2,0.1111111111111111,0.1111111111111111,2,2,0.1111111111111111,0.1111111111111111,0.0,0.0
reference,by_mission,gracefo-c,storm,24,radial,18,18,0.13600743167403573,0.1360075270803736,17,17,0.9444444444444444,0.9444444444444444,18,18,1.0,1.0,0.0,0.0
reference,by_mission,gracefo-c,storm,24,in_track,18,18,0.8565826915068624,0.8565826763499809,7,7,0.3888888888888889,0.3888888888888889,15,15,0.8333333333333334,0.8333333333333334,0.0,0.0
reference,by_mission,gracefo-c,storm,24,cross,18,18,0.02077430730911951,0.02077430936143167,0,0,0.0,0.0,2,2,0.1111111111111111,0.1111111111111111,0.0,0.0
reference,by_mission,gracefo-c,storm,36,radial,18,18,0.20818932715828115,0.2081895035022832,8,8,0.4444444444444444,0.4444444444444444,17,17,0.9444444444444444,0.9444444444444444,0.0,0.0
reference,by_mission,gracefo-c,storm,36,in_track,18,18,1.8507283889559563,1.8507283689609848,13,13,0.7222222222222222,0.7222222222222222,13,13,0.7222222222222222,0.7222222222222222,0.0,0.0
reference,by_mission,gracefo-c,storm,36,cross,18,18,0.030536077406541712,0.030536082762975696,6,6,0.3333333333333333,0.3333333333333333,9,9,0.5,0.5,0.0,0.0
reference,by_mission,gracefo-c,storm,48,radial,18,18,0.28160744678776395,0.28160906713909295,8,8,0.4444444444444444,0.4444444444444444,18,18,1.0,1.0,0.0,0.0
reference,by_mission,gracefo-c,storm,48,in_track,18,18,3.196879644621192,3.1968795016366958,11,11,0.6111111111111112,0.6111111111111112,13,13,0.7222222222222222,0.7222222222222222,0.0,0.0
reference,by_mission,gracefo-c,storm,48,cross,18,18,0.04013331627625497,0.040133329913773816,5,5,0.2777777777777778,0.2777777777777778,9,9,0.5,0.5,0.0,0.0
reference,by_mission,gracefo-c,storm,72,radial,18,18,0.4310622158502111,0.43112607819180665,17,17,0.9444444444444444,0.9444444444444444,18,18,1.0,1.0,0.0,0.0
reference,by_mission,gracefo-c,storm,72,in_track,18,18,6.907162581078688,6.907158594640466,9,9,0.5,0.5,13,13,0.7222222222222222,0.7222222222222222,0.0,0.0
reference,by_mission,gracefo-c,storm,72,cross,18,18,0.05899181301967963,0.05899194142318452,10,10,0.5555555555555556,0.5555555555555556,13,13,0.7222222222222222,0.7222222222222222,0.0,0.0
reference,by_mission,gracefo-c,storm,96,radial,18,18,0.5830766239037983,0.5834311178244536,16,16,0.8888888888888888,0.8888888888888888,18,18,1.0,1.0,0.0,0.0
reference,by_mission,gracefo-c,storm,96,in_track,18,18,11.931176713616145,11.931159382839724,9,9,0.5,0.5,14,14,0.7777777777777778,0.7777777777777778,0.0,0.0
reference,by_mission,gracefo-c,storm,96,cross,18,18,0.07753245638293096,0.07753260448918106,7,7,0.3888888888888889,0.3888888888888889,15,15,0.8333333333333334,0.8333333333333334,0.0,0.0
reference,by_mission,gracefo-c,storm,120,radial,18,18,0.7370231751610237,0.7390529102404526,16,16,0.8888888888888888,0.8888888888888888,18,18,1.0,1.0,0.0,0.0
reference,by_mission,gracefo-c,storm,120,in_track,18,18,18.23107605550243,18.23099387795152,7,7,0.3888888888888889,0.3888888888888889,15,15,0.8333333333333334,0.8333333333333334,0.0,0.0
reference,by_mission,gracefo-c,storm,120,cross,18,18,0.09584027603009873,0.09584052313263995,12,12,0.6666666666666666,0.6666666666666666,18,18,1.0,1.0,0.0,0.0
reference,by_mission,gracefo-c,storm,144,radial,18,18,0.8925271841261285,0.9021896987483121,17,18,0.9444444444444444,1.0,18,18,1.0,1.0,5.555555555555558,0.0
reference,by_mission,gracefo-c,storm,144,in_track,18,18,25.778442264219777,25.778105903636288,7,7,0.3888888888888889,0.3888888888888889,14,14,0.7777777777777778,0.7777777777777778,0.0,0.0
reference,by_mission,gracefo-c,storm,144,cross,18,18,0.11396467060970049,0.11396495589544703,13,13,0.7222222222222222,0.7222222222222222,15,15,0.8333333333333334,0.8333333333333334,0.0,0.0
reference,by_mission,gracefo-c,storm,168,radial,18,18,1.0493384378739292,1.0751021964892145,11,11,0.6111111111111112,0.6111111111111112,16,16,0.8888888888888888,0.8888888888888888,0.0,0.0
reference,by_mission,gracefo-c,storm,168,in_track,18,18,34.5505981675056,34.54980606972441,8,8,0.4444444444444444,0.4444444444444444,16,16,0.8888888888888888,0.8888888888888888,0.0,0.0
reference,by_mission,gracefo-c,storm,168,cross,18,18,0.1319379371965193,0.13193871607026283,12,12,0.6666666666666666,0.6666666666666666,17,17,0.9444444444444444,0.9444444444444444,0.0,0.0
reference,by_mission,gracefo-d,august,6,radial,18,18,0.06821468542647988,0.06821469088133153,3,3,0.16666666666666666,0.16666666666666666,11,11,0.6111111111111112,0.6111111111111112,0.0,0.0
reference,by_mission,gracefo-d,august,6,in_track,18,18,0.30062494025061115,0.3006249389478795,6,6,0.3333333333333333,0.3333333333333333,8,8,0.4444444444444444,0.4444444444444444,0.0,0.0
reference,by_mission,gracefo-d,august,6,cross,18,18,0.0073915767476232215,0.007391581260040073,0,0,0.0,0.0,0,0,0.0,0.0,0.0,0.0
reference,by_mission,gracefo-d,august,12,radial,18,18,0.06821468542647988,0.06821469231678431,8,8,0.4444444444444444,0.4444444444444444,12,12,0.6666666666666666,0.6666666666666666,0.0,0.0
reference,by_mission,gracefo-d,august,12,in_track,18,18,0.30062494025061115,0.3006249385915618,4,4,0.2222222222222222,0.2222222222222222,8,8,0.4444444444444444,0.4444444444444444,0.0,0.0
reference,by_mission,gracefo-d,august,12,cross,18,18,0.0073915767476232215,0.007391580458953141,1,1,0.05555555555555555,0.05555555555555555,2,2,0.1111111111111111,0.1111111111111111,0.0,0.0
reference,by_mission,gracefo-d,august,24,radial,18,18,0.13642937085295975,0.1364293840432529,17,17,0.9444444444444444,0.9444444444444444,18,18,1.0,1.0,0.0,0.0
reference,by_mission,gracefo-d,august,24,in_track,18,18,0.9113244044880998,0.9113244024984283,12,12,0.6666666666666666,0.6666666666666666,16,16,0.8888888888888888,0.8888888888888888,0.0,0.0
reference,by_mission,gracefo-d,august,24,cross,18,18,0.012431100780298155,0.012431104140917226,2,2,0.1111111111111111,0.1111111111111111,3,3,0.16666666666666666,0.16666666666666666,0.0,0.0
reference,by_mission,gracefo-d,august,36,radial,18,18,0.20464405627943963,0.20464447679073994,11,11,0.6111111111111112,0.6111111111111112,18,18,1.0,1.0,0.0,0.0
reference,by_mission,gracefo-d,august,36,in_track,18,18,1.7434882102534963,1.7434881605048242,10,10,0.5555555555555556,0.5555555555555556,14,14,0.7777777777777778,0.7777777777777778,0.0,0.0
reference,by_mission,gracefo-d,august,36,cross,18,18,0.016849151358229977,0.016849176022716506,2,2,0.1111111111111111,0.1111111111111111,5,5,0.2777777777777778,0.2777777777777778,0.0,0.0
reference,by_mission,gracefo-d,august,48,radial,18,18,0.2728587417059195,0.2728623643450344,10,10,0.5555555555555556,0.5555555555555556,18,18,1.0,1.0,0.0,0.0
reference,by_mission,gracefo-d,august,48,in_track,18,18,2.762618994695672,2.7626186366400947,9,9,0.5,0.5,13,13,0.7222222222222222,0.7222222222222222,0.0,0.0
reference,by_mission,gracefo-d,august,48,cross,18,18,0.020906536167620744,0.020906577682735135,0,0,0.0,0.0,0,0,0.0,0.0,0.0,0.0
reference,by_mission,gracefo-d,august,72,radial,18,18,0.40928811255887926,0.40933531795175676,15,15,0.8333333333333334,0.8333333333333334,18,18,1.0,1.0,0.0,0.0
reference,by_mission,gracefo-d,august,72,in_track,18,18,5.285267927593578,5.285264269650968,8,8,0.4444444444444444,0.4444444444444444,11,11,0.6111111111111112,0.6111111111111112,0.0,0.0
reference,by_mission,gracefo-d,august,72,cross,18,18,0.028336781954405685,0.02833710894358609,1,1,0.05555555555555555,0.05555555555555555,3,3,0.16666666666666666,0.16666666666666666,0.0,0.0
reference,by_mission,gracefo-d,august,96,radial,18,18,0.545717483411839,0.5459189978539234,15,15,0.8333333333333334,0.8333333333333334,18,18,1.0,1.0,0.0,0.0
reference,by_mission,gracefo-d,august,96,in_track,18,18,8.374694754433063,8.374681619883095,5,5,0.2777777777777778,0.2777777777777778,10,10,0.5555555555555556,0.5555555555555556,0.0,0.0
reference,by_mission,gracefo-d,august,96,cross,18,18,0.03516046263744883,0.03516059251677196,3,3,0.16666666666666666,0.16666666666666666,4,4,0.2222222222222222,0.2222222222222222,0.0,0.0
reference,by_mission,gracefo-d,august,120,radial,18,18,0.6821468542647988,0.6834219745306928,10,10,0.5555555555555556,0.5555555555555556,18,18,1.0,1.0,0.0,0.0
reference,by_mission,gracefo-d,august,120,in_track,18,18,11.968094436098498,11.968021685564661,5,5,0.2777777777777778,0.2777777777777778,9,9,0.5,0.5,0.0,0.0
reference,by_mission,gracefo-d,august,120,cross,18,18,0.04156589063504613,0.041567018824264085,3,3,0.16666666666666666,0.16666666666666666,13,13,0.7222222222222222,0.7222222222222222,0.0,0.0
reference,by_mission,gracefo-d,august,144,radial,18,18,0.8185762251177585,0.8236257528912001,16,16,0.8888888888888888,0.8888888888888888,18,18,1.0,1.0,0.0,0.0
reference,by_mission,gracefo-d,august,144,in_track,18,18,16.021936312599333,16.021677520223538,6,6,0.3333333333333333,0.3333333333333333,7,7,0.3888888888888889,0.3888888888888889,0.0,0.0
reference,by_mission,gracefo-d,august,144,cross,18,18,0.04765659673057178,0.04765695167968867,2,2,0.1111111111111111,0.1111111111111111,6,6,0.3333333333333333,0.3333333333333333,0.0,0.0
reference,by_mission,gracefo-d,august,168,radial,18,18,0.9550055959707182,0.9676278131253921,9,9,0.5,0.5,15,15,0.8333333333333334,0.8333333333333334,0.0,0.0
reference,by_mission,gracefo-d,august,168,in_track,18,18,20.503587903471,20.502996080123708,6,6,0.3333333333333333,0.3333333333333333,6,6,0.3333333333333333,0.3333333333333333,0.0,0.0
reference,by_mission,gracefo-d,august,168,cross,18,18,0.05349745441509367,0.05349844660701895,4,4,0.2222222222222222,0.2222222222222222,10,10,0.5555555555555556,0.5555555555555556,0.0,0.0
reference,by_mission,gracefo-d,held-out,6,radial,20,20,0.06729153690497795,0.06729155922557904,14,14,0.7,0.7,18,18,0.9,0.9,0.0,0.0
reference,by_mission,gracefo-d,held-out,6,in_track,20,20,0.45623301093257973,0.4562330074752883,6,6,0.3,0.3,15,15,0.75,0.75,0.0,0.0
reference,by_mission,gracefo-d,held-out,6,cross,20,20,0.006824732255565271,0.006824737943561467,0,0,0.0,0.0,0,0,0.0,0.0,0.0,0.0
reference,by_mission,gracefo-d,held-out,12,radial,20,20,0.06729153690497795,0.06729156630084474,4,4,0.2,0.2,11,11,0.55,0.55,0.0,0.0
reference,by_mission,gracefo-d,held-out,12,in_track,20,20,0.45623301093257973,0.45623300654105753,7,7,0.35,0.35,9,9,0.45,0.45,0.0,0.0
reference,by_mission,gracefo-d,held-out,12,cross,20,20,0.006824732255565271,0.006824734805897693,1,1,0.05,0.05,2,2,0.1,0.1,0.0,0.0
reference,by_mission,gracefo-d,held-out,24,radial,20,20,0.14424256701607396,0.1442428039881628,15,15,0.75,0.75,20,20,1.0,1.0,0.0,0.0
reference,by_mission,gracefo-d,held-out,24,in_track,20,20,1.482305425707234,1.482305402496805,11,11,0.55,0.55,15,15,0.75,0.75,0.0,0.0
reference,by_mission,gracefo-d,held-out,24,cross,20,20,0.011882549018855151,0.011882568691211215,0,0,0.0,0.0,3,3,0.15,0.15,0.0,0.0
reference,by_mission,gracefo-d,held-out,36,radial,20,20,0.22531693126801086,0.22532116008124348,5,5,0.25,0.25,18,18,0.9,0.9,0.0,0.0
reference,by_mission,gracefo-d,held-out,36,in_track,20,20,2.9531998565986197,2.9531995330059946,10,10,0.5,0.5,14,14,0.7,0.7,0.0,0.0
reference,by_mission,gracefo-d,held-out,36,cross,20,20,0.016435488688283664,0.01643567627369765,1,1,0.05,0.05,1,1,0.05,0.05,0.0,0.0
reference,by_mission,gracefo-d,held-out,48,radial,20,20,0.3091907109918818,0.30921306027581963,14,14,0.7,0.7,20,20,1.0,1.0,0.0,0.0
reference,by_mission,gracefo-d,held-out,48,in_track,20,20,4.816024536650202,4.816023100669447,10,10,0.5,0.5,14,14,0.7,0.7,0.0,0.0
reference,by_mission,gracefo-d,held-out,48,cross,20,20,0.02068871948351632,0.020689250306513023,4,4,0.2,0.2,8,8,0.4,0.4,0.0,0.0
reference,by_mission,gracefo-d,held-out,72,radial,20,20,0.482977415186336,0.4831400736204451,10,10,0.5,0.5,17,17,0.85,0.85,0.0,0.0
reference,by_mission,gracefo-d,held-out,72,in_track,20,20,9.59497464176448,9.59496645137874,12,12,0.6,0.6,13,13,0.65,0.65,0.0,0.0
reference,by_mission,gracefo-d,held-out,72,cross,20,20,0.028615847871264845,0.028616188780475657,2,2,0.1,0.1,2,2,0.1,0.1,0.0,0.0
reference,by_mission,gracefo-d,held-out,96,radial,20,20,0.6627647978076551,0.6634067264788581,15,15,0.75,0.75,18,18,0.9,0.9,0.0,0.0
reference,by_mission,gracefo-d,held-out,96,in_track,20,20,15.647309883218222,15.647282673358381,11,11,0.55,0.55,13,13,0.65,0.65,0.0,0.0
reference,by_mission,gracefo-d,held-out,96,cross,20,20,0.03602115280050126,0.036023875721475834,5,5,0.25,0.25,10,10,0.5,0.5,0.0,0.0
reference,by_mission,gracefo-d,held-out,120,radial,20,20,0.8471502580836179,0.8493879871189195,15,16,0.75,0.8,18,18,0.9,0.9,5.000000000000004,0.0
reference,by_mission,gracefo-d,held-out,120,in_track,20,20,22.86581606387407,22.865733024712238,12,12,0.6,0.6,13,13,0.65,0.65,0.0,0.0
reference,by_mission,gracefo-d,held-out,120,cross,20,20,0.04306114940759784,0.04306556194846696,5,5,0.25,0.25,9,9,0.45,0.45,0.0,0.0
reference,by_mission,gracefo-d,held-out,144,radial,20,20,1.0352847532021763,1.0429176387480612,13,13,0.65,0.65,14,17,0.7,0.85,0.0,15.000000000000002
reference,by_mission,gracefo-d,held-out,144,in_track,20,20,31.174164583002042,31.173910055429108,10,10,0.5,0.5,13,13,0.65,0.65,0.0,0.0
reference,by_mission,gracefo-d,held-out,144,cross,20,20,0.04982308496705161,0.04982415066909314,2,2,0.1,0.1,6,6,0.3,0.3,0.0,0.0
reference,by_mission,gracefo-d,held-out,168,radial,20,20,1.226595273115611,1.255984970370426,13,13,0.65,0.65,14,14,0.7,0.7,0.0,0.0
reference,by_mission,gracefo-d,held-out,168,in_track,20,20,40.51392933811329,40.51302790615914,10,10,0.5,0.5,13,13,0.65,0.65,0.0,0.0
reference,by_mission,gracefo-d,held-out,168,cross,20,20,0.056362214259346996,0.05637224330668622,12,12,0.6,0.6,17,17,0.85,0.85,0.0,0.0
reference,by_mission,gracefo-d,quiet,6,radial,19,19,0.0658629272269975,0.06586292893457213,3,3,0.15789473684210525,0.15789473684210525,19,19,1.0,1.0,0.0,0.0
reference,by_mission,gracefo-d,quiet,6,in_track,19,19,0.15499163742087999,0.1549916366359126,0,0,0.0,0.0,4,4,0.21052631578947367,0.21052631578947367,0.0,0.0
reference,by_mission,gracefo-d,quiet,6,cross,19,19,0.006519119827582584,0.006519120805369045,0,0,0.0,0.0,0,0,0.0,0.0,0.0,0.0
reference,by_mission,gracefo-d,quiet,12,radial,19,19,0.0658629272269975,0.06586292897079564,9,9,0.47368421052631576,0.47368421052631576,13,13,0.6842105263157895,0.6842105263157895,0.0,0.0
reference,by_mission,gracefo-d,quiet,12,in_track,19,19,0.15499163742087999,0.1549916366238208,2,2,0.10526315789473684,0.10526315789473684,2,2,0.10526315789473684,0.10526315789473684,0.0,0.0
reference,by_mission,gracefo-d,quiet,12,cross,19,19,0.006519119827582584,0.00651912068387197,1,1,0.05263157894736842,0.05263157894736842,1,1,0.05263157894736842,0.05263157894736842,0.0,0.0
reference,by_mission,gracefo-d,quiet,24,radial,19,19,0.13637115667925553,0.13637115878926304,19,19,1.0,1.0,19,19,1.0,1.0,0.0,0.0
reference,by_mission,gracefo-d,quiet,24,in_track,19,19,0.6199665496835199,0.6199665489823477,16,16,0.8421052631578947,0.8421052631578947,18,18,0.9473684210526315,0.9473684210526315,0.0,0.0
reference,by_mission,gracefo-d,quiet,24,cross,19,19,0.014466832690875658,0.014466838402873005,0,0,0.0,0.0,0,0,0.0,0.0,0.0,0.0
reference,by_mission,gracefo-d,quiet,36,radial,19,19,0.20874608838210043,0.2087461284434405,12,12,0.631578947368421,0.631578947368421,19,19,1.0,1.0,0.0,0.0
reference,by_mission,gracefo-d,quiet,36,in_track,19,19,1.3949247367879198,1.394924730618119,13,13,0.6842105263157895,0.6842105263157895,18,18,0.9473684210526315,0.9473684210526315,0.0,0.0
reference,by_mission,gracefo-d,quiet,36,cross,19,19,0.023061014389826162,0.023061025933238756,3,3,0.15789473684210525,0.15789473684210525,5,5,0.2631578947368421,0.2631578947368421,0.0,0.0
reference,by_mission,gracefo-d,quiet,48,radial,19,19,0.2823605502674201,0.2823606967440535,9,9,0.47368421052631576,0.47368421052631576,19,19,1.0,1.0,0.0,0.0
reference,by_mission,gracefo-d,quiet,48,in_track,19,19,2.4798661987340798,2.479866181928546,18,18,0.9473684210526315,0.9473684210526315,19,19,1.0,1.0,0.0,0.0
reference,by_mission,gracefo-d,quiet,48,cross,19,19,0.03210391182261749,0.032103938259867196,1,1,0.05263157894736842,0.05263157894736842,7,7,0.3684210526315789,0.3684210526315789,0.0,0.0
reference,by_mission,gracefo-d,quiet,72,radial,19,19,0.43221500658216133,0.432215725660925,19,19,1.0,1.0,19,19,1.0,1.0,0.0,0.0
reference,by_mission,gracefo-d,quiet,72,in_track,19,19,5.579698947151679,5.579698889645631,18,18,0.9473684210526315,0.9473684210526315,19,19,1.0,1.0,0.0,0.0
reference,by_mission,gracefo-d,quiet,72,cross,19,19,0.051175595123736775,0.05117579959220253,6,6,0.3157894736842105,0.3157894736842105,10,10,0.5263157894736842,0.5263157894736842,0.0,0.0
reference,by_mission,gracefo-d,quiet,96,radial,19,19,0.5846359471368202,0.5846509391555625,19,19,1.0,1.0,19,19,1.0,1.0,0.0,0.0
reference,by_mission,gracefo-d,quiet,96,in_track,19,19,9.919464794936319,9.919463904643175,18,18,0.9473684210526315,0.9473684210526315,19,19,1.0,1.0,0.0,0.0
reference,by_mission,gracefo-d,quiet,96,cross,19,19,0.07124304098466866,0.07124310480773187,3,3,0.15789473684210525,0.15789473684210525,6,6,0.3157894736842105,0.3157894736842105,0.0,0.0
reference,by_mission,gracefo-d,quiet,120,radial,19,19,0.7389941980303846,0.7390593176745293,19,19,1.0,1.0,19,19,1.0,1.0,0.0,0.0
reference,by_mission,gracefo-d,quiet,120,in_track,19,19,15.499163742088,15.499160635659381,18,18,0.9473684210526315,0.9473684210526315,19,19,1.0,1.0,0.0,0.0
reference,by_mission,gracefo-d,quiet,120,cross,19,19,0.09208501514355015,0.09208545363722072,10,10,0.5263157894736842,0.5263157894736842,16,16,0.8421052631578947,0.8421052631578947,0.0,0.0
reference,by_mission,gracefo-d,quiet,144,radial,19,19,0.8949140717447635,0.89516494774936,19,19,1.0,1.0,19,19,1.0,1.0,0.0,0.0
reference,by_mission,gracefo-d,quiet,144,in_track,19,19,22.318795788606717,22.31878572768026,18,18,0.9473684210526315,0.9473684210526315,19,19,1.0,1.0,0.0,0.0
reference,by_mission,gracefo-d,quiet,144,cross,19,19,0.11356575612840478,0.11356601669157614,9,9,0.47368421052631576,0.47368421052631576,17,17,0.8947368421052632,0.8947368421052632,0.0,0.0
reference,by_mission,gracefo-d,quiet,168,radial,19,19,1.0521446862097392,1.053723101880848,9,9,0.47368421052631576,0.47368421052631576,19,19,1.0,1.0,0.0,0.0
reference,by_mission,gracefo-d,quiet,168,in_track,19,19,30.378360934492477,30.378306212451516,18,18,0.9473684210526315,0.9473684210526315,19,19,1.0,1.0,0.0,0.0
reference,by_mission,gracefo-d,quiet,168,cross,19,19,0.1355926675750337,0.13559475031072193,15,15,0.7894736842105263,0.7894736842105263,18,18,0.9473684210526315,0.9473684210526315,0.0,0.0
reference,by_mission,gracefo-d,storm,6,radial,19,19,0.06602780628597388,0.06602781258098903,8,8,0.42105263157894735,0.42105263157894735,18,18,0.9473684210526315,0.9473684210526315,0.0,0.0
reference,by_mission,gracefo-d,storm,6,in_track,19,19,0.2600604173460376,0.2600604156429864,1,1,0.05263157894736842,0.05263157894736842,5,5,0.2631578947368421,0.2631578947368421,0.0,0.0
reference,by_mission,gracefo-d,storm,6,cross,19,19,0.008533827914063694,0.008533830205017535,0,0,0.0,0.0,0,0,0.0,0.0,0.0,0.0
reference,by_mission,gracefo-d,storm,12,radial,19,19,0.06602780628597388,0.06602781455374311,12,12,0.631578947368421,0.631578947368421,16,16,0.8421052631578947,0.8421052631578947,0.0,0.0
reference,by_mission,gracefo-d,storm,12,in_track,19,19,0.2600604173460376,0.2600604151815659,1,1,0.05263157894736842,0.05263157894736842,4,4,0.21052631578947367,0.21052631578947367,0.0,0.0
reference,by_mission,gracefo-d,storm,12,cross,19,19,0.008533827914063694,0.008533830550732235,3,3,0.15789473684210525,0.15789473684210525,3,3,0.15789473684210525,0.15789473684210525,0.0,0.0
reference,by_mission,gracefo-d,storm,24,radial,19,19,0.13671254369212396,0.13671260811156438,18,18,0.9473684210526315,0.9473684210526315,19,19,1.0,1.0,0.0,0.0
reference,by_mission,gracefo-d,storm,24,in_track,19,19,0.937518285759528,0.9375182760182973,9,9,0.47368421052631576,0.47368421052631576,18,18,0.9473684210526315,0.9473684210526315,0.0,0.0
reference,by_mission,gracefo-d,storm,24,cross,19,19,0.017669545411057145,0.017669556242264586,1,1,0.05263157894736842,0.05263157894736842,3,3,0.15789473684210525,0.15789473684210525,0.0,0.0
reference,by_mission,gracefo-d,storm,36,radial,19,19,0.2092686563891193,0.20926891325948985,8,8,0.42105263157894735,0.42105263157894735,18,18,0.9473684210526315,0.9473684210526315,0.0,0.0
reference,by_mission,gracefo-d,storm,36,in_track,19,19,1.9849454516460183,1.984945424472325,14,14,0.7368421052631579,0.7368421052631579,16,16,0.8421052631578947,0.8421052631578947,0.0,0.0
reference,by_mission,gracefo-d,storm,36,cross,19,19,0.027047130623987368,0.027047146249919263,4,4,0.21052631578947367,0.21052631578947367,7,7,0.3684210526315789,0.3684210526315789,0.0,0.0
reference,by_mission,gracefo-d,storm,48,radial,19,19,0.2830674022671754,0.2830691499210742,11,11,0.5789473684210527,0.5789473684210527,19,19,1.0,1.0,0.0,0.0
reference,by_mission,gracefo-d,storm,48,in_track,19,19,3.379755154987549,3.3797550070727453,13,13,0.6842105263157895,0.6842105263157895,14,14,0.7368421052631579,0.7368421052631579,0.0,0.0
reference,by_mission,gracefo-d,storm,48,cross,19,19,0.036585321168579675,0.036585348792689654,3,3,0.15789473684210525,0.15789473684210525,9,9,0.47368421052631576,0.47368421052631576,0.0,0.0
reference,by_mission,gracefo-d,storm,72,radial,16,16,0.43329699923813797,0.4334044825912188,15,15,0.9375,0.9375,16,16,1.0,1.0,0.0,0.0
reference,by_mission,gracefo-d,storm,72,in_track,16,16,7.15573202621295,7.155725515849673,7,7,0.4375,0.4375,12,12,0.75,0.75,0.0,0.0
reference,by_mission,gracefo-d,storm,72,cross,16,16,0.05600189125114014,0.05600204956703294,6,6,0.375,0.375,9,9,0.5625,0.5625,0.0,0.0
reference,by_mission,gracefo-d,storm,96,radial,14,14,0.5860995053002078,0.5864448049389588,14,14,1.0,1.0,14,14,1.0,1.0,0.0,0.0
reference,by_mission,gracefo-d,storm,96,in_track,14,14,12.184023587775467,12.184006968133367,7,7,0.5,0.5,12,12,0.8571428571428571,0.8571428571428571,0.0,0.0
reference,by_mission,gracefo-d,storm,96,cross,14,14,0.07575099946660394,0.07575125880165787,6,6,0.42857142857142855,0.42857142857142855,10,10,0.7142857142857143,0.7142857142857143,0.0,0.0
reference,by_mission,gracefo-d,storm,120,radial,12,12,0.7408441714993789,0.743774963478063,9,9,0.75,0.75,12,12,1.0,1.0,0.0,0.0
reference,by_mission,gracefo-d,storm,120,in_track,12,12,18.41086761453069,18.410749439376758,4,4,0.3333333333333333,0.3333333333333333,12,12,1.0,1.0,0.0,0.0
reference,by_mission,gracefo-d,storm,120,cross,12,12,0.09575112405416697,0.09575118259621977,7,7,0.5833333333333334,0.5833333333333334,12,12,1.0,1.0,0.0,0.0
reference,by_mission,gracefo-d,storm,144,radial,9,9,0.8971543698339366,0.9070448905371953,9,9,1.0,1.0,9,9,1.0,1.0,0.0,0.0
reference,by_mission,gracefo-d,storm,144,in_track,9,9,25.796427195774218,25.79608132191891,3,3,0.3333333333333333,0.3333333333333333,8,8,0.8888888888888888,0.8888888888888888,0.0,0.0
reference,by_mission,gracefo-d,storm,144,cross,9,9,0.11595358736216942,0.11595387149491664,8,8,0.8888888888888888,0.8888888888888888,9,9,1.0,1.0,0.0,0.0
reference,by_mission,gracefo-d,storm,168,radial,6,6,1.0547785901838422,1.0718450767538075,4,5,0.6666666666666666,0.8333333333333334,6,6,1.0,1.0,16.666666666666675,0.0
reference,by_mission,gracefo-d,storm,168,in_track,6,6,34.30924183849757,34.30871198868615,3,3,0.5,0.5,6,6,1.0,1.0,0.0,0.0
reference,by_mission,gracefo-d,storm,168,cross,6,6,0.13632588272101576,0.1363271514703671,6,6,1.0,1.0,6,6,1.0,1.0,0.0,0.0
reference,by_mission,hy-2c,august,6,radial,25,25,0.031221505734885923,0.03122150622383048,2,2,0.08,0.08,4,4,0.16,0.16,0.0,0.0
reference,by_mission,hy-2c,august,6,in_track,25,25,0.10587260483633022,0.10587260464827739,4,4,0.16,0.16,6,6,0.24,0.24,0.0,0.0
reference,by_mission,hy-2c,august,6,cross,25,25,0.040652159234032106,0.04065215925487214,5,5,0.2,0.2,10,10,0.4,0.4,0.0,0.0
reference,by_mission,hy-2c,august,12,radial,25,25,0.031221505734885923,0.031221505859860332,7,7,0.28,0.28,11,11,0.44,0.44,0.0,0.0
reference,by_mission,hy-2c,august,12,in_track,25,25,0.10587260483633022,0.10587260473108183,5,5,0.2,0.2,13,13,0.52,0.52,0.0,0.0
reference,by_mission,hy-2c,august,12,cross,25,25,0.040652159234032106,0.0406521593007783,4,4,0.16,0.16,10,10,0.4,0.4,0.0,0.0
reference,by_mission,hy-2c,august,24,radial,25,25,0.062443011469771846,0.062443013004585886,15,15,0.6,0.6,21,21,0.84,0.84,0.0,0.0
reference,by_mission,hy-2c,august,24,in_track,25,25,0.3561115755217727,0.356111575108479,17,17,0.68,0.68,24,24,0.96,0.96,0.0,0.0
reference,by_mission,hy-2c,august,24,cross,25,25,0.08130431846806421,0.08130431879673557,5,5,0.2,0.2,17,17,0.68,0.68,0.0,0.0
reference,by_mission,hy-2c,august,36,radial,25,25,0.09366451720465777,0.09366452124527616,19,19,0.76,0.76,25,25,1.0,1.0,0.0,0.0
reference,by_mission,hy-2c,august,36,in_track,25,25,0.7240120495877979,0.7240120489874969,22,22,0.88,0.88,25,25,1.0,1.0,0.0,0.0
reference,by_mission,hy-2c,august,36,cross,25,25,0.12195647770209632,0.12195647859229518,7,7,0.28,0.28,15,15,0.6,0.6,0.0,0.0
reference,by_mission,hy-2c,august,48,radial,25,25,0.12488602293954369,0.12488603217891227,17,17,0.68,0.68,25,25,1.0,1.0,0.0,0.0
reference,by_mission,hy-2c,august,48,in_track,25,25,1.1978117891464444,1.1978117878989756,24,24,0.96,0.96,25,25,1.0,1.0,0.0,0.0
reference,by_mission,hy-2c,august,48,cross,25,25,0.16260863693612843,0.1626086374611633,9,9,0.36,0.36,20,20,0.8,0.8,0.0,0.0
reference,by_mission,hy-2c,august,72,radial,25,25,0.18732903440931553,0.18732909574013343,12,12,0.48,0.48,25,25,1.0,1.0,0.0,0.0
reference,by_mission,hy-2c,august,72,in_track,25,25,2.4352765483954952,2.435276543186645,25,25,1.0,1.0,25,25,1.0,1.0,0.0,0.0
reference,by_mission,hy-2c,august,72,cross,25,25,0.24391295540419264,0.2439129680363722,10,10,0.4,0.4,25,25,1.0,1.0,0.0,0.0
reference,by_mission,hy-2c,august,96,radial,25,25,0.24977204587908738,0.24977292092989647,25,25,1.0,1.0,25,25,1.0,1.0,0.0,0.0
reference,by_mission,hy-2c,august,96,in_track,25,25,4.028942558567533,4.028942498007052,25,25,1.0,1.0,25,25,1.0,1.0,0.0,0.0
reference,by_mission,hy-2c,august,96,cross,25,25,0.32521727387225685,0.3252173426114947,24,24,0.96,0.96,25,25,1.0,1.0,0.0,0.0
reference,by_mission,hy-2c,august,120,radial,25,25,0.31221505734885924,0.31221785199250723,25,25,1.0,1.0,25,25,1.0,1.0,0.0,0.0
reference,by_mission,hy-2c,august,120,in_track,25,25,5.95365409050161,5.953653941658635,25,25,1.0,1.0,25,25,1.0,1.0,0.0,0.0
reference,by_mission,hy-2c,august,120,cross,25,25,0.40652159234032104,0.4065216556378865,14,14,0.56,0.56,25,25,1.0,1.0,0.0,0.0
reference,by_mission,hy-2c,august,144,radial,25,25,0.37465806881863106,0.37466126215893036,17,17,0.68,0.68,25,25,1.0,1.0,0.0,0.0
reference,by_mission,hy-2c,august,144,in_track,25,25,8.191261278788845,8.191261132758989,25,25,1.0,1.0,25,25,1.0,1.0,0.0,0.0
reference,by_mission,hy-2c,august,144,cross,25,25,0.4878259108083853,0.4878259327343149,2,2,0.08,0.08,25,25,1.0,1.0,0.0,0.0
reference,by_mission,hy-2c,august,168,radial,22,22,0.43710108028840294,0.43710413730771625,22,22,1.0,1.0,22,22,1.0,1.0,0.0,0.0
reference,by_mission,hy-2c,august,168,in_track,22,22,10.72772571022017,10.727725541621115,22,22,1.0,1.0,22,22,1.0,1.0,0.0,0.0
reference,by_mission,hy-2c,august,168,cross,22,22,0.5691302292764495,0.5691310951237776,22,22,1.0,1.0,22,22,1.0,1.0,0.0,0.0
reference,by_mission,hy-2c,held-out,6,radial,26,26,0.03408126036495773,0.034081260456520636,4,4,0.15384615384615385,0.15384615384615385,9,9,0.34615384615384615,0.34615384615384615,0.0,0.0
reference,by_mission,hy-2c,held-out,6,in_track,26,26,0.09123257694089923,0.09123257687521491,6,6,0.23076923076923078,0.23076923076923078,11,11,0.4230769230769231,0.4230769230769231,0.0,0.0
reference,by_mission,hy-2c,held-out,6,cross,26,26,0.054253924911846135,0.05425392493834687,7,7,0.2692307692307692,0.2692307692307692,14,14,0.5384615384615384,0.5384615384615384,0.0,0.0
reference,by_mission,hy-2c,held-out,12,radial,26,26,0.03408126036495773,0.03408126057057022,11,11,0.4230769230769231,0.4230769230769231,16,16,0.6153846153846154,0.6153846153846154,0.0,0.0
reference,by_mission,hy-2c,held-out,12,in_track,26,26,0.09123257694089923,0.09123257684818363,3,3,0.11538461538461539,0.11538461538461539,5,5,0.19230769230769232,0.19230769230769232,0.0,0.0
reference,by_mission,hy-2c,held-out,12,cross,26,26,0.054253924911846135,0.054253924922340074,9,9,0.34615384615384615,0.34615384615384615,13,13,0.5,0.5,0.0,0.0
reference,by_mission,hy-2c,held-out,24,radial,26,26,0.06584065504411822,0.06584065770223504,12,12,0.46153846153846156,0.46153846153846156,17,17,0.6538461538461539,0.6538461538461539,0.0,0.0
reference,by_mission,hy-2c,held-out,24,in_track,26,26,0.34049201675511664,0.34049201613217867,11,11,0.4230769230769231,0.4230769230769231,17,17,0.6538461538461539,0.6538461538461539,0.0,0.0
reference,by_mission,hy-2c,held-out,24,cross,26,26,0.10850784982369227,0.10850785013198412,11,11,0.4230769230769231,0.4230769230769231,17,17,0.6538461538461539,0.6538461538461539,0.0,0.0
reference,by_mission,hy-2c,held-out,36,radial,26,26,0.09677893510519257,0.09677894275906893,15,15,0.5769230769230769,0.5769230769230769,26,26,1.0,1.0,0.0,0.0
reference,by_mission,hy-2c,held-out,36,in_track,26,26,0.7356653921094471,0.7356653908641992,19,19,0.7307692307692307,0.7307692307692307,24,24,0.9230769230769231,0.9230769230769231,0.0,0.0
reference,by_mission,hy-2c,held-out,36,cross,26,26,0.1627617747355384,0.16276177553246332,15,15,0.5769230769230769,0.5769230769230769,24,24,0.9230769230769231,0.9230769230769231,0.0,0.0
reference,by_mission,hy-2c,held-out,48,radial,26,26,0.12719576125464532,0.12719580829140908,23,23,0.8846153846153846,0.8846153846153846,26,26,1.0,1.0,0.0,0.0
reference,by_mission,hy-2c,held-out,48,in_track,26,26,1.270761139949709,1.270761134995602,21,21,0.8076923076923077,0.8076923076923077,24,24,0.9230769230769231,0.9230769230769231,0.0,0.0
reference,by_mission,hy-2c,held-out,48,cross,26,26,0.21701569964738454,0.2170157003162228,9,9,0.34615384615384615,0.34615384615384615,26,26,1.0,1.0,0.0,0.0
reference,by_mission,hy-2c,held-out,72,radial,26,26,0.18696457858553114,0.18696474621182607,11,11,0.4230769230769231,0.4230769230769231,26,26,1.0,1.0,0.0,0.0
reference,by_mission,hy-2c,held-out,72,in_track,26,26,2.745600326279903,2.745600314042306,24,24,0.9230769230769231,0.9230769230769231,24,24,0.9230769230769231,0.9230769230769231,0.0,0.0
reference,by_mission,hy-2c,held-out,72,cross,26,26,0.3255235494710768,0.32552355455743476,16,16,0.6153846153846154,0.6153846153846154,26,26,1.0,1.0,0.0,0.0
reference,by_mission,hy-2c,held-out,96,radial,24,24,0.24572601336222644,0.24572689727632996,24,24,1.0,1.0,24,24,1.0,1.0,0.0,0.0
reference,by_mission,hy-2c,held-out,96,in_track,24,24,4.7426482717440015,4.742648216318586,22,22,0.9166666666666666,0.9166666666666666,23,23,0.9583333333333334,0.9583333333333334,0.0,0.0
reference,by_mission,hy-2c,held-out,96,cross,24,24,0.4340313992947691,0.434031482435009,24,24,1.0,1.0,24,24,1.0,1.0,0.0,0.0
reference,by_mission,hy-2c,held-out,120,radial,20,20,0.3037495527304901,0.303752607788622,20,20,1.0,1.0,20,20,1.0,1.0,0.0,0.0
reference,by_mission,hy-2c,held-out,120,in_track,20,20,7.246861179081166,7.246861038876014,18,18,0.9,0.9,19,19,0.95,0.95,0.0,0.0
reference,by_mission,hy-2c,held-out,120,cross,20,20,0.5425392491184613,0.5425394320860447,20,20,1.0,1.0,20,20,1.0,1.0,0.0,0.0
reference,by_mission,hy-2c,held-out,144,radial,16,16,0.36119175735577747,0.36119473639571315,5,5,0.3125,0.3125,16,16,1.0,1.0,0.0,0.0
reference,by_mission,hy-2c,held-out,144,in_track,16,16,10.246942743973491,10.246942636443126,15,15,0.9375,0.9375,16,16,1.0,1.0,0.0,0.0
reference,by_mission,hy-2c,held-out,144,cross,16,16,0.6510470989421536,0.6510471335418422,7,7,0.4375,0.4375,16,16,1.0,1.0,0.0,0.0
reference,by_mission,hy-2c,held-out,168,radial,12,12,0.41815498735667556,0.41816408167043395,12,12,1.0,1.0,12,12,1.0,1.0,0.0,0.0
reference,by_mission,hy-2c,held-out,168,in_track,12,12,13.733878779939568,13.733878426229742,11,11,0.9166666666666666,0.9166666666666666,12,12,1.0,1.0,0.0,0.0
reference,by_mission,hy-2c,held-out,168,cross,12,12,0.759554948765846,0.7595560987155309,12,12,1.0,1.0,12,12,1.0,1.0,0.0,0.0
reference,by_mission,hy-2c,quiet,6,radial,30,30,0.032529806855592674,0.03252980904415559,2,2,0.06666666666666667,0.06666666666666667,5,5,0.16666666666666666,0.16666666666666666,0.0,0.0
reference,by_mission,hy-2c,quiet,6,in_track,30,30,0.24545912394556849,0.2454591236005363,10,10,0.3333333333333333,0.3333333333333333,20,20,0.6666666666666666,0.6666666666666666,0.0,0.0
reference,by_mission,hy-2c,quiet,6,cross,30,30,0.05132963178420971,0.051329632111470326,5,5,0.16666666666666666,0.16666666666666666,11,11,0.36666666666666664,0.36666666666666664,0.0,0.0
reference,by_mission,hy-2c,quiet,12,radial,30,30,0.032529806855592674,0.03252980876002182,8,8,0.26666666666666666,0.26666666666666666,14,14,0.4666666666666667,0.4666666666666667,0.0,0.0
reference,by_mission,hy-2c,quiet,12,in_track,30,30,0.24545912394556849,0.2454591236089853,9,9,0.3,0.3,28,28,0.9333333333333333,0.9333333333333333,0.0,0.0
reference,by_mission,hy-2c,quiet,12,cross,30,30,0.05132963178420971,0.0513296320102941,13,13,0.43333333333333335,0.43333333333333335,18,18,0.6,0.6,0.0,0.0
reference,by_mission,hy-2c,quiet,24,radial,30,30,0.06505961371118535,0.06505962091603032,15,15,0.5,0.5,24,24,0.8,0.8,0.0,0.0
reference,by_mission,hy-2c,quiet,24,in_track,30,30,0.6257050699946006,0.6257050690697178,29,29,0.9666666666666667,0.9666666666666667,30,30,1.0,1.0,0.0,0.0
reference,by_mission,hy-2c,quiet,24,cross,30,30,0.10265926356841942,0.10265926438493246,8,8,0.26666666666666666,0.26666666666666666,19,19,0.6333333333333333,0.6333333333333333,0.0,0.0
reference,by_mission,hy-2c,quiet,36,radial,30,30,0.09758942056677802,0.09758943209517323,24,24,0.8,0.8,30,30,1.0,1.0,0.0,0.0
reference,by_mission,hy-2c,quiet,36,in_track,30,30,1.0816652403424873,1.081665239157029,30,30,1.0,1.0,30,30,1.0,1.0,0.0,0.0
reference,by_mission,hy-2c,quiet,36,cross,30,30,0.15398889535262913,0.15398889597123527,11,11,0.36666666666666664,0.36666666666666664,27,27,0.9,0.9,0.0,0.0
reference,by_mission,hy-2c,quiet,48,radial,30,30,0.1301192274223707,0.13011925391675816,27,27,0.9,0.9,30,30,1.0,1.0,0.0,0.0
reference,by_mission,hy-2c,quiet,48,in_track,30,30,1.594998093058322,1.5949980907118402,30,30,1.0,1.0,30,30,1.0,1.0,0.0,0.0
reference,by_mission,hy-2c,quiet,48,cross,30,30,0.20531852713683885,0.20531852748685428,13,13,0.43333333333333335,0.43333333333333335,30,30,1.0,1.0,0.0,0.0
reference,by_mission,hy-2c,quiet,72,radial,30,30,0.19517884113355605,0.19517897347440757,16,16,0.5333333333333333,0.5333333333333333,30,30,1.0,1.0,0.0,0.0
reference,by_mission,hy-2c,quiet,72,in_track,30,30,2.7572958545607222,2.7572958446457045,30,30,1.0,1.0,30,30,1.0,1.0,0.0,0.0
reference,by_mission,hy-2c,quiet,72,cross,30,30,0.30797779070525827,0.3079777979344179,21,21,0.7,0.7,30,30,1.0,1.0,0.0,0.0
reference,by_mission,hy-2c,quiet,96,radial,30,30,0.2602384548447414,0.2602388267515174,30,30,1.0,1.0,30,30,1.0,1.0,0.0,0.0
reference,by_mission,hy-2c,quiet,96,in_track,30,30,4.065843540122883,4.065843510260139,30,30,1.0,1.0,30,30,1.0,1.0,0.0,0.0
reference,by_mission,hy-2c,quiet,96,cross,30,30,0.4106370542736777,0.41063711115027524,29,29,0.9666666666666667,0.9666666666666667,30,30,1.0,1.0,0.0,0.0
reference,by_mission,hy-2c,quiet,120,radial,30,30,0.32529806855592674,0.32529850181038816,30,30,1.0,1.0,30,30,1.0,1.0,0.0,0.0
reference,by_mission,hy-2c,quiet,120,in_track,30,30,5.495145294314104,5.495145255825768,30,30,1.0,1.0,30,30,1.0,1.0,0.0,0.0
reference,by_mission,hy-2c,quiet,120,cross,30,30,0.5132963178420971,0.5132964058718892,21,21,0.7,0.7,30,30,1.0,1.0,0.0,0.0
reference,by_mission,hy-2c,quiet,144,radial,30,30,0.3903576822671121,0.39035785875230355,22,22,0.7333333333333333,0.7333333333333333,30,30,1.0,1.0,0.0,0.0
reference,by_mission,hy-2c,quiet,144,in_track,30,30,7.028681468187431,7.028681456121388,30,30,1.0,1.0,30,30,1.0,1.0,0.0,0.0
reference,by_mission,hy-2c,quiet,144,cross,30,30,0.6159555814105165,0.6159555956251337,6,6,0.2,0.2,30,30,1.0,1.0,0.0,0.0
reference,by_mission,hy-2c,quiet,168,radial,30,30,0.45541729597829744,0.4554191530524989,30,30,1.0,1.0,30,30,1.0,1.0,0.0,0.0
reference,by_mission,hy-2c,quiet,168,in_track,30,30,8.654700191682144,8.654700049141567,30,30,1.0,1.0,30,30,1.0,1.0,0.0,0.0
reference,by_mission,hy-2c,quiet,168,cross,30,30,0.718614844978936,0.7186153973218832,30,30,1.0,1.0,30,30,1.0,1.0,0.0,0.0
reference,by_mission,hy-2c,storm,6,radial,34,34,0.03145217460041275,0.03145217543962888,0,0,0.0,0.0,0,0,0.0,0.0,0.0,0.0
reference,by_mission,hy-2c,storm,6,in_track,34,34,0.16877718401283634,0.1687771838213382,9,9,0.2647058823529412,0.2647058823529412,19,19,0.5588235294117647,0.5588235294117647,0.0,0.0
reference,by_mission,hy-2c,storm,6,cross,34,34,0.05308147520298608,0.053081475307020655,12,12,0.35294117647058826,0.35294117647058826,17,17,0.5,0.5,0.0,0.0
reference,by_mission,hy-2c,storm,12,radial,34,34,0.03145217460041275,0.03145217564149163,9,9,0.2647058823529412,0.2647058823529412,12,12,0.35294117647058826,0.35294117647058826,0.0,0.0
reference,by_mission,hy-2c,storm,12,in_track,34,34,0.16877718401283634,0.1687771837902393,11,11,0.3235294117647059,0.3235294117647059,16,16,0.47058823529411764,0.47058823529411764,0.0,0.0
reference,by_mission,hy-2c,storm,12,cross,34,34,0.05308147520298608,0.05308147531027098,8,8,0.23529411764705882,0.23529411764705882,15,15,0.4411764705882353,0.4411764705882353,0.0,0.0
reference,by_mission,hy-2c,storm,24,radial,34,34,0.0629043492008255,0.06290435371324554,15,15,0.4411764705882353,0.4411764705882353,24,24,0.7058823529411765,0.7058823529411765,0.0,0.0
reference,by_mission,hy-2c,storm,24,in_track,34,34,0.47737396530018533,0.4773739646287968,23,23,0.6764705882352942,0.6764705882352942,34,34,1.0,1.0,0.0,0.0
reference,by_mission,hy-2c,storm,24,cross,34,34,0.10616295040597216,0.1061629508424643,11,11,0.3235294117647059,0.3235294117647059,32,32,0.9411764705882353,0.9411764705882353,0.0,0.0
reference,by_mission,hy-2c,storm,36,radial,34,34,0.09435652380123824,0.09435652879417383,34,34,1.0,1.0,34,34,1.0,1.0,0.0,0.0
reference,by_mission,hy-2c,storm,36,in_track,34,34,0.8769919736059026,0.8769919724003135,34,34,1.0,1.0,34,34,1.0,1.0,0.0,0.0
reference,by_mission,hy-2c,storm,36,cross,34,34,0.15924442560895824,0.15924442700017272,21,21,0.6176470588235294,0.6176470588235294,30,30,0.8823529411764706,0.8823529411764706,0.0,0.0
reference,by_mission,hy-2c,storm,48,radial,34,34,0.125808698401651,0.12580870630932225,26,26,0.7647058823529411,0.7647058823529411,34,34,1.0,1.0,0.0,0.0
reference,by_mission,hy-2c,storm,48,in_track,34,34,1.3502174721026907,1.3502174706539938,34,34,1.0,1.0,34,34,1.0,1.0,0.0,0.0
reference,by_mission,hy-2c,storm,48,cross,34,34,0.21232590081194433,0.2123259030938106,17,17,0.5,0.5,34,34,1.0,1.0,0.0,0.0
reference,by_mission,hy-2c,storm,72,radial,29,29,0.18871304760247648,0.18871309639886982,20,20,0.6896551724137931,0.6896551724137931,29,29,1.0,1.0,0.0,0.0
reference,by_mission,hy-2c,storm,72,in_track,29,29,2.4805078863316297,2.4805078818828403,29,29,1.0,1.0,29,29,1.0,1.0,0.0,0.0
reference,by_mission,hy-2c,storm,72,cross,29,29,0.3184888512179165,0.3184888549936292,12,12,0.41379310344827586,0.41379310344827586,29,29,1.0,1.0,0.0,0.0
reference,by_mission,hy-2c,storm,96,radial,25,25,0.251617396803302,0.2516178190179536,25,25,1.0,1.0,25,25,1.0,1.0,0.0,0.0
reference,by_mission,hy-2c,storm,96,in_track,25,25,3.8189917224014827,3.818991685239385,25,25,1.0,1.0,25,25,1.0,1.0,0.0,0.0
reference,by_mission,hy-2c,storm,96,cross,25,25,0.42465180162388866,0.42465187562406026,24,24,0.96,0.96,25,25,1.0,1.0,0.0,0.0
reference,by_mission,hy-2c,storm,120,radial,20,20,0.31452174600412747,0.3145236161313685,20,20,1.0,1.0,20,20,1.0,1.0,0.0,0.0
reference,by_mission,hy-2c,storm,120,in_track,20,20,5.3372031854992015,5.337203065197405,20,20,1.0,1.0,20,20,1.0,1.0,0.0,0.0
reference,by_mission,hy-2c,storm,120,cross,20,20,0.5308147520298608,0.5308148751815287,19,19,0.95,0.95,20,20,1.0,1.0,0.0,0.0
reference,by_mission,hy-2c,storm,144,radial,15,15,0.37742609520495296,0.37742752183131134,12,12,0.8,0.8,15,15,1.0,1.0,0.0,0.0
reference,by_mission,hy-2c,storm,144,in_track,15,15,7.015935788847221,7.015935709592247,15,15,1.0,1.0,15,15,1.0,1.0,0.0,0.0
reference,by_mission,hy-2c,storm,144,cross,15,15,0.636977702435833,0.6369777143098304,1,1,0.06666666666666667,0.06666666666666667,15,15,1.0,1.0,0.0,0.0
reference,by_mission,hy-2c,storm,168,radial,10,10,0.44033044440577845,0.44033108708023666,10,10,1.0,1.0,10,10,1.0,1.0,0.0,0.0
reference,by_mission,hy-2c,storm,168,in_track,10,10,8.841089561927475,8.84108947588259,10,10,1.0,1.0,10,10,1.0,1.0,0.0,0.0
reference,by_mission,hy-2c,storm,168,cross,10,10,0.7431406528418052,0.743141267984296,10,10,1.0,1.0,10,10,1.0,1.0,0.0,0.0
reference,by_mission,hy-2d,august,6,radial,23,23,0.031366938442678786,0.03136693842806935,1,1,0.043478260869565216,0.043478260869565216,2,2,0.08695652173913043,0.08695652173913043,0.0,0.0
reference,by_mission,hy-2d,august,6,in_track,23,23,0.022858585647057186,0.02285858570984456,0,0,0.0,0.0,0,0,0.0,0.0,0.0,0.0
reference,by_mission,hy-2d,august,6,cross,23,23,0.045449780517838406,0.04544978050379354,3,3,0.13043478260869565,0.13043478260869565,11,11,0.4782608695652174,0.4782608695652174,0.0,0.0
reference,by_mission,hy-2d,august,12,radial,23,23,0.031366938442678786,0.03136693842260625,6,6,0.2608695652173913,0.2608695652173913,10,10,0.43478260869565216,0.43478260869565216,0.0,0.0
reference,by_mission,hy-2d,august,12,in_track,23,23,0.022858585647057186,0.022858585715944717,2,2,0.08695652173913043,0.08695652173913043,2,2,0.08695652173913043,0.08695652173913043,0.0,0.0
reference,by_mission,hy-2d,august,12,cross,23,23,0.045449780517838406,0.04544978050483516,6,6,0.2608695652173913,0.2608695652173913,11,11,0.4782608695652174,0.4782608695652174,0.0,0.0
reference,by_mission,hy-2d,august,24,radial,23,23,0.06273387688535757,0.06273387738063765,6,6,0.2608695652173913,0.2608695652173913,12,12,0.5217391304347826,0.5217391304347826,0.0,0.0
reference,by_mission,hy-2d,august,24,in_track,23,23,0.11653861304777717,0.11653861276968545,2,2,0.08695652173913043,0.08695652173913043,4,4,0.17391304347826086,0.17391304347826086,0.0,0.0
reference,by_mission,hy-2d,august,24,cross,23,23,0.09089956103567681,0.09089956103850425,10,10,0.43478260869565216,0.43478260869565216,18,18,0.782608695652174,0.782608695652174,0.0,0.0
reference,by_mission,hy-2d,august,36,radial,22,22,0.09410081532803635,0.09410081706620024,20,20,0.9090909090909091,0.9090909090909091,22,22,1.0,1.0,0.0,0.0
reference,by_mission,hy-2d,august,36,in_track,22,22,0.30219293306811096,0.3021929324407995,5,5,0.22727272727272727,0.22727272727272727,14,14,0.6363636363636364,0.6363636363636364,0.0,0.0
reference,by_mission,hy-2d,august,36,cross,22,22,0.13634934155351522,0.13634934167776527,11,11,0.5,0.5,19,19,0.8636363636363636,0.8636363636363636,0.0,0.0
reference,by_mission,hy-2d,august,48,radial,20,20,0.12546775377071515,0.1254677623759783,8,8,0.4,0.4,20,20,1.0,1.0,0.0,0.0
reference,by_mission,hy-2d,august,48,in_track,20,20,0.5941421110123665,0.5941421091166141,10,10,0.5,0.5,18,18,0.9,0.9,0.0,0.0
reference,by_mission,hy-2d,august,48,cross,20,20,0.18179912207135362,0.18179912231502737,11,11,0.55,0.55,20,20,1.0,1.0,0.0,0.0
reference,by_mission,hy-2d,august,72,radial,15,15,0.1882016306560727,0.18820164110204043,8,8,0.5333333333333333,0.5333333333333333,15,15,1.0,1.0,0.0,0.0
reference,by_mission,hy-2d,august,72,in_track,15,15,1.5406528573709573,1.5406528559132804,15,15,1.0,1.0,15,15,1.0,1.0,0.0,0.0
reference,by_mission,hy-2d,august,72,cross,15,15,0.27269868310703044,0.27269868474123715,7,7,0.4666666666666667,0.4666666666666667,15,15,1.0,1.0,0.0,0.0
reference,by_mission,hy-2d,august,96,radial,11,11,0.2509355075414303,0.25093570951198396,11,11,1.0,1.0,11,11,1.0,1.0,0.0,0.0
reference,by_mission,hy-2d,august,96,in_track,11,11,3.02908056691485,3.0290805459330032,11,11,1.0,1.0,11,11,1.0,1.0,0.0,0.0
reference,by_mission,hy-2d,august,96,cross,11,11,0.36359824414270725,0.363598270973219,11,11,1.0,1.0,11,11,1.0,1.0,0.0,0.0
reference,by_mission,hy-2d,august,120,radial,7,7,0.3136693844267879,0.3136711297749067,7,7,1.0,1.0,7,7,1.0,1.0,0.0,0.0
reference,by_mission,hy-2d,august,120,in_track,7,7,5.1173998885841785,5.11739977824087,7,7,1.0,1.0,7,7,1.0,1.0,0.0,0.0
reference,by_mission,hy-2d,august,120,cross,7,7,0.45449780517838406,0.45449784812281835,7,7,1.0,1.0,7,7,1.0,1.0,0.0,0.0
reference,by_mission,hy-2d,august,144,radial,4,4,0.3764032613121454,0.37640523438794515,3,3,0.75,0.75,4,4,1.0,1.0,0.0,0.0
reference,by_mission,hy-2d,august,144,in_track,4,4,7.854621889487764,7.854621793862468,4,4,1.0,1.0,4,4,1.0,1.0,0.0,0.0
reference,by_mission,hy-2d,august,144,cross,4,4,0.5453973662140609,0.545397392061611,3,3,0.75,0.75,4,4,1.0,1.0,0.0,0.0
reference,by_mission,hy-2d,august,168,radial,0,0,,,0,0,,,0,0,,,,
reference,by_mission,hy-2d,august,168,in_track,0,0,,,0,0,,,0,0,,,,
reference,by_mission,hy-2d,august,168,cross,0,0,,,0,0,,,0,0,,,,
reference,by_mission,hy-2d,held-out,6,radial,17,17,0.030789076429606717,0.03078907646656958,4,4,0.23529411764705882,0.23529411764705882,5,5,0.29411764705882354,0.29411764705882354,0.0,0.0
reference,by_mission,hy-2d,held-out,6,in_track,17,17,0.043017100322469956,0.04301710029705513,1,1,0.058823529411764705,0.058823529411764705,2,2,0.11764705882352941,0.11764705882352941,0.0,0.0
reference,by_mission,hy-2d,held-out,6,cross,17,17,0.050397068651728605,0.05039706864758636,4,4,0.23529411764705882,0.23529411764705882,8,8,0.47058823529411764,0.47058823529411764,0.0,0.0
reference,by_mission,hy-2d,held-out,12,radial,17,17,0.030789076429606717,0.030789076478487637,5,5,0.29411764705882354,0.29411764705882354,5,5,0.29411764705882354,0.29411764705882354,0.0,0.0
reference,by_mission,hy-2d,held-out,12,in_track,17,17,0.043017100322469956,0.04301710030184819,0,0,0.0,0.0,2,2,0.11764705882352941,0.11764705882352941,0.0,0.0
reference,by_mission,hy-2d,held-out,12,cross,17,17,0.050397068651728605,0.05039706864115305,4,4,0.23529411764705882,0.23529411764705882,7,7,0.4117647058823529,0.4117647058823529,0.0,0.0
reference,by_mission,hy-2d,held-out,24,radial,14,14,0.061578152859213434,0.06157815299047882,6,6,0.42857142857142855,0.42857142857142855,11,11,0.7857142857142857,0.7857142857142857,0.0,0.0
reference,by_mission,hy-2d,held-out,24,in_track,14,14,0.09882734475432732,0.09882734470624709,3,3,0.21428571428571427,0.21428571428571427,6,6,0.42857142857142855,0.42857142857142855,0.0,0.0
reference,by_mission,hy-2d,held-out,24,cross,14,14,0.10079413730345721,0.10079413726936381,3,3,0.21428571428571427,0.21428571428571427,6,6,0.42857142857142855,0.42857142857142855,0.0,0.0
reference,by_mission,hy-2d,held-out,36,radial,13,13,0.09236722928882016,0.09236722982995184,10,10,0.7692307692307693,0.7692307692307693,13,13,1.0,1.0,0.0,0.0
reference,by_mission,hy-2d,held-out,36,in_track,13,13,0.1607631984127364,0.1607631981297909,4,4,0.3076923076923077,0.3076923076923077,4,4,0.3076923076923077,0.3076923076923077,0.0,0.0
reference,by_mission,hy-2d,held-out,36,cross,13,13,0.15119120595518581,0.15119120589492419,4,4,0.3076923076923077,0.3076923076923077,8,8,0.6153846153846154,0.6153846153846154,0.0,0.0
reference,by_mission,hy-2d,held-out,48,radial,11,11,0.12315630571842687,0.12315630605034,8,8,0.7272727272727273,0.7272727272727273,11,11,1.0,1.0,0.0,0.0
reference,by_mission,hy-2d,held-out,48,in_track,11,11,0.22704561669604129,0.22704561657538216,5,5,0.45454545454545453,0.45454545454545453,9,9,0.8181818181818182,0.8181818181818182,0.0,0.0
reference,by_mission,hy-2d,held-out,48,cross,11,11,0.20158827460691442,0.20158827450971736,3,3,0.2727272727272727,0.2727272727272727,8,8,0.7272727272727273,0.7272727272727273,0.0,0.0
reference,by_mission,hy-2d,held-out,72,radial,7,7,0.18473445857764031,0.1847344595750679,3,3,0.42857142857142855,0.42857142857142855,7,7,1.0,1.0,0.0,0.0
reference,by_mission,hy-2d,held-out,72,in_track,7,7,0.3693368431215445,0.369336842698577,3,3,0.42857142857142855,0.42857142857142855,7,7,1.0,1.0,0.0,0.0
reference,by_mission,hy-2d,held-out,72,cross,7,7,0.30238241191037163,0.3023824119448307,5,5,0.7142857142857143,0.7142857142857143,7,7,1.0,1.0,0.0,0.0
reference,by_mission,hy-2d,held-out,96,radial,2,2,0.24631261143685373,0.24631261275732197,1,1,0.5,0.5,2,2,1.0,1.0,0.0,0.0
reference,by_mission,hy-2d,held-out,96,in_track,2,2,0.52161385281606,0.5216138516866987,2,2,1.0,1.0,2,2,1.0,1.0,0.0,0.0
reference,by_mission,hy-2d,held-out,96,cross,2,2,0.40317654921382884,0.40317654986823837,2,2,1.0,1.0,2,2,1.0,1.0,0.0,0.0
reference,by_mission,hy-2d,held-out,120,radial,2,2,0.30789076429606715,0.3078907671749791,2,2,1.0,1.0,2,2,1.0,1.0,0.0,0.0
reference,by_mission,hy-2d,held-out,120,in_track,2,2,0.681775094604994,0.6817750939339566,2,2,1.0,1.0,2,2,1.0,1.0,0.0,0.0
reference,by_mission,hy-2d,held-out,120,cross,2,2,0.503970686517286,0.5039706856662567,0,0,0.0,0.0,2,2,1.0,1.0,0.0,0.0
reference,by_mission,hy-2d,held-out,144,radial,2,2,0.36946891715528063,0.3694689447931393,1,1,0.5,0.5,2,2,1.0,1.0,0.0,0.0
reference,by_mission,hy-2d,held-out,144,in_track,2,2,0.8485132482670323,0.8485132366305812,1,1,0.5,0.5,1,1,0.5,0.5,0.0,0.0
reference,by_mission,hy-2d,held-out,144,cross,2,2,0.6047648238207433,0.6047648232624313,1,1,0.5,0.5,2,2,1.0,1.0,0.0,0.0
reference,by_mission,hy-2d,held-out,168,radial,2,2,0.43104707001449405,0.4310472250480294,2,2,1.0,1.0,2,2,1.0,1.0,0.0,0.0
reference,by_mission,hy-2d,held-out,168,in_track,2,2,1.0209272011406187,1.0209271331065504,0,0,0.0,0.0,0,0,0.0,0.0,0.0,0.0
reference,by_mission,hy-2d,held-out,168,cross,2,2,0.7055589611242005,0.705558964853247,2,2,1.0,1.0,2,2,1.0,1.0,0.0,0.0
reference,by_mission,hy-2d,quiet,6,radial,27,27,0.03189296329545869,0.03189296681779402,2,2,0.07407407407407407,0.07407407407407407,7,7,0.25925925925925924,0.25925925925925924,0.0,0.0
reference,by_mission,hy-2d,quiet,6,in_track,27,27,0.23654633673331094,0.2365463362012189,3,3,0.1111111111111111,0.1111111111111111,14,14,0.5185185185185185,0.5185185185185185,0.0,0.0
reference,by_mission,hy-2d,quiet,6,cross,27,27,0.043817921107786935,0.043817921479984895,8,8,0.2962962962962963,0.2962962962962963,13,13,0.48148148148148145,0.48148148148148145,0.0,0.0
reference,by_mission,hy-2d,quiet,12,radial,27,27,0.03189296329545869,0.0318929661065846,8,8,0.2962962962962963,0.2962962962962963,9,9,0.3333333333333333,0.3333333333333333,0.0,0.0
reference,by_mission,hy-2d,quiet,12,in_track,27,27,0.23654633673331094,0.2365463362704568,6,6,0.2222222222222222,0.2222222222222222,15,15,0.5555555555555556,0.5555555555555556,0.0,0.0
reference,by_mission,hy-2d,quiet,12,cross,27,27,0.043817921107786935,0.04381792143258973,5,5,0.18518518518518517,0.18518518518518517,13,13,0.48148148148148145,0.48148148148148145,0.0,0.0
reference,by_mission,hy-2d,quiet,24,radial,27,27,0.06378592659091738,0.06378593150450021,13,13,0.48148148148148145,0.48148148148148145,26,26,0.9629629629629629,0.9629629629629629,0.0,0.0
reference,by_mission,hy-2d,quiet,24,in_track,27,27,0.524929187937525,0.52492918707421,25,25,0.9259259259259259,0.9259259259259259,27,27,1.0,1.0,0.0,0.0
reference,by_mission,hy-2d,quiet,24,cross,27,27,0.08763584221557387,0.0876358434801378,5,5,0.18518518518518517,0.18518518518518517,20,20,0.7407407407407407,0.7407407407407407,0.0,0.0
reference,by_mission,hy-2d,quiet,36,radial,27,27,0.09567888988637607,0.09567890471177973,20,20,0.7407407407407407,0.7407407407407407,27,27,1.0,1.0,0.0,0.0
reference,by_mission,hy-2d,quiet,36,in_track,27,27,0.836769168160906,0.8367691662213379,26,26,0.9629629629629629,0.9629629629629629,27,27,1.0,1.0,0.0,0.0
reference,by_mission,hy-2d,quiet,36,cross,27,27,0.1314537633233608,0.1314537652677443,9,9,0.3333333333333333,0.3333333333333333,20,20,0.7407407407407407,0.7407407407407407,0.0,0.0
reference,by_mission,hy-2d,quiet,48,radial,27,27,0.12757185318183475,0.12757185939951293,13,13,0.48148148148148145,0.48148148148148145,27,27,1.0,1.0,0.0,0.0
reference,by_mission,hy-2d,quiet,48,in_track,27,27,1.1648908038656842,1.1648908026546492,27,27,1.0,1.0,27,27,1.0,1.0,0.0,0.0
reference,by_mission,hy-2d,quiet,48,cross,27,27,0.17527168443114774,0.17527168650346917,11,11,0.4074074074074074,0.4074074074074074,18,18,0.6666666666666666,0.6666666666666666,0.0,0.0
reference,by_mission,hy-2d,quiet,72,radial,27,27,0.19135777977275215,0.1913577868694192,9,9,0.3333333333333333,0.3333333333333333,27,27,1.0,1.0,0.0,0.0
reference,by_mission,hy-2d,quiet,72,in_track,27,27,1.8569070483178922,1.8569070457708488,27,27,1.0,1.0,27,27,1.0,1.0,0.0,0.0
reference,by_mission,hy-2d,quiet,72,cross,27,27,0.2629075266467216,0.2629075305524571,7,7,0.25925925925925924,0.25925925925925924,27,27,1.0,1.0,0.0,0.0
reference,by_mission,hy-2d,quiet,96,radial,27,27,0.2551437063636695,0.2551437948294257,27,27,1.0,1.0,27,27,1.0,1.0,0.0,0.0
reference,by_mission,hy-2d,quiet,96,in_track,27,27,2.5850545485238694,2.5850545354146517,27,27,1.0,1.0,27,27,1.0,1.0,0.0,0.0
reference,by_mission,hy-2d,quiet,96,cross,27,27,0.3505433688622955,0.3505434040907664,27,27,1.0,1.0,27,27,1.0,1.0,0.0,0.0
reference,by_mission,hy-2d,quiet,120,radial,27,27,0.3189296329545869,0.3189298087260501,27,27,1.0,1.0,27,27,1.0,1.0,0.0,0.0
reference,by_mission,hy-2d,quiet,120,in_track,27,27,3.3413058167877816,3.3413057998017552,27,27,1.0,1.0,27,27,1.0,1.0,0.0,0.0
reference,by_mission,hy-2d,quiet,120,cross,27,27,0.43817921107786933,0.43817922839763984,10,10,0.37037037037037035,0.37037037037037035,27,27,1.0,1.0,0.0,0.0
reference,by_mission,hy-2d,quiet,144,radial,27,27,0.3827155595455043,0.3827156405859785,14,14,0.5185185185185185,0.5185185185185185,27,27,1.0,1.0,0.0,0.0
reference,by_mission,hy-2d,quiet,144,in_track,27,27,4.120734746562287,4.1207347345094085,27,27,1.0,1.0,27,27,1.0,1.0,0.0,0.0
reference,by_mission,hy-2d,quiet,144,cross,27,27,0.5258150532934432,0.5258150783472162,6,6,0.2222222222222222,0.2222222222222222,27,27,1.0,1.0,0.0,0.0
reference,by_mission,hy-2d,quiet,168,radial,27,27,0.44650148613642165,0.4465020744450467,27,27,1.0,1.0,27,27,1.0,1.0,0.0,0.0
reference,by_mission,hy-2d,quiet,168,in_track,27,27,4.91998147772434,4.919981403745309,27,27,1.0,1.0,27,27,1.0,1.0,0.0,0.0
reference,by_mission,hy-2d,quiet,168,cross,27,27,0.6134508955090171,0.6134510857349997,27,27,1.0,1.0,27,27,1.0,1.0,0.0,0.0
reference,by_mission,hy-2d,storm,6,radial,24,24,0.032334584013789164,0.03233458409213881,2,2,0.08333333333333333,0.08333333333333333,10,10,0.4166666666666667,0.4166666666666667,0.0,0.0
reference,by_mission,hy-2d,storm,6,in_track,24,24,0.07365726674565626,0.07365726670145753,5,5,0.20833333333333334,0.20833333333333334,7,7,0.2916666666666667,0.2916666666666667,0.0,0.0
reference,by_mission,hy-2d,storm,6,cross,24,24,0.04637206712416141,0.04637206713486115,6,6,0.25,0.25,9,9,0.375,0.375,0.0,0.0
reference,by_mission,hy-2d,storm,12,radial,22,22,0.032334584013789164,0.03233458416501551,5,5,0.22727272727272727,0.22727272727272727,11,11,0.5,0.5,0.0,0.0
reference,by_mission,hy-2d,storm,12,in_track,22,22,0.07365726674565626,0.07365726664472755,1,1,0.045454545454545456,0.045454545454545456,3,3,0.13636363636363635,0.13636363636363635,0.0,0.0
reference,by_mission,hy-2d,storm,12,cross,22,22,0.04637206712416141,0.04637206715193081,4,4,0.18181818181818182,0.18181818181818182,11,11,0.5,0.5,0.0,0.0
reference,by_mission,hy-2d,storm,24,radial,20,20,0.06466916802757833,0.06466917007860137,9,9,0.45,0.45,12,12,0.6,0.6,0.0,0.0
reference,by_mission,hy-2d,storm,24,in_track,20,20,0.24775252625523594,0.24775252564126854,5,5,0.25,0.25,9,9,0.45,0.45,0.0,0.0
reference,by_mission,hy-2d,storm,24,cross,20,20,0.09274413424832283,0.09274413441978788,5,5,0.25,0.25,8,8,0.4,0.4,0.0,0.0
reference,by_mission,hy-2d,storm,36,radial,19,19,0.09700375204136749,0.09700375392568912,13,13,0.6842105263157895,0.6842105263157895,19,19,1.0,1.0,0.0,0.0
reference,by_mission,hy-2d,storm,36,in_track,19,19,0.5037067780281718,0.503706777621825,12,12,0.631578947368421,0.631578947368421,18,18,0.9473684210526315,0.9473684210526315,0.0,0.0
reference,by_mission,hy-2d,storm,36,cross,19,19,0.13911620137248423,0.13911620146828454,7,7,0.3684210526315789,0.3684210526315789,13,13,0.6842105263157895,0.6842105263157895,0.0,0.0
reference,by_mission,hy-2d,storm,48,radial,19,19,0.12933833605515666,0.12933834993906146,15,15,0.7894736842105263,0.7894736842105263,19,19,1.0,1.0,0.0,0.0
reference,by_mission,hy-2d,storm,48,in_track,19,19,0.8333368447923187,0.8333368425284114,17,17,0.8947368421052632,0.8947368421052632,19,19,1.0,1.0,0.0,0.0
reference,by_mission,hy-2d,storm,48,cross,19,19,0.18548826849664565,0.18548826887651315,0,0,0.0,0.0,13,13,0.6842105263157895,0.6842105263157895,0.0,0.0
reference,by_mission,hy-2d,storm,72,radial,19,19,0.19400750408273498,0.1940075778466658,11,11,0.5789473684210527,0.5789473684210527,19,19,1.0,1.0,0.0,0.0
reference,by_mission,hy-2d,storm,72,in_track,19,19,1.6942608959315524,1.6942608844943607,18,18,0.9473684210526315,0.9473684210526315,19,19,1.0,1.0,0.0,0.0
reference,by_mission,hy-2d,storm,72,cross,19,19,0.27823240274496847,0.27823241075819993,12,12,0.631578947368421,0.631578947368421,19,19,1.0,1.0,0.0,0.0
reference,by_mission,hy-2d,storm,96,radial,19,19,0.2586766721103133,0.25867724812842396,19,19,1.0,1.0,19,19,1.0,1.0,0.0,0.0
reference,by_mission,hy-2d,storm,96,in_track,19,19,2.802999861938808,2.802999805660282,16,16,0.8421052631578947,0.8421052631578947,19,19,1.0,1.0,0.0,0.0
reference,by_mission,hy-2d,storm,96,cross,19,19,0.3709765369932913,0.3709765679464525,19,19,1.0,1.0,19,19,1.0,1.0,0.0,0.0
reference,by_mission,hy-2d,storm,120,radial,19,19,0.32334584013789164,0.3233482209696444,18,18,0.9473684210526315,0.9473684210526315,19,19,1.0,1.0,0.0,0.0
reference,by_mission,hy-2d,storm,120,in_track,19,19,4.142052499165136,4.142052307836761,18,18,0.9473684210526315,0.9473684210526315,19,19,1.0,1.0,0.0,0.0
reference,by_mission,hy-2d,storm,120,cross,19,19,0.46372067124161415,0.4637207052872823,5,5,0.2631578947368421,0.2631578947368421,19,19,1.0,1.0,0.0,0.0
reference,by_mission,hy-2d,storm,144,radial,19,19,0.38801500816546997,0.38802268331012413,11,11,0.5789473684210527,0.5789473684210527,19,19,1.0,1.0,0.0,0.0
reference,by_mission,hy-2d,storm,144,in_track,19,19,5.698791655573557,5.698791124833089,19,19,1.0,1.0,19,19,1.0,1.0,0.0,0.0
reference,by_mission,hy-2d,storm,144,cross,19,19,0.5564648054899369,0.5564648784527243,10,10,0.5263157894736842,0.5263157894736842,19,19,1.0,1.0,0.0,0.0
reference,by_mission,hy-2d,storm,168,radial,19,19,0.4526841761930483,0.452700030954418,19,19,1.0,1.0,19,19,1.0,1.0,0.0,0.0
reference,by_mission,hy-2d,storm,168,in_track,19,19,7.46345058226784,7.463449580196923,19,19,1.0,1.0,19,19,1.0,1.0,0.0,0.0
reference,by_mission,hy-2d,storm,168,cross,19,19,0.6492089397382598,0.6492094042741988,19,19,1.0,1.0,19,19,1.0,1.0,0.0,0.0
reference,by_mission,jason-3,august,6,radial,17,17,0.022978726923658422,0.022978726949021696,12,12,0.7058823529411765,0.7058823529411765,14,14,0.8235294117647058,0.8235294117647058,0.0,0.0
reference,by_mission,jason-3,august,6,in_track,17,17,0.030251698204784037,0.03025169818536489,0,0,0.0,0.0,0,0,0.0,0.0,0.0,0.0
reference,by_mission,jason-3,august,6,cross,17,17,0.028045345646894676,0.02804534564656854,3,3,0.17647058823529413,0.17647058823529413,5,5,0.29411764705882354,0.29411764705882354,0.0,0.0
reference,by_mission,jason-3,august,12,radial,17,17,0.022978726923658422,0.022978726941346547,0,0,0.0,0.0,3,3,0.17647058823529413,0.17647058823529413,0.0,0.0
reference,by_mission,jason-3,august,12,in_track,17,17,0.030251698204784037,0.03025169819300209,0,0,0.0,0.0,1,1,0.058823529411764705,0.058823529411764705,0.0,0.0
reference,by_mission,jason-3,august,12,cross,17,17,0.028045345646894676,0.02804534564663565,1,1,0.058823529411764705,0.058823529411764705,5,5,0.29411764705882354,0.29411764705882354,0.0,0.0
reference,by_mission,jason-3,august,24,radial,17,17,0.045957453847316844,0.04595745385968698,2,2,0.11764705882352941,0.11764705882352941,16,16,0.9411764705882353,0.9411764705882353,0.0,0.0
reference,by_mission,jason-3,august,24,in_track,17,17,0.05267126582567819,0.052671265819392514,1,1,0.058823529411764705,0.058823529411764705,2,2,0.11764705882352941,0.11764705882352941,0.0,0.0
reference,by_mission,jason-3,august,24,cross,17,17,0.05609069129378935,0.056090691289801715,3,3,0.17647058823529413,0.17647058823529413,6,6,0.35294117647058826,0.35294117647058826,0.0,0.0
reference,by_mission,jason-3,august,36,radial,17,17,0.06893618077097527,0.06893618079345588,4,4,0.23529411764705882,0.23529411764705882,17,17,1.0,1.0,0.0,0.0
reference,by_mission,jason-3,august,36,in_track,17,17,0.07285288638842252,0.07285288637519227,0,0,0.0,0.0,0,0,0.0,0.0,0.0,0.0
reference,by_mission,jason-3,august,36,cross,17,17,0.08413603694068403,0.08413603693391894,7,7,0.4117647058823529,0.4117647058823529,10,10,0.5882352941176471,0.5882352941176471,0.0,0.0
reference,by_mission,jason-3,august,48,radial,17,17,0.09191490769463369,0.09191490769988295,3,3,0.17647058823529413,0.17647058823529413,17,17,1.0,1.0,0.0,0.0
reference,by_mission,jason-3,august,48,in_track,17,17,0.09170600026812807,0.09170600027472744,2,2,0.11764705882352941,0.11764705882352941,8,8,0.47058823529411764,0.47058823529411764,0.0,0.0
reference,by_mission,jason-3,august,48,cross,17,17,0.1121813825875787,0.11218138257367638,8,8,0.47058823529411764,0.47058823529411764,13,13,0.7647058823529411,0.7647058823529411,0.0,0.0
reference,by_mission,jason-3,august,72,radial,17,17,0.13787236154195054,0.13787236153655175,15,15,0.8823529411764706,0.8823529411764706,17,17,1.0,1.0,0.0,0.0
reference,by_mission,jason-3,august,72,in_track,17,17,0.12684424256637955,0.12684424263198096,5,5,0.29411764705882354,0.29411764705882354,7,7,0.4117647058823529,0.4117647058823529,0.0,0.0
reference,by_mission,jason-3,august,72,cross,17,17,0.16827207388136806,0.16827207384610077,11,11,0.6470588235294118,0.6470588235294118,17,17,1.0,1.0,0.0,0.0
reference,by_mission,jason-3,august,96,radial,17,17,0.18382981538926738,0.18382981539253423,17,17,1.0,1.0,17,17,1.0,1.0,0.0,0.0
reference,by_mission,jason-3,august,96,in_track,17,17,0.15966942038210682,0.15966942054606104,3,3,0.17647058823529413,0.17647058823529413,6,6,0.35294117647058826,0.35294117647058826,0.0,0.0
reference,by_mission,jason-3,august,96,cross,17,17,0.2243627651751574,0.2243627650759848,9,9,0.5294117647058824,0.5294117647058824,17,17,1.0,1.0,0.0,0.0
reference,by_mission,jason-3,august,120,radial,17,17,0.2297872692365842,0.2297872692781198,16,16,0.9411764705882353,0.9411764705882353,17,17,1.0,1.0,0.0,0.0
reference,by_mission,jason-3,august,120,in_track,17,17,0.19087531165306768,0.1908753118123648,3,3,0.17647058823529413,0.17647058823529413,9,9,0.5294117647058824,0.5294117647058824,0.0,0.0
reference,by_mission,jason-3,august,120,cross,17,17,0.28045345646894676,0.280453456338713,0,0,0.0,0.0,17,17,1.0,1.0,0.0,0.0
reference,by_mission,jason-3,august,144,radial,17,17,0.2757447230839011,0.2757447229982466,17,17,1.0,1.0,17,17,1.0,1.0,0.0,0.0
reference,by_mission,jason-3,august,144,in_track,17,17,0.22084865363406384,0.2208486541828998,4,4,0.23529411764705882,0.23529411764705882,9,9,0.5294117647058824,0.5294117647058824,0.0,0.0
reference,by_mission,jason-3,august,144,cross,17,17,0.3365441477627361,0.3365441474741447,13,13,0.7647058823529411,0.7647058823529411,17,17,1.0,1.0,0.0,0.0
reference,by_mission,jason-3,august,168,radial,17,17,0.3217021769312179,0.32170217681872926,17,17,1.0,1.0,17,17,1.0,1.0,0.0,0.0
reference,by_mission,jason-3,august,168,in_track,17,17,0.24983437182268134,0.24983437282939944,6,6,0.35294117647058826,0.35294117647058826,10,10,0.5882352941176471,0.5882352941176471,0.0,0.0
reference,by_mission,jason-3,august,168,cross,17,17,0.39263483905652546,0.39263483858078946,16,16,0.9411764705882353,0.9411764705882353,17,17,1.0,1.0,0.0,0.0
reference,by_mission,jason-3,held-out,6,radial,17,17,0.02199937956230631,0.021999379812452542,7,7,0.4117647058823529,0.4117647058823529,10,10,0.5882352941176471,0.5882352941176471,0.0,0.0
reference,by_mission,jason-3,held-out,6,in_track,17,17,0.2151386336318423,0.21513863360485236,11,11,0.6470588235294118,0.6470588235294118,12,12,0.7058823529411765,0.7058823529411765,0.0,0.0
reference,by_mission,jason-3,held-out,6,cross,17,17,0.042444988386230065,0.04244498838790311,4,4,0.23529411764705882,0.23529411764705882,9,9,0.5294117647058824,0.5294117647058824,0.0,0.0
reference,by_mission,jason-3,held-out,12,radial,17,17,0.02199937956230631,0.021999385075696612,0,0,0.0,0.0,0,0,0.0,0.0,0.0,0.0
reference,by_mission,jason-3,held-out,12,in_track,17,17,0.2151386336318423,0.21513863301464778,0,0,0.0,0.0,1,1,0.058823529411764705,0.058823529411764705,0.0,0.0
reference,by_mission,jason-3,held-out,12,cross,17,17,0.042444988386230065,0.042444988568420876,4,4,0.23529411764705882,0.23529411764705882,9,9,0.5294117647058824,0.5294117647058824,0.0,0.0
reference,by_mission,jason-3,held-out,24,radial,17,17,0.04399875912461262,0.04399876492580364,9,9,0.5294117647058824,0.5294117647058824,9,9,0.5294117647058824,0.5294117647058824,0.0,0.0
reference,by_mission,jason-3,held-out,24,in_track,17,17,0.4302772672636846,0.4302772666231655,9,9,0.5294117647058824,0.5294117647058824,17,17,1.0,1.0,0.0,0.0
reference,by_mission,jason-3,held-out,24,cross,17,17,0.08488997677246013,0.08488997701224779,4,4,0.23529411764705882,0.23529411764705882,12,12,0.7058823529411765,0.7058823529411765,0.0,0.0
reference,by_mission,jason-3,held-out,36,radial,17,17,0.06599813868691892,0.06599815963578419,16,16,0.9411764705882353,0.9411764705882353,17,17,1.0,1.0,0.0,0.0
reference,by_mission,jason-3,held-out,36,in_track,17,17,0.6454159008955269,0.6454158986459713,9,9,0.5294117647058824,0.5294117647058824,17,17,1.0,1.0,0.0,0.0
reference,by_mission,jason-3,held-out,36,cross,17,17,0.1273349651586902,0.12733496550983625,7,7,0.4117647058823529,0.4117647058823529,10,10,0.5882352941176471,0.5882352941176471,0.0,0.0
reference,by_mission,jason-3,held-out,48,radial,17,17,0.08799751824922523,0.08799752734215587,9,9,0.5294117647058824,0.5294117647058824,17,17,1.0,1.0,0.0,0.0
reference,by_mission,jason-3,held-out,48,in_track,17,17,0.8605545345273692,0.8605545336032075,17,17,1.0,1.0,17,17,1.0,1.0,0.0,0.0
reference,by_mission,jason-3,held-out,48,cross,17,17,0.16977995354492026,0.16977995357926964,5,5,0.29411764705882354,0.29411764705882354,17,17,1.0,1.0,0.0,0.0
reference,by_mission,jason-3,held-out,72,radial,17,17,0.13199627737383784,0.13199628525291776,9,9,0.5294117647058824,0.5294117647058824,10,10,0.5882352941176471,0.5882352941176471,0.0,0.0
reference,by_mission,jason-3,held-out,72,in_track,17,17,1.2908318017910538,1.2908318004089316,17,17,1.0,1.0,17,17,1.0,1.0,0.0,0.0
reference,by_mission,jason-3,held-out,72,cross,17,17,0.2546699303173804,0.25466993153437884,17,17,1.0,1.0,17,17,1.0,1.0,0.0,0.0
reference,by_mission,jason-3,held-out,96,radial,17,17,0.17599503649845047,0.17599511016696257,17,17,1.0,1.0,17,17,1.0,1.0,0.0,0.0
reference,by_mission,jason-3,held-out,96,in_track,17,17,1.7211090690547384,1.721109059963281,17,17,1.0,1.0,17,17,1.0,1.0,0.0,0.0
reference,by_mission,jason-3,held-out,96,cross,17,17,0.3395599070898405,0.33955991360011195,17,17,1.0,1.0,17,17,1.0,1.0,0.0,0.0
reference,by_mission,jason-3,held-out,120,radial,17,17,0.2199937956230631,0.21999380979287853,1,1,0.058823529411764705,0.058823529411764705,17,17,1.0,1.0,0.0,0.0
reference,by_mission,jason-3,held-out,120,in_track,17,17,2.151386336318423,2.1513863349094873,17,17,1.0,1.0,17,17,1.0,1.0,0.0,0.0
reference,by_mission,jason-3,held-out,120,cross,17,17,0.42444988386230065,0.424449883768269,13,13,0.7647058823529411,0.7647058823529411,17,17,1.0,1.0,0.0,0.0
reference,by_mission,jason-3,held-out,144,radial,17,17,0.2639925547476757,0.2639926530318226,9,9,0.5294117647058824,0.5294117647058824,17,17,1.0,1.0,0.0,0.0
reference,by_mission,jason-3,held-out,144,in_track,17,17,2.5816636035821077,2.581663589808448,17,17,1.0,1.0,17,17,1.0,1.0,0.0,0.0
reference,by_mission,jason-3,held-out,144,cross,17,17,0.5093398606347608,0.5093398807896403,17,17,1.0,1.0,17,17,1.0,1.0,0.0,0.0
reference,by_mission,jason-3,held-out,168,radial,17,17,0.30799131387228834,0.3079915048716084,17,17,1.0,1.0,17,17,1.0,1.0,0.0,0.0
reference,by_mission,jason-3,held-out,168,in_track,17,17,3.011940870845792,3.0119408439627557,17,17,1.0,1.0,17,17,1.0,1.0,0.0,0.0
reference,by_mission,jason-3,held-out,168,cross,17,17,0.5942298374072209,0.5942298659218246,17,17,1.0,1.0,17,17,1.0,1.0,0.0,0.0
reference,by_mission,jason-3,quiet,6,radial,19,19,0.02385333737786684,0.023853337619037563,13,13,0.6842105263157895,0.6842105263157895,16,16,0.8421052631578947,0.8421052631578947,0.0,0.0
reference,by_mission,jason-3,quiet,6,in_track,19,19,0.1099547871918341,0.10995478713956819,4,4,0.21052631578947367,0.21052631578947367,8,8,0.42105263157894735,0.42105263157894735,0.0,0.0
reference,by_mission,jason-3,quiet,6,cross,19,19,0.04215668360608643,0.04215668360558732,5,5,0.2631578947368421,0.2631578947368421,11,11,0.5789473684210527,0.5789473684210527,0.0,0.0
reference,by_mission,jason-3,quiet,12,radial,19,19,0.02385333737786684,0.023853338017115994,2,2,0.10526315789473684,0.10526315789473684,3,3,0.15789473684210525,0.15789473684210525,0.0,0.0
reference,by_mission,jason-3,quiet,12,in_track,19,19,0.1099547871918341,0.10995478705138687,1,1,0.05263157894736842,0.05263157894736842,4,4,0.21052631578947367,0.21052631578947367,0.0,0.0
reference,by_mission,jason-3,quiet,12,cross,19,19,0.04215668360608643,0.042156683608147186,1,1,0.05263157894736842,0.05263157894736842,4,4,0.21052631578947367,0.21052631578947367,0.0,0.0
reference,by_mission,jason-3,quiet,24,radial,19,19,0.04770667475573368,0.047706675295678624,4,4,0.21052631578947367,0.21052631578947367,14,14,0.7368421052631579,0.7368421052631579,0.0,0.0
reference,by_mission,jason-3,quiet,24,in_track,19,19,0.26151803051427835,0.2615180304142957,11,11,0.5789473684210527,0.5789473684210527,19,19,1.0,1.0,0.0,0.0
reference,by_mission,jason-3,quiet,24,cross,19,19,0.08431336721217286,0.08431336721259473,2,2,0.10526315789473684,0.10526315789473684,15,15,0.7894736842105263,0.7894736842105263,0.0,0.0
reference,by_mission,jason-3,quiet,36,radial,19,19,0.07156001213360053,0.07156001775781251,12,12,0.631578947368421,0.631578947368421,19,19,1.0,1.0,0.0,0.0
reference,by_mission,jason-3,quiet,36,in_track,19,19,0.4341259140686833,0.43412591302661424,9,9,0.47368421052631576,0.47368421052631576,18,18,0.9473684210526315,0.9473684210526315,0.0,0.0
reference,by_mission,jason-3,quiet,36,cross,19,19,0.1264700508182593,0.12647005083411847,9,9,0.47368421052631576,0.47368421052631576,18,18,0.9473684210526315,0.9473684210526315,0.0,0.0
reference,by_mission,jason-3,quiet,48,radial,19,19,0.09541334951146736,0.09541335002475738,8,8,0.42105263157894735,0.42105263157894735,19,19,1.0,1.0,0.0,0.0
reference,by_mission,jason-3,quiet,48,in_track,19,19,0.6219982051781571,0.6219982049882834,19,19,1.0,1.0,19,19,1.0,1.0,0.0,0.0
reference,by_mission,jason-3,quiet,48,cross,19,19,0.16862673442434573,0.16862673444895976,15,15,0.7894736842105263,0.7894736842105263,19,19,1.0,1.0,0.0,0.0
reference,by_mission,jason-3,quiet,72,radial,19,19,0.14312002426720105,0.1431200263651333,18,18,0.9473684210526315,0.9473684210526315,19,19,1.0,1.0,0.0,0.0
reference,by_mission,jason-3,quiet,72,in_track,19,19,1.0325312516350762,1.0325312511542744,19,19,1.0,1.0,19,19,1.0,1.0,0.0,0.0
reference,by_mission,jason-3,quiet,72,cross,19,19,0.2529401016365186,0.25294010216303076,12,12,0.631578947368421,0.631578947368421,19,19,1.0,1.0,0.0,0.0
reference,by_mission,jason-3,quiet,96,radial,19,19,0.19082669902293473,0.19082670315616615,19,19,1.0,1.0,19,19,1.0,1.0,0.0,0.0
reference,by_mission,jason-3,quiet,96,in_track,19,19,1.4793693822335736,1.4793693793970346,19,19,1.0,1.0,19,19,1.0,1.0,0.0,0.0
reference,by_mission,jason-3,quiet,96,cross,19,19,0.33725346884869145,0.33725347609942014,19,19,1.0,1.0,19,19,1.0,1.0,0.0,0.0
reference,by_mission,jason-3,quiet,120,radial,19,19,0.2385333737786684,0.2385333861487611,18,18,0.9473684210526315,0.9473684210526315,19,19,1.0,1.0,0.0,0.0
reference,by_mission,jason-3,quiet,120,in_track,19,19,1.9553033409845006,1.9553033386146643,19,19,1.0,1.0,19,19,1.0,1.0,0.0,0.0
reference,by_mission,jason-3,quiet,120,cross,19,19,0.4215668360608643,0.4215668359803199,3,3,0.15789473684210525,0.15789473684210525,19,19,1.0,1.0,0.0,0.0
reference,by_mission,jason-3,quiet,144,radial,19,19,0.2862400485344021,0.28624009002847306,19,19,1.0,1.0,19,19,1.0,1.0,0.0,0.0
reference,by_mission,jason-3,quiet,144,in_track,19,19,2.455787021814195,2.4557870123276224,19,19,1.0,1.0,19,19,1.0,1.0,0.0,0.0
reference,by_mission,jason-3,quiet,144,cross,19,19,0.5058802032730372,0.50588022659976,16,16,0.8421052631578947,0.8421052631578947,19,19,1.0,1.0,0.0,0.0
reference,by_mission,jason-3,quiet,168,radial,19,19,0.33394672329013575,0.33394680814027633,19,19,1.0,1.0,19,19,1.0,1.0,0.0,0.0
reference,by_mission,jason-3,quiet,168,in_track,19,19,2.9776536922712404,2.9776536731701007,19,19,1.0,1.0,19,19,1.0,1.0,0.0,0.0
reference,by_mission,jason-3,quiet,168,cross,19,19,0.59019357048521,0.5901935993097682,19,19,1.0,1.0,19,19,1.0,1.0,0.0,0.0
reference,by_mission,jason-3,storm,6,radial,15,15,0.021384592715937577,0.0213845927597652,1,1,0.06666666666666667,0.06666666666666667,6,6,0.4,0.4,0.0,0.0
reference,by_mission,jason-3,storm,6,in_track,15,15,0.032032045003708695,0.03203204499083959,0,0,0.0,0.0,0,0,0.0,0.0,0.0,0.0
reference,by_mission,jason-3,storm,6,cross,15,15,0.04476678906596042,0.0447667890627679,3,3,0.2,0.2,7,7,0.4666666666666667,0.4666666666666667,0.0,0.0
reference,by_mission,jason-3,storm,12,radial,14,14,0.021384592715937577,0.021384592768387885,0,0,0.0,0.0,1,1,0.07142857142857142,0.07142857142857142,0.0,0.0
reference,by_mission,jason-3,storm,12,in_track,14,14,0.032032045003708695,0.032032044981824215,0,0,0.0,0.0,1,1,0.07142857142857142,0.07142857142857142,0.0,0.0
reference,by_mission,jason-3,storm,12,cross,14,14,0.04476678906596042,0.04476678905985561,6,6,0.42857142857142855,0.42857142857142855,9,9,0.6428571428571429,0.6428571428571429,0.0,0.0
reference,by_mission,jason-3,storm,24,radial,13,13,0.042769185431875155,0.042769185770373586,6,6,0.46153846153846156,0.46153846153846156,11,11,0.8461538461538461,0.8461538461538461,0.0,0.0
reference,by_mission,jason-3,storm,24,in_track,13,13,0.11154205928602164,0.11154205915844992,2,2,0.15384615384615385,0.15384615384615385,2,2,0.15384615384615385,0.15384615384615385,0.0,0.0
reference,by_mission,jason-3,storm,24,cross,13,13,0.08953357813192084,0.08953357813718626,8,8,0.6153846153846154,0.6153846153846154,10,10,0.7692307692307693,0.7692307692307693,0.0,0.0
reference,by_mission,jason-3,storm,36,radial,11,11,0.06415377814781273,0.06415378079832207,10,10,0.9090909090909091,0.9090909090909091,11,11,1.0,1.0,0.0,0.0
reference,by_mission,jason-3,storm,36,in_track,11,11,0.23142108449386004,0.23142108371676834,3,3,0.2727272727272727,0.2727272727272727,3,3,0.2727272727272727,0.2727272727272727,0.0,0.0
reference,by_mission,jason-3,storm,36,cross,11,11,0.13430036719788124,0.1343003672272553,5,5,0.45454545454545453,0.45454545454545453,8,8,0.7272727272727273,0.7272727272727273,0.0,0.0
reference,by_mission,jason-3,storm,48,radial,10,10,0.08553837086375031,0.08553837362386651,7,7,0.7,0.7,10,10,1.0,1.0,0.0,0.0
reference,by_mission,jason-3,storm,48,in_track,10,10,0.3884120101706232,0.3884120095896495,5,5,0.5,0.5,8,8,0.8,0.8,0.0,0.0
reference,by_mission,jason-3,storm,48,cross,10,10,0.17906715626384168,0.1790671562205184,0,0,0.0,0.0,7,7,0.7,0.7,0.0,0.0
reference,by_mission,jason-3,storm,72,radial,8,8,0.12830755629562546,0.1283075748574352,6,6,0.75,0.75,8,8,1.0,1.0,0.0,0.0
reference,by_mission,jason-3,storm,72,in_track,8,8,0.8058550218589192,0.8058550185732409,6,6,0.75,0.75,6,6,0.75,0.75,0.0,0.0
reference,by_mission,jason-3,storm,72,cross,8,8,0.2686007343957625,0.26860073563305786,7,7,0.875,0.875,8,8,1.0,1.0,0.0,0.0
reference,by_mission,jason-3,storm,96,radial,5,5,0.17107674172750062,0.17107694208446964,5,5,1.0,1.0,5,5,1.0,1.0,0.0,0.0
reference,by_mission,jason-3,storm,96,in_track,5,5,1.352529176980064,1.3525291509214044,0,0,0.0,0.0,3,3,0.6,0.6,0.0,0.0
reference,by_mission,jason-3,storm,96,cross,5,5,0.35813431252768335,0.35813431575208443,3,3,0.6,0.6,5,5,1.0,1.0,0.0,0.0
reference,by_mission,jason-3,storm,120,radial,5,5,0.21384592715937578,0.21384689201449436,4,4,0.8,0.8,5,5,1.0,1.0,0.0,0.0
reference,by_mission,jason-3,storm,120,in_track,5,5,2.0210854053810086,2.0210853024281548,1,1,0.2,0.2,3,3,0.6,0.6,0.0,0.0
reference,by_mission,jason-3,storm,120,cross,5,5,0.4476678906596042,0.44766789068278623,3,3,0.6,0.6,5,5,1.0,1.0,0.0,0.0
reference,by_mission,jason-3,storm,144,radial,5,5,0.2566151125912509,0.2566178386367991,4,4,0.8,0.8,5,5,1.0,1.0,0.0,0.0
reference,by_mission,jason-3,storm,144,in_track,5,5,2.8061501728571705,2.8061499150174765,1,1,0.2,0.2,3,3,0.6,0.6,0.0,0.0
reference,by_mission,jason-3,storm,144,cross,5,5,0.537201468791525,0.5372015022307913,5,5,1.0,1.0,5,5,1.0,1.0,0.0,0.0
reference,by_mission,jason-3,storm,168,radial,5,5,0.2993842980231261,0.2993917124172856,5,5,1.0,1.0,5,5,1.0,1.0,0.0,0.0
reference,by_mission,jason-3,storm,168,in_track,5,5,3.7035237170932147,3.7035231146274805,1,1,0.2,0.2,3,3,0.6,0.6,0.0,0.0
reference,by_mission,jason-3,storm,168,cross,5,5,0.6267350469234458,0.6267350652171012,4,4,0.8,0.8,5,5,1.0,1.0,0.0,0.0
reference,by_mission,saral,august,6,radial,18,18,0.02182929837278625,0.02182929866838622,1,1,0.05555555555555555,0.05555555555555555,6,6,0.3333333333333333,0.3333333333333333,0.0,0.0
reference,by_mission,saral,august,6,in_track,18,18,0.048566703588320395,0.04856670343396967,1,1,0.05555555555555555,0.05555555555555555,2,2,0.1111111111111111,0.1111111111111111,0.0,0.0
reference,by_mission,saral,august,6,cross,18,18,0.004803461708065699,0.004803461838486866,0,0,0.0,0.0,0,0,0.0,0.0,0.0,0.0
reference,by_mission,saral,august,12,radial,18,18,0.02182929837278625,0.021829298535375637,0,0,0.0,0.0,1,1,0.05555555555555555,0.05555555555555555,0.0,0.0
reference,by_mission,saral,august,12,in_track,18,18,0.048566703588320395,0.04856670349529514,1,1,0.05555555555555555,0.05555555555555555,1,1,0.05555555555555555,0.05555555555555555,0.0,0.0
reference,by_mission,saral,august,12,cross,18,18,0.004803461708065699,0.004803461762518465,0,0,0.0,0.0,0,0,0.0,0.0,0.0,0.0
reference,by_mission,saral,august,24,radial,18,18,0.0436585967455725,0.04365859724155331,14,14,0.7777777777777778,0.7777777777777778,18,18,1.0,1.0,0.0,0.0
reference,by_mission,saral,august,24,in_track,18,18,0.11958525159467831,0.11958525137865256,4,4,0.2222222222222222,0.2222222222222222,6,6,0.3333333333333333,0.3333333333333333,0.0,0.0
reference,by_mission,saral,august,24,cross,18,18,0.008963576494418084,0.008963576691170526,1,1,0.05555555555555555,0.05555555555555555,2,2,0.1111111111111111,0.1111111111111111,0.0,0.0
reference,by_mission,saral,august,36,radial,18,18,0.06548789511835876,0.06548789859727655,8,8,0.4444444444444444,0.4444444444444444,11,11,0.6111111111111112,0.6111111111111112,0.0,0.0
reference,by_mission,saral,august,36,in_track,18,18,0.20257985612143048,0.20257985492943226,3,3,0.16666666666666666,0.16666666666666666,7,7,0.3888888888888889,0.3888888888888889,0.0,0.0
reference,by_mission,saral,august,36,cross,18,18,0.012911106461587862,0.012911106913184539,6,6,0.3333333333333333,0.3333333333333333,9,9,0.5,0.5,0.0,0.0
reference,by_mission,saral,august,48,radial,18,18,0.087317193491145,0.0873171992826749,10,10,0.5555555555555556,0.5555555555555556,18,18,1.0,1.0,0.0,0.0
reference,by_mission,saral,august,48,in_track,18,18,0.29445342883846887,0.2944534271056822,5,5,0.2777777777777778,0.2777777777777778,5,5,0.2777777777777778,0.2777777777777778,0.0,0.0
reference,by_mission,saral,august,48,cross,18,18,0.016726625182911826,0.016726625602464525,1,1,0.05555555555555555,0.05555555555555555,1,1,0.05555555555555555,0.05555555555555555,0.0,0.0
reference,by_mission,saral,august,72,radial,18,18,0.13097579023671752,0.13097581233668865,9,9,0.5,0.5,18,18,1.0,1.0,0.0,0.0
reference,by_mission,saral,august,72,in_track,18,18,0.4988101162402322,0.4988101100155906,3,3,0.16666666666666666,0.16666666666666666,7,7,0.3888888888888889,0.3888888888888889,0.0,0.0
reference,by_mission,saral,august,72,cross,18,18,0.024092976571811052,0.02409297887938644,2,2,0.1111111111111111,0.1111111111111111,4,4,0.2222222222222222,0.2222222222222222,0.0,0.0
reference,by_mission,saral,august,96,radial,18,18,0.17463438698229,0.174634440865025,18,18,1.0,1.0,18,18,1.0,1.0,0.0,0.0
reference,by_mission,saral,august,96,in_track,18,18,0.7250293878094717,0.7250293742226641,4,4,0.2222222222222222,0.2222222222222222,10,10,0.5555555555555556,0.5555555555555556,0.0,0.0
reference,by_mission,saral,august,96,cross,18,18,0.03121298626545424,0.031212987548985955,1,1,0.05555555555555555,0.05555555555555555,2,2,0.1111111111111111,0.1111111111111111,0.0,0.0
reference,by_mission,saral,august,120,radial,18,18,0.2182929837278625,0.21829331428151294,18,18,1.0,1.0,18,18,1.0,1.0,0.0,0.0
reference,by_mission,saral,august,120,in_track,18,18,0.9690331343203956,0.9690330594974974,1,1,0.05555555555555555,0.05555555555555555,3,3,0.16666666666666666,0.16666666666666666,0.0,0.0
reference,by_mission,saral,august,120,cross,18,18,0.03815525259133509,0.038155254705315216,2,2,0.1111111111111111,0.1111111111111111,3,3,0.16666666666666666,0.16666666666666666,0.0,0.0
reference,by_mission,saral,august,144,radial,18,18,0.26195158047343503,0.2619523819318009,13,13,0.7222222222222222,0.7222222222222222,18,18,1.0,1.0,0.0,0.0
reference,by_mission,saral,august,144,in_track,18,18,1.2282145758581804,1.2282144041812764,1,1,0.05555555555555555,0.05555555555555555,6,6,0.3333333333333333,0.3333333333333333,0.0,0.0
reference,by_mission,saral,august,144,cross,18,18,0.044959084011646167,0.044959090205534374,10,10,0.5555555555555556,0.5555555555555556,13,13,0.7222222222222222,0.7222222222222222,0.0,0.0
reference,by_mission,saral,august,168,radial,18,18,0.3056101772190075,0.3056116945150432,18,18,1.0,1.0,18,18,1.0,1.0,0.0,0.0
reference,by_mission,saral,august,168,in_track,18,18,1.5007386710714115,1.5007383615979972,4,4,0.2222222222222222,0.2222222222222222,7,7,0.3888888888888889,0.3888888888888889,0.0,0.0
reference,by_mission,saral,august,168,cross,18,18,0.05164990952220897,0.05164991383632618,1,1,0.05555555555555555,0.05555555555555555,3,3,0.16666666666666666,0.16666666666666666,0.0,0.0
reference,by_mission,saral,held-out,6,radial,17,17,0.020510462986924466,0.020510484443936352,1,1,0.058823529411764705,0.058823529411764705,5,5,0.29411764705882354,0.29411764705882354,0.0,0.0
reference,by_mission,saral,held-out,6,in_track,17,17,0.21463058244489094,0.21463058030331977,2,2,0.11764705882352941,0.11764705882352941,6,6,0.35294117647058826,0.35294117647058826,0.0,0.0
reference,by_mission,saral,held-out,6,cross,17,17,0.013564376816086542,0.013564377785246103,1,1,0.058823529411764705,0.058823529411764705,5,5,0.29411764705882354,0.29411764705882354,0.0,0.0
reference,by_mission,saral,held-out,12,radial,17,17,0.020510462986924466,0.020510466071012232,3,3,0.17647058823529413,0.17647058823529413,4,4,0.23529411764705882,0.23529411764705882,0.0,0.0
reference,by_mission,saral,held-out,12,in_track,17,17,0.21463058244489094,0.2146305821013175,5,5,0.29411764705882354,0.29411764705882354,9,9,0.5294117647058824,0.5294117647058824,0.0,0.0
reference,by_mission,saral,held-out,12,cross,17,17,0.013564376816086542,0.013564377359450168,0,0,0.0,0.0,0,0,0.0,0.0,0.0,0.0
reference,by_mission,saral,held-out,24,radial,17,17,0.04102092597384893,0.04102093351619251,15,15,0.8823529411764706,0.8823529411764706,17,17,1.0,1.0,0.0,0.0
reference,by_mission,saral,held-out,24,in_track,17,17,0.4292611648897819,0.4292611637117624,9,9,0.5294117647058824,0.5294117647058824,12,12,0.7058823529411765,0.7058823529411765,0.0,0.0
reference,by_mission,saral,held-out,24,cross,17,17,0.027128753632173083,0.027128753745270854,0,0,0.0,0.0,0,0,0.0,0.0,0.0,0.0
reference,by_mission,saral,held-out,36,radial,17,17,0.0615313889607734,0.061531429702671094,8,8,0.47058823529411764,0.47058823529411764,8,8,0.47058823529411764,0.47058823529411764,0.0,0.0
reference,by_mission,saral,held-out,36,in_track,17,17,0.6438917473346728,0.6438917433323131,7,7,0.4117647058823529,0.4117647058823529,13,13,0.7647058823529411,0.7647058823529411,0.0,0.0
reference,by_mission,saral,held-out,36,cross,17,17,0.040693130448259625,0.040693133625166036,10,10,0.5882352941176471,0.5882352941176471,16,16,0.9411764705882353,0.9411764705882353,0.0,0.0
reference,by_mission,saral,held-out,48,radial,17,17,0.08204185194769786,0.08204189786887049,5,5,0.29411764705882354,0.29411764705882354,16,16,0.9411764705882353,0.9411764705882353,0.0,0.0
reference,by_mission,saral,held-out,48,in_track,17,17,0.8585223297795638,0.858522325352297,9,9,0.5294117647058824,0.5294117647058824,13,13,0.7647058823529411,0.7647058823529411,0.0,0.0
reference,by_mission,saral,held-out,48,cross,17,17,0.054257507264346166,0.0542575081710647,9,9,0.5294117647058824,0.5294117647058824,9,9,0.5294117647058824,0.5294117647058824,0.0,0.0
reference,by_mission,saral,held-out,72,radial,17,17,0.1230627779215468,0.12306293909125622,14,14,0.8235294117647058,0.8235294117647058,16,16,0.9411764705882353,0.9411764705882353,0.0,0.0
reference,by_mission,saral,held-out,72,in_track,17,17,1.2877834946693456,1.2877834792501353,9,9,0.5294117647058824,0.5294117647058824,13,13,0.7647058823529411,0.7647058823529411,0.0,0.0
reference,by_mission,saral,held-out,72,cross,17,17,0.08138626089651925,0.08138626229212566,2,2,0.11764705882352941,0.11764705882352941,7,7,0.4117647058823529,0.4117647058823529,0.0,0.0
reference,by_mission,saral,held-out,96,radial,17,17,0.16408370389539573,0.1640841968920883,16,16,0.9411764705882353,0.9411764705882353,17,17,1.0,1.0,0.0,0.0
reference,by_mission,saral,held-out,96,in_track,17,17,1.7170446595591276,1.7170446122874263,9,9,0.5294117647058824,0.5294117647058824,12,12,0.7058823529411765,0.7058823529411765,0.0,0.0
reference,by_mission,saral,held-out,96,cross,17,17,0.10851501452869233,0.10851502273419882,6,6,0.35294117647058826,0.35294117647058826,11,11,0.6470588235294118,0.6470588235294118,0.0,0.0
reference,by_mission,saral,held-out,120,radial,17,17,0.20510462986924466,0.20510620449008715,16,16,0.9411764705882353,0.9411764705882353,17,17,1.0,1.0,0.0,0.0
reference,by_mission,saral,held-out,120,in_track,17,17,2.1463058244489095,2.146305673899431,7,7,0.4117647058823529,0.4117647058823529,12,12,0.7058823529411765,0.7058823529411765,0.0,0.0
reference,by_mission,saral,held-out,120,cross,17,17,0.13564376816086543,0.1356437715912569,4,4,0.23529411764705882,0.23529411764705882,9,9,0.5294117647058824,0.5294117647058824,0.0,0.0
reference,by_mission,saral,held-out,144,radial,17,17,0.2461255558430936,0.24612902935712375,12,12,0.7058823529411765,0.7058823529411765,16,16,0.9411764705882353,0.9411764705882353,0.0,0.0
reference,by_mission,saral,held-out,144,in_track,17,17,2.575566989338691,2.575566657070821,7,7,0.4117647058823529,0.4117647058823529,11,11,0.6470588235294118,0.6470588235294118,0.0,0.0
reference,by_mission,saral,held-out,144,cross,17,17,0.1627725217930385,0.16277253523076798,13,13,0.7647058823529411,0.7647058823529411,17,17,1.0,1.0,0.0,0.0
reference,by_mission,saral,held-out,168,radial,17,17,0.2871464818169425,0.28714945786990376,16,16,0.9411764705882353,0.9411764705882353,16,16,0.9411764705882353,0.9411764705882353,0.0,0.0
reference,by_mission,saral,held-out,168,in_track,17,17,3.0048281542284734,3.0048278691917933,8,8,0.47058823529411764,0.47058823529411764,9,9,0.5294117647058824,0.5294117647058824,0.0,0.0
reference,by_mission,saral,held-out,168,cross,17,17,0.18990127542521157,0.1899013064432941,9,9,0.5294117647058824,0.5294117647058824,10,10,0.5882352941176471,0.5882352941176471,0.0,0.0
reference,by_mission,saral,quiet,6,radial,19,19,0.020860719510385074,0.020860724945735428,2,2,0.10526315789473684,0.10526315789473684,5,5,0.2631578947368421,0.2631578947368421,0.0,0.0
reference,by_mission,saral,quiet,6,in_track,19,19,0.159296256463787,0.15929625565031363,1,1,0.05263157894736842,0.05263157894736842,5,5,0.2631578947368421,0.2631578947368421,0.0,0.0
reference,by_mission,saral,quiet,6,cross,19,19,0.013354422441035605,0.01335442264299687,4,4,0.21052631578947367,0.21052631578947367,9,9,0.47368421052631576,0.47368421052631576,0.0,0.0
reference,by_mission,saral,quiet,12,radial,19,19,0.020860719510385074,0.02086072036413364,1,1,0.05263157894736842,0.05263157894736842,4,4,0.21052631578947367,0.21052631578947367,0.0,0.0
reference,by_mission,saral,quiet,12,in_track,19,19,0.159296256463787,0.1592962562864106,3,3,0.15789473684210525,0.15789473684210525,10,10,0.5263157894736842,0.5263157894736842,0.0,0.0
reference,by_mission,saral,quiet,12,cross,19,19,0.013354422441035605,0.013354422750073496,0,0,0.0,0.0,4,4,0.21052631578947367,0.21052631578947367,0.0,0.0
reference,by_mission,saral,quiet,24,radial,19,19,0.04172143902077015,0.041721442642131484,11,11,0.5789473684210527,0.5789473684210527,19,19,1.0,1.0,0.0,0.0
reference,by_mission,saral,quiet,24,in_track,19,19,0.329827653632398,0.3298276530041526,9,9,0.47368421052631576,0.47368421052631576,13,13,0.6842105263157895,0.6842105263157895,0.0,0.0
reference,by_mission,saral,quiet,24,cross,19,19,0.02765073026272862,0.027650730752261144,2,2,0.10526315789473684,0.10526315789473684,3,3,0.15789473684210525,0.15789473684210525,0.0,0.0
reference,by_mission,saral,quiet,36,radial,19,19,0.06258215853115523,0.06258217401047433,7,7,0.3684210526315789,0.3684210526315789,10,10,0.5263157894736842,0.5263157894736842,0.0,0.0
reference,by_mission,saral,quiet,36,in_track,19,19,0.504873861984942,0.5048738598074685,8,8,0.42105263157894735,0.42105263157894735,17,17,0.8947368421052632,0.8947368421052632,0.0,0.0
reference,by_mission,saral,quiet,36,cross,19,19,0.04232553220054331,0.04232553339276371,6,6,0.3157894736842105,0.3157894736842105,13,13,0.6842105263157895,0.6842105263157895,0.0,0.0
reference,by_mission,saral,quiet,48,radial,19,19,0.0834428780415403,0.08344289892363842,10,10,0.5263157894736842,0.5263157894736842,16,16,0.8421052631578947,0.8421052631578947,0.0,0.0
reference,by_mission,saral,quiet,48,in_track,19,19,0.6829180014370496,0.6829179988397073,11,11,0.5789473684210527,0.5789473684210527,17,17,0.8947368421052632,0.8947368421052632,0.0,0.0
reference,by_mission,saral,quiet,48,cross,19,19,0.057251662319204435,0.057251662571514164,4,4,0.21052631578947367,0.21052631578947367,7,7,0.3684210526315789,0.3684210526315789,0.0,0.0
reference,by_mission,saral,quiet,72,radial,19,19,0.12516431706231046,0.12516433265727914,11,11,0.5789473684210527,0.5789473684210527,19,19,1.0,1.0,0.0,0.0
reference,by_mission,saral,quiet,72,in_track,19,19,1.0453564005546863,1.045356398312783,16,16,0.8421052631578947,0.8421052631578947,19,19,1.0,1.0,0.0,0.0
reference,by_mission,saral,quiet,72,cross,19,19,0.08763627774028249,0.08763628097282983,12,12,0.631578947368421,0.631578947368421,19,19,1.0,1.0,0.0,0.0
reference,by_mission,saral,quiet,96,radial,19,19,0.1668857560830806,0.16688580103228953,19,19,1.0,1.0,19,19,1.0,1.0,0.0,0.0
reference,by_mission,saral,quiet,96,in_track,19,19,1.4140021054952656,1.4140020992748992,18,18,0.9473684210526315,0.9473684210526315,19,19,1.0,1.0,0.0,0.0
reference,by_mission,saral,quiet,96,cross,19,19,0.11854127566136687,0.11854127644610428,9,9,0.47368421052631576,0.47368421052631576,14,14,0.7368421052631579,0.7368421052631579,0.0,0.0
reference,by_mission,saral,quiet,120,radial,19,19,0.20860719510385073,0.20860736975503466,17,17,0.8947368421052632,0.8947368421052632,19,19,1.0,1.0,0.0,0.0
reference,by_mission,saral,quiet,120,in_track,19,19,1.787333394535875,1.787333374147087,16,16,0.8421052631578947,0.8421052631578947,19,19,1.0,1.0,0.0,0.0
reference,by_mission,saral,quiet,120,cross,19,19,0.14983908425386225,0.1498390867907696,11,11,0.5789473684210527,0.5789473684210527,16,16,0.8421052631578947,0.8421052631578947,0.0,0.0
reference,by_mission,saral,quiet,144,radial,19,19,0.2503286341246209,0.2503288869698675,11,11,0.5789473684210527,0.5789473684210527,19,19,1.0,1.0,0.0,0.0
reference,by_mission,saral,quiet,144,in_track,19,19,2.164441628814688,2.164441596493764,15,15,0.7894736842105263,0.7894736842105263,19,19,1.0,1.0,0.0,0.0
reference,by_mission,saral,quiet,144,cross,19,19,0.1814535288010707,0.18145353493790395,17,17,0.8947368421052632,0.8947368421052632,19,19,1.0,1.0,0.0,0.0
reference,by_mission,saral,quiet,168,radial,19,19,0.29205007314539105,0.292050512316415,19,19,1.0,1.0,19,19,1.0,1.0,0.0,0.0
reference,by_mission,saral,quiet,168,in_track,19,19,2.544720024268466,2.5447199731311536,13,13,0.6842105263157895,0.6842105263157895,17,17,0.8947368421052632,0.8947368421052632,0.0,0.0
reference,by_mission,saral,quiet,168,cross,19,19,0.21333374024372584,0.21333374719904738,15,15,0.7894736842105263,0.7894736842105263,19,19,1.0,1.0,0.0,0.0
reference,by_mission,saral,storm,6,radial,19,19,0.021294550045354802,0.021294555440646745,1,1,0.05263157894736842,0.05263157894736842,7,7,0.3684210526315789,0.3684210526315789,0.0,0.0
reference,by_mission,saral,storm,6,in_track,19,19,0.1409657840024095,0.14096578317348263,1,1,0.05263157894736842,0.05263157894736842,5,5,0.2631578947368421,0.2631578947368421,0.0,0.0
reference,by_mission,saral,storm,6,cross,19,19,0.009953548028681786,0.009953548232969189,1,1,0.05263157894736842,0.05263157894736842,2,2,0.10526315789473684,0.10526315789473684,0.0,0.0
reference,by_mission,saral,storm,12,radial,19,19,0.021294550045354802,0.021294551182802393,0,0,0.0,0.0,2,2,0.10526315789473684,0.10526315789473684,0.0,0.0
reference,by_mission,saral,storm,12,in_track,19,19,0.1409657840024095,0.14096578382070718,3,3,0.15789473684210525,0.15789473684210525,6,6,0.3157894736842105,0.3157894736842105,0.0,0.0
reference,by_mission,saral,storm,12,cross,19,19,0.009953548028681786,0.009953548214722554,2,2,0.10526315789473684,0.10526315789473684,5,5,0.2631578947368421,0.2631578947368421,0.0,0.0
reference,by_mission,saral,storm,24,radial,19,19,0.042589100090709604,0.04258910298635606,11,11,0.5789473684210527,0.5789473684210527,19,19,1.0,1.0,0.0,0.0
reference,by_mission,saral,storm,24,in_track,19,19,0.3238543283888703,0.3238543278163541,8,8,0.42105263157894735,0.42105263157894735,15,15,0.7894736842105263,0.7894736842105263,0.0,0.0
reference,by_mission,saral,storm,24,cross,19,19,0.020609118283729487,0.020609118789659476,1,1,0.05263157894736842,0.05263157894736842,3,3,0.15789473684210525,0.15789473684210525,0.0,0.0
reference,by_mission,saral,storm,36,radial,19,19,0.06388365013606441,0.06388366614835844,7,7,0.3684210526315789,0.3684210526315789,9,9,0.47368421052631576,0.47368421052631576,0.0,0.0
reference,by_mission,saral,storm,36,in_track,19,19,0.5268163156768789,0.5268163135118066,7,7,0.3684210526315789,0.3684210526315789,15,15,0.7894736842105263,0.7894736842105263,0.0,0.0
reference,by_mission,saral,storm,36,cross,19,19,0.03154679428914002,0.03154679568353676,1,1,0.05263157894736842,0.05263157894736842,5,5,0.2631578947368421,0.2631578947368421,0.0,0.0
reference,by_mission,saral,storm,48,radial,19,19,0.08517820018141921,0.08517822228475669,10,10,0.5263157894736842,0.5263157894736842,17,17,0.8947368421052632,0.8947368421052632,0.0,0.0
reference,by_mission,saral,storm,48,in_track,19,19,0.7440218685579296,0.7440218660236496,10,10,0.5263157894736842,0.5263157894736842,17,17,0.8947368421052632,0.8947368421052632,0.0,0.0
reference,by_mission,saral,storm,48,cross,19,19,0.0426717945408863,0.04267179489369344,3,3,0.15789473684210525,0.15789473684210525,6,6,0.3157894736842105,0.3157894736842105,0.0,0.0
reference,by_mission,saral,storm,72,radial,19,19,0.12776730027212882,0.12776737603430907,10,10,0.5263157894736842,0.5263157894736842,19,19,1.0,1.0,0.0,0.0
reference,by_mission,saral,storm,72,in_track,19,19,1.210306070407259,1.2103060622464992,12,12,0.631578947368421,0.631578947368421,16,16,0.8421052631578947,0.8421052631578947,0.0,0.0
reference,by_mission,saral,storm,72,cross,19,19,0.0653185791743723,0.06531858241730007,9,9,0.47368421052631576,0.47368421052631576,16,16,0.8421052631578947,0.8421052631578947,0.0,0.0
reference,by_mission,saral,storm,96,radial,19,19,0.17035640036283842,0.17035697410590459,19,19,1.0,1.0,19,19,1.0,1.0,0.0,0.0
reference,by_mission,saral,storm,96,in_track,19,19,1.7093133929886282,1.709313335761272,8,8,0.42105263157894735,0.42105263157894735,16,16,0.8421052631578947,0.8421052631578947,0.0,0.0
reference,by_mission,saral,storm,96,cross,19,19,0.08835322425109111,0.08835322535961573,7,7,0.3684210526315789,0.3684210526315789,14,14,0.7368421052631579,0.7368421052631579,0.0,0.0
reference,by_mission,saral,storm,120,radial,19,19,0.21294550045354801,0.21294860903568283,16,16,0.8421052631578947,0.8421052631578947,19,19,1.0,1.0,0.0,0.0
reference,by_mission,saral,storm,120,in_track,19,19,2.2341571143536254,2.2341568178842093,6,6,0.3157894736842105,0.3157894736842105,11,11,0.5789473684210527,0.5789473684210527,0.0,0.0
reference,by_mission,saral,storm,120,cross,19,19,0.11168064573961896,0.1116806488410147,9,9,0.47368421052631576,0.47368421052631576,19,19,1.0,1.0,0.0,0.0
reference,by_mission,saral,storm,144,radial,19,19,0.25553460054425764,0.25554314185156146,12,12,0.631578947368421,0.631578947368421,19,19,1.0,1.0,0.0,0.0
reference,by_mission,saral,storm,144,in_track,19,19,2.780553184239488,2.780552398372819,5,5,0.2631578947368421,0.2631578947368421,10,10,0.5263157894736842,0.5263157894736842,0.0,0.0
reference,by_mission,saral,storm,144,cross,19,19,0.13524406778876705,0.13524407911114641,16,16,0.8421052631578947,0.8421052631578947,19,19,1.0,1.0,0.0,0.0
reference,by_mission,saral,storm,168,radial,19,19,0.29812370063496724,0.29814041143687015,19,19,1.0,1.0,19,19,1.0,1.0,0.0,0.0
reference,by_mission,saral,storm,168,in_track,19,19,3.3455486827176637,3.3455471935468117,4,4,0.21052631578947367,0.21052631578947367,9,9,0.47368421052631576,0.47368421052631576,0.0,0.0
reference,by_mission,saral,storm,168,cross,19,19,0.15900557579557764,0.15900558965420888,9,9,0.47368421052631576,0.47368421052631576,18,18,0.9473684210526315,0.9473684210526315,0.0,0.0
reference,by_mission,sentinel-1a,august,6,radial,25,25,0.028923689102971578,0.028923705445573787,6,6,0.24,0.24,8,8,0.32,0.32,0.0,0.0
reference,by_mission,sentinel-1a,august,6,in_track,25,25,0.3262844365599852,0.3262844351073713,8,8,0.32,0.32,12,12,0.48,0.48,0.0,0.0
reference,by_mission,sentinel-1a,august,6,cross,25,25,0.023528732815639525,0.02352873311631648,2,2,0.08,0.08,4,4,0.16,0.16,0.0,0.0
reference,by_mission,sentinel-1a,august,12,radial,23,23,0.028923689102971578,0.02892369488157413,11,11,0.4782608695652174,0.4782608695652174,18,18,0.782608695652174,0.782608695652174,0.0,0.0
reference,by_mission,sentinel-1a,august,12,in_track,23,23,0.3262844365599852,0.32628443604240065,10,10,0.43478260869565216,0.43478260869565216,13,13,0.5652173913043478,0.5652173913043478,0.0,0.0
reference,by_mission,sentinel-1a,august,12,cross,23,23,0.023528732815639525,0.023528732919636107,1,1,0.043478260869565216,0.043478260869565216,3,3,0.13043478260869565,0.13043478260869565,0.0,0.0
reference,by_mission,sentinel-1a,august,24,radial,21,21,0.057847378205943156,0.05784745631586476,1,1,0.047619047619047616,0.047619047619047616,9,9,0.42857142857142855,0.42857142857142855,0.0,0.0
reference,by_mission,sentinel-1a,august,24,in_track,21,21,0.8317385922928134,0.8317385866390462,11,11,0.5238095238095238,0.5238095238095238,15,15,0.7142857142857143,0.7142857142857143,0.0,0.0
reference,by_mission,sentinel-1a,august,24,cross,21,21,0.04705746563127905,0.04705746954137262,1,1,0.047619047619047616,0.047619047619047616,7,7,0.3333333333333333,0.3333333333333333,0.0,0.0
reference,by_mission,sentinel-1a,august,36,radial,18,18,0.08677106730891473,0.08677117229111622,8,8,0.4444444444444444,0.4444444444444444,18,18,1.0,1.0,0.0,0.0
reference,by_mission,sentinel-1a,august,36,in_track,18,18,1.437838316289001,1.437838309701684,12,12,0.6666666666666666,0.6666666666666666,13,13,0.7222222222222222,0.7222222222222222,0.0,0.0
reference,by_mission,sentinel-1a,august,36,cross,18,18,0.07058619844691857,0.07058620041319731,11,11,0.6111111111111112,0.6111111111111112,13,13,0.7222222222222222,0.7222222222222222,0.0,0.0
reference,by_mission,sentinel-1a,august,48,radial,15,15,0.11569475641188631,0.11569808762273238,7,7,0.4666666666666667,0.4666666666666667,14,14,0.9333333333333333,0.9333333333333333,0.0,0.0
reference,by_mission,sentinel-1a,august,48,in_track,15,15,2.1202025239167366,2.1202023421369174,6,6,0.4,0.4,10,10,0.6666666666666666,0.6666666666666666,0.0,0.0
reference,by_mission,sentinel-1a,august,48,cross,15,15,0.0941149312625581,0.09411494148242401,4,4,0.26666666666666666,0.26666666666666666,11,11,0.7333333333333333,0.7333333333333333,0.0,0.0
reference,by_mission,sentinel-1a,august,72,radial,12,12,0.17354213461782947,0.17356492718234193,12,12,1.0,1.0,12,12,1.0,1.0,0.0,0.0
reference,by_mission,sentinel-1a,august,72,in_track,12,12,3.665224212785962,3.6652231333422796,3,3,0.25,0.25,11,11,0.9166666666666666,0.9166666666666666,0.0,0.0
reference,by_mission,sentinel-1a,august,72,cross,12,12,0.14117239689383715,0.14117239972558293,5,5,0.4166666666666667,0.4166666666666667,9,9,0.75,0.75,0.0,0.0
reference,by_mission,sentinel-1a,august,96,radial,7,7,0.23138951282377263,0.23147439043145746,5,5,0.7142857142857143,0.7142857142857143,7,7,1.0,1.0,0.0,0.0
reference,by_mission,sentinel-1a,august,96,in_track,7,7,5.404653317854398,5.404649680594356,0,0,0.0,0.0,7,7,1.0,1.0,0.0,0.0
reference,by_mission,sentinel-1a,august,96,cross,7,7,0.1882298625251162,0.1882298896325153,6,6,0.8571428571428571,0.8571428571428571,7,7,1.0,1.0,0.0,0.0
reference,by_mission,sentinel-1a,august,120,radial,1,1,0.2892368910297158,0.28933026841494125,0,0,0.0,0.0,1,1,1.0,1.0,0.0,0.0
reference,by_mission,sentinel-1a,august,120,in_track,1,1,7.304598653126993,7.304594951337502,1,1,1.0,1.0,1,1,1.0,1.0,0.0,0.0
reference,by_mission,sentinel-1a,august,120,cross,1,1,0.23528732815639525,0.2352874451852585,1,1,1.0,1.0,1,1,1.0,1.0,0.0,0.0
reference,by_mission,sentinel-1a,august,144,radial,0,0,,,0,0,,,0,0,,,,
reference,by_mission,sentinel-1a,august,144,in_track,0,0,,,0,0,,,0,0,,,,
reference,by_mission,sentinel-1a,august,144,cross,0,0,,,0,0,,,0,0,,,,
reference,by_mission,sentinel-1a,august,168,radial,0,0,,,0,0,,,0,0,,,,
reference,by_mission,sentinel-1a,august,168,in_track,0,0,,,0,0,,,0,0,,,,
reference,by_mission,sentinel-1a,august,168,cross,0,0,,,0,0,,,0,0,,,,
reference,by_mission,sentinel-1a,held-out,6,radial,27,27,0.02766056551597919,0.02766062199998123,7,7,0.25925925925925924,0.25925925925925924,11,11,0.4074074074074074,0.4074074074074074,0.0,0.0
reference,by_mission,sentinel-1a,held-out,6,in_track,27,27,0.5726291256681583,0.57262912293527,9,9,0.3333333333333333,0.3333333333333333,18,18,0.6666666666666666,0.6666666666666666,0.0,0.0
reference,by_mission,sentinel-1a,held-out,6,cross,27,27,0.016984282758098868,0.01698428409741474,0,0,0.0,0.0,3,3,0.1111111111111111,0.1111111111111111,0.0,0.0
reference,by_mission,sentinel-1a,held-out,12,radial,27,27,0.02766056551597919,0.027660639217355402,12,12,0.4444444444444444,0.4444444444444444,22,22,0.8148148148148148,0.8148148148148148,0.0,0.0
reference,by_mission,sentinel-1a,held-out,12,in_track,27,27,0.5726291256681583,0.5726291220375563,13,13,0.48148148148148145,0.48148148148148145,17,17,0.6296296296296297,0.6296296296296297,0.0,0.0
reference,by_mission,sentinel-1a,held-out,12,cross,27,27,0.016984282758098868,0.01698428421386174,2,2,0.07407407407407407,0.07407407407407407,4,4,0.14814814814814814,0.14814814814814814,0.0,0.0
reference,by_mission,sentinel-1a,held-out,24,radial,27,27,0.05727202650461927,0.05727229088006444,3,3,0.1111111111111111,0.1111111111111111,11,11,0.4074074074074074,0.4074074074074074,0.0,0.0
reference,by_mission,sentinel-1a,held-out,24,in_track,27,27,1.4597010752657769,1.4597010639085173,18,18,0.6666666666666666,0.6666666666666666,21,21,0.7777777777777778,0.7777777777777778,0.0,0.0
reference,by_mission,sentinel-1a,held-out,24,cross,27,27,0.03281147147355914,0.032811487072349176,0,0,0.0,0.0,3,3,0.1111111111111111,0.1111111111111111,0.0,0.0
reference,by_mission,sentinel-1a,held-out,36,radial,26,26,0.0876674496108741,0.08766867136343937,12,12,0.46153846153846156,0.46153846153846156,25,25,0.9615384615384616,0.9615384615384616,0.0,0.0
reference,by_mission,sentinel-1a,held-out,36,in_track,26,26,2.523405978505446,2.523405935209631,17,17,0.6538461538461539,0.6538461538461539,21,21,0.8076923076923077,0.8076923076923077,0.0,0.0
reference,by_mission,sentinel-1a,held-out,36,cross,26,26,0.048229460449894665,0.04822949140196656,11,11,0.4230769230769231,0.4230769230769231,14,14,0.5384615384615384,0.5384615384615384,0.0,0.0
reference,by_mission,sentinel-1a,held-out,48,radial,24,24,0.11858344031509205,0.11858509012571508,14,14,0.5833333333333334,0.5833333333333334,21,21,0.875,0.875,0.0,0.0
reference,by_mission,sentinel-1a,held-out,48,in_track,24,24,3.7209550363787005,3.7209549837720326,16,16,0.6666666666666666,0.6666666666666666,21,21,0.875,0.875,0.0,0.0
reference,by_mission,sentinel-1a,held-out,48,cross,24,24,0.06338758460358401,0.06338764487185206,3,3,0.125,0.125,13,13,0.5416666666666666,0.5416666666666666,0.0,0.0
reference,by_mission,sentinel-1a,held-out,72,radial,21,21,0.18151807108953877,0.18152560906745654,20,20,0.9523809523809523,0.9523809523809523,21,21,1.0,1.0,0.0,0.0
reference,by_mission,sentinel-1a,held-out,72,in_track,21,21,6.432467813890155,6.432467601095706,19,19,0.9047619047619048,0.9047619047619048,19,19,0.9047619047619048,0.9047619047619048,0.0,0.0
reference,by_mission,sentinel-1a,held-out,72,cross,21,21,0.09317317594599456,0.09317318291727465,4,4,0.19047619047619047,0.19047619047619047,8,8,0.38095238095238093,0.38095238095238093,0.0,0.0
reference,by_mission,sentinel-1a,held-out,96,radial,16,16,0.2455305526133046,0.24559918356729737,10,10,0.625,0.625,16,16,1.0,1.0,0.0,0.0
reference,by_mission,sentinel-1a,held-out,96,in_track,16,16,9.485165570787208,9.485163788728851,12,12,0.75,0.75,15,15,0.9375,0.9375,0.0,0.0
reference,by_mission,sentinel-1a,held-out,96,cross,16,16,0.12245674154279801,0.12245686483532207,5,5,0.3125,0.3125,15,15,0.9375,0.9375,0.0,0.0
reference,by_mission,sentinel-1a,held-out,120,radial,12,12,0.3103566496535717,0.31070950839420414,2,2,0.16666666666666666,0.16666666666666666,12,12,1.0,1.0,0.0,0.0
reference,by_mission,sentinel-1a,held-out,120,in_track,12,12,12.819569281932123,12.81956073197444,8,8,0.6666666666666666,0.6666666666666666,11,11,0.9166666666666666,0.9166666666666666,0.0,0.0
reference,by_mission,sentinel-1a,held-out,120,cross,12,12,0.15137257941684412,0.15137279572156326,4,4,0.3333333333333333,0.3333333333333333,12,12,1.0,1.0,0.0,0.0
reference,by_mission,sentinel-1a,held-out,144,radial,7,7,0.3758385840846902,0.37678462305221383,6,6,0.8571428571428571,0.8571428571428571,7,7,1.0,1.0,0.0,0.0
reference,by_mission,sentinel-1a,held-out,144,in_track,7,7,16.3971404241656,16.39711870791512,6,6,0.8571428571428571,0.8571428571428571,7,7,1.0,1.0,0.0,0.0
reference,by_mission,sentinel-1a,held-out,144,cross,7,7,0.1799987110550854,0.17999921775449404,4,4,0.5714285714285714,0.5714285714285714,7,7,1.0,1.0,0.0,0.0
reference,by_mission,sentinel-1a,held-out,168,radial,2,2,0.44187099253712553,0.4438518528010299,1,1,0.5,0.5,2,2,1.0,1.0,0.0,0.0
reference,by_mission,sentinel-1a,held-out,168,in_track,2,2,20.190463177820128,20.190419720114335,2,2,1.0,1.0,2,2,1.0,1.0,0.0,0.0
reference,by_mission,sentinel-1a,held-out,168,cross,2,2,0.20838614728219845,0.20838702399540543,1,1,0.5,0.5,2,2,1.0,1.0,0.0,0.0
reference,by_mission,sentinel-1a,quiet,6,radial,31,31,0.028973062634779154,0.028973123832939436,7,7,0.22580645161290322,0.22580645161290322,14,14,0.45161290322580644,0.45161290322580644,0.0,0.0
reference,by_mission,sentinel-1a,quiet,6,in_track,31,31,0.8140230977654749,0.814023095587014,20,20,0.6451612903225806,0.6451612903225806,31,31,1.0,1.0,0.0,0.0
reference,by_mission,sentinel-1a,quiet,6,cross,31,31,0.01776550133066086,0.01776550184188727,2,2,0.06451612903225806,0.06451612903225806,3,3,0.0967741935483871,0.0967741935483871,0.0,0.0
reference,by_mission,sentinel-1a,quiet,12,radial,31,31,0.028973062634779154,0.02897315691637174,14,14,0.45161290322580644,0.45161290322580644,25,25,0.8064516129032258,0.8064516129032258,0.0,0.0
reference,by_mission,sentinel-1a,quiet,12,in_track,31,31,0.8140230977654749,0.8140230944049163,24,24,0.7741935483870968,0.7741935483870968,30,30,0.967741935483871,0.967741935483871,0.0,0.0
reference,by_mission,sentinel-1a,quiet,12,cross,31,31,0.01776550133066086,0.01776550207847599,1,1,0.03225806451612903,0.03225806451612903,2,2,0.06451612903225806,0.06451612903225806,0.0,0.0
reference,by_mission,sentinel-1a,quiet,24,radial,31,31,0.05794612526955831,0.05794658482619304,3,3,0.0967741935483871,0.0967741935483871,13,13,0.41935483870967744,0.41935483870967744,0.0,0.0
reference,by_mission,sentinel-1a,quiet,24,in_track,31,31,1.744896708153245,1.7448966916831863,23,23,0.7419354838709677,0.7419354838709677,31,31,1.0,1.0,0.0,0.0
reference,by_mission,sentinel-1a,quiet,24,cross,31,31,0.03315159770539527,0.033151622715767826,3,3,0.0967741935483871,0.0967741935483871,6,6,0.1935483870967742,0.1935483870967742,0.0,0.0
reference,by_mission,sentinel-1a,quiet,36,radial,31,31,0.08691918790433746,0.08691986610354066,16,16,0.5161290322580645,0.5161290322580645,30,30,0.967741935483871,0.967741935483871,0.0,0.0
reference,by_mission,sentinel-1a,quiet,36,in_track,31,31,2.7256501308447394,2.7256501074201585,26,26,0.8387096774193549,0.8387096774193549,29,29,0.9354838709677419,0.9354838709677419,0.0,0.0
reference,by_mission,sentinel-1a,quiet,36,cross,31,31,0.047751453631553746,0.047751461085142596,8,8,0.25806451612903225,0.25806451612903225,19,19,0.6129032258064516,0.6129032258064516,0.0,0.0
reference,by_mission,sentinel-1a,quiet,48,radial,31,31,0.11589225053911661,0.11589389237552057,14,14,0.45161290322580644,0.45161290322580644,30,30,0.967741935483871,0.967741935483871,0.0,0.0
reference,by_mission,sentinel-1a,quiet,48,in_track,31,31,3.740267973331166,3.7402679209030145,26,26,0.8387096774193549,0.8387096774193549,28,28,0.9032258064516129,0.9032258064516129,0.0,0.0
reference,by_mission,sentinel-1a,quiet,48,cross,31,31,0.061863068762579417,0.061863088743088074,10,10,0.3225806451612903,0.3225806451612903,13,13,0.41935483870967744,0.41935483870967744,0.0,0.0
reference,by_mission,sentinel-1a,quiet,72,radial,31,31,0.17383837580867492,0.17384429826288245,31,31,1.0,1.0,31,31,1.0,1.0,0.0,0.0
reference,by_mission,sentinel-1a,quiet,72,in_track,31,31,5.842558956795934,5.842558780372975,26,26,0.8387096774193549,0.8387096774193549,29,29,0.9354838709677419,0.9354838709677419,0.0,0.0
reference,by_mission,sentinel-1a,quiet,72,cross,31,31,0.08910736326415947,0.08910739127631995,6,6,0.1935483870967742,0.1935483870967742,16,16,0.5161290322580645,0.5161290322580645,0.0,0.0
reference,by_mission,sentinel-1a,quiet,96,radial,31,31,0.23178450107823323,0.23181148100066498,24,24,0.7741935483870968,0.7741935483870968,31,31,1.0,1.0,0.0,0.0
reference,by_mission,sentinel-1a,quiet,96,in_track,31,31,8.017439913181496,8.017439133084062,24,24,0.7741935483870968,0.7741935483870968,28,28,0.9032258064516129,0.9032258064516129,0.0,0.0
reference,by_mission,sentinel-1a,quiet,96,cross,31,31,0.11544056822639338,0.11544076927776066,19,19,0.6129032258064516,0.6129032258064516,27,27,0.8709677419354839,0.8709677419354839,0.0,0.0
reference,by_mission,sentinel-1a,quiet,120,radial,31,31,0.28973062634779156,0.28979370029393586,8,8,0.25806451612903225,0.25806451612903225,31,31,1.0,1.0,0.0,0.0
reference,by_mission,sentinel-1a,quiet,120,in_track,31,31,10.247943635643642,10.247941845475966,24,24,0.7741935483870968,0.7741935483870968,29,29,0.9354838709677419,0.9354838709677419,0.0,0.0
reference,by_mission,sentinel-1a,quiet,120,cross,31,31,0.14111639310975715,0.14111671200021944,14,14,0.45161290322580644,0.45161290322580644,26,26,0.8387096774193549,0.8387096774193549,0.0,0.0
reference,by_mission,sentinel-1a,quiet,144,radial,31,31,0.34767675161734984,0.34792043155797414,18,18,0.5806451612903226,0.5806451612903226,31,31,1.0,1.0,0.0,0.0
reference,by_mission,sentinel-1a,quiet,144,in_track,31,31,12.523799286395223,12.523792511339185,23,23,0.7419354838709677,0.7419354838709677,28,28,0.9032258064516129,0.9032258064516129,0.0,0.0
reference,by_mission,sentinel-1a,quiet,144,cross,31,31,0.16628021942863144,0.16628043250469754,6,6,0.1935483870967742,0.1935483870967742,25,25,0.8064516129032258,0.8064516129032258,0.0,0.0
reference,by_mission,sentinel-1a,quiet,168,radial,31,31,0.4056228768869081,0.4064348165617823,17,17,0.5483870967741935,0.5483870967741935,31,31,1.0,1.0,0.0,0.0
reference,by_mission,sentinel-1a,quiet,168,in_track,31,31,14.838075185234697,14.838052964605646,21,21,0.6774193548387096,0.6774193548387096,27,27,0.8709677419354839,0.8709677419354839,0.0,0.0
reference,by_mission,sentinel-1a,quiet,168,cross,31,31,0.19102609578516208,0.19102646535459805,4,4,0.12903225806451613,0.12903225806451613,26,26,0.8387096774193549,0.8387096774193549,0.0,0.0
reference,by_mission,sentinel-1a,storm,6,radial,26,26,0.02921863065859328,0.02921869284461537,6,6,0.23076923076923078,0.23076923076923078,10,10,0.38461538461538464,0.38461538461538464,0.0,0.0
reference,by_mission,sentinel-1a,storm,6,in_track,26,26,0.5555611959843545,0.5555611926224253,11,11,0.4230769230769231,0.4230769230769231,23,23,0.8846153846153846,0.8846153846153846,0.0,0.0
reference,by_mission,sentinel-1a,storm,6,cross,26,26,0.020821969228670332,0.02082197021403731,2,2,0.07692307692307693,0.07692307692307693,4,4,0.15384615384615385,0.15384615384615385,0.0,0.0
reference,by_mission,sentinel-1a,storm,12,radial,25,25,0.02921863065859328,0.02921866421796428,8,8,0.32,0.32,19,19,0.76,0.76,0.0,0.0
reference,by_mission,sentinel-1a,storm,12,in_track,25,25,0.5555611959843545,0.5555611940205866,12,12,0.48,0.48,23,23,0.92,0.92,0.0,0.0
reference,by_mission,sentinel-1a,storm,12,cross,25,25,0.020821969228670332,0.020821969749966578,0,0,0.0,0.0,1,1,0.04,0.04,0.0,0.0
reference,by_mission,sentinel-1a,storm,24,radial,22,22,0.05843726131718656,0.05843749454485546,1,1,0.045454545454545456,0.045454545454545456,10,10,0.45454545454545453,0.45454545454545453,0.0,0.0
reference,by_mission,sentinel-1a,storm,24,in_track,22,22,1.3679521254147164,1.3679521152000658,17,17,0.7727272727272727,0.7727272727272727,22,22,1.0,1.0,0.0,0.0
reference,by_mission,sentinel-1a,storm,24,cross,22,22,0.03885516847822726,0.03885518306385398,1,1,0.045454545454545456,0.045454545454545456,4,4,0.18181818181818182,0.18181818181818182,0.0,0.0
reference,by_mission,sentinel-1a,storm,36,radial,20,20,0.08765589197577983,0.08765677443577657,9,9,0.45,0.45,20,20,1.0,1.0,0.0,0.0
reference,by_mission,sentinel-1a,storm,36,in_track,20,20,2.317338811033203,2.3173387756026953,19,19,0.95,0.95,20,20,1.0,1.0,0.0,0.0
reference,by_mission,sentinel-1a,storm,36,cross,20,20,0.05596685844291364,0.055966873286987406,10,10,0.5,0.5,12,12,0.6,0.6,0.0,0.0
reference,by_mission,sentinel-1a,storm,48,radial,17,17,0.11687452263437312,0.11687609406535293,9,9,0.5294117647058824,0.5294117647058824,16,16,0.9411764705882353,0.9411764705882353,0.0,0.0
reference,by_mission,sentinel-1a,storm,48,in_track,17,17,3.368293233855265,3.3682931783222596,17,17,1.0,1.0,17,17,1.0,1.0,0.0,0.0
reference,by_mission,sentinel-1a,storm,48,cross,17,17,0.07250630816381408,0.07250632864051332,5,5,0.29411764705882354,0.29411764705882354,6,6,0.35294117647058826,0.35294117647058826,0.0,0.0
reference,by_mission,sentinel-1a,storm,72,radial,12,12,0.17531178395155966,0.1753136040035488,12,12,1.0,1.0,12,12,1.0,1.0,0.0,0.0
reference,by_mission,sentinel-1a,storm,72,in_track,12,12,5.7059574620617575,5.705957405802243,12,12,1.0,1.0,12,12,1.0,1.0,0.0,0.0
reference,by_mission,sentinel-1a,storm,72,cross,12,12,0.10443785071981748,0.10443789261056247,3,3,0.25,0.25,6,6,0.5,0.5,0.0,0.0
reference,by_mission,sentinel-1a,storm,96,radial,8,8,0.23374904526874624,0.2337517057289365,7,7,0.875,0.875,8,8,1.0,1.0,0.0,0.0
reference,by_mission,sentinel-1a,storm,96,in_track,8,8,8.293710794736782,8.293710718328015,8,8,1.0,1.0,8,8,1.0,1.0,0.0,0.0
reference,by_mission,sentinel-1a,storm,96,cross,8,8,0.13530155522274617,0.13530186796518884,5,5,0.625,0.625,8,8,1.0,1.0,0.0,0.0
reference,by_mission,sentinel-1a,storm,120,radial,3,3,0.2921863065859328,0.29218801302275815,2,2,0.6666666666666666,0.6666666666666666,3,3,1.0,1.0,0.0,0.0
reference,by_mission,sentinel-1a,storm,120,in_track,3,3,11.08490318006623,11.08490313162842,3,3,1.0,1.0,3,3,1.0,1.0,0.0,0.0
reference,by_mission,sentinel-1a,storm,120,cross,3,3,0.16539478060893015,0.1653951926734416,2,2,0.6666666666666666,0.6666666666666666,3,3,1.0,1.0,0.0,0.0
reference,by_mission,sentinel-1a,storm,144,radial,0,0,,,0,0,,,0,0,,,,
reference,by_mission,sentinel-1a,storm,144,in_track,0,0,,,0,0,,,0,0,,,,
reference,by_mission,sentinel-1a,storm,144,cross,0,0,,,0,0,,,0,0,,,,
reference,by_mission,sentinel-1a,storm,168,radial,0,0,,,0,0,,,0,0,,,,
reference,by_mission,sentinel-1a,storm,168,in_track,0,0,,,0,0,,,0,0,,,,
reference,by_mission,sentinel-1a,storm,168,cross,0,0,,,0,0,,,0,0,,,,
reference,by_mission,sentinel-3a,august,6,radial,29,29,0.02093393395787183,0.02093394319459105,1,1,0.034482758620689655,0.034482758620689655,4,4,0.13793103448275862,0.13793103448275862,0.0,0.0
reference,by_mission,sentinel-3a,august,6,in_track,29,29,0.2387962601541526,0.23879625934393792,9,9,0.3103448275862069,0.3103448275862069,13,13,0.4482758620689655,0.4482758620689655,0.0,0.0
reference,by_mission,sentinel-3a,august,6,cross,29,29,0.01860356399716797,0.018603564735704414,5,5,0.1724137931034483,0.1724137931034483,9,9,0.3103448275862069,0.3103448275862069,0.0,0.0
reference,by_mission,sentinel-3a,august,12,radial,27,27,0.02093393395787183,0.020933936230039713,4,4,0.14814814814814814,0.14814814814814814,6,6,0.2222222222222222,0.2222222222222222,0.0,0.0
reference,by_mission,sentinel-3a,august,12,in_track,27,27,0.2387962601541526,0.2387962598180158,10,10,0.37037037037037035,0.37037037037037035,20,20,0.7407407407407407,0.7407407407407407,0.0,0.0
reference,by_mission,sentinel-3a,august,12,cross,27,27,0.01860356399716797,0.018603564282907447,2,2,0.07407407407407407,0.07407407407407407,8,8,0.2962962962962963,0.2962962962962963,0.0,0.0
reference,by_mission,sentinel-3a,august,24,radial,24,24,0.04334433508919321,0.04334437590892766,16,16,0.6666666666666666,0.6666666666666666,18,18,0.75,0.75,0.0,0.0
reference,by_mission,sentinel-3a,august,24,in_track,24,24,0.6992363774740102,0.6992363748953777,14,14,0.5833333333333334,0.5833333333333334,21,21,0.875,0.875,0.0,0.0
reference,by_mission,sentinel-3a,august,24,cross,24,24,0.03593971662468571,0.03593971675200118,2,2,0.08333333333333333,0.08333333333333333,4,4,0.16666666666666666,0.16666666666666666,0.0,0.0
reference,by_mission,sentinel-3a,august,36,radial,22,22,0.06634805059747989,0.06634807559466466,12,12,0.5454545454545454,0.5454545454545454,15,15,0.6818181818181818,0.6818181818181818,0.0,0.0
reference,by_mission,sentinel-3a,august,36,in_track,22,22,1.3108876312339268,1.3108876298610888,21,21,0.9545454545454546,0.9545454545454546,22,22,1.0,1.0,0.0,0.0
reference,by_mission,sentinel-3a,august,36,cross,22,22,0.05282765641667458,0.05282765970034978,7,7,0.3181818181818182,0.3181818181818182,14,14,0.6363636363636364,0.6363636363636364,0.0,0.0
reference,by_mission,sentinel-3a,august,48,radial,19,19,0.08974573953013752,0.08974588911605491,5,5,0.2631578947368421,0.2631578947368421,14,14,0.7368421052631579,0.7368421052631579,0.0,0.0
reference,by_mission,sentinel-3a,august,48,in_track,19,19,2.0474839566890686,2.0474839481211733,19,19,1.0,1.0,19,19,1.0,1.0,0.0,0.0
reference,by_mission,sentinel-3a,august,48,cross,19,19,0.0694309558780963,0.06943096728925716,11,11,0.5789473684210527,0.5789473684210527,15,15,0.7894736842105263,0.7894736842105263,0.0,0.0
reference,by_mission,sentinel-3a,august,72,radial,15,15,0.13737561909764776,0.13737874222402222,15,15,1.0,1.0,15,15,1.0,1.0,0.0,0.0
reference,by_mission,sentinel-3a,august,72,in_track,15,15,3.8385036597632727,3.8385035479801144,15,15,1.0,1.0,15,15,1.0,1.0,0.0,0.0
reference,by_mission,sentinel-3a,august,72,cross,15,15,0.10205630500965139,0.10205630730091385,7,7,0.4666666666666667,0.4666666666666667,13,13,0.8666666666666667,0.8666666666666667,0.0,0.0
reference,by_mission,sentinel-3a,august,96,radial,11,11,0.18582123239951184,0.1858303598171207,7,7,0.6363636363636364,0.6363636363636364,11,11,1.0,1.0,0.0,0.0
reference,by_mission,sentinel-3a,august,96,in_track,11,11,5.995383947333235,5.995383663667366,11,11,1.0,1.0,11,11,1.0,1.0,0.0,0.0
reference,by_mission,sentinel-3a,august,96,cross,11,11,0.13413176526926254,0.13413179887239726,9,9,0.8181818181818182,0.8181818181818182,10,10,0.9090909090909091,0.9090909090909091,0.0,0.0
reference,by_mission,sentinel-3a,august,120,radial,5,5,0.23488260221870738,0.23490465692380857,5,5,1.0,1.0,5,5,1.0,1.0,0.0,0.0
reference,by_mission,sentinel-3a,august,120,in_track,5,5,8.47281104015975,8.472810428713167,5,5,1.0,1.0,5,5,1.0,1.0,0.0,0.0
reference,by_mission,sentinel-3a,august,120,cross,5,5,0.16580443865107122,0.16580445155602172,4,4,0.8,0.8,5,5,1.0,1.0,0.0,0.0
reference,by_mission,sentinel-3a,august,144,radial,1,1,0.28444031968557676,0.2845696576013199,1,1,1.0,1.0,1,1,1.0,1.0,0.0,0.0
reference,by_mission,sentinel-3a,august,144,in_track,1,1,11.239796604188681,11.23979333026733,1,1,1.0,1.0,1,1,1.0,1.0,0.0,0.0
reference,by_mission,sentinel-3a,august,144,cross,1,1,0.19715978520931396,0.19715978988816155,1,1,1.0,1.0,1,1,1.0,1.0,0.0,0.0
reference,by_mission,sentinel-3a,august,168,radial,0,0,,,0,0,,,0,0,,,,
reference,by_mission,sentinel-3a,august,168,in_track,0,0,,,0,0,,,0,0,,,,
reference,by_mission,sentinel-3a,august,168,cross,0,0,,,0,0,,,0,0,,,,
reference,by_mission,sentinel-3a,held-out,6,radial,22,22,0.020689619769315278,0.020689730747424986,0,0,0.0,0.0,2,2,0.09090909090909091,0.09090909090909091,0.0,0.0
reference,by_mission,sentinel-3a,held-out,6,in_track,22,22,0.6096108273918335,0.6096108234347256,6,6,0.2727272727272727,0.2727272727272727,17,17,0.7727272727272727,0.7727272727272727,0.0,0.0
reference,by_mission,sentinel-3a,held-out,6,cross,22,22,0.007089515267847092,0.007089534749986635,2,2,0.09090909090909091,0.09090909090909091,3,3,0.13636363636363635,0.13636363636363635,0.0,0.0
reference,by_mission,sentinel-3a,held-out,12,radial,22,22,0.020689619769315278,0.020689644438137426,5,5,0.22727272727272727,0.22727272727272727,8,8,0.36363636363636365,0.36363636363636365,0.0,0.0
reference,by_mission,sentinel-3a,held-out,12,in_track,22,22,0.6096108273918335,0.6096108265201474,15,15,0.6818181818181818,0.6818181818181818,17,17,0.7727272727272727,0.7727272727272727,0.0,0.0
reference,by_mission,sentinel-3a,held-out,12,cross,22,22,0.007089515267847092,0.007089519175790546,2,2,0.09090909090909091,0.09090909090909091,3,3,0.13636363636363635,0.13636363636363635,0.0,0.0
reference,by_mission,sentinel-3a,held-out,24,radial,22,22,0.04283847526957448,0.04283889505096873,18,18,0.8181818181818182,0.8181818181818182,20,20,0.9090909090909091,0.9090909090909091,0.0,0.0
reference,by_mission,sentinel-3a,held-out,24,in_track,22,22,1.5010379289160558,1.501037916905624,17,17,0.7727272727272727,0.7727272727272727,19,19,0.8636363636363636,0.8636363636363636,0.0,0.0
reference,by_mission,sentinel-3a,held-out,24,cross,22,22,0.019369126513508098,0.019369129332997698,2,2,0.09090909090909091,0.09090909090909091,3,3,0.13636363636363635,0.13636363636363635,0.0,0.0
reference,by_mission,sentinel-3a,held-out,36,radial,22,22,0.06557372073780547,0.06557412594942139,11,11,0.5,0.5,12,12,0.5454545454545454,0.5454545454545454,0.0,0.0
reference,by_mission,sentinel-3a,held-out,36,in_track,22,22,2.5427888775387792,2.542788867049677,19,19,0.8636363636363636,0.8636363636363636,21,21,0.9545454545454546,0.9545454545454546,0.0,0.0
reference,by_mission,sentinel-3a,held-out,36,cross,22,22,0.03486923034600647,0.03486925887394882,5,5,0.22727272727272727,0.22727272727272727,12,12,0.5454545454545454,0.5454545454545454,0.0,0.0
reference,by_mission,sentinel-3a,held-out,48,radial,22,22,0.08869834167487353,0.08869984084468946,8,8,0.36363636363636365,0.36363636363636365,19,19,0.8636363636363636,0.8636363636363636,0.0,0.0
reference,by_mission,sentinel-3a,held-out,48,in_track,22,22,3.6959889208076513,3.6959888840768524,19,19,0.8636363636363636,0.8636363636363636,21,21,0.9545454545454546,0.9545454545454546,0.0,0.0
reference,by_mission,sentinel-3a,held-out,48,cross,22,22,0.05291801311124194,0.05291804828542583,13,13,0.5909090909090909,0.5909090909090909,19,19,0.8636363636363636,0.8636363636363636,0.0,0.0
reference,by_mission,sentinel-3a,held-out,72,radial,22,22,0.13577234601123989,0.13577839497088853,21,21,0.9545454545454546,0.9545454545454546,21,21,0.9545454545454546,0.9545454545454546,0.0,0.0
reference,by_mission,sentinel-3a,held-out,72,in_track,22,22,6.261080641794917,6.2610805099496645,19,19,0.8636363636363636,0.8636363636363636,21,21,0.9545454545454546,0.9545454545454546,0.0,0.0
reference,by_mission,sentinel-3a,held-out,72,cross,22,22,0.09526554474937367,0.09526555770087469,11,11,0.5,0.5,18,18,0.8181818181818182,0.8181818181818182,0.0,0.0
reference,by_mission,sentinel-3a,held-out,96,radial,22,22,0.18365256387778883,0.18367391497981023,11,11,0.5,0.5,21,21,0.9545454545454546,0.9545454545454546,0.0,0.0
reference,by_mission,sentinel-3a,held-out,96,in_track,22,22,9.100592223274093,9.100591791065344,19,19,0.8636363636363636,0.8636363636363636,21,21,0.9545454545454546,0.9545454545454546,0.0,0.0
reference,by_mission,sentinel-3a,held-out,96,cross,22,22,0.14457627243482682,0.14457635232055838,20,20,0.9090909090909091,0.9090909090909091,22,22,1.0,1.0,0.0,0.0
reference,by_mission,sentinel-3a,held-out,120,radial,20,20,0.23214135193662477,0.23217321972648475,19,19,0.95,0.95,19,20,0.95,1.0,0.0,5.000000000000004
reference,by_mission,sentinel-3a,held-out,120,in_track,20,20,12.16333510691924,12.16333449843848,17,17,0.85,0.85,19,19,0.95,0.95,0.0,0.0
reference,by_mission,sentinel-3a,held-out,120,cross,20,20,0.19980968821838985,0.1998097022687283,16,16,0.8,0.8,20,20,1.0,1.0,0.0,0.0
reference,by_mission,sentinel-3a,held-out,144,radial,17,17,0.28112069490618286,0.2811413274328878,11,11,0.6470588235294118,0.6470588235294118,16,17,0.9411764705882353,1.0,0.0,5.882352941176472
reference,by_mission,sentinel-3a,held-out,144,in_track,17,17,15.416588907295631,15.416588527297753,14,14,0.8235294117647058,0.8235294117647058,16,16,0.9411764705882353,0.9411764705882353,0.0,0.0
reference,by_mission,sentinel-3a,held-out,144,cross,17,17,0.26027313841856353,0.2602732803282367,17,17,1.0,1.0,17,17,1.0,1.0,0.0,0.0
reference,by_mission,sentinel-3a,held-out,168,radial,12,12,0.3305117828267743,0.3305828124705452,12,12,1.0,1.0,12,12,1.0,1.0,0.0,0.0
reference,by_mission,sentinel-3a,held-out,168,in_track,12,12,18.83732012626808,18.837318879794154,12,12,1.0,1.0,12,12,1.0,1.0,0.0,0.0
reference,by_mission,sentinel-3a,held-out,168,cross,12,12,0.3254634275963587,0.3254634335608575,12,12,1.0,1.0,12,12,1.0,1.0,0.0,0.0
reference,by_mission,sentinel-3a,quiet,6,radial,26,26,0.02210228819061953,0.02210230457829809,1,1,0.038461538461538464,0.038461538461538464,5,5,0.19230769230769232,0.19230769230769232,0.0,0.0
reference,by_mission,sentinel-3a,quiet,6,in_track,26,26,0.30724390652622713,0.3072439052363784,7,7,0.2692307692307692,0.2692307692307692,13,13,0.5,0.5,0.0,0.0
reference,by_mission,sentinel-3a,quiet,6,cross,26,26,0.03049520185068745,0.03049520266439032,9,9,0.34615384615384615,0.34615384615384615,13,13,0.5,0.5,0.0,0.0
reference,by_mission,sentinel-3a,quiet,12,radial,25,25,0.02210228819061953,0.022102289340843045,4,4,0.16,0.16,6,6,0.24,0.24,0.0,0.0
reference,by_mission,sentinel-3a,quiet,12,in_track,25,25,0.30724390652622713,0.30724390630110676,17,17,0.68,0.68,24,24,0.96,0.96,0.0,0.0
reference,by_mission,sentinel-3a,quiet,12,cross,25,25,0.03049520185068745,0.03049520220920956,5,5,0.2,0.2,8,8,0.32,0.32,0.0,0.0
reference,by_mission,sentinel-3a,quiet,24,radial,22,22,0.04420457638123906,0.04420462236783948,15,15,0.6818181818181818,0.6818181818181818,19,19,0.8636363636363636,0.8636363636363636,0.0,0.0
reference,by_mission,sentinel-3a,quiet,24,in_track,22,22,0.8108215303962486,0.810821527784874,17,17,0.7727272727272727,0.7727272727272727,22,22,1.0,1.0,0.0,0.0
reference,by_mission,sentinel-3a,quiet,24,cross,22,22,0.0609904037013749,0.06099040373028125,4,4,0.18181818181818182,0.18181818181818182,12,12,0.5454545454545454,0.5454545454545454,0.0,0.0
reference,by_mission,sentinel-3a,quiet,36,radial,20,20,0.06630686457185858,0.06630689678181198,12,12,0.6,0.6,12,12,0.6,0.6,0.0,0.0
reference,by_mission,sentinel-3a,quiet,36,in_track,20,20,1.4303852893655697,1.4303852876245509,20,20,1.0,1.0,20,20,1.0,1.0,0.0,0.0
reference,by_mission,sentinel-3a,quiet,36,cross,20,20,0.09148560555206235,0.09148560727935055,9,9,0.45,0.45,18,18,0.9,0.9,0.0,0.0
reference,by_mission,sentinel-3a,quiet,48,radial,18,18,0.08840915276247811,0.08840943598005147,6,6,0.3333333333333333,0.3333333333333333,15,15,0.8333333333333334,0.8333333333333334,0.0,0.0
reference,by_mission,sentinel-3a,quiet,48,in_track,18,18,2.1397708471656696,2.139770833879127,18,18,1.0,1.0,18,18,1.0,1.0,0.0,0.0
reference,by_mission,sentinel-3a,quiet,48,cross,18,18,0.1219808074027498,0.12198081163367971,14,14,0.7777777777777778,0.7777777777777778,18,18,1.0,1.0,0.0,0.0
reference,by_mission,sentinel-3a,quiet,72,radial,14,14,0.13261372914371716,0.13261592007446218,13,13,0.9285714285714286,0.9285714285714286,14,14,1.0,1.0,0.0,0.0
reference,by_mission,sentinel-3a,quiet,72,in_track,14,14,3.7748094095420894,3.774809332077836,14,14,1.0,1.0,14,14,1.0,1.0,0.0,0.0
reference,by_mission,sentinel-3a,quiet,72,cross,14,14,0.1829712111041247,0.18297121945274275,10,10,0.7142857142857143,0.7142857142857143,13,13,0.9285714285714286,0.9285714285714286,0.0,0.0
reference,by_mission,sentinel-3a,quiet,96,radial,9,9,0.17681830552495623,0.17682092005304031,4,4,0.4444444444444444,0.4444444444444444,9,9,1.0,1.0,0.0,0.0
reference,by_mission,sentinel-3a,quiet,96,in_track,9,9,5.646889120152636,5.646889028831162,9,9,1.0,1.0,9,9,1.0,1.0,0.0,0.0
reference,by_mission,sentinel-3a,quiet,96,cross,9,9,0.2439616148054996,0.24396163168179558,7,7,0.7777777777777778,0.7777777777777778,9,9,1.0,1.0,0.0,0.0
reference,by_mission,sentinel-3a,quiet,120,radial,8,8,0.2210228819061953,0.22102453702975364,8,8,1.0,1.0,8,8,1.0,1.0,0.0,0.0
reference,by_mission,sentinel-3a,quiet,120,in_track,8,8,7.7176179996722745,7.717617946989057,8,8,1.0,1.0,8,8,1.0,1.0,0.0,0.0
reference,by_mission,sentinel-3a,quiet,120,cross,8,8,0.3049520185068745,0.30495209733956424,7,7,0.875,0.875,8,8,1.0,1.0,0.0,0.0
reference,by_mission,sentinel-3a,quiet,144,radial,8,8,0.2652274582874343,0.2652320130567708,6,6,0.75,0.75,8,8,1.0,1.0,0.0,0.0
reference,by_mission,sentinel-3a,quiet,144,in_track,8,8,9.96178175510149,9.961781627502162,8,8,1.0,1.0,8,8,1.0,1.0,0.0,0.0
reference,by_mission,sentinel-3a,quiet,144,cross,8,8,0.3659424222082494,0.3659424536538163,6,6,0.75,0.75,8,8,1.0,1.0,0.0,0.0
reference,by_mission,sentinel-3a,quiet,168,radial,8,8,0.3094320346686734,0.3094445680122937,8,8,1.0,1.0,8,8,1.0,1.0,0.0,0.0
reference,by_mission,sentinel-3a,quiet,168,in_track,8,8,12.361253941112643,12.361253619956592,8,8,1.0,1.0,8,8,1.0,1.0,0.0,0.0
reference,by_mission,sentinel-3a,quiet,168,cross,8,8,0.42693282590962434,0.42693305007186505,8,8,1.0,1.0,8,8,1.0,1.0,0.0,0.0
reference,by_mission,sentinel-3a,storm,6,radial,27,27,0.02082836324751759,0.020828395271245304,1,1,0.037037037037037035,0.037037037037037035,6,6,0.2222222222222222,0.2222222222222222,0.0,0.0
reference,by_mission,sentinel-3a,storm,6,in_track,27,27,0.41630168316462574,0.41630168134253653,9,9,0.3333333333333333,0.3333333333333333,17,17,0.6296296296296297,0.6296296296296297,0.0,0.0
reference,by_mission,sentinel-3a,storm,6,cross,27,27,0.023782506755535653,0.02378250988660751,4,4,0.14814814814814814,0.14814814814814814,11,11,0.4074074074074074,0.4074074074074074,0.0,0.0
reference,by_mission,sentinel-3a,storm,12,radial,25,25,0.02082836324751759,0.02082836970259345,3,3,0.12,0.12,6,6,0.24,0.24,0.0,0.0
reference,by_mission,sentinel-3a,storm,12,in_track,25,25,0.41630168316462574,0.4163016827097997,19,19,0.76,0.76,21,21,0.84,0.84,0.0,0.0
reference,by_mission,sentinel-3a,storm,12,cross,25,25,0.023782506755535653,0.02378250716699939,2,2,0.08,0.08,5,5,0.2,0.2,0.0,0.0
reference,by_mission,sentinel-3a,storm,24,radial,23,23,0.04312574778236369,0.04312583523932827,17,17,0.7391304347826086,0.7391304347826086,18,18,0.782608695652174,0.782608695652174,0.0,0.0
reference,by_mission,sentinel-3a,storm,24,in_track,23,23,1.0986267284075892,1.098626724974182,19,19,0.8260869565217391,0.8260869565217391,23,23,1.0,1.0,0.0,0.0
reference,by_mission,sentinel-3a,storm,24,cross,23,23,0.04437972684872352,0.04437972714670179,6,6,0.2608695652173913,0.2608695652173913,11,11,0.4782608695652174,0.4782608695652174,0.0,0.0
reference,by_mission,sentinel-3a,storm,36,radial,20,20,0.06601345458479106,0.06601354295582212,12,12,0.6,0.6,13,13,0.65,0.65,0.0,0.0
reference,by_mission,sentinel-3a,storm,36,in_track,20,20,1.9381077732976162,1.938107769641315,20,20,1.0,1.0,20,20,1.0,1.0,0.0,0.0
reference,by_mission,sentinel-3a,storm,36,cross,20,20,0.06392441437152674,0.0639244213243032,7,7,0.35,0.35,14,14,0.7,0.7,0.0,0.0
reference,by_mission,sentinel-3a,storm,48,radial,18,18,0.0892931479870224,0.08929403449742947,4,4,0.2222222222222222,0.2222222222222222,13,13,0.7222222222222222,0.7222222222222222,0.0,0.0
reference,by_mission,sentinel-3a,storm,48,in_track,18,18,2.8992933182407157,2.8992932898854527,18,18,1.0,1.0,18,18,1.0,1.0,0.0,0.0
reference,by_mission,sentinel-3a,storm,48,cross,18,18,0.08281549861050176,0.08281550781670091,8,8,0.4444444444444444,0.4444444444444444,14,14,0.7777777777777778,0.7777777777777778,0.0,0.0
reference,by_mission,sentinel-3a,storm,72,radial,17,17,0.1366828280664599,0.13669179576832757,16,16,0.9411764705882353,0.9411764705882353,17,17,1.0,1.0,0.0,0.0
reference,by_mission,sentinel-3a,storm,72,in_track,17,17,5.114697077593288,5.114696837420871,17,17,1.0,1.0,17,17,1.0,1.0,0.0,0.0
reference,by_mission,sentinel-3a,storm,72,cross,17,17,0.11928717514660815,0.11928721326142977,9,9,0.5294117647058824,0.5294117647058824,14,14,0.8235294117647058,0.8235294117647058,0.0,0.0
reference,by_mission,sentinel-3a,storm,96,radial,13,13,0.18488412810068316,0.1849242317285163,6,6,0.46153846153846156,0.46153846153846156,13,13,1.0,1.0,0.0,0.0
reference,by_mission,sentinel-3a,storm,96,in_track,13,13,7.651280938139237,7.65127996856369,13,13,1.0,1.0,13,13,1.0,1.0,0.0,0.0
reference,by_mission,sentinel-3a,storm,96,cross,13,13,0.15453918482833753,0.15453920531510093,4,4,0.3076923076923077,0.3076923076923077,10,10,0.7692307692307693,0.7692307692307693,0.0,0.0
reference,by_mission,sentinel-3a,storm,120,radial,9,9,0.2336980793661951,0.2338577509384917,9,9,1.0,1.0,9,9,1.0,1.0,0.0,0.0
reference,by_mission,sentinel-3a,storm,120,in_track,9,9,10.457025493558234,10.457021920087303,9,9,1.0,1.0,9,9,1.0,1.0,0.0,0.0
reference,by_mission,sentinel-3a,storm,120,cross,9,9,0.18891116608442937,0.18891141947000845,6,6,0.6666666666666666,0.6666666666666666,9,9,1.0,1.0,0.0,0.0
reference,by_mission,sentinel-3a,storm,144,radial,5,5,0.2830058751772954,0.2837842753318473,1,1,0.2,0.2,5,5,1.0,1.0,0.0,0.0
reference,by_mission,sentinel-3a,storm,144,in_track,5,5,13.497766510182693,13.497750166505284,5,5,1.0,1.0,5,5,1.0,1.0,0.0,0.0
reference,by_mission,sentinel-3a,storm,144,cross,5,5,0.22259773975802982,0.2225978278890641,1,1,0.2,0.2,5,5,1.0,1.0,0.0,0.0
reference,by_mission,sentinel-3a,storm,168,radial,0,0,,,0,0,,,0,0,,,,
reference,by_mission,sentinel-3a,storm,168,in_track,0,0,,,0,0,,,0,0,,,,
reference,by_mission,sentinel-3a,storm,168,cross,0,0,,,0,0,,,0,0,,,,
reference,by_mission,sentinel-3b,august,6,radial,13,13,0.026647074402249307,0.026647089216096615,3,3,0.23076923076923078,0.23076923076923078,4,4,0.3076923076923077,0.3076923076923077,0.0,0.0
reference,by_mission,sentinel-3b,august,6,in_track,13,13,0.4171184769619556,0.41711847598559143,5,5,0.38461538461538464,0.38461538461538464,9,9,0.6923076923076923,0.6923076923076923,0.0,0.0
reference,by_mission,sentinel-3b,august,6,cross,13,13,0.031206410468225247,0.031206411606497605,1,1,0.07692307692307693,0.07692307692307693,4,4,0.3076923076923077,0.3076923076923077,0.0,0.0
reference,by_mission,sentinel-3b,august,12,radial,13,13,0.026647074402249307,0.02664708161827713,3,3,0.23076923076923078,0.23076923076923078,3,3,0.23076923076923078,0.23076923076923078,0.0,0.0
reference,by_mission,sentinel-3b,august,12,in_track,13,13,0.4171184769619556,0.41711847647186384,10,10,0.7692307692307693,0.7692307692307693,12,12,0.9230769230769231,0.9230769230769231,0.0,0.0
reference,by_mission,sentinel-3b,august,12,cross,13,13,0.031206410468225247,0.031206411250892106,3,3,0.23076923076923078,0.23076923076923078,4,4,0.3076923076923077,0.3076923076923077,0.0,0.0
reference,by_mission,sentinel-3b,august,24,radial,11,11,0.05147875444939183,0.051478805331596676,5,5,0.45454545454545453,0.45454545454545453,8,8,0.7272727272727273,0.7272727272727273,0.0,0.0
reference,by_mission,sentinel-3b,august,24,in_track,11,11,1.0270661652293036,1.0270661626453659,9,9,0.8181818181818182,0.8181818181818182,11,11,1.0,1.0,0.0,0.0
reference,by_mission,sentinel-3b,august,24,cross,11,11,0.054333516423127115,0.054333517100053186,0,0,0.0,0.0,2,2,0.18181818181818182,0.18181818181818182,0.0,0.0
reference,by_mission,sentinel-3b,august,36,radial,10,10,0.07566843058920783,0.07566844997140197,8,8,0.8,0.8,8,8,0.8,0.8,0.0,0.0
reference,by_mission,sentinel-3b,august,36,in_track,10,10,1.7398710393197077,1.7398710364768926,10,10,1.0,1.0,10,10,1.0,1.0,0.0,0.0
reference,by_mission,sentinel-3b,august,36,cross,10,10,0.07515204802858184,0.0751520697170028,3,3,0.3,0.3,9,9,0.9,0.9,0.0,0.0
reference,by_mission,sentinel-3b,august,48,radial,9,9,0.0994503981809382,0.0994504647083571,4,4,0.4444444444444444,0.4444444444444444,7,7,0.7777777777777778,0.7777777777777778,0.0,0.0
reference,by_mission,sentinel-3b,august,48,in_track,9,9,2.5289335429152877,2.5289335373393738,9,9,1.0,1.0,9,9,1.0,1.0,0.0,0.0
reference,by_mission,sentinel-3b,august,48,cross,9,9,0.09460014665602504,0.09460016461700099,6,6,0.6666666666666666,0.6666666666666666,8,8,0.8888888888888888,0.8888888888888888,0.0,0.0
reference,by_mission,sentinel-3b,august,72,radial,7,7,0.14618177211768776,0.14618213363468766,7,7,1.0,1.0,7,7,1.0,1.0,0.0,0.0
reference,by_mission,sentinel-3b,august,72,in_track,7,7,4.284065019998143,4.284065007516266,7,7,1.0,1.0,7,7,1.0,1.0,0.0,0.0
reference,by_mission,sentinel-3b,august,72,cross,7,7,0.13084731548827863,0.13084733005645455,1,1,0.14285714285714285,0.14285714285714285,6,6,0.8571428571428571,0.8571428571428571,0.0,0.0
reference,by_mission,sentinel-3b,august,96,radial,5,5,0.19212550505801917,0.19212718381773763,4,4,0.8,0.8,5,5,1.0,1.0,0.0,0.0
reference,by_mission,sentinel-3b,august,96,in_track,5,5,6.226964806161446,6.226964753251768,5,5,1.0,1.0,5,5,1.0,1.0,0.0,0.0
reference,by_mission,sentinel-3b,august,96,cross,5,5,0.16470842191859714,0.16470848064465737,4,4,0.8,0.8,5,5,1.0,1.0,0.0,0.0
reference,by_mission,sentinel-3b,august,120,radial,2,2,0.23749230059524404,0.2375130831517293,2,2,1.0,1.0,2,2,1.0,1.0,0.0,0.0
reference,by_mission,sentinel-3b,august,120,in_track,2,2,8.32260777959405,8.322607183415975,2,2,1.0,1.0,2,2,1.0,1.0,0.0,0.0
reference,by_mission,sentinel-3b,august,120,cross,2,2,0.1968991387979031,0.19689926974199007,1,1,0.5,0.5,2,2,1.0,1.0,0.0,0.0
reference,by_mission,sentinel-3b,august,144,radial,0,0,,,0,0,,,0,0,,,,
reference,by_mission,sentinel-3b,august,144,in_track,0,0,,,0,0,,,0,0,,,,
reference,by_mission,sentinel-3b,august,144,cross,0,0,,,0,0,,,0,0,,,,
reference,by_mission,sentinel-3b,august,168,radial,0,0,,,0,0,,,0,0,,,,
reference,by_mission,sentinel-3b,august,168,in_track,0,0,,,0,0,,,0,0,,,,
reference,by_mission,sentinel-3b,august,168,cross,0,0,,,0,0,,,0,0,,,,
reference,by_mission,sentinel-3b,held-out,6,radial,12,12,0.022642678302151702,0.022642714262301578,2,3,0.16666666666666666,0.25,4,4,0.3333333333333333,0.3333333333333333,8.333333333333334,0.0
reference,by_mission,sentinel-3b,held-out,6,in_track,12,12,0.6629795980458381,0.6629795964264693,7,7,0.5833333333333334,0.5833333333333334,10,10,0.8333333333333334,0.8333333333333334,0.0,0.0
reference,by_mission,sentinel-3b,held-out,6,cross,12,12,0.027875621726603104,0.027875626755619214,2,2,0.16666666666666666,0.16666666666666666,2,2,0.16666666666666666,0.16666666666666666,0.0,0.0
reference,by_mission,sentinel-3b,held-out,12,radial,11,11,0.022642678302151702,0.02264273505688491,3,3,0.2727272727272727,0.2727272727272727,5,5,0.45454545454545453,0.45454545454545453,0.0,0.0
reference,by_mission,sentinel-3b,held-out,12,in_track,11,11,0.6629795980458381,0.6629795960701544,7,7,0.6363636363636364,0.6363636363636364,9,9,0.8181818181818182,0.8181818181818182,0.0,0.0
reference,by_mission,sentinel-3b,held-out,12,cross,11,11,0.027875621726603104,0.027875624872391893,3,3,0.2727272727272727,0.2727272727272727,3,3,0.2727272727272727,0.2727272727272727,0.0,0.0
reference,by_mission,sentinel-3b,held-out,24,radial,11,11,0.045285356604303405,0.0452855237847476,6,6,0.5454545454545454,0.5454545454545454,9,9,0.8181818181818182,0.8181818181818182,0.0,0.0
reference,by_mission,sentinel-3b,held-out,24,in_track,11,11,1.5768401101955094,1.5768401053184935,9,9,0.8181818181818182,0.8181818181818182,9,9,0.8181818181818182,0.8181818181818182,0.0,0.0
reference,by_mission,sentinel-3b,held-out,24,cross,11,11,0.04528408109470663,0.045284085739262105,1,1,0.09090909090909091,0.09090909090909091,3,3,0.2727272727272727,0.2727272727272727,0.0,0.0
reference,by_mission,sentinel-3b,held-out,36,radial,9,9,0.0679280349064551,0.06792819252539366,1,1,0.1111111111111111,0.1111111111111111,3,3,0.3333333333333333,0.3333333333333333,0.0,0.0
reference,by_mission,sentinel-3b,held-out,36,in_track,9,9,2.6175906603174495,2.617590655492837,7,7,0.7777777777777778,0.7777777777777778,7,7,0.7777777777777778,0.7777777777777778,0.0,0.0
reference,by_mission,sentinel-3b,held-out,36,cross,9,9,0.06014637265968384,0.0601464046167681,2,2,0.2222222222222222,0.2222222222222222,7,7,0.7777777777777778,0.7777777777777778,0.0,0.0
reference,by_mission,sentinel-3b,held-out,48,radial,8,8,0.09057071320860681,0.09057115505662414,6,6,0.75,0.75,8,8,1.0,1.0,0.0,0.0
reference,by_mission,sentinel-3b,held-out,48,in_track,8,8,3.750378956532349,3.7503789449471148,7,7,0.875,0.875,7,7,0.875,0.875,0.0,0.0
reference,by_mission,sentinel-3b,held-out,48,cross,8,8,0.07356420677193111,0.07356424484961246,2,2,0.25,0.25,6,6,0.75,0.75,0.0,0.0
reference,by_mission,sentinel-3b,held-out,72,radial,6,6,0.1358560698129102,0.13585649566912755,4,4,0.6666666666666666,0.6666666666666666,6,6,1.0,1.0,0.0,0.0
reference,by_mission,sentinel-3b,held-out,72,in_track,6,6,6.2257148748283635,6.225714865020864,6,6,1.0,1.0,6,6,1.0,1.0,0.0,0.0
reference,by_mission,sentinel-3b,held-out,72,cross,6,6,0.09770807064992673,0.09770809600749583,3,3,0.5,0.5,4,4,0.6666666666666666,0.6666666666666666,0.0,0.0
reference,by_mission,sentinel-3b,held-out,96,radial,4,4,0.18114142641721362,0.18114421446607606,2,2,0.5,0.5,4,4,1.0,1.0,0.0,0.0
reference,by_mission,sentinel-3b,held-out,96,in_track,4,4,8.919954678129502,8.919954620688758,4,4,1.0,1.0,4,4,1.0,1.0,0.0,0.0
reference,by_mission,sentinel-3b,held-out,96,cross,4,4,0.11950540647309332,0.11950558135710398,4,4,1.0,1.0,4,4,1.0,1.0,0.0,0.0
reference,by_mission,sentinel-3b,held-out,120,radial,4,4,0.22642678302151703,0.2264427601241665,4,4,1.0,1.0,4,4,1.0,1.0,0.0,0.0
reference,by_mission,sentinel-3b,held-out,120,in_track,4,4,11.78962968480795,11.789629377717405,4,4,1.0,1.0,4,4,1.0,1.0,0.0,0.0
reference,by_mission,sentinel-3b,held-out,120,cross,4,4,0.13970905738796494,0.13970907856044434,3,3,0.75,0.75,4,4,1.0,1.0,0.0,0.0
reference,by_mission,sentinel-3b,held-out,144,radial,4,4,0.2717121396258204,0.2717406376815849,3,3,0.75,0.75,4,4,1.0,1.0,0.0,0.0
reference,by_mission,sentinel-3b,held-out,144,in_track,4,4,14.807328850248329,14.80732832565517,4,4,1.0,1.0,4,4,1.0,1.0,0.0,0.0
reference,by_mission,sentinel-3b,held-out,144,cross,4,4,0.15872722905749467,0.15872740368602167,3,3,0.75,0.75,4,4,1.0,1.0,0.0,0.0
reference,by_mission,sentinel-3b,held-out,168,radial,4,4,0.31699749623012385,0.31705740551069705,4,4,1.0,1.0,4,4,1.0,1.0,0.0,0.0
reference,by_mission,sentinel-3b,held-out,168,in_track,4,4,17.953958153522784,17.953957094398774,4,4,1.0,1.0,4,4,1.0,1.0,0.0,0.0
reference,by_mission,sentinel-3b,held-out,168,cross,4,4,0.17681299777984102,0.17681312231300095,2,2,0.5,0.5,3,3,0.75,0.75,0.0,0.0
reference,by_mission,sentinel-3b,quiet,6,radial,12,12,0.02724909228502728,0.027249166084517627,0,0,0.0,0.0,0,0,0.0,0.0,0.0,0.0
reference,by_mission,sentinel-3b,quiet,6,in_track,12,12,0.6204530640908219,0.6204530607406006,5,5,0.4166666666666667,0.4166666666666667,11,11,0.9166666666666666,0.9166666666666666,0.0,0.0
reference,by_mission,sentinel-3b,quiet,6,cross,12,12,0.04064566554997737,0.040645666692182045,4,4,0.3333333333333333,0.3333333333333333,5,5,0.4166666666666667,0.4166666666666667,0.0,0.0
reference,by_mission,sentinel-3b,quiet,12,radial,12,12,0.02724909228502728,0.02724909700989507,1,1,0.08333333333333333,0.08333333333333333,1,1,0.08333333333333333,0.08333333333333333,0.0,0.0
reference,by_mission,sentinel-3b,quiet,12,in_track,12,12,0.6204530640908219,0.620453063682985,11,11,0.9166666666666666,0.9166666666666666,12,12,1.0,1.0,0.0,0.0
reference,by_mission,sentinel-3b,quiet,12,cross,12,12,0.04064566554997737,0.040645667906291025,1,1,0.08333333333333333,0.08333333333333333,1,1,0.08333333333333333,0.08333333333333333,0.0,0.0
reference,by_mission,sentinel-3b,quiet,24,radial,11,11,0.04911651405521208,0.04911667363758787,7,7,0.6363636363636364,0.6363636363636364,10,10,0.9090909090909091,0.9090909090909091,0.0,0.0
reference,by_mission,sentinel-3b,quiet,24,in_track,11,11,1.2846665882862682,1.2846665821853447,11,11,1.0,1.0,11,11,1.0,1.0,0.0,0.0
reference,by_mission,sentinel-3b,quiet,24,cross,11,11,0.07852224993610439,0.07852225010951722,3,3,0.2727272727272727,0.2727272727272727,6,6,0.5454545454545454,0.5454545454545454,0.0,0.0
reference,by_mission,sentinel-3b,quiet,36,radial,10,10,0.06932743083911637,0.06932744004431746,8,8,0.8,0.8,8,8,0.8,0.8,0.0,0.0
reference,by_mission,sentinel-3b,quiet,36,in_track,10,10,1.966465136104034,1.9664651342057209,10,10,1.0,1.0,10,10,1.0,1.0,0.0,0.0
reference,by_mission,sentinel-3b,quiet,36,cross,10,10,0.11541956448926356,0.11541958738805974,5,5,0.5,0.5,10,10,1.0,1.0,0.0,0.0
reference,by_mission,sentinel-3b,quiet,48,radial,9,9,0.08853256202818245,0.08853302384963084,2,2,0.2222222222222222,0.2222222222222222,9,9,1.0,1.0,0.0,0.0
reference,by_mission,sentinel-3b,quiet,48,in_track,9,9,2.6599405153674915,2.659940499774468,9,9,1.0,1.0,9,9,1.0,1.0,0.0,0.0
reference,by_mission,sentinel-3b,quiet,48,cross,9,9,0.1516949876843997,0.1516950080421951,7,7,0.7777777777777778,0.7777777777777778,9,9,1.0,1.0,0.0,0.0
reference,by_mission,sentinel-3b,quiet,72,radial,7,7,0.12496275823074794,0.1249644285130633,6,6,0.8571428571428571,0.8571428571428571,7,7,1.0,1.0,0.0,0.0
reference,by_mission,sentinel-3b,quiet,72,in_track,7,7,4.071624758730934,4.071624706995564,7,7,1.0,1.0,7,7,1.0,1.0,0.0,0.0
reference,by_mission,sentinel-3b,quiet,72,cross,7,7,0.2229759008177274,0.22297591178234236,2,2,0.2857142857142857,0.2857142857142857,7,7,1.0,1.0,0.0,0.0
reference,by_mission,sentinel-3b,quiet,96,radial,5,5,0.15958002496804294,0.1595947694312175,0,0,0.0,0.0,5,5,1.0,1.0,0.0,0.0
reference,by_mission,sentinel-3b,quiet,96,in_track,5,5,5.507486230129041,5.507485800539685,5,5,1.0,1.0,5,5,1.0,1.0,0.0,0.0
reference,by_mission,sentinel-3b,quiet,96,cross,5,5,0.29305539904033745,0.2930554562708219,4,4,0.8,0.8,5,5,1.0,1.0,0.0,0.0
reference,by_mission,sentinel-3b,quiet,120,radial,3,3,0.19290880011479397,0.19297206759080143,3,3,1.0,1.0,3,3,1.0,1.0,0.0,0.0
reference,by_mission,sentinel-3b,quiet,120,in_track,3,3,6.961597879381012,6.9615961209421,3,3,1.0,1.0,3,3,1.0,1.0,0.0,0.0
reference,by_mission,sentinel-3b,quiet,120,cross,3,3,0.3622548755248778,0.36225493592059765,2,2,0.6666666666666666,0.6666666666666666,3,3,1.0,1.0,0.0,0.0
reference,by_mission,sentinel-3b,quiet,144,radial,2,2,0.22524548732917382,0.22534024719597534,0,0,0.0,0.0,2,2,1.0,1.0,0.0,0.0
reference,by_mission,sentinel-3b,quiet,144,in_track,2,2,8.430420591516494,8.43041805440446,2,2,1.0,1.0,2,2,1.0,1.0,0.0,0.0
reference,by_mission,sentinel-3b,quiet,144,cross,2,2,0.4307610461491721,0.430761139269084,2,2,1.0,1.0,2,2,1.0,1.0,0.0,0.0
reference,by_mission,sentinel-3b,quiet,168,radial,2,2,0.2567798081657096,0.2569636188977623,1,1,0.5,0.5,2,2,1.0,1.0,0.0,0.0
reference,by_mission,sentinel-3b,quiet,168,in_track,2,2,9.911590964911149,9.911586193433283,2,2,1.0,1.0,2,2,1.0,1.0,0.0,0.0
reference,by_mission,sentinel-3b,quiet,168,cross,2,2,0.49869598665517334,0.49869614113232164,2,2,1.0,1.0,2,2,1.0,1.0,0.0,0.0
reference,by_mission,sentinel-3b,storm,6,radial,19,19,0.024801502803732944,0.02480155992108774,4,4,0.21052631578947367,0.21052631578947367,5,5,0.2631578947368421,0.2631578947368421,0.0,0.0
reference,by_mission,sentinel-3b,storm,6,in_track,19,19,0.577136476592161,0.5771364738718558,8,8,0.42105263157894735,0.42105263157894735,18,18,0.9473684210526315,0.9473684210526315,0.0,0.0
reference,by_mission,sentinel-3b,storm,6,cross,19,19,0.02855606154085381,0.028556065111524673,1,1,0.05263157894736842,0.05263157894736842,3,3,0.15789473684210525,0.15789473684210525,0.0,0.0
reference,by_mission,sentinel-3b,storm,12,radial,19,19,0.024801502803732944,0.02480152737250757,4,4,0.21052631578947367,0.21052631578947367,6,6,0.3157894736842105,0.3157894736842105,0.0,0.0
reference,by_mission,sentinel-3b,storm,12,in_track,19,19,0.577136476592161,0.5771364755241274,15,15,0.7894736842105263,0.7894736842105263,17,17,0.8947368421052632,0.8947368421052632,0.0,0.0
reference,by_mission,sentinel-3b,storm,12,cross,19,19,0.02855606154085381,0.028556062073474307,4,4,0.21052631578947367,0.21052631578947367,6,6,0.3157894736842105,0.3157894736842105,0.0,0.0
reference,by_mission,sentinel-3b,storm,24,radial,19,19,0.047913345140114125,0.04791343583742892,12,12,0.631578947368421,0.631578947368421,14,14,0.7368421052631579,0.7368421052631579,0.0,0.0
reference,by_mission,sentinel-3b,storm,24,in_track,19,19,1.3726696085819987,1.3726696053766934,17,17,0.8947368421052632,0.8947368421052632,18,18,0.9473684210526315,0.9473684210526315,0.0,0.0
reference,by_mission,sentinel-3b,storm,24,cross,19,19,0.06121125790808073,0.06121125879369918,2,2,0.10526315789473684,0.10526315789473684,8,8,0.42105263157894735,0.42105263157894735,0.0,0.0
reference,by_mission,sentinel-3b,storm,36,radial,19,19,0.0704276486447569,0.0704277775593197,11,11,0.5789473684210527,0.5789473684210527,13,13,0.6842105263157895,0.6842105263157895,0.0,0.0
reference,by_mission,sentinel-3b,storm,36,in_track,19,19,2.278662956309723,2.2786629520362816,18,18,0.9473684210526315,0.9473684210526315,18,18,0.9473684210526315,0.9473684210526315,0.0,0.0
reference,by_mission,sentinel-3b,storm,36,cross,19,19,0.0956162461346558,0.0956162509089527,14,14,0.7368421052631579,0.7368421052631579,17,17,0.8947368421052632,0.8947368421052632,0.0,0.0
reference,by_mission,sentinel-3b,storm,48,radial,19,19,0.09256248142230185,0.09256311300838936,9,9,0.47368421052631576,0.47368421052631576,17,17,0.8947368421052632,0.8947368421052632,0.0,0.0
reference,by_mission,sentinel-3b,storm,48,in_track,19,19,3.264776930147426,3.264776912104278,18,18,0.9473684210526315,0.9473684210526315,18,18,0.9473684210526315,0.9473684210526315,0.0,0.0
reference,by_mission,sentinel-3b,storm,48,cross,19,19,0.13120920366869146,0.13120922215757055,14,14,0.7368421052631579,0.7368421052631579,19,19,1.0,1.0,0.0,0.0
reference,by_mission,sentinel-3b,storm,72,radial,17,17,0.13605724877345068,0.13605940586477966,16,16,0.9411764705882353,0.9411764705882353,17,17,1.0,1.0,0.0,0.0
reference,by_mission,sentinel-3b,storm,72,in_track,17,17,5.419604400673315,5.419604345649103,16,16,0.9411764705882353,0.9411764705882353,16,16,0.9411764705882353,0.9411764705882353,0.0,0.0
reference,by_mission,sentinel-3b,storm,72,cross,17,17,0.20495791038892502,0.20495793656248337,9,9,0.5294117647058824,0.5294117647058824,17,17,1.0,1.0,0.0,0.0
reference,by_mission,sentinel-3b,storm,96,radial,14,14,0.17881892700246493,0.1788400022412331,8,8,0.5714285714285714,0.5714285714285714,14,14,1.0,1.0,0.0,0.0
reference,by_mission,sentinel-3b,storm,96,in_track,14,14,7.764991908456122,7.764991420812801,14,14,1.0,1.0,14,14,1.0,1.0,0.0,0.0
reference,by_mission,sentinel-3b,storm,96,cross,14,14,0.2812530850652463,0.28125319124904913,12,12,0.8571428571428571,0.8571428571428571,14,14,1.0,1.0,0.0,0.0
reference,by_mission,sentinel-3b,storm,120,radial,12,12,0.221043626409537,0.2211189175655823,11,11,0.9166666666666666,0.9166666666666666,12,12,1.0,1.0,0.0,0.0
reference,by_mission,sentinel-3b,storm,120,in_track,12,12,10.263099131062509,10.26309750147621,12,12,1.0,1.0,12,12,1.0,1.0,0.0,0.0
reference,by_mission,sentinel-3b,storm,120,cross,12,12,0.35949951534538965,0.35949973507598776,12,12,1.0,1.0,12,12,1.0,1.0,0.0,0.0
reference,by_mission,sentinel-3b,storm,144,radial,9,9,0.26284527880768277,0.26306844956314335,4,4,0.4444444444444444,0.4444444444444444,9,9,1.0,1.0,0.0,0.0
reference,by_mission,sentinel-3b,storm,144,in_track,9,9,12.890064227561526,12.89005967331261,9,9,1.0,1.0,9,9,1.0,1.0,0.0,0.0
reference,by_mission,sentinel-3b,storm,144,cross,9,9,0.4393368985834829,0.4393369771629739,8,8,0.8888888888888888,0.8888888888888888,9,9,1.0,1.0,0.0,0.0
reference,by_mission,sentinel-3b,storm,168,radial,6,6,0.304298373366051,0.3045775553506209,6,6,1.0,1.0,6,6,1.0,1.0,0.0,0.0
reference,by_mission,sentinel-3b,storm,168,in_track,6,6,15.62926548592047,15.629260029422538,6,6,1.0,1.0,6,6,1.0,1.0,0.0,0.0
reference,by_mission,sentinel-3b,storm,168,cross,6,6,0.5205220703202372,0.520522682072627,6,6,1.0,1.0,6,6,1.0,1.0,0.0,0.0
reference,by_mission,sentinel-6a,august,6,radial,18,18,0.023686257497324205,0.02368625750036628,6,6,0.3333333333333333,0.3333333333333333,9,9,0.5,0.5,0.0,0.0
reference,by_mission,sentinel-6a,august,6,in_track,18,18,0.02443466402569646,0.024434664025484713,0,0,0.0,0.0,0,0,0.0,0.0,0.0,0.0
reference,by_mission,sentinel-6a,august,6,cross,18,18,0.031394412066770044,0.031394412064838596,2,2,0.1111111111111111,0.1111111111111111,5,5,0.2777777777777778,0.2777777777777778,0.0,0.0
reference,by_mission,sentinel-6a,august,12,radial,18,18,0.023686257497324205,0.023686257500497285,1,1,0.05555555555555555,0.05555555555555555,4,4,0.2222222222222222,0.2222222222222222,0.0,0.0
reference,by_mission,sentinel-6a,august,12,in_track,18,18,0.02443466402569646,0.024434664026896463,1,1,0.05555555555555555,0.05555555555555555,1,1,0.05555555555555555,0.05555555555555555,0.0,0.0
reference,by_mission,sentinel-6a,august,12,cross,18,18,0.031394412066770044,0.031394412063553895,1,1,0.05555555555555555,0.05555555555555555,6,6,0.3333333333333333,0.3333333333333333,0.0,0.0
reference,by_mission,sentinel-6a,august,24,radial,18,18,0.04737251499464841,0.04737251499056855,4,4,0.2222222222222222,0.2222222222222222,16,16,0.8888888888888888,0.8888888888888888,0.0,0.0
reference,by_mission,sentinel-6a,august,24,in_track,18,18,0.0396942288180629,0.03969422884391445,0,0,0.0,0.0,1,1,0.05555555555555555,0.05555555555555555,0.0,0.0
reference,by_mission,sentinel-6a,august,24,cross,18,18,0.06065000628105946,0.0606500062699776,1,1,0.05555555555555555,0.05555555555555555,7,7,0.3888888888888889,0.3888888888888889,0.0,0.0
reference,by_mission,sentinel-6a,august,36,radial,18,18,0.07105877249197262,0.07105877245472418,14,14,0.7777777777777778,0.7777777777777778,18,18,1.0,1.0,0.0,0.0
reference,by_mission,sentinel-6a,august,36,in_track,18,18,0.05272192393474557,0.0527219240098682,1,1,0.05555555555555555,0.05555555555555555,1,1,0.05555555555555555,0.05555555555555555,0.0,0.0
reference,by_mission,sentinel-6a,august,36,cross,18,18,0.08914921970431598,0.08914921968369774,3,3,0.16666666666666666,0.16666666666666666,7,7,0.3888888888888889,0.3888888888888889,0.0,0.0
reference,by_mission,sentinel-6a,august,48,radial,18,18,0.09474502998929682,0.09474502998601589,4,4,0.2222222222222222,0.2222222222222222,18,18,1.0,1.0,0.0,0.0
reference,by_mission,sentinel-6a,august,48,in_track,18,18,0.06448346495796867,0.06448346500657684,5,5,0.2777777777777778,0.2777777777777778,7,7,0.3888888888888889,0.3888888888888889,0.0,0.0
reference,by_mission,sentinel-6a,august,48,cross,18,18,0.11716808883279078,0.11716808880848928,6,6,0.3333333333333333,0.3333333333333333,9,9,0.5,0.5,0.0,0.0
reference,by_mission,sentinel-6a,august,72,radial,18,18,0.14211754498394524,0.14211754494650777,12,12,0.6666666666666666,0.6666666666666666,18,18,1.0,1.0,0.0,0.0
reference,by_mission,sentinel-6a,august,72,in_track,18,18,0.08564701811301652,0.08564701832171481,5,5,0.2777777777777778,0.2777777777777778,9,9,0.5,0.5,0.0,0.0
reference,by_mission,sentinel-6a,august,72,cross,18,18,0.17222494001540295,0.17222493994667565,13,13,0.7222222222222222,0.7222222222222222,18,18,1.0,1.0,0.0,0.0
reference,by_mission,sentinel-6a,august,96,radial,18,18,0.18949005997859364,0.18949005968086624,18,18,1.0,1.0,18,18,1.0,1.0,0.0,0.0
reference,by_mission,sentinel-6a,august,96,in_track,18,18,0.10475369787492678,0.10475369858210146,2,2,0.1111111111111111,0.1111111111111111,3,3,0.16666666666666666,0.16666666666666666,0.0,0.0
reference,by_mission,sentinel-6a,august,96,cross,18,18,0.22635382718857228,0.22635382702497142,9,9,0.5,0.5,18,18,1.0,1.0,0.0,0.0
reference,by_mission,sentinel-6a,august,120,radial,18,18,0.23686257497324203,0.2368625749650022,11,11,0.6111111111111112,0.6111111111111112,18,18,1.0,1.0,0.0,0.0
reference,by_mission,sentinel-6a,august,120,in_track,18,18,0.12246341667650636,0.1224634170550236,1,1,0.05555555555555555,0.05555555555555555,5,5,0.2777777777777778,0.2777777777777778,0.0,0.0
reference,by_mission,sentinel-6a,august,120,cross,18,18,0.2798029920666618,0.2798029919274742,0,0,0.0,0.0,18,18,1.0,1.0,0.0,0.0
reference,by_mission,sentinel-6a,august,144,radial,18,18,0.2842350899678905,0.28423508993642155,18,18,1.0,1.0,18,18,1.0,1.0,0.0,0.0
reference,by_mission,sentinel-6a,august,144,in_track,18,18,0.13913399140612714,0.1391339927548187,8,8,0.4444444444444444,0.4444444444444444,9,9,0.5,0.5,0.0,0.0
reference,by_mission,sentinel-6a,august,144,cross,18,18,0.3327166526155601,0.33271665215372215,14,14,0.7777777777777778,0.7777777777777778,18,18,1.0,1.0,0.0,0.0
reference,by_mission,sentinel-6a,august,168,radial,18,18,0.3316076049625389,0.33160760483522644,18,18,1.0,1.0,18,18,1.0,1.0,0.0,0.0
reference,by_mission,sentinel-6a,august,168,in_track,18,18,0.15498725870582064,0.15498726046285505,7,7,0.3888888888888889,0.3888888888888889,8,8,0.4444444444444444,0.4444444444444444,0.0,0.0
reference,by_mission,sentinel-6a,august,168,cross,18,18,0.38518909923731554,0.3851890986181689,10,10,0.5555555555555556,0.5555555555555556,18,18,1.0,1.0,0.0,0.0
reference,by_mission,sentinel-6a,held-out,6,radial,15,15,0.03424745719869192,0.034247457249198414,7,7,0.4666666666666667,0.4666666666666667,15,15,1.0,1.0,0.0,0.0
reference,by_mission,sentinel-6a,held-out,6,in_track,15,15,0.07166398119703671,0.0716639811696135,5,5,0.3333333333333333,0.3333333333333333,5,5,0.3333333333333333,0.3333333333333333,0.0,0.0
reference,by_mission,sentinel-6a,held-out,6,cross,15,15,0.0488218890793113,0.048821889078883594,4,4,0.26666666666666666,0.26666666666666666,7,7,0.4666666666666667,0.4666666666666667,0.0,0.0
reference,by_mission,sentinel-6a,held-out,12,radial,15,15,0.03424745719869192,0.03424745745767885,0,0,0.0,0.0,2,2,0.13333333333333333,0.13333333333333333,0.0,0.0
reference,by_mission,sentinel-6a,held-out,12,in_track,15,15,0.07166398119703671,0.07166398105723328,0,0,0.0,0.0,0,0,0.0,0.0,0.0,0.0
reference,by_mission,sentinel-6a,held-out,12,cross,15,15,0.0488218890793113,0.04882188908418014,3,3,0.2,0.2,8,8,0.5333333333333333,0.5333333333333333,0.0,0.0
reference,by_mission,sentinel-6a,held-out,24,radial,15,15,0.06173107328713139,0.061731073582098096,9,9,0.6,0.6,15,15,1.0,1.0,0.0,0.0
reference,by_mission,sentinel-6a,held-out,24,in_track,15,15,0.17044663265787455,0.1704466325424826,4,4,0.26666666666666666,0.26666666666666666,9,9,0.6,0.6,0.0,0.0
reference,by_mission,sentinel-6a,held-out,24,cross,15,15,0.09431767261689192,0.09431767263684702,6,6,0.4,0.4,13,13,0.8666666666666667,0.8666666666666667,0.0,0.0
reference,by_mission,sentinel-6a,held-out,36,radial,15,15,0.08713274539653294,0.08713274787017658,14,14,0.9333333333333333,0.9333333333333333,15,15,1.0,1.0,0.0,0.0
reference,by_mission,sentinel-6a,held-out,36,in_track,15,15,0.2829453099544082,0.2829453091520799,2,2,0.13333333333333333,0.13333333333333333,7,7,0.4666666666666667,0.4666666666666667,0.0,0.0
reference,by_mission,sentinel-6a,held-out,36,cross,15,15,0.13863719781260614,0.13863719786193568,5,5,0.3333333333333333,0.3333333333333333,11,11,0.7333333333333333,0.7333333333333333,0.0,0.0
reference,by_mission,sentinel-6a,held-out,48,radial,15,15,0.11127031671498046,0.11127031747035615,7,7,0.4666666666666667,0.4666666666666667,15,15,1.0,1.0,0.0,0.0
reference,by_mission,sentinel-6a,held-out,48,in_track,15,15,0.4053926965699991,0.4053926963142156,10,10,0.6666666666666666,0.6666666666666666,15,15,1.0,1.0,0.0,0.0
reference,by_mission,sentinel-6a,held-out,48,cross,15,15,0.182209732880592,0.18220973285430347,6,6,0.4,0.4,15,15,1.0,1.0,0.0,0.0
reference,by_mission,sentinel-6a,held-out,72,radial,15,15,0.157056854194354,0.15705685538596736,7,7,0.4666666666666667,0.4666666666666667,15,15,1.0,1.0,0.0,0.0
reference,by_mission,sentinel-6a,held-out,72,in_track,15,15,0.6729611515088649,0.6729611511170701,14,14,0.9333333333333333,0.9333333333333333,15,15,1.0,1.0,0.0,0.0
reference,by_mission,sentinel-6a,held-out,72,cross,15,15,0.2678294118150728,0.2678294120864353,12,12,0.8,0.8,15,15,1.0,1.0,0.0,0.0
reference,by_mission,sentinel-6a,held-out,96,radial,15,15,0.20056484882845946,0.20056485989554032,15,15,1.0,1.0,15,15,1.0,1.0,0.0,0.0
reference,by_mission,sentinel-6a,held-out,96,in_track,15,15,0.9641917582623644,0.9641917553014622,15,15,1.0,1.0,15,15,1.0,1.0,0.0,0.0
reference,by_mission,sentinel-6a,held-out,96,cross,15,15,0.35200600094611156,0.35200600305419466,15,15,1.0,1.0,15,15,1.0,1.0,0.0,0.0
reference,by_mission,sentinel-6a,held-out,120,radial,15,15,0.24245342949690138,0.2424534337670468,5,5,0.3333333333333333,0.3333333333333333,15,15,1.0,1.0,0.0,0.0
reference,by_mission,sentinel-6a,held-out,120,in_track,15,15,1.274385822041069,1.2743858214515063,15,15,1.0,1.0,15,15,1.0,1.0,0.0,0.0
reference,by_mission,sentinel-6a,held-out,120,cross,15,15,0.4351255444339785,0.4351255443266472,7,7,0.4666666666666667,0.4666666666666667,15,15,1.0,1.0,0.0,0.0
reference,by_mission,sentinel-6a,held-out,144,radial,15,15,0.2830951249977265,0.2830951487000125,10,10,0.6666666666666666,0.6666666666666666,15,15,1.0,1.0,0.0,0.0
reference,by_mission,sentinel-6a,held-out,144,in_track,15,15,1.6005803789895325,1.6005803724785477,15,15,1.0,1.0,15,15,1.0,1.0,0.0,0.0
reference,by_mission,sentinel-6a,held-out,144,cross,15,15,0.517412317653504,0.5174123243555393,14,14,0.9333333333333333,0.9333333333333333,15,15,1.0,1.0,0.0,0.0
reference,by_mission,sentinel-6a,held-out,168,radial,15,15,0.3227283829368358,0.32272842483671516,15,15,1.0,1.0,15,15,1.0,1.0,0.0,0.0
reference,by_mission,sentinel-6a,held-out,168,in_track,15,15,1.9407114839112776,1.9407114724882342,15,15,1.0,1.0,15,15,1.0,1.0,0.0,0.0
reference,by_mission,sentinel-6a,held-out,168,cross,15,15,0.5990129529270345,0.5990129673616974,15,15,1.0,1.0,15,15,1.0,1.0,0.0,0.0
reference,by_mission,sentinel-6a,quiet,6,radial,18,18,0.02403030089833926,0.024030300898939608,6,6,0.3333333333333333,0.3333333333333333,10,10,0.5555555555555556,0.5555555555555556,0.0,0.0
reference,by_mission,sentinel-6a,quiet,6,in_track,18,18,0.021697735056532993,0.02169773505871735,2,2,0.1111111111111111,0.1111111111111111,4,4,0.2222222222222222,0.2222222222222222,0.0,0.0
reference,by_mission,sentinel-6a,quiet,6,cross,18,18,0.04206080064280306,0.04206080064107858,5,5,0.2777777777777778,0.2777777777777778,10,10,0.5555555555555556,0.5555555555555556,0.0,0.0
reference,by_mission,sentinel-6a,quiet,12,radial,18,18,0.02403030089833926,0.024030300895595654,0,0,0.0,0.0,1,1,0.05555555555555555,0.05555555555555555,0.0,0.0
reference,by_mission,sentinel-6a,quiet,12,in_track,18,18,0.021697735056532993,0.021697735067609983,1,1,0.05555555555555555,0.05555555555555555,1,1,0.05555555555555555,0.05555555555555555,0.0,0.0
reference,by_mission,sentinel-6a,quiet,12,cross,18,18,0.04206080064280306,0.04206080063940422,4,4,0.2222222222222222,0.2222222222222222,6,6,0.3333333333333333,0.3333333333333333,0.0,0.0
reference,by_mission,sentinel-6a,quiet,24,radial,18,18,0.04806060179667852,0.04806060178863128,6,6,0.3333333333333333,0.3333333333333333,15,15,0.8333333333333334,0.8333333333333334,0.0,0.0
reference,by_mission,sentinel-6a,quiet,24,in_track,18,18,0.03777795095142972,0.03777795097197976,0,0,0.0,0.0,0,0,0.0,0.0,0.0,0.0
reference,by_mission,sentinel-6a,quiet,24,cross,18,18,0.08412160128560613,0.08412160128144072,11,11,0.6111111111111112,0.6111111111111112,16,16,0.8888888888888888,0.8888888888888888,0.0,0.0
reference,by_mission,sentinel-6a,quiet,36,radial,18,18,0.07209090269501778,0.07209090260916554,16,16,0.8888888888888888,0.8888888888888888,18,18,1.0,1.0,0.0,0.0
reference,by_mission,sentinel-6a,quiet,36,in_track,18,18,0.05225302117782301,0.052253021347913695,0,0,0.0,0.0,0,0,0.0,0.0,0.0,0.0
reference,by_mission,sentinel-6a,quiet,36,cross,18,18,0.12618240192840918,0.12618240191305236,13,13,0.7222222222222222,0.7222222222222222,18,18,1.0,1.0,0.0,0.0
reference,by_mission,sentinel-6a,quiet,48,radial,18,18,0.09612120359335705,0.09612120358074425,14,14,0.7777777777777778,0.7777777777777778,18,18,1.0,1.0,0.0,0.0
reference,by_mission,sentinel-6a,quiet,48,in_track,18,18,0.06577523296188098,0.06577523303625447,2,2,0.1111111111111111,0.1111111111111111,4,4,0.2222222222222222,0.2222222222222222,0.0,0.0
reference,by_mission,sentinel-6a,quiet,48,cross,18,18,0.16824320257121225,0.16824320255157166,14,14,0.7777777777777778,0.7777777777777778,18,18,1.0,1.0,0.0,0.0
reference,by_mission,sentinel-6a,quiet,72,radial,18,18,0.14418180539003556,0.1441818053602252,18,18,1.0,1.0,18,18,1.0,1.0,0.0,0.0
reference,by_mission,sentinel-6a,quiet,72,in_track,18,18,0.09097779404055627,0.09097779436312273,1,1,0.05555555555555555,0.05555555555555555,3,3,0.16666666666666666,0.16666666666666666,0.0,0.0
reference,by_mission,sentinel-6a,quiet,72,cross,18,18,0.25236480385681836,0.2523648037517332,10,10,0.5555555555555556,0.5555555555555556,18,18,1.0,1.0,0.0,0.0
reference,by_mission,sentinel-6a,quiet,96,radial,18,18,0.1922424071867141,0.19224240693817649,18,18,1.0,1.0,18,18,1.0,1.0,0.0,0.0
reference,by_mission,sentinel-6a,quiet,96,in_track,18,18,0.11452133221179857,0.11452133403789205,2,2,0.1111111111111111,0.1111111111111111,3,3,0.16666666666666666,0.16666666666666666,0.0,0.0
reference,by_mission,sentinel-6a,quiet,96,cross,18,18,0.3364864051424245,0.33648640470166646,18,18,1.0,1.0,18,18,1.0,1.0,0.0,0.0
reference,by_mission,sentinel-6a,quiet,120,radial,18,18,0.24030300898339263,0.2403030096957186,16,16,0.8888888888888888,0.8888888888888888,18,18,1.0,1.0,0.0,0.0
reference,by_mission,sentinel-6a,quiet,120,in_track,18,18,0.13690345292504855,0.13690345354174197,2,2,0.1111111111111111,0.1111111111111111,7,7,0.3888888888888889,0.3888888888888889,0.0,0.0
reference,by_mission,sentinel-6a,quiet,120,cross,18,18,0.42060800642803065,0.42060800572009266,1,1,0.05555555555555555,0.05555555555555555,18,18,1.0,1.0,0.0,0.0
reference,by_mission,sentinel-6a,quiet,144,radial,18,18,0.2883636107800711,0.2883636111633867,18,18,1.0,1.0,18,18,1.0,1.0,0.0,0.0
reference,by_mission,sentinel-6a,quiet,144,in_track,18,18,0.15840153969889004,0.15840154300975756,7,7,0.3888888888888889,0.3888888888888889,13,13,0.7222222222222222,0.7222222222222222,0.0,0.0
reference,by_mission,sentinel-6a,quiet,144,cross,18,18,0.5047296077136367,0.5047296063373821,17,17,0.9444444444444444,0.9444444444444444,18,18,1.0,1.0,0.0,0.0
reference,by_mission,sentinel-6a,quiet,168,radial,18,18,0.33642421257674965,0.3364242130572992,18,18,1.0,1.0,18,18,1.0,1.0,0.0,0.0
reference,by_mission,sentinel-6a,quiet,168,in_track,18,18,0.179191262954178,0.17919126929981968,6,6,0.3333333333333333,0.3333333333333333,8,8,0.4444444444444444,0.4444444444444444,0.0,0.0
reference,by_mission,sentinel-6a,quiet,168,cross,18,18,0.5888512089992429,0.5888512069100527,18,18,1.0,1.0,18,18,1.0,1.0,0.0,0.0
reference,by_mission,sentinel-6a,storm,6,radial,15,15,0.025290283079699986,0.025290283090656864,5,5,0.3333333333333333,0.3333333333333333,11,11,0.7333333333333333,0.7333333333333333,0.0,0.0
reference,by_mission,sentinel-6a,storm,6,in_track,15,15,0.031044887765918985,0.031044887765808517,4,4,0.26666666666666666,0.26666666666666666,4,4,0.26666666666666666,0.26666666666666666,0.0,0.0
reference,by_mission,sentinel-6a,storm,6,cross,15,15,0.0463508537475257,0.04635085374199716,3,3,0.2,0.2,5,5,0.3333333333333333,0.3333333333333333,0.0,0.0
reference,by_mission,sentinel-6a,storm,12,radial,15,15,0.025290283079699986,0.025290283093061108,0,0,0.0,0.0,0,0,0.0,0.0,0.0,0.0
reference,by_mission,sentinel-6a,storm,12,in_track,15,15,0.031044887765918985,0.031044887765459234,2,2,0.13333333333333333,0.13333333333333333,4,4,0.26666666666666666,0.26666666666666666,0.0,0.0
reference,by_mission,sentinel-6a,storm,12,cross,15,15,0.0463508537475257,0.04635085374008287,3,3,0.2,0.2,9,9,0.6,0.6,0.0,0.0
reference,by_mission,sentinel-6a,storm,24,radial,15,15,0.04885760639095108,0.04885760639539533,10,10,0.6666666666666666,0.6666666666666666,14,14,0.9333333333333333,0.9333333333333333,0.0,0.0
reference,by_mission,sentinel-6a,storm,24,in_track,15,15,0.048714650524258836,0.04871465057373116,0,0,0.0,0.0,0,0,0.0,0.0,0.0,0.0
reference,by_mission,sentinel-6a,storm,24,cross,15,15,0.0927017074950514,0.09270170746526706,9,9,0.6,0.6,15,15,1.0,1.0,0.0,0.0
reference,by_mission,sentinel-6a,storm,36,radial,15,15,0.07181561476167757,0.0718156147630166,15,15,1.0,1.0,15,15,1.0,1.0,0.0,0.0
reference,by_mission,sentinel-6a,storm,36,in_track,15,15,0.06340432883318277,0.06340432895441081,0,0,0.0,0.0,3,3,0.2,0.2,0.0,0.0
reference,by_mission,sentinel-6a,storm,36,cross,15,15,0.1390525612425771,0.13905256118118894,8,8,0.5333333333333333,0.5333333333333333,14,14,0.9333333333333333,0.9333333333333333,0.0,0.0
reference,by_mission,sentinel-6a,storm,48,radial,15,15,0.09438667391466071,0.09438667403290887,15,15,1.0,1.0,15,15,1.0,1.0,0.0,0.0
reference,by_mission,sentinel-6a,storm,48,in_track,15,15,0.07644148027186219,0.07644148036594346,1,1,0.06666666666666667,0.06666666666666667,1,1,0.06666666666666667,0.06666666666666667,0.0,0.0
reference,by_mission,sentinel-6a,storm,48,cross,15,15,0.1854034149901028,0.18540341488385095,2,2,0.13333333333333333,0.13333333333333333,13,13,0.8666666666666667,0.8666666666666667,0.0,0.0
reference,by_mission,sentinel-6a,storm,72,radial,15,15,0.13873862256475153,0.1387386226114346,15,15,1.0,1.0,15,15,1.0,1.0,0.0,0.0
reference,by_mission,sentinel-6a,storm,72,in_track,15,15,0.09949205628066331,0.09949205697087807,0,0,0.0,0.0,0,0,0.0,0.0,0.0,0.0
reference,by_mission,sentinel-6a,storm,72,cross,15,15,0.2781051224851542,0.2781051222634583,9,9,0.6,0.6,15,15,1.0,1.0,0.0,0.0
reference,by_mission,sentinel-6a,storm,96,radial,15,15,0.1823430346011077,0.18234303444130628,15,15,1.0,1.0,15,15,1.0,1.0,0.0,0.0
reference,by_mission,sentinel-6a,storm,96,in_track,15,15,0.11994953968198253,0.11994954166342933,0,0,0.0,0.0,0,0,0.0,0.0,0.0,0.0
reference,by_mission,sentinel-6a,storm,96,cross,15,15,0.3708068299802056,0.3708068294761399,15,15,1.0,1.0,15,15,1.0,1.0,0.0,0.0
reference,by_mission,sentinel-6a,storm,120,radial,15,15,0.225399885204506,0.2253998865547378,15,15,1.0,1.0,15,15,1.0,1.0,0.0,0.0
reference,by_mission,sentinel-6a,storm,120,in_track,15,15,0.1386724198520418,0.13867242026978807,1,1,0.06666666666666667,0.06666666666666667,3,3,0.2,0.2,0.0,0.0
reference,by_mission,sentinel-6a,storm,120,cross,15,15,0.463508537475257,0.4635085366104783,6,6,0.4,0.4,15,15,1.0,1.0,0.0,0.0
reference,by_mission,sentinel-6a,storm,144,radial,15,15,0.26802535152057166,0.26802535150157947,15,15,1.0,1.0,15,15,1.0,1.0,0.0,0.0
reference,by_mission,sentinel-6a,storm,144,in_track,15,15,0.15611977044971392,0.15611977542516192,3,3,0.2,0.2,6,6,0.4,0.4,0.0,0.0
reference,by_mission,sentinel-6a,storm,144,cross,15,15,0.5562102449703084,0.5562102435248196,15,15,1.0,1.0,15,15,1.0,1.0,0.0,0.0
reference,by_mission,sentinel-6a,storm,168,radial,15,15,0.3102953907277487,0.3102953918366538,15,15,1.0,1.0,15,15,1.0,1.0,0.0,0.0
reference,by_mission,sentinel-6a,storm,168,in_track,15,15,0.1725731861193285,0.17257319133909366,0,0,0.0,0.0,5,5,0.3333333333333333,0.3333333333333333,0.0,0.0
reference,by_mission,sentinel-6a,storm,168,cross,15,15,0.6489119524653598,0.6489119504774299,15,15,1.0,1.0,15,15,1.0,1.0,0.0,0.0
reference,by_mission,swarm-a,august,6,radial,19,19,0.059943307972611264,0.0599433121539351,3,3,0.15789473684210525,0.15789473684210525,11,11,0.5789473684210527,0.5789473684210527,0.0,0.0
reference,by_mission,swarm-a,august,6,in_track,19,19,0.26229629336862487,0.262296292325694,3,3,0.15789473684210525,0.15789473684210525,9,9,0.47368421052631576,0.47368421052631576,0.0,0.0
reference,by_mission,swarm-a,august,6,cross,19,19,0.008902598265744542,0.008902599172328616,1,1,0.05263157894736842,0.05263157894736842,1,1,0.05263157894736842,0.05263157894736842,0.0,0.0
reference,by_mission,swarm-a,august,12,radial,19,19,0.059943307972611264,0.05994331528866435,8,8,0.42105263157894735,0.42105263157894735,18,18,0.9473684210526315,0.9473684210526315,0.0,0.0
reference,by_mission,swarm-a,august,12,in_track,19,19,0.26229629336862487,0.26229629169210006,5,5,0.2631578947368421,0.2631578947368421,7,7,0.3684210526315789,0.3684210526315789,0.0,0.0
reference,by_mission,swarm-a,august,12,cross,19,19,0.008902598265744542,0.008902599894912175,2,2,0.10526315789473684,0.10526315789473684,2,2,0.10526315789473684,0.10526315789473684,0.0,0.0
reference,by_mission,swarm-a,august,24,radial,19,19,0.11988661594522253,0.11988665350946694,17,17,0.8947368421052632,0.8947368421052632,19,19,1.0,1.0,0.0,0.0
reference,by_mission,swarm-a,august,24,in_track,19,19,0.8822560513120532,0.8822560461552775,10,10,0.5263157894736842,0.5263157894736842,13,13,0.6842105263157895,0.6842105263157895,0.0,0.0
reference,by_mission,swarm-a,august,24,cross,19,19,0.016046941610881285,0.016046947675987796,0,0,0.0,0.0,1,1,0.05263157894736842,0.05263157894736842,0.0,0.0
reference,by_mission,swarm-a,august,36,radial,19,19,0.17982992391783378,0.17983184911480024,12,12,0.631578947368421,0.631578947368421,18,18,0.9473684210526315,0.9473684210526315,0.0,0.0
reference,by_mission,swarm-a,august,36,in_track,19,19,1.7937187552405829,1.7937185612370683,8,8,0.42105263157894735,0.42105263157894735,12,12,0.631578947368421,0.631578947368421,0.0,0.0
reference,by_mission,swarm-a,august,36,cross,19,19,0.022650085334988405,0.022650141667528063,4,4,0.21052631578947367,0.21052631578947367,7,7,0.3684210526315789,0.3684210526315789,0.0,0.0
reference,by_mission,swarm-a,august,48,radial,19,19,0.23977323189044505,0.23979296462763489,12,12,0.631578947368421,0.631578947368421,19,19,1.0,1.0,0.0,0.0
reference,by_mission,swarm-a,august,48,in_track,19,19,2.967543803536811,2.967542208724986,6,6,0.3157894736842105,0.3157894736842105,8,8,0.42105263157894735,0.42105263157894735,0.0,0.0
reference,by_mission,swarm-a,august,48,cross,19,19,0.028924627100591477,0.028924664985752968,3,3,0.15789473684210525,0.15789473684210525,4,4,0.21052631578947367,0.21052631578947367,0.0,0.0
reference,by_mission,swarm-a,august,72,radial,19,19,0.35965984783566757,0.3599424787106011,11,11,0.5789473684210527,0.5789473684210527,17,17,0.8947368421052632,0.8947368421052632,0.0,0.0
reference,by_mission,swarm-a,august,72,in_track,19,19,6.033326685020644,6.033309830064194,4,4,0.21052631578947367,0.21052631578947367,7,7,0.3684210526315789,0.3684210526315789,0.0,0.0
reference,by_mission,swarm-a,august,72,cross,19,19,0.040826799772666164,0.0408270129552476,3,3,0.15789473684210525,0.15789473684210525,8,8,0.42105263157894735,0.42105263157894735,0.0,0.0
reference,by_mission,swarm-a,august,96,radial,19,19,0.4795464637808901,0.4806874418445376,17,17,0.8947368421052632,0.8947368421052632,17,17,0.8947368421052632,0.8947368421052632,0.0,0.0
reference,by_mission,swarm-a,august,96,in_track,19,19,9.981587786009912,9.981532903117822,3,3,0.15789473684210525,0.15789473684210525,7,7,0.3684210526315789,0.3684210526315789,0.0,0.0
reference,by_mission,swarm-a,august,96,cross,19,19,0.052136667110507656,0.05213703093442511,2,2,0.10526315789473684,0.10526315789473684,5,5,0.2631578947368421,0.2631578947368421,0.0,0.0
reference,by_mission,swarm-a,august,120,radial,19,19,0.5994330797261126,0.6065512636844508,16,16,0.8421052631578947,0.8421052631578947,17,17,0.8947368421052632,0.8947368421052632,0.0,0.0
reference,by_mission,swarm-a,august,120,in_track,19,19,14.750004520542905,14.74971352047734,3,3,0.15789473684210525,0.15789473684210525,6,6,0.3157894736842105,0.3157894736842105,0.0,0.0
reference,by_mission,swarm-a,august,120,cross,19,19,0.06302556912299384,0.06302627846902152,2,2,0.10526315789473684,0.10526315789473684,5,5,0.2631578947368421,0.2631578947368421,0.0,0.0
reference,by_mission,swarm-a,august,144,radial,19,19,0.7193196956713351,0.7477733229290047,7,7,0.3684210526315789,0.3684210526315789,16,16,0.8421052631578947,0.8421052631578947,0.0,0.0
reference,by_mission,swarm-a,august,144,in_track,19,19,20.29361112595375,20.29258259437342,4,4,0.21052631578947367,0.21052631578947367,7,7,0.3684210526315789,0.3684210526315789,0.0,0.0
reference,by_mission,swarm-a,august,144,cross,19,19,0.07359034436407023,0.07359196246839794,9,9,0.47368421052631576,0.47368421052631576,16,16,0.8421052631578947,0.8421052631578947,0.0,0.0
reference,by_mission,swarm-a,august,168,radial,19,19,0.8392063116165577,0.9173481971866365,15,16,0.7894736842105263,0.8421052631578947,16,16,0.8421052631578947,0.8421052631578947,5.263157894736836,0.0
reference,by_mission,swarm-a,august,168,in_track,19,19,26.577627842594442,26.575045445924182,5,5,0.2631578947368421,0.2631578947368421,7,7,0.3684210526315789,0.3684210526315789,0.0,0.0
reference,by_mission,swarm-a,august,168,cross,19,19,0.08389297709231837,0.08389459191189441,4,4,0.21052631578947367,0.21052631578947367,11,11,0.5789473684210527,0.5789473684210527,0.0,0.0
reference,by_mission,swarm-a,held-out,6,radial,21,21,0.04819622001870585,0.04819626974263119,8,8,0.38095238095238093,0.38095238095238093,16,16,0.7619047619047619,0.7619047619047619,0.0,0.0
reference,by_mission,swarm-a,held-out,6,in_track,21,21,0.5566538054229697,0.5566538011159138,7,7,0.3333333333333333,0.3333333333333333,15,15,0.7142857142857143,0.7142857142857143,0.0,0.0
reference,by_mission,swarm-a,held-out,6,cross,21,21,0.009429929095050181,0.009429936802968993,0,0,0.0,0.0,2,2,0.09523809523809523,0.09523809523809523,0.0,0.0
reference,by_mission,swarm-a,held-out,12,radial,21,21,0.04819622001870585,0.048196277000515216,1,1,0.047619047619047616,0.047619047619047616,5,5,0.23809523809523808,0.23809523809523808,0.0,0.0
reference,by_mission,swarm-a,held-out,12,in_track,21,21,0.5566538054229697,0.5566538003853585,8,8,0.38095238095238093,0.38095238095238093,14,14,0.6666666666666666,0.6666666666666666,0.0,0.0
reference,by_mission,swarm-a,held-out,12,cross,21,21,0.009429929095050181,0.009429932295169951,1,1,0.047619047619047616,0.047619047619047616,2,2,0.09523809523809523,0.09523809523809523,0.0,0.0
reference,by_mission,swarm-a,held-out,24,radial,21,21,0.12719058716806658,0.1271920337814867,10,10,0.47619047619047616,0.47619047619047616,19,19,0.9047619047619048,0.9047619047619048,0.0,0.0
reference,by_mission,swarm-a,held-out,24,in_track,21,21,2.0775054612965653,2.0775053727065838,11,11,0.5238095238095238,0.5238095238095238,14,14,0.6666666666666666,0.6666666666666666,0.0,0.0
reference,by_mission,swarm-a,held-out,24,cross,21,21,0.015859187144248804,0.015859208737884784,1,1,0.047619047619047616,0.047619047619047616,1,1,0.047619047619047616,0.047619047619047616,0.0,0.0
reference,by_mission,swarm-a,held-out,36,radial,21,21,0.22437927214643855,0.22439646324215312,1,1,0.047619047619047616,0.047619047619047616,15,15,0.7142857142857143,0.7142857142857143,0.0,0.0
reference,by_mission,swarm-a,held-out,36,in_track,21,21,4.488648175541369,4.488647316117698,11,11,0.5238095238095238,0.5238095238095238,13,13,0.6190476190476191,0.6190476190476191,0.0,0.0
reference,by_mission,swarm-a,held-out,36,cross,21,21,0.021495589918750068,0.021496005845706045,3,3,0.14285714285714285,0.14285714285714285,4,4,0.19047619047619047,0.19047619047619047,0.0,0.0
reference,by_mission,swarm-a,held-out,48,radial,21,21,0.33565797188822644,0.3357500596972679,19,19,0.9047619047619048,0.9047619047619048,19,20,0.9047619047619048,0.9523809523809523,0.0,4.761904761904756
reference,by_mission,swarm-a,held-out,48,in_track,21,21,7.753524541950358,7.753520554709344,11,11,0.5238095238095238,0.5238095238095238,14,14,0.6666666666666666,0.6666666666666666,0.0,0.0
reference,by_mission,swarm-a,held-out,48,cross,21,21,0.026671867236873228,0.02667234736271773,3,3,0.14285714285714285,0.14285714285714285,4,4,0.19047619047619047,0.19047619047619047,0.0,0.0
reference,by_mission,swarm-a,held-out,72,radial,21,21,0.5921404492213795,0.5937218111429703,12,12,0.5714285714285714,0.5714285714285714,17,17,0.8095238095238095,0.8095238095238095,0.0,0.0
reference,by_mission,swarm-a,held-out,72,in_track,21,21,16.75222734072638,16.75217135449996,10,10,0.47619047619047616,0.47619047619047616,13,13,0.6190476190476191,0.6190476190476191,0.0,0.0
reference,by_mission,swarm-a,held-out,72,cross,21,21,0.03615112901288164,0.03615540497724321,7,7,0.3333333333333333,0.3333333333333333,10,10,0.47619047619047616,0.47619047619047616,0.0,0.0
reference,by_mission,swarm-a,held-out,96,radial,18,18,0.885806698441001,0.8931747376517211,14,16,0.7777777777777778,0.8888888888888888,16,16,0.8888888888888888,0.8888888888888888,11.111111111111105,0.0
reference,by_mission,swarm-a,held-out,96,in_track,18,18,28.93717679331998,28.93695030198733,10,10,0.5555555555555556,0.5555555555555556,10,10,0.5555555555555556,0.5555555555555556,0.0,0.0
reference,by_mission,swarm-a,held-out,96,cross,18,18,0.04485655509521939,0.044857797193516506,1,1,0.05555555555555555,0.05555555555555555,3,3,0.16666666666666666,0.16666666666666666,0.0,0.0
reference,by_mission,swarm-a,held-out,120,radial,14,14,1.210634311150376,1.2249298993974826,10,10,0.7142857142857143,0.7142857142857143,10,12,0.7142857142857143,0.8571428571428571,0.0,14.28571428571428
reference,by_mission,swarm-a,held-out,120,in_track,14,14,44.21658346141811,44.21618970833302,10,10,0.7142857142857143,0.7142857142857143,10,10,0.7142857142857143,0.7142857142857143,0.0,0.0
reference,by_mission,swarm-a,held-out,120,cross,14,14,0.053028388237615486,0.05303030935709925,2,2,0.14285714285714285,0.14285714285714285,4,4,0.2857142857142857,0.2857142857142857,0.0,0.0
reference,by_mission,swarm-a,held-out,144,radial,12,12,1.5626680140724512,1.6029296052471895,9,9,0.75,0.75,9,9,0.75,0.75,0.0,0.0
reference,by_mission,swarm-a,held-out,144,in_track,12,12,62.52152316249053,62.52050373625485,9,9,0.75,0.75,9,9,0.75,0.75,0.0,0.0
reference,by_mission,swarm-a,held-out,144,cross,12,12,0.06079870958861345,0.0608224377908112,9,9,0.75,0.75,10,10,0.8333333333333334,0.8333333333333334,0.0,0.0
reference,by_mission,swarm-a,held-out,168,radial,10,10,1.9390643784894843,2.0290037604159554,7,7,0.7,0.7,7,9,0.7,0.9,0.0,20.000000000000007
reference,by_mission,swarm-a,held-out,168,in_track,10,10,83.79699601189168,83.79486647893154,7,7,0.7,0.7,7,7,0.7,0.7,0.0,0.0
reference,by_mission,swarm-a,held-out,168,cross,10,10,0.06825028260204812,0.06826635721721899,1,1,0.1,0.1,5,5,0.5,0.5,0.0,0.0
reference,by_mission,swarm-a,quiet,6,radial,19,19,0.06454144588813933,0.06454144688757629,13,13,0.6842105263157895,0.6842105263157895,19,19,1.0,1.0,0.0,0.0
reference,by_mission,swarm-a,quiet,6,in_track,19,19,0.25220823748954563,0.25220823722946656,8,8,0.42105263157894735,0.42105263157894735,12,12,0.631578947368421,0.631578947368421,0.0,0.0
reference,by_mission,swarm-a,quiet,6,cross,19,19,0.012725814988523945,0.012725815276194812,0,0,0.0,0.0,0,0,0.0,0.0,0.0,0.0
reference,by_mission,swarm-a,quiet,12,radial,19,19,0.06454144588813933,0.06454144730235731,12,12,0.631578947368421,0.631578947368421,16,16,0.8421052631578947,0.8421052631578947,0.0,0.0
reference,by_mission,swarm-a,quiet,12,in_track,19,19,0.25220823748954563,0.2522082370252211,7,7,0.3684210526315789,0.3684210526315789,11,11,0.5789473684210527,0.5789473684210527,0.0,0.0
reference,by_mission,swarm-a,quiet,12,cross,19,19,0.012725814988523945,0.012725815708822788,0,0,0.0,0.0,0,0,0.0,0.0,0.0,0.0
reference,by_mission,swarm-a,quiet,24,radial,19,19,0.13834761787325978,0.1383476404698775,19,19,1.0,1.0,19,19,1.0,1.0,0.0,0.0
reference,by_mission,swarm-a,quiet,24,in_track,19,19,1.0088329499581825,1.0088329467777175,14,14,0.7368421052631579,0.7368421052631579,18,18,0.9473684210526315,0.9473684210526315,0.0,0.0
reference,by_mission,swarm-a,quiet,24,cross,19,19,0.023747210456972877,0.023747212147194996,0,0,0.0,0.0,1,1,0.05263157894736842,0.05263157894736842,0.0,0.0
reference,by_mission,swarm-a,quiet,36,radial,19,19,0.21610861032422268,0.21610886781749947,12,12,0.631578947368421,0.631578947368421,19,19,1.0,1.0,0.0,0.0
reference,by_mission,swarm-a,quiet,36,in_track,19,19,2.269874137405911,2.2698741122834467,16,16,0.8421052631578947,0.8421052631578947,19,19,1.0,1.0,0.0,0.0
reference,by_mission,swarm-a,quiet,36,cross,19,19,0.0342054047920092,0.034205424895126325,7,7,0.3684210526315789,0.3684210526315789,10,10,0.5263157894736842,0.5263157894736842,0.0,0.0
reference,by_mission,swarm-a,quiet,48,radial,19,19,0.2965546108833432,0.29655676908268075,14,14,0.7368421052631579,0.7368421052631579,19,19,1.0,1.0,0.0,0.0
reference,by_mission,swarm-a,quiet,48,in_track,19,19,4.03533179983273,4.035331640945435,17,17,0.8947368421052632,0.8947368421052632,19,19,1.0,1.0,0.0,0.0
reference,by_mission,swarm-a,quiet,48,cross,19,19,0.04431386162664712,0.04431395125349022,3,3,0.15789473684210525,0.15789473684210525,5,5,0.2631578947368421,0.2631578947368421,0.0,0.0
reference,by_mission,swarm-a,quiet,72,radial,19,19,0.4632389471421974,0.4632594729232836,12,12,0.631578947368421,0.631578947368421,19,19,1.0,1.0,0.0,0.0
reference,by_mission,swarm-a,quiet,72,in_track,19,19,9.079496549623643,9.079495493131342,18,18,0.9473684210526315,0.9473684210526315,19,19,1.0,1.0,0.0,0.0
reference,by_mission,swarm-a,quiet,72,cross,19,19,0.06382954231963159,0.06382996888019518,8,8,0.42105263157894735,0.42105263157894735,14,14,0.7368421052631579,0.7368421052631579,0.0,0.0
reference,by_mission,swarm-a,quiet,96,radial,19,19,0.6356787242750876,0.6359131300415614,19,19,1.0,1.0,19,19,1.0,1.0,0.0,0.0
reference,by_mission,swarm-a,quiet,96,in_track,19,19,16.14132719933092,16.14131796459472,18,18,0.9473684210526315,0.9473684210526315,19,19,1.0,1.0,0.0,0.0
reference,by_mission,swarm-a,quiet,96,cross,19,19,0.0826925897601174,0.08269290863979709,4,4,0.21052631578947367,0.21052631578947367,8,8,0.42105263157894735,0.42105263157894735,0.0,0.0
reference,by_mission,swarm-a,quiet,120,radial,19,19,0.8125286634251677,0.8134627451793763,19,19,1.0,1.0,19,19,1.0,1.0,0.0,0.0
reference,by_mission,swarm-a,quiet,120,in_track,19,19,25.22082374895456,25.220793563933647,18,18,0.9473684210526315,0.9473684210526315,19,19,1.0,1.0,0.0,0.0
reference,by_mission,swarm-a,quiet,120,cross,19,19,0.10108474155262029,0.10108827459775058,8,8,0.42105263157894735,0.42105263157894735,17,17,0.8947368421052632,0.8947368421052632,0.0,0.0
reference,by_mission,swarm-a,quiet,144,radial,19,19,0.9929744207205194,0.9963913946652341,19,19,1.0,1.0,19,19,1.0,1.0,0.0,0.0
reference,by_mission,swarm-a,quiet,144,in_track,19,19,36.31798619849457,36.317892596645564,17,17,0.8947368421052632,0.8947368421052632,19,19,1.0,1.0,0.0,0.0
reference,by_mission,swarm-a,quiet,144,cross,19,19,0.11911013763782222,0.11911429662111728,5,5,0.2631578947368421,0.2631578947368421,12,12,0.631578947368421,0.631578947368421,0.0,0.0
reference,by_mission,swarm-a,quiet,168,radial,19,19,1.1764664040625037,1.1960917479587971,18,18,0.9473684210526315,0.9473684210526315,19,19,1.0,1.0,0.0,0.0
reference,by_mission,swarm-a,quiet,168,in_track,19,19,49.43281454795094,49.43234355468245,15,15,0.7894736842105263,0.7894736842105263,19,19,1.0,1.0,0.0,0.0
reference,by_mission,swarm-a,quiet,168,cross,19,19,0.1368361470749217,0.13684488365245237,5,5,0.2631578947368421,0.2631578947368421,11,11,0.5789473684210527,0.5789473684210527,0.0,0.0
reference,by_mission,swarm-a,storm,6,radial,18,18,0.059736819504611564,0.05973682164009303,8,8,0.4444444444444444,0.4444444444444444,18,18,1.0,1.0,0.0,0.0
reference,by_mission,swarm-a,storm,6,in_track,18,18,0.2824369442008086,0.28243694372410644,6,6,0.3333333333333333,0.3333333333333333,13,13,0.7222222222222222,0.7222222222222222,0.0,0.0
reference,by_mission,swarm-a,storm,6,cross,18,18,0.011705067428665165,0.011705068308271626,0,0,0.0,0.0,0,0,0.0,0.0,0.0,0.0
reference,by_mission,swarm-a,storm,12,radial,18,18,0.059736819504611564,0.05973682116323126,13,13,0.7222222222222222,0.7222222222222222,18,18,1.0,1.0,0.0,0.0
reference,by_mission,swarm-a,storm,12,in_track,18,18,0.2824369442008086,0.2824369436968014,7,7,0.3888888888888889,0.3888888888888889,13,13,0.7222222222222222,0.7222222222222222,0.0,0.0
reference,by_mission,swarm-a,storm,12,cross,18,18,0.011705067428665165,0.011705068497181143,0,0,0.0,0.0,0,0,0.0,0.0,0.0,0.0
reference,by_mission,swarm-a,storm,24,radial,18,18,0.132564302561488,0.13256437621617345,15,15,0.8333333333333334,0.8333333333333334,18,18,1.0,1.0,0.0,0.0
reference,by_mission,swarm-a,storm,24,in_track,18,18,1.1297477768032345,1.1297477677185834,11,11,0.6111111111111112,0.6111111111111112,14,14,0.7777777777777778,0.7777777777777778,0.0,0.0
reference,by_mission,swarm-a,storm,24,cross,18,18,0.02341013485733033,0.02341014226660961,0,0,0.0,0.0,0,0,0.0,0.0,0.0,0.0
reference,by_mission,swarm-a,storm,36,radial,18,18,0.21131559023806637,0.21131578245654545,15,15,0.8333333333333334,0.8333333333333334,18,18,1.0,1.0,0.0,0.0
reference,by_mission,swarm-a,storm,36,in_track,18,18,2.5419324978072777,2.5419324809374917,14,14,0.7777777777777778,0.7777777777777778,14,14,0.7777777777777778,0.7777777777777778,0.0,0.0
reference,by_mission,swarm-a,storm,36,cross,18,18,0.035115202285995496,0.035115288248271884,6,6,0.3333333333333333,0.3333333333333333,9,9,0.5,0.5,0.0,0.0
reference,by_mission,swarm-a,storm,48,radial,18,18,0.29417860641638455,0.2941818125634589,10,10,0.5555555555555556,0.5555555555555556,18,18,1.0,1.0,0.0,0.0
reference,by_mission,swarm-a,storm,48,in_track,18,18,4.518991107212938,4.51899089647159,11,11,0.6111111111111112,0.6111111111111112,14,14,0.7777777777777778,0.7777777777777778,0.0,0.0
reference,by_mission,swarm-a,storm,48,cross,18,18,0.04682026971466066,0.046820369650359954,0,0,0.0,0.0,3,3,0.16666666666666666,0.16666666666666666,0.0,0.0
reference,by_mission,swarm-a,storm,72,radial,18,18,0.4689386558003127,0.4690294887326498,14,14,0.7777777777777778,0.7777777777777778,18,18,1.0,1.0,0.0,0.0
reference,by_mission,swarm-a,storm,72,in_track,18,18,10.16772999122911,10.167725796116525,10,10,0.5555555555555556,0.5555555555555556,12,12,0.6666666666666666,0.6666666666666666,0.0,0.0
reference,by_mission,swarm-a,storm,72,cross,18,18,0.07023040457199099,0.07023121623392498,10,10,0.5555555555555556,0.5555555555555556,16,16,0.8888888888888888,0.8888888888888888,0.0,0.0
reference,by_mission,swarm-a,storm,96,radial,18,18,0.6528232020301643,0.6548267544458777,17,17,0.9444444444444444,0.9444444444444444,18,18,1.0,1.0,0.0,0.0
reference,by_mission,swarm-a,storm,96,in_track,18,18,18.07596442885175,18.07589194520661,8,8,0.4444444444444444,0.4444444444444444,12,12,0.6666666666666666,0.6666666666666666,0.0,0.0
reference,by_mission,swarm-a,storm,96,cross,18,18,0.09364053942932132,0.09364071809879204,1,1,0.05555555555555555,0.05555555555555555,1,1,0.05555555555555555,0.05555555555555555,0.0,0.0
reference,by_mission,swarm-a,storm,120,radial,18,18,0.8438050034661666,0.8584308966357622,16,16,0.8888888888888888,0.8888888888888888,18,18,1.0,1.0,0.0,0.0
reference,by_mission,swarm-a,storm,120,in_track,18,18,28.24369442008086,28.24325352928637,7,7,0.3888888888888889,0.3888888888888889,13,13,0.7222222222222222,0.7222222222222222,0.0,0.0
reference,by_mission,swarm-a,storm,120,cross,18,18,0.11705067428665165,0.11705227113086442,13,13,0.7222222222222222,0.7222222222222222,17,17,0.9444444444444444,0.9444444444444444,0.0,0.0
reference,by_mission,swarm-a,storm,144,radial,18,18,1.0406400334971155,1.1045717403816013,15,16,0.8333333333333334,0.8888888888888888,16,18,0.8888888888888888,1.0,5.5555555555555465,11.111111111111116
reference,by_mission,swarm-a,storm,144,in_track,18,18,40.67091996491644,40.66923308303453,7,7,0.3888888888888889,0.3888888888888889,13,13,0.7222222222222222,0.7222222222222222,0.0,0.0
reference,by_mission,swarm-a,storm,144,cross,18,18,0.14046080914398199,0.1404648161727745,14,14,0.7777777777777778,0.7777777777777778,16,16,0.8888888888888888,0.8888888888888888,0.0,0.0
reference,by_mission,swarm-a,storm,168,radial,18,18,1.242479801461507,1.4079885841899742,16,16,0.8888888888888888,0.8888888888888888,16,18,0.8888888888888888,1.0,0.0,11.111111111111116
reference,by_mission,swarm-a,storm,168,in_track,18,18,55.357641063358486,55.35367831662805,7,7,0.3888888888888889,0.3888888888888889,16,16,0.8888888888888888,0.8888888888888888,0.0,0.0
reference,by_mission,swarm-a,storm,168,cross,18,18,0.1638709440013123,0.16387217351743827,3,3,0.16666666666666666,0.16666666666666666,15,15,0.8333333333333334,0.8333333333333334,0.0,0.0
reference,by_mission,swarm-b,august,6,radial,19,19,0.07060733599859965,0.07060733902497511,4,4,0.21052631578947367,0.21052631578947367,18,18,0.9473684210526315,0.9473684210526315,0.0,0.0
reference,by_mission,swarm-b,august,6,in_track,19,19,0.20848058725528332,0.20848058612231926,4,4,0.21052631578947367,0.21052631578947367,7,7,0.3684210526315789,0.3684210526315789,0.0,0.0
reference,by_mission,swarm-b,august,6,cross,19,19,0.014709594023342067,0.014709594360767497,0,0,0.0,0.0,0,0,0.0,0.0,0.0,0.0
reference,by_mission,swarm-b,august,12,radial,19,19,0.07060733599859965,0.07060733679813866,17,17,0.8947368421052632,0.8947368421052632,19,19,1.0,1.0,0.0,0.0
reference,by_mission,swarm-b,august,12,in_track,19,19,0.20848058725528332,0.20848058674123152,5,5,0.2631578947368421,0.2631578947368421,10,10,0.5263157894736842,0.5263157894736842,0.0,0.0
reference,by_mission,swarm-b,august,12,cross,19,19,0.014709594023342067,0.014709595533814944,2,2,0.10526315789473684,0.10526315789473684,7,7,0.3684210526315789,0.3684210526315789,0.0,0.0
reference,by_mission,swarm-b,august,24,radial,19,19,0.1412146719971993,0.14121468435890583,19,19,1.0,1.0,19,19,1.0,1.0,0.0,0.0
reference,by_mission,swarm-b,august,24,in_track,19,19,0.6542822139226852,0.6542822112450692,10,10,0.5263157894736842,0.5263157894736842,16,16,0.8421052631578947,0.8421052631578947,0.0,0.0
reference,by_mission,swarm-b,august,24,cross,19,19,0.030456653472625616,0.030456655324782925,0,0,0.0,0.0,1,1,0.05263157894736842,0.05263157894736842,0.0,0.0
reference,by_mission,swarm-b,august,36,radial,19,19,0.21182200799579898,0.21182214428506094,19,19,1.0,1.0,19,19,1.0,1.0,0.0,0.0
reference,by_mission,swarm-b,august,36,in_track,19,19,1.277366999295165,1.2773669766377604,9,9,0.47368421052631576,0.47368421052631576,13,13,0.6842105263157895,0.6842105263157895,0.0,0.0
reference,by_mission,swarm-b,august,36,cross,19,19,0.046620615623089695,0.04662061857635658,1,1,0.05263157894736842,0.05263157894736842,1,1,0.05263157894736842,0.05263157894736842,0.0,0.0
reference,by_mission,swarm-b,august,48,radial,19,19,0.2824293439943986,0.2824298507835002,11,11,0.5789473684210527,0.5789473684210527,19,19,1.0,1.0,0.0,0.0
reference,by_mission,swarm-b,august,48,in_track,19,19,2.0533576823216753,2.053357612357853,10,10,0.5263157894736842,0.5263157894736842,12,12,0.631578947368421,0.631578947368421,0.0,0.0
reference,by_mission,swarm-b,august,48,cross,19,19,0.06306141007560197,0.06306143859185667,13,13,0.6842105263157895,0.6842105263157895,17,17,0.8947368421052632,0.8947368421052632,0.0,0.0
reference,by_mission,swarm-b,august,72,radial,19,19,0.42364401599159796,0.4236680404267214,17,17,0.8947368421052632,0.8947368421052632,19,19,1.0,1.0,0.0,0.0
reference,by_mission,swarm-b,august,72,in_track,19,19,4.008807339300305,4.008804800119509,4,4,0.21052631578947367,0.21052631578947367,10,10,0.5263157894736842,0.5263157894736842,0.0,0.0
reference,by_mission,swarm-b,august,72,cross,19,19,0.09652937616495218,0.09652938748028833,7,7,0.3684210526315789,0.3684210526315789,10,10,0.5263157894736842,0.5263157894736842,0.0,0.0
reference,by_mission,swarm-b,august,96,radial,19,19,0.5648586879887972,0.5650321110661053,18,18,0.9473684210526315,0.9473684210526315,19,19,1.0,1.0,0.0,0.0
reference,by_mission,swarm-b,august,96,in_track,19,19,6.4441271393748565,6.4441119288938085,3,3,0.15789473684210525,0.15789473684210525,6,6,0.3157894736842105,0.3157894736842105,0.0,0.0
reference,by_mission,swarm-b,august,96,cross,19,19,0.1305705317984959,0.13057058957524095,11,11,0.5789473684210527,0.5789473684210527,18,18,0.9473684210526315,0.9473684210526315,0.0,0.0
reference,by_mission,swarm-b,august,120,radial,19,19,0.7060733599859965,0.707189185098269,9,9,0.47368421052631576,0.47368421052631576,18,18,0.9473684210526315,0.9473684210526315,0.0,0.0
reference,by_mission,swarm-b,august,120,in_track,19,19,9.312485760893223,9.312401082907497,4,4,0.21052631578947367,0.21052631578947367,5,5,0.2631578947368421,0.2631578947368421,0.0,0.0
reference,by_mission,swarm-b,august,120,cross,19,19,0.16504435949479668,0.16504451446532203,10,10,0.5263157894736842,0.5263157894736842,13,13,0.6842105263157895,0.6842105263157895,0.0,0.0
reference,by_mission,swarm-b,august,144,radial,19,19,0.8472880319831959,0.8510332742348101,16,16,0.8421052631578947,0.8421052631578947,18,18,0.9473684210526315,0.9473684210526315,0.0,0.0
reference,by_mission,swarm-b,august,144,in_track,19,19,12.580985959787213,12.580733161039173,4,4,0.21052631578947367,0.21052631578947367,5,5,0.2631578947368421,0.2631578947368421,0.0,0.0
reference,by_mission,swarm-b,august,144,cross,19,19,0.1998669545277298,0.19986750092304711,9,9,0.47368421052631576,0.47368421052631576,17,17,0.8947368421052632,0.8947368421052632,0.0,0.0
reference,by_mission,swarm-b,august,168,radial,19,19,0.9885027039803952,0.9985927033680825,18,18,0.9473684210526315,0.9473684210526315,18,18,0.9473684210526315,0.9473684210526315,0.0,0.0
reference,by_mission,swarm-b,august,168,in_track,19,19,16.224707668821893,16.22408977827117,4,4,0.21052631578947367,0.21052631578947367,5,5,0.2631578947368421,0.2631578947368421,0.0,0.0
reference,by_mission,swarm-b,august,168,cross,19,19,0.23498228578000338,0.23498270584773848,9,9,0.47368421052631576,0.47368421052631576,19,19,1.0,1.0,0.0,0.0
reference,by_mission,swarm-b,held-out,6,radial,19,19,0.0712613911210556,0.07126141684759121,12,12,0.631578947368421,0.631578947368421,19,19,1.0,1.0,0.0,0.0
reference,by_mission,swarm-b,held-out,6,in_track,19,19,0.5053619956368025,0.5053619918305149,4,4,0.21052631578947367,0.21052631578947367,12,12,0.631578947368421,0.631578947368421,0.0,0.0
reference,by_mission,swarm-b,held-out,6,cross,19,19,0.014189093568808738,0.014189095120590585,1,1,0.05263157894736842,0.05263157894736842,3,3,0.15789473684210525,0.15789473684210525,0.0,0.0
reference,by_mission,swarm-b,held-out,12,radial,19,19,0.0712613911210556,0.07126142813430357,10,10,0.5263157894736842,0.5263157894736842,10,10,0.5263157894736842,0.5263157894736842,0.0,0.0
reference,by_mission,swarm-b,held-out,12,in_track,19,19,0.5053619956368025,0.5053619902223445,3,3,0.15789473684210525,0.15789473684210525,10,10,0.5263157894736842,0.5263157894736842,0.0,0.0
reference,by_mission,swarm-b,held-out,12,cross,19,19,0.014189093568808738,0.01418909663155519,0,0,0.0,0.0,1,1,0.05263157894736842,0.05263157894736842,0.0,0.0
reference,by_mission,swarm-b,held-out,24,radial,19,19,0.15275213581393365,0.1527527220817274,18,18,0.9473684210526315,0.9473684210526315,19,19,1.0,1.0,0.0,0.0
reference,by_mission,swarm-b,held-out,24,in_track,19,19,1.6998283621458021,1.6998283094424977,9,9,0.47368421052631576,0.47368421052631576,14,14,0.7368421052631579,0.7368421052631579,0.0,0.0
reference,by_mission,swarm-b,held-out,24,cross,19,19,0.026477784839402583,0.026477797316172638,4,4,0.21052631578947367,0.21052631578947367,7,7,0.3684210526315789,0.3684210526315789,0.0,0.0
reference,by_mission,swarm-b,held-out,36,radial,19,19,0.23860947013231226,0.23861882863646755,17,17,0.8947368421052632,0.8947368421052632,19,19,1.0,1.0,0.0,0.0
reference,by_mission,swarm-b,held-out,36,in_track,19,19,3.4559287061125223,3.455928055449942,8,8,0.42105263157894735,0.42105263157894735,12,12,0.631578947368421,0.631578947368421,0.0,0.0
reference,by_mission,swarm-b,held-out,36,cross,19,19,0.038138515261339025,0.038138538101460916,5,5,0.2631578947368421,0.2631578947368421,6,6,0.3157894736842105,0.3157894736842105,0.0,0.0
reference,by_mission,swarm-b,held-out,48,radial,19,19,0.3274313710222276,0.3274681194694897,13,13,0.6842105263157895,0.6842105263157895,19,19,1.0,1.0,0.0,0.0
reference,by_mission,swarm-b,held-out,48,in_track,19,19,5.717518305099992,5.717516199992291,8,8,0.42105263157894735,0.42105263157894735,14,14,0.7368421052631579,0.7368421052631579,0.0,0.0
reference,by_mission,swarm-b,held-out,48,cross,19,19,0.049409293595951434,0.049409307833250135,6,6,0.3157894736842105,0.3157894736842105,7,7,0.3684210526315789,0.3684210526315789,0.0,0.0
reference,by_mission,swarm-b,held-out,72,radial,19,19,0.5114705959953171,0.5119368136888233,19,19,1.0,1.0,19,19,1.0,1.0,0.0,0.0
reference,by_mission,swarm-b,held-out,72,in_track,19,19,11.624312241369712,11.624291718059833,8,8,0.42105263157894735,0.42105263157894735,14,14,0.7368421052631579,0.7368421052631579,0.0,0.0
reference,by_mission,swarm-b,held-out,72,cross,19,19,0.07116898597411866,0.07116954318493934,10,10,0.5263157894736842,0.5263157894736842,18,18,0.9473684210526315,0.9473684210526315,0.0,0.0
reference,by_mission,swarm-b,held-out,96,radial,19,19,0.7018645085269971,0.7032139601696507,14,14,0.7368421052631579,0.7368421052631579,19,19,1.0,1.0,0.0,0.0
reference,by_mission,swarm-b,held-out,96,in_track,19,19,19.231362587624307,19.231313290734903,13,13,0.6842105263157895,0.6842105263157895,14,14,0.7368421052631579,0.7368421052631579,0.0,0.0
reference,by_mission,swarm-b,held-out,96,cross,19,19,0.09220100202710198,0.09220143113333881,5,5,0.2631578947368421,0.2631578947368421,9,9,0.47368421052631576,0.47368421052631576,0.0,0.0
reference,by_mission,swarm-b,held-out,120,radial,19,19,0.8971277616210015,0.9021632305821281,14,14,0.7368421052631579,0.7368421052631579,15,15,0.7894736842105263,0.7894736842105263,0.0,0.0
reference,by_mission,swarm-b,held-out,120,in_track,19,19,28.41859343272389,28.418434018217912,13,13,0.6842105263157895,0.6842105263157895,14,14,0.7368421052631579,0.7368421052631579,0.0,0.0
reference,by_mission,swarm-b,held-out,120,cross,19,19,0.11270797646849501,0.11271018104211661,13,13,0.6842105263157895,0.6842105263157895,16,16,0.8421052631578947,0.8421052631578947,0.0,0.0
reference,by_mission,swarm-b,held-out,144,radial,17,17,1.096361223310805,1.1007582903126976,12,12,0.7058823529411765,0.7058823529411765,14,15,0.8235294117647058,0.8823529411764706,0.0,5.882352941176472
reference,by_mission,swarm-b,held-out,144,in_track,17,17,39.099369974230655,39.09924639411989,11,11,0.6470588235294118,0.6470588235294118,12,12,0.7058823529411765,0.7058823529411765,0.0,0.0
reference,by_mission,swarm-b,held-out,144,cross,17,17,0.13280602377614606,0.13280775728461208,9,9,0.5294117647058824,0.5294117647058824,16,16,0.9411764705882353,0.9411764705882353,0.0,0.0
reference,by_mission,swarm-b,held-out,168,radial,15,15,1.298958078906107,1.317743776557755,12,12,0.8,0.8,12,13,0.8,0.8666666666666667,0.0,6.666666666666665
reference,by_mission,swarm-b,held-out,168,in_track,15,15,51.206682615791735,51.20620260897872,11,11,0.7333333333333333,0.7333333333333333,12,12,0.8,0.8,0.0,0.0
reference,by_mission,swarm-b,held-out,168,cross,15,15,0.15257025944446329,0.1525728648241758,6,6,0.4,0.4,13,13,0.8666666666666667,0.8666666666666667,0.0,0.0
reference,by_mission,swarm-b,quiet,6,radial,19,19,0.056766486433939736,0.05676649061906585,13,13,0.6842105263157895,0.6842105263157895,17,17,0.8947368421052632,0.8947368421052632,0.0,0.0
reference,by_mission,swarm-b,quiet,6,in_track,19,19,0.2905113962261013,0.2905113953573131,7,7,0.3684210526315789,0.3684210526315789,12,12,0.631578947368421,0.631578947368421,0.0,0.0
reference,by_mission,swarm-b,quiet,6,cross,19,19,0.010825556919925077,0.010825557402494261,1,1,0.05263157894736842,0.05263157894736842,1,1,0.05263157894736842,0.05263157894736842,0.0,0.0
reference,by_mission,swarm-b,quiet,12,radial,19,19,0.056766486433939736,0.05676649131449848,12,12,0.631578947368421,0.631578947368421,17,17,0.8947368421052632,0.8947368421052632,0.0,0.0
reference,by_mission,swarm-b,quiet,12,in_track,19,19,0.2905113962261013,0.2905113952505004,4,4,0.21052631578947367,0.21052631578947367,10,10,0.5263157894736842,0.5263157894736842,0.0,0.0
reference,by_mission,swarm-b,quiet,12,cross,19,19,0.010825556919925077,0.010825559149000291,0,0,0.0,0.0,0,0,0.0,0.0,0.0,0.0
reference,by_mission,swarm-b,quiet,24,radial,19,19,0.11753670450955042,0.11753672607018996,16,16,0.8421052631578947,0.8421052631578947,19,19,1.0,1.0,0.0,0.0
reference,by_mission,swarm-b,quiet,24,in_track,19,19,0.9771599667075203,0.9771599638484904,15,15,0.7894736842105263,0.7894736842105263,19,19,1.0,1.0,0.0,0.0
reference,by_mission,swarm-b,quiet,24,cross,19,19,0.021651113839850154,0.021651124203098445,1,1,0.05263157894736842,0.05263157894736842,3,3,0.15789473684210525,0.15789473684210525,0.0,0.0
reference,by_mission,swarm-b,quiet,36,radial,19,19,0.17991581141603452,0.17991608832016873,17,17,0.8947368421052632,0.8947368421052632,19,19,1.0,1.0,0.0,0.0
reference,by_mission,swarm-b,quiet,36,in_track,19,19,1.9866683334695503,1.9866683071519122,15,15,0.7894736842105263,0.7894736842105263,19,19,1.0,1.0,0.0,0.0
reference,by_mission,swarm-b,quiet,36,cross,19,19,0.03247667075977523,0.03247670516755038,3,3,0.15789473684210525,0.15789473684210525,5,5,0.2631578947368421,0.2631578947368421,0.0,0.0
reference,by_mission,swarm-b,quiet,48,radial,19,19,0.24336325488529242,0.24336390779702619,16,16,0.8421052631578947,0.8421052631578947,19,19,1.0,1.0,0.0,0.0
reference,by_mission,swarm-b,quiet,48,in_track,19,19,3.2867612525351713,3.28676120400894,18,18,0.9473684210526315,0.9473684210526315,19,19,1.0,1.0,0.0,0.0
reference,by_mission,swarm-b,quiet,48,cross,19,19,0.04330222767970031,0.04330225641217785,1,1,0.05263157894736842,0.05263157894736842,3,3,0.15789473684210525,0.15789473684210525,0.0,0.0
reference,by_mission,swarm-b,quiet,72,radial,19,19,0.37252105760696125,0.3725311929692836,12,12,0.631578947368421,0.631578947368421,19,19,1.0,1.0,0.0,0.0
reference,by_mission,swarm-b,quiet,72,in_track,19,19,6.682329119650464,6.682328551858761,19,19,1.0,1.0,19,19,1.0,1.0,0.0,0.0
reference,by_mission,swarm-b,quiet,72,cross,19,19,0.06495334151955046,0.06495363821107795,11,11,0.5789473684210527,0.5789473684210527,15,15,0.7894736842105263,0.7894736842105263,0.0,0.0
reference,by_mission,swarm-b,quiet,96,radial,19,19,0.503890883069224,0.503987034635356,19,19,1.0,1.0,19,19,1.0,1.0,0.0,0.0
reference,by_mission,swarm-b,quiet,96,in_track,19,19,11.055303020206539,11.055298637178165,19,19,1.0,1.0,19,19,1.0,1.0,0.0,0.0
reference,by_mission,swarm-b,quiet,96,cross,19,19,0.08660445535940062,0.08660463335684424,6,6,0.3157894736842105,0.3157894736842105,10,10,0.5263157894736842,0.5263157894736842,0.0,0.0
reference,by_mission,swarm-b,quiet,120,radial,19,19,0.6369304536476245,0.6372096377355275,15,15,0.7894736842105263,0.7894736842105263,19,19,1.0,1.0,0.0,0.0
reference,by_mission,swarm-b,quiet,120,in_track,19,19,16.336656353668435,16.336645462079336,16,16,0.8421052631578947,0.8421052631578947,19,19,1.0,1.0,0.0,0.0
reference,by_mission,swarm-b,quiet,120,cross,19,19,0.10825556919925078,0.108255959675868,8,8,0.42105263157894735,0.42105263157894735,15,15,0.7894736842105263,0.7894736842105263,0.0,0.0
reference,by_mission,swarm-b,quiet,144,radial,19,19,0.7713159686655603,0.7718025061703931,18,18,0.9473684210526315,0.9473684210526315,19,19,1.0,1.0,0.0,0.0
reference,by_mission,swarm-b,quiet,144,in_track,19,19,22.476586409038344,22.476569699046486,15,15,0.7894736842105263,0.7894736842105263,19,19,1.0,1.0,0.0,0.0
reference,by_mission,swarm-b,quiet,144,cross,19,19,0.1299066830391009,0.12990819068721246,14,14,0.7368421052631579,0.7368421052631579,17,17,0.8947368421052632,0.8947368421052632,0.0,0.0
reference,by_mission,swarm-b,quiet,168,radial,19,19,0.9068311958018281,0.9107206683746615,19,19,1.0,1.0,19,19,1.0,1.0,0.0,0.0
reference,by_mission,swarm-b,quiet,168,in_track,19,19,29.436572182431732,29.436452102430547,14,14,0.7368421052631579,0.7368421052631579,18,18,0.9473684210526315,0.9473684210526315,0.0,0.0
reference,by_mission,swarm-b,quiet,168,cross,19,19,0.15155779687895107,0.15155801780351918,7,7,0.3684210526315789,0.3684210526315789,17,17,0.8947368421052632,0.8947368421052632,0.0,0.0
reference,by_mission,swarm-b,storm,6,radial,19,19,0.055548331039704156,0.05554834099789521,6,6,0.3157894736842105,0.3157894736842105,15,15,0.7894736842105263,0.7894736842105263,0.0,0.0
reference,by_mission,swarm-b,storm,6,in_track,19,19,0.34310948796596963,0.34310948628806043,2,2,0.10526315789473684,0.10526315789473684,10,10,0.5263157894736842,0.5263157894736842,0.0,0.0
reference,by_mission,swarm-b,storm,6,cross,19,19,0.012691115905421763,0.012691117312173594,0,0,0.0,0.0,1,1,0.05263157894736842,0.05263157894736842,0.0,0.0
reference,by_mission,swarm-b,storm,12,radial,19,19,0.055548331039704156,0.05554833676150249,8,8,0.42105263157894735,0.42105263157894735,15,15,0.7894736842105263,0.7894736842105263,0.0,0.0
reference,by_mission,swarm-b,storm,12,in_track,19,19,0.34310948796596963,0.3431094870356757,7,7,0.3684210526315789,0.3684210526315789,12,12,0.631578947368421,0.631578947368421,0.0,0.0
reference,by_mission,swarm-b,storm,12,cross,19,19,0.012691115905421763,0.012691119259952283,1,1,0.05263157894736842,0.05263157894736842,3,3,0.15789473684210525,0.15789473684210525,0.0,0.0
reference,by_mission,swarm-b,storm,24,radial,19,19,0.11907045419307194,0.1190704991781042,19,19,1.0,1.0,19,19,1.0,1.0,0.0,0.0
reference,by_mission,swarm-b,storm,24,in_track,19,19,1.1947766320840785,1.1947766275875316,13,13,0.6842105263157895,0.6842105263157895,15,15,0.7894736842105263,0.7894736842105263,0.0,0.0
reference,by_mission,swarm-b,storm,24,cross,19,19,0.02368245967835205,0.02368246562324304,2,2,0.10526315789473684,0.10526315789473684,2,2,0.10526315789473684,0.10526315789473684,0.0,0.0
reference,by_mission,swarm-b,storm,36,radial,19,19,0.18599633865696197,0.18599647041666825,19,19,1.0,1.0,19,19,1.0,1.0,0.0,0.0
reference,by_mission,swarm-b,storm,36,in_track,19,19,2.478854216021,2.478854206039849,14,14,0.7368421052631579,0.7368421052631579,14,14,0.7368421052631579,0.7368421052631579,0.0,0.0
reference,by_mission,swarm-b,storm,36,cross,19,19,0.03411213798084685,0.03411214966838419,2,2,0.10526315789473684,0.10526315789473684,3,3,0.15789473684210525,0.15789473684210525,0.0,0.0
reference,by_mission,swarm-b,storm,48,radial,19,19,0.2552331059525556,0.25523763785317555,13,13,0.6842105263157895,0.6842105263157895,19,19,1.0,1.0,0.0,0.0
reference,by_mission,swarm-b,storm,48,in_track,19,19,4.160453880295362,4.160453600325336,13,13,0.6842105263157895,0.6842105263157895,14,14,0.7368421052631579,0.7368421052631579,0.0,0.0
reference,by_mission,swarm-b,storm,48,cross,19,19,0.04419303240128526,0.04419306249844187,5,5,0.2631578947368421,0.2631578947368421,6,6,0.3157894736842105,0.3157894736842105,0.0,0.0
reference,by_mission,swarm-b,storm,72,radial,19,19,0.3986918798028903,0.39886662491468566,10,10,0.5263157894736842,0.5263157894736842,19,19,1.0,1.0,0.0,0.0
reference,by_mission,swarm-b,storm,72,in_track,19,19,8.631871736344214,8.631863662919478,9,9,0.47368421052631576,0.47368421052631576,12,12,0.631578947368421,0.631578947368421,0.0,0.0
reference,by_mission,swarm-b,storm,72,cross,19,19,0.06365550029597176,0.0636556720927555,8,8,0.42105263157894735,0.42105263157894735,16,16,0.8421052631578947,0.8421052631578947,0.0,0.0
reference,by_mission,swarm-b,storm,96,radial,19,19,0.5471041394413262,0.5490397848244604,19,19,1.0,1.0,19,19,1.0,1.0,0.0,0.0
reference,by_mission,swarm-b,storm,96,in_track,19,19,14.487541876234694,14.48746864845133,8,8,0.42105263157894735,0.42105263157894735,12,12,0.631578947368421,0.631578947368421,0.0,0.0
reference,by_mission,swarm-b,storm,96,cross,19,19,0.0824671144529085,0.082467304556446,6,6,0.3157894736842105,0.3157894736842105,16,16,0.8421052631578947,0.8421052631578947,0.0,0.0
reference,by_mission,swarm-b,storm,120,radial,19,19,0.6993120552863827,0.7054457175908179,14,14,0.7368421052631579,0.7368421052631579,17,19,0.8947368421052632,1.0,0.0,10.526315789473683
reference,by_mission,swarm-b,storm,120,in_track,19,19,21.648745139296704,21.648546135804338,5,5,0.2631578947368421,0.2631578947368421,12,12,0.631578947368421,0.631578947368421,0.0,0.0
reference,by_mission,swarm-b,storm,120,cross,19,19,0.10080911693834921,0.10080925689493564,8,8,0.42105263157894735,0.42105263157894735,18,18,0.9473684210526315,0.9473684210526315,0.0,0.0
reference,by_mission,swarm-b,storm,144,radial,19,19,0.8546147530028946,0.8805036310037594,17,17,0.8947368421052632,0.8947368421052632,17,17,0.8947368421052632,0.8947368421052632,0.0,0.0
reference,by_mission,swarm-b,storm,144,in_track,19,19,30.0579232094974,30.057175970529943,6,6,0.3157894736842105,0.3157894736842105,12,12,0.631578947368421,0.631578947368421,0.0,0.0
reference,by_mission,swarm-b,storm,144,cross,19,19,0.11878536373784533,0.11878591150928094,16,16,0.8421052631578947,0.8421052631578947,18,18,0.9473684210526315,0.9473684210526315,0.0,0.0
reference,by_mission,swarm-b,storm,168,radial,19,19,1.0125392198869796,1.080162621846938,17,17,0.8947368421052632,0.8947368421052632,17,19,0.8947368421052632,1.0,0.0,10.526315789473683
reference,by_mission,swarm-b,storm,168,in_track,19,19,39.6700905638261,39.668306867025166,6,6,0.3157894736842105,0.3157894736842105,14,14,0.7368421052631579,0.7368421052631579,0.0,0.0
reference,by_mission,swarm-b,storm,168,cross,19,19,0.13646304021748137,0.13646342233603073,10,10,0.5263157894736842,0.5263157894736842,17,17,0.8947368421052632,0.8947368421052632,0.0,0.0
reference,by_mission,swarm-c,august,6,radial,19,19,0.059731526577553214,0.05973152976384082,4,4,0.21052631578947367,0.21052631578947367,10,10,0.5263157894736842,0.5263157894736842,0.0,0.0
reference,by_mission,swarm-c,august,6,in_track,19,19,0.22546790544259945,0.22546790448332818,4,4,0.21052631578947367,0.21052631578947367,8,8,0.42105263157894735,0.42105263157894735,0.0,0.0
reference,by_mission,swarm-c,august,6,cross,19,19,0.007732834662651963,0.007732835756015122,0,0,0.0,0.0,0,0,0.0,0.0,0.0,0.0
reference,by_mission,swarm-c,august,12,radial,19,19,0.059731526577553214,0.05973153063322776,10,10,0.5263157894736842,0.5263157894736842,17,17,0.8947368421052632,0.8947368421052632,0.0,0.0
reference,by_mission,swarm-c,august,12,in_track,19,19,0.22546790544259945,0.22546790431886413,3,3,0.15789473684210525,0.15789473684210525,7,7,0.3684210526315789,0.3684210526315789,0.0,0.0
reference,by_mission,swarm-c,august,12,cross,19,19,0.007732834662651963,0.007732836035246705,0,0,0.0,0.0,1,1,0.05263157894736842,0.05263157894736842,0.0,0.0
reference,by_mission,swarm-c,august,24,radial,19,19,0.11946305315510643,0.11946309076171219,16,16,0.8421052631578947,0.8421052631578947,18,18,0.9473684210526315,0.9473684210526315,0.0,0.0
reference,by_mission,swarm-c,august,24,in_track,19,19,0.7851248483530089,0.7851248424099171,9,9,0.47368421052631576,0.47368421052631576,14,14,0.7368421052631579,0.7368421052631579,0.0,0.0
reference,by_mission,swarm-c,august,24,cross,19,19,0.014429979716707361,0.014429985127196693,0,0,0.0,0.0,1,1,0.05263157894736842,0.05263157894736842,0.0,0.0
reference,by_mission,swarm-c,august,36,radial,19,19,0.17919457973265965,0.17919534820073618,14,14,0.7368421052631579,0.7368421052631579,19,19,1.0,1.0,0.0,0.0
reference,by_mission,swarm-c,august,36,in_track,19,19,1.6289321268762027,1.6289320415566277,8,8,0.42105263157894735,0.42105263157894735,11,11,0.5789473684210527,0.5789473684210527,0.0,0.0
reference,by_mission,swarm-c,august,36,cross,19,19,0.02078489590365874,0.020784957056105672,4,4,0.21052631578947367,0.21052631578947367,8,8,0.42105263157894735,0.42105263157894735,0.0,0.0
reference,by_mission,swarm-c,august,48,radial,19,19,0.23892610631021285,0.23893332521290897,10,10,0.5263157894736842,0.5263157894736842,19,19,1.0,1.0,0.0,0.0
reference,by_mission,swarm-c,august,48,in_track,19,19,2.733963515965984,2.733962884595481,6,6,0.3157894736842105,0.3157894736842105,10,10,0.5263157894736842,0.5263157894736842,0.0,0.0
reference,by_mission,swarm-c,august,48,cross,19,19,0.026927294285789844,0.026927343802533414,3,3,0.15789473684210525,0.15789473684210525,5,5,0.2631578947368421,0.2631578947368421,0.0,0.0
reference,by_mission,swarm-c,august,72,radial,19,19,0.3583891594653193,0.35855278750339137,12,12,0.631578947368421,0.631578947368421,17,17,0.8947368421052632,0.8947368421052632,0.0,0.0
reference,by_mission,swarm-c,august,72,in_track,19,19,5.672271122492928,5.6722607809594,5,5,0.2631578947368421,0.2631578947368421,9,9,0.47368421052631576,0.47368421052631576,0.0,0.0
reference,by_mission,swarm-c,august,72,cross,19,19,0.03878598720754369,0.038786171200566766,3,3,0.15789473684210525,0.15789473684210525,9,9,0.47368421052631576,0.47368421052631576,0.0,0.0
reference,by_mission,swarm-c,august,96,radial,19,19,0.4778522126204257,0.4787790097321884,17,17,0.8947368421052632,0.8947368421052632,17,17,0.8947368421052632,0.8947368421052632,0.0,0.0
reference,by_mission,swarm-c,august,96,in_track,19,19,9.520213915420957,9.52016735083331,4,4,0.21052631578947367,0.21052631578947367,8,8,0.42105263157894735,0.42105263157894735,0.0,0.0
reference,by_mission,swarm-c,august,96,cross,19,19,0.050248107882924956,0.05024838854050972,2,2,0.10526315789473684,0.10526315789473684,6,6,0.3157894736842105,0.3157894736842105,0.0,0.0
reference,by_mission,swarm-c,august,120,radial,19,19,0.5973152657755322,0.6035818597911264,15,15,0.7894736842105263,0.7894736842105263,17,17,0.8947368421052632,0.8947368421052632,0.0,0.0
reference,by_mission,swarm-c,august,120,in_track,19,19,14.226063088357387,14.22579857391402,5,5,0.2631578947368421,0.2631578947368421,7,7,0.3684210526315789,0.3684210526315789,0.0,0.0
reference,by_mission,swarm-c,august,120,cross,19,19,0.061424089069990695,0.06142485727619965,2,2,0.10526315789473684,0.10526315789473684,7,7,0.3684210526315789,0.3684210526315789,0.0,0.0
reference,by_mission,swarm-c,august,144,radial,19,19,0.7167783189306386,0.7422327536374189,7,7,0.3684210526315789,0.3684210526315789,16,16,0.8421052631578947,0.8421052631578947,0.0,0.0
reference,by_mission,swarm-c,august,144,in_track,19,19,19.75199528341823,19.75105514476398,5,5,0.2631578947368421,0.2631578947368421,7,7,0.3684210526315789,0.3684210526315789,0.0,0.0
reference,by_mission,swarm-c,august,144,cross,19,19,0.07237721134792567,0.07237862242872665,9,9,0.47368421052631576,0.47368421052631576,16,16,0.8421052631578947,0.8421052631578947,0.0,0.0
reference,by_mission,swarm-c,august,168,radial,19,19,0.836241372085745,0.9078733244437655,15,16,0.7894736842105263,0.8421052631578947,16,16,0.8421052631578947,0.8421052631578947,5.263157894736836,0.0
reference,by_mission,swarm-c,august,168,in_track,19,19,26.06844911566893,26.066052720454543,6,6,0.3157894736842105,0.3157894736842105,7,7,0.3684210526315789,0.3684210526315789,0.0,0.0
reference,by_mission,swarm-c,august,168,cross,19,19,0.08314841148947334,0.08314918578754045,3,3,0.15789473684210525,0.15789473684210525,11,11,0.5789473684210527,0.5789473684210527,0.0,0.0
reference,by_mission,swarm-c,held-out,6,radial,21,21,0.05355736561833604,0.053557440364062896,9,9,0.42857142857142855,0.42857142857142855,16,16,0.7619047619047619,0.7619047619047619,0.0,0.0
reference,by_mission,swarm-c,held-out,6,in_track,21,21,0.686915005101693,0.686914999271893,8,8,0.38095238095238093,0.38095238095238093,19,19,0.9047619047619048,0.9047619047619048,0.0,0.0
reference,by_mission,swarm-c,held-out,6,cross,21,21,0.012206433476332471,0.012206442505539424,1,1,0.047619047619047616,0.047619047619047616,2,2,0.09523809523809523,0.09523809523809523,0.0,0.0
reference,by_mission,swarm-c,held-out,12,radial,21,21,0.05355736561833604,0.053557427167520856,2,2,0.09523809523809523,0.09523809523809523,5,5,0.23809523809523808,0.23809523809523808,0.0,0.0
reference,by_mission,swarm-c,held-out,12,in_track,21,21,0.686915005101693,0.6869150002141428,9,9,0.42857142857142855,0.42857142857142855,14,14,0.6666666666666666,0.6666666666666666,0.0,0.0
reference,by_mission,swarm-c,held-out,12,cross,21,21,0.012206433476332471,0.012206437654130566,2,2,0.09523809523809523,0.09523809523809523,3,3,0.14285714285714285,0.14285714285714285,0.0,0.0
reference,by_mission,swarm-c,held-out,24,radial,21,21,0.13187370294897102,0.13187496626880366,10,10,0.47619047619047616,0.47619047619047616,20,20,0.9523809523809523,0.9523809523809523,0.0,0.0
reference,by_mission,swarm-c,held-out,24,in_track,21,21,2.2317934359476235,2.2317933612479193,11,11,0.5238095238095238,0.5238095238095238,14,14,0.6666666666666666,0.6666666666666666,0.0,0.0
reference,by_mission,swarm-c,held-out,24,cross,21,21,0.01915394719513002,0.019153965113603243,2,2,0.09523809523809523,0.09523809523809523,3,3,0.14285714285714285,0.14285714285714285,0.0,0.0
reference,by_mission,swarm-c,held-out,36,radial,21,21,0.22339674343915217,0.2234110617168335,2,2,0.09523809523809523,0.09523809523809523,14,14,0.6666666666666666,0.6666666666666666,0.0,0.0
reference,by_mission,swarm-c,held-out,36,in_track,21,21,4.446406213384542,4.446405493972495,11,11,0.5238095238095238,0.5238095238095238,13,13,0.6190476190476191,0.6190476190476191,0.0,0.0
reference,by_mission,swarm-c,held-out,36,cross,21,21,0.024929731679152176,0.024930056044106856,3,3,0.14285714285714285,0.14285714285714285,6,6,0.2857142857142857,0.2857142857142857,0.0,0.0
reference,by_mission,swarm-c,held-out,48,radial,21,21,0.32471114530546535,0.32480336665215814,19,19,0.9047619047619048,0.9047619047619048,19,19,0.9047619047619048,0.9047619047619048,0.0,0.0
reference,by_mission,swarm-c,held-out,48,in_track,21,21,7.251118266082295,7.25111413568763,10,10,0.47619047619047616,0.47619047619047616,13,13,0.6190476190476191,0.6190476190476191,0.0,0.0
reference,by_mission,swarm-c,held-out,48,cross,21,21,0.030055764762506175,0.030056149780428792,3,3,0.14285714285714285,0.14285714285714285,4,4,0.19047619047619047,0.19047619047619047,0.0,0.0
reference,by_mission,swarm-c,held-out,72,radial,21,21,0.5500673052891195,0.5512680346770055,12,12,0.5714285714285714,0.5714285714285714,16,16,0.7619047619047619,0.7619047619047619,0.0,0.0
reference,by_mission,swarm-c,held-out,72,in_track,21,21,14.446416407979395,14.44637062520795,9,9,0.42857142857142855,0.42857142857142855,13,13,0.6190476190476191,0.6190476190476191,0.0,0.0
reference,by_mission,swarm-c,held-out,72,cross,21,21,0.03911894208059132,0.039121668624270495,7,7,0.3333333333333333,0.3333333333333333,11,11,0.5238095238095238,0.5238095238095238,0.0,0.0
reference,by_mission,swarm-c,held-out,96,radial,21,21,0.7995326249873062,0.8048825303321994,15,17,0.7142857142857143,0.8095238095238095,19,19,0.9047619047619048,0.9047619047619048,9.523809523809524,0.0
reference,by_mission,swarm-c,held-out,96,in_track,21,21,23.55895275155126,23.55877057946496,9,9,0.42857142857142855,0.42857142857142855,13,13,0.6190476190476191,0.6190476190476191,0.0,0.0
reference,by_mission,swarm-c,held-out,96,cross,21,21,0.04716255016557571,0.0471632365712267,1,1,0.047619047619047616,0.047619047619047616,5,5,0.23809523809523808,0.23809523809523808,0.0,0.0
reference,by_mission,swarm-c,held-out,120,radial,21,21,1.0686099330727585,1.0820932999685413,14,14,0.6666666666666666,0.6666666666666666,14,16,0.6666666666666666,0.7619047619047619,0.0,9.523809523809524
reference,by_mission,swarm-c,held-out,120,in_track,21,21,34.427303114398114,34.42688193117711,11,11,0.5238095238095238,0.5238095238095238,13,13,0.6190476190476191,0.6190476190476191,0.0,0.0
reference,by_mission,swarm-c,held-out,120,cross,21,21,0.05452413552559956,0.05452783539441342,4,4,0.19047619047619047,0.19047619047619047,6,6,0.2857142857142857,0.2857142857142857,0.0,0.0
reference,by_mission,swarm-c,held-out,144,radial,21,21,1.3544245797407841,1.3839454510319733,12,12,0.5714285714285714,0.5714285714285714,13,14,0.6190476190476191,0.6666666666666666,0.0,4.761904761904756
reference,by_mission,swarm-c,held-out,144,in_track,21,21,46.936545384565214,46.93568419957586,11,11,0.5238095238095238,0.5238095238095238,13,13,0.6190476190476191,0.6190476190476191,0.0,0.0
reference,by_mission,swarm-c,held-out,144,cross,21,21,0.06138419976595196,0.06139961501706589,11,11,0.5238095238095238,0.5238095238095238,15,15,0.7142857142857143,0.7142857142857143,0.0,0.0
reference,by_mission,swarm-c,held-out,168,radial,21,21,1.6549529567717363,1.7448472492149103,14,14,0.6666666666666666,0.6666666666666666,14,14,0.6666666666666666,0.6666666666666666,0.0,0.0
reference,by_mission,swarm-c,held-out,168,in_track,21,21,60.998711866757645,60.99620665000082,10,10,0.47619047619047616,0.47619047619047616,13,13,0.6190476190476191,0.6190476190476191,0.0,0.0
reference,by_mission,swarm-c,held-out,168,cross,21,21,0.06785346212386184,0.06785816272670658,4,4,0.19047619047619047,0.19047619047619047,9,9,0.42857142857142855,0.42857142857142855,0.0,0.0
reference,by_mission,swarm-c,quiet,6,radial,19,19,0.07462081521525595,0.07462081593149261,15,15,0.7894736842105263,0.7894736842105263,19,19,1.0,1.0,0.0,0.0
reference,by_mission,swarm-c,quiet,6,in_track,19,19,0.5492671767499332,0.5492671766084801,13,13,0.6842105263157895,0.6842105263157895,19,19,1.0,1.0,0.0,0.0
reference,by_mission,swarm-c,quiet,6,cross,19,19,0.01020008776583759,0.010200088916922553,1,1,0.05263157894736842,0.05263157894736842,1,1,0.05263157894736842,0.05263157894736842,0.0,0.0
reference,by_mission,swarm-c,quiet,12,radial,19,19,0.07462081521525595,0.07462082723137066,12,12,0.631578947368421,0.631578947368421,16,16,0.8421052631578947,0.8421052631578947,0.0,0.0
reference,by_mission,swarm-c,quiet,12,in_track,19,19,0.5492671767499332,0.5492671750256992,10,10,0.5263157894736842,0.5263157894736842,13,13,0.6842105263157895,0.6842105263157895,0.0,0.0
reference,by_mission,swarm-c,quiet,12,cross,19,19,0.01020008776583759,0.010200092174817266,0,0,0.0,0.0,1,1,0.05263157894736842,0.05263157894736842,0.0,0.0
reference,by_mission,swarm-c,quiet,24,radial,19,19,0.1492416304305119,0.14924169204983975,18,18,0.9473684210526315,0.9473684210526315,19,19,1.0,1.0,0.0,0.0
reference,by_mission,swarm-c,quiet,24,in_track,19,19,1.6650667184805374,1.6650667128273338,18,18,0.9473684210526315,0.9473684210526315,19,19,1.0,1.0,0.0,0.0
reference,by_mission,swarm-c,quiet,24,cross,19,19,0.02040017553167518,0.020400179840318493,0,0,0.0,0.0,0,0,0.0,0.0,0.0,0.0
reference,by_mission,swarm-c,quiet,36,radial,19,19,0.22386244564576785,0.2238632607028232,11,11,0.5789473684210527,0.5789473684210527,19,19,1.0,1.0,0.0,0.0
reference,by_mission,swarm-c,quiet,36,in_track,19,19,3.1855003318899957,3.185500274476575,17,17,0.8947368421052632,0.8947368421052632,19,19,1.0,1.0,0.0,0.0
reference,by_mission,swarm-c,quiet,36,cross,19,19,0.030600263297512767,0.03060032790806504,8,8,0.42105263157894735,0.42105263157894735,10,10,0.5263157894736842,0.5263157894736842,0.0,0.0
reference,by_mission,swarm-c,quiet,48,radial,19,19,0.2984832608610238,0.2984863769707638,13,13,0.6842105263157895,0.6842105263157895,19,19,1.0,1.0,0.0,0.0
reference,by_mission,swarm-c,quiet,48,in_track,19,19,5.047538419092112,5.047538233732284,18,18,0.9473684210526315,0.9473684210526315,19,19,1.0,1.0,0.0,0.0
reference,by_mission,swarm-c,quiet,48,cross,19,19,0.04080035106335036,0.04080070544359842,2,2,0.10526315789473684,0.10526315789473684,5,5,0.2631578947368421,0.2631578947368421,0.0,0.0
reference,by_mission,swarm-c,quiet,72,radial,19,19,0.4477248912915357,0.4477611649984724,11,11,0.5789473684210527,0.5789473684210527,19,19,1.0,1.0,0.0,0.0
reference,by_mission,swarm-c,quiet,72,in_track,19,19,9.656631251340077,9.656629560923863,17,17,0.8947368421052632,0.8947368421052632,19,19,1.0,1.0,0.0,0.0
reference,by_mission,swarm-c,quiet,72,cross,19,19,0.061200526595025534,0.061201352201914166,8,8,0.42105263157894735,0.42105263157894735,13,13,0.6842105263157895,0.6842105263157895,0.0,0.0
reference,by_mission,swarm-c,quiet,96,radial,19,19,0.5969665217220476,0.5972315923772771,19,19,1.0,1.0,19,19,1.0,1.0,0.0,0.0
reference,by_mission,swarm-c,quiet,96,in_track,19,19,15.301275203831237,15.301264853499429,18,18,0.9473684210526315,0.9473684210526315,19,19,1.0,1.0,0.0,0.0
reference,by_mission,swarm-c,quiet,96,cross,19,19,0.08160070212670072,0.08160093240046842,4,4,0.21052631578947367,0.21052631578947367,7,7,0.3684210526315789,0.3684210526315789,0.0,0.0
reference,by_mission,swarm-c,quiet,120,radial,19,19,0.7462081521525594,0.7472884228142938,16,16,0.8421052631578947,0.8421052631578947,19,19,1.0,1.0,0.0,0.0
reference,by_mission,swarm-c,quiet,120,in_track,19,19,21.86672016138236,21.866683253645906,18,18,0.9473684210526315,0.9473684210526315,18,18,0.9473684210526315,0.9473684210526315,0.0,0.0
reference,by_mission,swarm-c,quiet,120,cross,19,19,0.1020008776583759,0.10200377447096506,7,7,0.3684210526315789,0.3684210526315789,17,17,0.8947368421052632,0.8947368421052632,0.0,0.0
reference,by_mission,swarm-c,quiet,144,radial,19,19,0.8954497825830714,0.8995730404986817,17,17,0.8947368421052632,0.8947368421052632,19,19,1.0,1.0,0.0,0.0
reference,by_mission,swarm-c,quiet,144,in_track,19,19,29.273431928676384,29.273305504463988,16,16,0.8421052631578947,0.8421052631578947,18,18,0.9473684210526315,0.9473684210526315,0.0,0.0
reference,by_mission,swarm-c,quiet,144,cross,19,19,0.12240105319005107,0.12240328821305958,6,6,0.3157894736842105,0.3157894736842105,13,13,0.6842105263157895,0.6842105263157895,0.0,0.0
reference,by_mission,swarm-c,quiet,168,radial,19,19,1.0446914130135831,1.0587776397139463,18,18,0.9473684210526315,0.9473684210526315,19,19,1.0,1.0,0.0,0.0
reference,by_mission,swarm-c,quiet,168,in_track,19,19,37.4617882055802,37.461392715112765,11,11,0.5789473684210527,0.5789473684210527,18,18,0.9473684210526315,0.9473684210526315,0.0,0.0
reference,by_mission,swarm-c,quiet,168,cross,19,19,0.14280122872172626,0.1428065743087315,4,4,0.21052631578947367,0.21052631578947367,12,12,0.631578947368421,0.631578947368421,0.0,0.0
reference,by_mission,swarm-c,storm,6,radial,17,17,0.06086755584605774,0.060867559575011804,6,6,0.35294117647058826,0.35294117647058826,17,17,1.0,1.0,0.0,0.0
reference,by_mission,swarm-c,storm,6,in_track,17,17,0.4009518243077232,0.4009518237162932,10,10,0.5882352941176471,0.5882352941176471,13,13,0.7647058823529411,0.7647058823529411,0.0,0.0
reference,by_mission,swarm-c,storm,6,cross,17,17,0.010462999850241574,0.010463001477661677,0,0,0.0,0.0,0,0,0.0,0.0,0.0,0.0
reference,by_mission,swarm-c,storm,12,radial,17,17,0.06086755584605774,0.060867558163187195,13,13,0.7647058823529411,0.7647058823529411,17,17,1.0,1.0,0.0,0.0
reference,by_mission,swarm-c,storm,12,in_track,17,17,0.4009518243077232,0.4009518237387568,10,10,0.5882352941176471,0.5882352941176471,16,16,0.9411764705882353,0.9411764705882353,0.0,0.0
reference,by_mission,swarm-c,storm,12,cross,17,17,0.010462999850241574,0.010463002417398197,0,0,0.0,0.0,0,0,0.0,0.0,0.0,0.0
reference,by_mission,swarm-c,storm,24,radial,17,17,0.1350735636123407,0.13507369592513194,15,15,0.8823529411764706,0.8823529411764706,17,17,1.0,1.0,0.0,0.0
reference,by_mission,swarm-c,storm,24,in_track,17,17,1.4454320685679676,1.4454320552502953,12,12,0.7058823529411765,0.7058823529411765,14,14,0.8235294117647058,0.8235294117647058,0.0,0.0
reference,by_mission,swarm-c,storm,24,cross,17,17,0.021663953486225376,0.021663968764920806,0,0,0.0,0.0,0,0,0.0,0.0,0.0,0.0
reference,by_mission,swarm-c,storm,36,radial,17,17,0.21531550552277423,0.2153157036995639,14,14,0.8235294117647058,0.8235294117647058,17,17,1.0,1.0,0.0,0.0
reference,by_mission,swarm-c,storm,36,in_track,17,17,3.060317706595862,3.0603176910326395,13,13,0.7647058823529411,0.7647058823529411,13,13,0.7647058823529411,0.7647058823529411,0.0,0.0
reference,by_mission,swarm-c,storm,36,cross,17,17,0.033161451873416806,0.033161574873840055,4,4,0.23529411764705882,0.23529411764705882,8,8,0.47058823529411764,0.47058823529411764,0.0,0.0
reference,by_mission,swarm-c,storm,48,radial,17,17,0.29974700533533466,0.2997516208025123,10,10,0.5882352941176471,0.5882352941176471,17,17,1.0,1.0,0.0,0.0
reference,by_mission,swarm-c,storm,48,in_track,17,17,5.210785281877641,5.210785014753749,12,12,0.7058823529411765,0.7058823529411765,13,13,0.7647058823529411,0.7647058823529411,0.0,0.0
reference,by_mission,swarm-c,storm,48,cross,17,17,0.04485586231204052,0.04485599739463945,1,1,0.058823529411764705,0.058823529411764705,3,3,0.17647058823529413,0.17647058823529413,0.0,0.0
reference,by_mission,swarm-c,storm,72,radial,17,17,0.4778150235818515,0.47792751771974346,14,14,0.8235294117647058,0.8235294117647058,17,17,1.0,1.0,0.0,0.0
reference,by_mission,swarm-c,storm,72,in_track,17,17,11.032450995222543,11.032446116574638,9,9,0.5294117647058824,0.5294117647058824,11,11,0.6470588235294118,0.6470588235294118,0.0,0.0
reference,by_mission,swarm-c,storm,72,cross,17,17,0.06866177589640471,0.06866270915502769,11,11,0.6470588235294118,0.6470588235294118,16,16,0.9411764705882353,0.9411764705882353,0.0,0.0
reference,by_mission,swarm-c,storm,96,radial,17,17,0.6651802529276897,0.6673074900565833,16,16,0.9411764705882353,0.9411764705882353,17,17,1.0,1.0,0.0,0.0
reference,by_mission,swarm-c,storm,96,in_track,17,17,18.784890583431718,18.784815135987067,8,8,0.47058823529411764,0.47058823529411764,11,11,0.6470588235294118,0.6470588235294118,0.0,0.0
reference,by_mission,swarm-c,storm,96,cross,17,17,0.09287540176062788,0.09287571188522196,1,1,0.058823529411764705,0.058823529411764705,1,1,0.058823529411764705,0.058823529411764705,0.0,0.0
reference,by_mission,swarm-c,storm,120,radial,17,17,0.8597770788197876,0.8757570607161302,15,15,0.8823529411764706,0.8823529411764706,17,17,1.0,1.0,0.0,0.0
reference,by_mission,swarm-c,storm,120,in_track,17,17,28.385215375978223,28.384726843908602,6,6,0.35294117647058826,0.35294117647058826,11,11,0.6470588235294118,0.6470588235294118,0.0,0.0
reference,by_mission,swarm-c,storm,120,cross,17,17,0.11739678919329728,0.11739837902517392,13,13,0.7647058823529411,0.7647058823529411,16,16,0.9411764705882353,0.9411764705882353,0.0,0.0
reference,by_mission,swarm-c,storm,144,radial,17,17,1.0603379269235997,1.123334541418275,14,15,0.8235294117647058,0.8823529411764706,15,17,0.8823529411764706,1.0,5.882352941176472,11.764705882352944
reference,by_mission,swarm-c,storm,144,in_track,17,17,39.77200625270253,39.7702767607146,6,6,0.35294117647058826,0.35294117647058826,11,11,0.6470588235294118,0.6470588235294118,0.0,0.0
reference,by_mission,swarm-c,storm,144,cross,17,17,0.1421662563884103,0.14217039384890767,13,13,0.7647058823529411,0.7647058823529411,16,16,0.9411764705882353,0.9411764705882353,0.0,0.0
reference,by_mission,swarm-c,storm,168,radial,17,17,1.265998245809166,1.4325993601160039,15,15,0.8823529411764706,0.8823529411764706,15,16,0.8823529411764706,0.9411764705882353,0.0,5.882352941176472
reference,by_mission,swarm-c,storm,168,in_track,17,17,52.89675855382557,52.89250862156412,6,6,0.35294117647058826,0.35294117647058826,13,13,0.7647058823529411,0.7647058823529411,0.0,0.0
reference,by_mission,swarm-c,storm,168,cross,17,17,0.1671439481622751,0.16714454388639133,2,2,0.11764705882352941,0.11764705882352941,14,14,0.8235294117647058,0.8235294117647058,0.0,0.0
reference,by_mission,swot,august,6,radial,17,17,0.0034644633505660563,0.003464503189459223,0,0,0.0,0.0,0,0,0.0,0.0,0.0,0.0
reference,by_mission,swot,august,6,in_track,17,17,0.22790961014467218,0.22790960943048047,2,2,0.11764705882352941,0.11764705882352941,5,5,0.29411764705882354,0.29411764705882354,0.0,0.0
reference,by_mission,swot,august,6,cross,17,17,0.020500950219969612,0.020500952124358044,10,10,0.5882352941176471,0.5882352941176471,16,16,0.9411764705882353,0.9411764705882353,0.0,0.0
reference,by_mission,swot,august,12,radial,17,17,0.0034644633505660563,0.0034645005972180325,1,1,0.058823529411764705,0.058823529411764705,1,1,0.058823529411764705,0.058823529411764705,0.0,0.0
reference,by_mission,swot,august,12,in_track,17,17,0.22790961014467218,0.2279096095600635,2,2,0.11764705882352941,0.11764705882352941,8,8,0.47058823529411764,0.47058823529411764,0.0,0.0
reference,by_mission,swot,august,12,cross,17,17,0.020500950219969612,0.020500950461697226,4,4,0.23529411764705882,0.23529411764705882,6,6,0.35294117647058826,0.35294117647058826,0.0,0.0
reference,by_mission,swot,august,24,radial,17,17,0.006464917208096558,0.006464970269322646,0,0,0.0,0.0,0,0,0.0,0.0,0.0,0.0
reference,by_mission,swot,august,24,in_track,17,17,0.561179286554462,0.5611792858290117,13,13,0.7647058823529411,0.7647058823529411,17,17,1.0,1.0,0.0,0.0
reference,by_mission,swot,august,24,cross,17,17,0.04244782933630543,0.042447829839110184,6,6,0.35294117647058826,0.35294117647058826,10,10,0.5882352941176471,0.5882352941176471,0.0,0.0
reference,by_mission,swot,august,36,radial,17,17,0.009312045743243793,0.009312467055442988,1,1,0.058823529411764705,0.058823529411764705,4,4,0.23529411764705882,0.23529411764705882,0.0,0.0
reference,by_mission,swot,august,36,in_track,17,17,0.9506491612682194,0.9506491571372069,14,14,0.8235294117647058,0.8235294117647058,17,17,1.0,1.0,0.0,0.0
reference,by_mission,swot,august,36,cross,17,17,0.06497575110479807,0.06497575228192279,13,13,0.7647058823529411,0.7647058823529411,16,16,0.9411764705882353,0.9411764705882353,0.0,0.0
reference,by_mission,swot,august,48,radial,17,17,0.012063962085416232,0.012064181098382035,0,0,0.0,0.0,0,0,0.0,0.0,0.0,0.0
reference,by_mission,swot,august,48,in_track,17,17,1.3817854870528237,1.3817854848918583,17,17,1.0,1.0,17,17,1.0,1.0,0.0,0.0
reference,by_mission,swot,august,48,cross,17,17,0.08788949761016407,0.08788949905485718,9,9,0.5294117647058824,0.5294117647058824,10,10,0.5882352941176471,0.5882352941176471,0.0,0.0
reference,by_mission,swot,august,72,radial,17,17,0.017376891794292696,0.01737720982746727,0,0,0.0,0.0,0,0,0.0,0.0,0.0,0.0
reference,by_mission,swot,august,72,in_track,17,17,2.3407728078927974,2.340772804406132,17,17,1.0,1.0,17,17,1.0,1.0,0.0,0.0
reference,by_mission,swot,august,72,cross,17,17,0.13453423203809015,0.1345342368035438,10,10,0.5882352941176471,0.5882352941176471,11,11,0.6470588235294118,0.6470588235294118,0.0,0.0
reference,by_mission,swot,august,96,radial,17,17,0.02251214926868506,0.022513219987633844,0,0,0.0,0.0,1,1,0.058823529411764705,0.058823529411764705,0.0,0.0
reference,by_mission,swot,august,96,in_track,17,17,3.402354965652336,3.402354957840258,17,17,1.0,1.0,17,17,1.0,1.0,0.0,0.0
reference,by_mission,swot,august,96,cross,17,17,0.18197782809968685,0.18197783832266745,10,10,0.5882352941176471,0.5882352941176471,17,17,1.0,1.0,0.0,0.0
reference,by_mission,swot,august,120,radial,17,17,0.027519210575221057,0.027525075075477974,0,0,0.0,0.0,2,2,0.11764705882352941,0.11764705882352941,0.0,0.0
reference,by_mission,swot,august,120,in_track,17,17,4.547394563409135,4.547394527162711,17,17,1.0,1.0,17,17,1.0,1.0,0.0,0.0
reference,by_mission,swot,august,120,cross,17,17,0.23002444477531805,0.2300244562711658,10,10,0.5882352941176471,0.5882352941176471,17,17,1.0,1.0,0.0,0.0
reference,by_mission,swot,august,144,radial,17,17,0.03242642666888063,0.0324428373212329,1,1,0.058823529411764705,0.058823529411764705,1,1,0.058823529411764705,0.058823529411764705,0.0,0.0
reference,by_mission,swot,august,144,in_track,17,17,5.7636587306938205,5.763658637857394,17,17,1.0,1.0,17,17,1.0,1.0,0.0,0.0
reference,by_mission,swot,august,144,cross,17,17,0.2785571429699432,0.2785571530361306,10,10,0.5882352941176471,0.5882352941176471,17,17,1.0,1.0,0.0,0.0
reference,by_mission,swot,august,168,radial,17,17,0.03725213803605038,0.03729428907107681,0,0,0.0,0.0,3,3,0.17647058823529413,0.17647058823529413,0.0,0.0
reference,by_mission,swot,august,168,in_track,17,17,7.042536144766738,7.0425359201062605,17,17,1.0,1.0,17,17,1.0,1.0,0.0,0.0
reference,by_mission,swot,august,168,cross,17,17,0.3274978313953496,0.3274978435914613,10,10,0.5882352941176471,0.5882352941176471,17,17,1.0,1.0,0.0,0.0
reference,by_mission,swot,held-out,6,radial,17,17,0.007017922150516736,0.007017947833497014,0,0,0.0,0.0,0,0,0.0,0.0,0.0,0.0
reference,by_mission,swot,held-out,6,in_track,17,17,0.2287237376392941,0.22872373683829253,1,1,0.058823529411764705,0.058823529411764705,6,6,0.35294117647058826,0.35294117647058826,0.0,0.0
reference,by_mission,swot,held-out,6,cross,17,17,0.017038189862024728,0.01703819072066044,3,3,0.17647058823529413,0.17647058823529413,7,7,0.4117647058823529,0.4117647058823529,0.0,0.0
reference,by_mission,swot,held-out,12,radial,16,16,0.007017922150516736,0.007017943451403471,0,0,0.0,0.0,0,0,0.0,0.0,0.0,0.0
reference,by_mission,swot,held-out,12,in_track,16,16,0.2287237376392941,0.22872373691214237,4,4,0.25,0.25,6,6,0.375,0.375,0.0,0.0
reference,by_mission,swot,held-out,12,cross,16,16,0.017038189862024728,0.0170381903621475,2,2,0.125,0.125,3,3,0.1875,0.1875,0.0,0.0
reference,by_mission,swot,held-out,24,radial,15,15,0.012218912162601384,0.012218963990094908,1,1,0.06666666666666667,0.06666666666666667,1,1,0.06666666666666667,0.06666666666666667,0.0,0.0
reference,by_mission,swot,held-out,24,in_track,15,15,0.6248916665812126,0.624891664930107,8,8,0.5333333333333333,0.5333333333333333,14,14,0.9333333333333333,0.9333333333333333,0.0,0.0
reference,by_mission,swot,held-out,24,cross,15,15,0.034076379724049456,0.034076383557908194,3,3,0.2,0.2,7,7,0.4666666666666667,0.4666666666666667,0.0,0.0
reference,by_mission,swot,held-out,36,radial,13,13,0.016900733362252566,0.016901074529200096,0,0,0.0,0.0,0,0,0.0,0.0,0.0,0.0
reference,by_mission,swot,held-out,36,in_track,13,13,1.1249599432439097,1.1249599374437993,12,12,0.9230769230769231,0.9230769230769231,12,12,0.9230769230769231,0.9230769230769231,0.0,0.0
reference,by_mission,swot,held-out,36,cross,13,13,0.05111456958607419,0.05111457474220189,7,7,0.5384615384615384,0.5384615384615384,12,12,0.9230769230769231,0.9230769230769231,0.0,0.0
reference,by_mission,swot,held-out,48,radial,12,12,0.021274361732036996,0.021275086006501607,0,0,0.0,0.0,1,1,0.08333333333333333,0.08333333333333333,0.0,0.0
reference,by_mission,swot,held-out,48,in_track,12,12,1.7072543453205635,1.707254335127634,11,11,0.9166666666666666,0.9166666666666666,11,11,0.9166666666666666,0.9166666666666666,0.0,0.0
reference,by_mission,swot,held-out,48,cross,12,12,0.06815275944809891,0.06815277251825919,7,7,0.5833333333333334,0.5833333333333334,8,8,0.6666666666666666,0.6666666666666666,0.0,0.0
reference,by_mission,swot,held-out,72,radial,9,9,0.029425885897253142,0.0294278801328435,0,0,0.0,0.0,2,2,0.2222222222222222,0.2222222222222222,0.0,0.0
reference,by_mission,swot,held-out,72,in_track,9,9,3.0734811394146413,3.0734811183545556,8,8,0.8888888888888888,0.8888888888888888,8,8,0.8888888888888888,0.8888888888888888,0.0,0.0
reference,by_mission,swot,held-out,72,cross,9,9,0.10222913917214838,0.10222916448154197,5,5,0.5555555555555556,0.5555555555555556,6,6,0.6666666666666666,0.6666666666666666,0.0,0.0
reference,by_mission,swot,held-out,96,radial,6,6,0.037040815179180626,0.037044177728488135,0,0,0.0,0.0,3,3,0.5,0.5,0.0,0.0
reference,by_mission,swot,held-out,96,in_track,6,6,4.66435632845352,4.664356300117781,6,6,1.0,1.0,6,6,1.0,1.0,0.0,0.0
reference,by_mission,swot,held-out,96,cross,6,6,0.13630551889619782,0.13630556521999343,3,3,0.5,0.5,4,4,0.6666666666666666,0.6666666666666666,0.0,0.0
reference,by_mission,swot,held-out,120,radial,3,3,0.044280095238587676,0.04428802677208636,0,0,0.0,0.0,1,1,0.3333333333333333,0.3333333333333333,0.0,0.0
reference,by_mission,swot,held-out,120,in_track,3,3,6.4463107813759555,6.446310725149044,3,3,1.0,1.0,3,3,1.0,1.0,0.0,0.0
reference,by_mission,swot,held-out,120,cross,3,3,0.17038189862024727,0.1703819644466122,1,1,0.3333333333333333,0.3333333333333333,2,2,0.6666666666666666,0.6666666666666666,0.0,0.0
reference,by_mission,swot,held-out,144,radial,1,1,0.051233443086682394,0.05125425613308179,0,0,0.0,0.0,0,0,0.0,0.0,0.0,0.0
reference,by_mission,swot,held-out,144,in_track,1,1,8.396997929631537,8.396997800966519,1,1,1.0,1.0,1,1,1.0,1.0,0.0,0.0
reference,by_mission,swot,held-out,144,cross,1,1,0.20445827834429675,0.204458346129632,0,0,0.0,0.0,1,1,1.0,1.0,0.0,0.0
reference,by_mission,swot,held-out,168,radial,1,1,0.05795767761882399,0.05801901026475738,0,0,0.0,0.0,0,0,0.0,0.0,0.0,0.0
reference,by_mission,swot,held-out,168,in_track,1,1,10.500183554487341,10.500183213752633,1,1,1.0,1.0,1,1,1.0,1.0,0.0,0.0
reference,by_mission,swot,held-out,168,cross,1,1,0.2385346580683462,0.23853474693735074,0,0,0.0,0.0,1,1,1.0,1.0,0.0,0.0
reference,by_mission,swot,quiet,6,radial,21,21,0.0049438323107592165,0.004943864987929974,1,1,0.047619047619047616,0.047619047619047616,1,1,0.047619047619047616,0.047619047619047616,0.0,0.0
reference,by_mission,swot,quiet,6,in_track,21,21,0.23695477931615067,0.23695477863169725,2,2,0.09523809523809523,0.09523809523809523,9,9,0.42857142857142855,0.42857142857142855,0.0,0.0
reference,by_mission,swot,quiet,6,cross,21,21,0.03215310579840413,0.032153106305487254,4,4,0.19047619047619047,0.19047619047619047,13,13,0.6190476190476191,0.6190476190476191,0.0,0.0
reference,by_mission,swot,quiet,12,radial,21,21,0.0049438323107592165,0.004943835961441417,0,0,0.0,0.0,0,0,0.0,0.0,0.0,0.0
reference,by_mission,swot,quiet,12,in_track,21,21,0.23695477931615067,0.2369547791515479,11,11,0.5238095238095238,0.5238095238095238,14,14,0.6666666666666666,0.6666666666666666,0.0,0.0
reference,by_mission,swot,quiet,12,cross,21,21,0.03215310579840413,0.03215310621377708,3,3,0.14285714285714285,0.14285714285714285,5,5,0.23809523809523808,0.23809523809523808,0.0,0.0
reference,by_mission,swot,quiet,24,radial,21,21,0.008911262314284227,0.008911403626810886,3,3,0.14285714285714285,0.14285714285714285,6,6,0.2857142857142857,0.2857142857142857,0.0,0.0
reference,by_mission,swot,quiet,24,in_track,21,21,0.6040264643429807,0.604026462138819,10,10,0.47619047619047616,0.47619047619047616,21,21,1.0,1.0,0.0,0.0
reference,by_mission,swot,quiet,24,cross,21,21,0.0621157059568853,0.06211570757034008,13,13,0.6190476190476191,0.6190476190476191,21,21,1.0,1.0,0.0,0.0
reference,by_mission,swot,quiet,36,radial,21,21,0.012578150824960787,0.012578185724036767,0,0,0.0,0.0,0,0,0.0,0.0,0.0,0.0
reference,by_mission,swot,quiet,36,in_track,21,21,1.0441891268875463,1.0441891259880283,20,20,0.9523809523809523,0.9523809523809523,21,21,1.0,1.0,0.0,0.0
reference,by_mission,swot,quiet,36,cross,21,21,0.09130364623174651,0.09130364864001954,14,14,0.6666666666666666,0.6666666666666666,20,20,0.9523809523809523,0.9523809523809523,0.0,0.0
reference,by_mission,swot,quiet,48,radial,21,21,0.016062558566390234,0.01606319238092806,5,5,0.23809523809523808,0.23809523809523808,6,6,0.2857142857142857,0.2857142857142857,0.0,0.0
reference,by_mission,swot,quiet,48,in_track,21,21,1.539736698620851,1.5397366914188764,21,21,1.0,1.0,21,21,1.0,1.0,0.0,0.0
reference,by_mission,swot,quiet,48,cross,21,21,0.11999963396113789,0.11999963849034777,14,14,0.6666666666666666,0.6666666666666666,21,21,1.0,1.0,0.0,0.0
reference,by_mission,swot,quiet,72,radial,21,21,0.02267212849956941,0.02267375130599971,5,5,0.23809523809523808,0.23809523809523808,5,5,0.23809523809523808,0.23809523809523808,0.0,0.0
reference,by_mission,swot,quiet,72,in_track,21,21,2.6617646972114875,2.6617646819309875,21,21,1.0,1.0,21,21,1.0,1.0,0.0,0.0
reference,by_mission,swot,quiet,72,cross,21,21,0.17638701771709206,0.1763870252747582,13,13,0.6190476190476191,0.6190476190476191,21,21,1.0,1.0,0.0,0.0
reference,by_mission,swot,quiet,96,radial,21,21,0.028952776677345506,0.028954826197245462,4,4,0.19047619047619047,0.19047619047619047,8,8,0.38095238095238093,0.38095238095238093,0.0,0.0
reference,by_mission,swot,quiet,96,in_track,21,21,3.9249755450013626,3.924975529856618,21,21,1.0,1.0,21,21,1.0,1.0,0.0,0.0
reference,by_mission,swot,quiet,96,cross,21,21,0.2318240118014935,0.231824022021566,10,10,0.47619047619047616,0.47619047619047616,21,21,1.0,1.0,0.0,0.0
reference,by_mission,swot,quiet,120,radial,21,21,0.03499965243104078,0.03500180725402629,5,5,0.23809523809523808,0.23809523809523808,13,13,0.6190476190476191,0.6190476190476191,0.0,0.0
reference,by_mission,swot,quiet,120,in_track,21,21,5.304756733398626,5.304756718700812,21,21,1.0,1.0,21,21,1.0,1.0,0.0,0.0
reference,by_mission,swot,quiet,120,cross,21,21,0.28656485706741247,0.28656486879998333,9,9,0.42857142857142855,0.42857142857142855,21,21,1.0,1.0,0.0,0.0
reference,by_mission,swot,quiet,144,radial,21,21,0.04086653259721823,0.040869582748797546,6,6,0.2857142857142857,0.2857142857142857,14,14,0.6666666666666666,0.6666666666666666,0.0,0.0
reference,by_mission,swot,quiet,144,in_track,21,21,6.785160964508278,6.785160945308266,21,21,1.0,1.0,21,21,1.0,1.0,0.0,0.0
reference,by_mission,swot,quiet,144,cross,21,21,0.3407572567272992,0.34075727784292,6,6,0.2857142857142857,0.2857142857142857,21,21,1.0,1.0,0.0,0.0
reference,by_mission,swot,quiet,168,radial,20,20,0.0465878385628917,0.04659234455375858,8,8,0.4,0.4,18,18,0.9,0.9,0.0,0.0
reference,by_mission,swot,quiet,168,in_track,20,20,8.354843531594515,8.354843505497385,20,20,1.0,1.0,20,20,1.0,1.0,0.0,0.0
reference,by_mission,swot,quiet,168,cross,20,20,0.3944977798542224,0.39449781086160096,3,3,0.15,0.15,20,20,1.0,1.0,0.0,0.0
reference,by_mission,swot,storm,6,radial,19,19,0.006928488671256081,0.006928505945716232,0,0,0.0,0.0,0,0,0.0,0.0,0.0,0.0
reference,by_mission,swot,storm,6,in_track,19,19,0.20195197059897724,0.20195196989152162,4,4,0.21052631578947367,0.21052631578947367,6,6,0.3157894736842105,0.3157894736842105,0.0,0.0
reference,by_mission,swot,storm,6,cross,19,19,0.03124774178991507,0.031247742106049532,1,1,0.05263157894736842,0.05263157894736842,7,7,0.3684210526315789,0.3684210526315789,0.0,0.0
reference,by_mission,swot,storm,12,radial,19,19,0.006928488671256081,0.006928495572984934,1,1,0.05263157894736842,0.05263157894736842,2,2,0.10526315789473684,0.10526315789473684,0.0,0.0
reference,by_mission,swot,storm,12,in_track,19,19,0.20195197059897724,0.20195197036062437,7,7,0.3684210526315789,0.3684210526315789,11,11,0.5789473684210527,0.5789473684210527,0.0,0.0
reference,by_mission,swot,storm,12,cross,19,19,0.03124774178991507,0.031247741878862183,5,5,0.2631578947368421,0.2631578947368421,12,12,0.631578947368421,0.631578947368421,0.0,0.0
reference,by_mission,swot,storm,24,radial,19,19,0.011255363052709563,0.011255389137548,0,0,0.0,0.0,0,0,0.0,0.0,0.0,0.0
reference,by_mission,swot,storm,24,in_track,19,19,0.49726408073385525,0.4972640799419645,14,14,0.7368421052631579,0.7368421052631579,19,19,1.0,1.0,0.0,0.0
reference,by_mission,swot,storm,24,cross,19,19,0.06249548357983014,0.06249548447841671,10,10,0.5263157894736842,0.5263157894736842,14,14,0.7368421052631579,0.7368421052631579,0.0,0.0
reference,by_mission,swot,storm,36,radial,19,19,0.014949387162621232,0.01494949140759439,3,3,0.15789473684210525,0.15789473684210525,4,4,0.21052631578947367,0.21052631578947367,0.0,0.0
reference,by_mission,swot,storm,36,in_track,19,19,0.8423754985343247,0.84237549646112,14,14,0.7368421052631579,0.7368421052631579,19,19,1.0,1.0,0.0,0.0
reference,by_mission,swot,storm,36,cross,19,19,0.0937432253697452,0.09374322581751932,13,13,0.6842105263157895,0.6842105263157895,18,18,0.9473684210526315,0.9473684210526315,0.0,0.0
reference,by_mission,swot,storm,48,radial,19,19,0.01828439122284555,0.018284434942241266,0,0,0.0,0.0,0,0,0.0,0.0,0.0,0.0
reference,by_mission,swot,storm,48,in_track,19,19,1.2244077899051626,1.2244077889768763,18,18,0.9473684210526315,0.9473684210526315,19,19,1.0,1.0,0.0,0.0
reference,by_mission,swot,storm,48,cross,19,19,0.12499096715966028,0.12499097002635576,13,13,0.6842105263157895,0.6842105263157895,14,14,0.7368421052631579,0.7368421052631579,0.0,0.0
reference,by_mission,swot,storm,72,radial,19,19,0.02428535109379248,0.024285810991732562,0,0,0.0,0.0,0,0,0.0,0.0,0.0,0.0
reference,by_mission,swot,storm,72,in_track,19,19,2.074171777918345,2.0741717714100365,18,18,0.9473684210526315,0.9473684210526315,19,19,1.0,1.0,0.0,0.0
reference,by_mission,swot,storm,72,cross,19,19,0.1874864507394904,0.1874864559331099,12,12,0.631578947368421,0.631578947368421,14,14,0.7368421052631579,0.7368421052631579,0.0,0.0
reference,by_mission,swot,storm,96,radial,19,19,0.02970308117334244,0.02970501278467705,0,0,0.0,0.0,0,0,0.0,0.0,0.0,0.0
reference,by_mission,swot,storm,96,in_track,19,19,3.0148456203954743,3.014845600723877,19,19,1.0,1.0,19,19,1.0,1.0,0.0,0.0
reference,by_mission,swot,storm,96,cross,19,19,0.24998193431932056,0.24998194182220265,6,6,0.3157894736842105,0.3157894736842105,16,16,0.8421052631578947,0.8421052631578947,0.0,0.0
reference,by_mission,swot,storm,120,radial,19,19,0.034724700703647304,0.03473268273178687,0,0,0.0,0.0,0,0,0.0,0.0,0.0,0.0
reference,by_mission,swot,storm,120,in_track,19,19,4.029471563698425,4.029471493797001,19,19,1.0,1.0,19,19,1.0,1.0,0.0,0.0
reference,by_mission,swot,storm,120,cross,19,19,0.3124774178991507,0.31247743029179975,4,4,0.21052631578947367,0.21052631578947367,19,19,1.0,1.0,0.0,0.0
reference,by_mission,swot,storm,144,radial,19,19,0.039451669244570935,0.039488189298462574,0,0,0.0,0.0,0,0,0.0,0.0,0.0,0.0
reference,by_mission,swot,storm,144,in_track,19,19,5.1072099934037265,5.107209710808478,19,19,1.0,1.0,19,19,1.0,1.0,0.0,0.0
reference,by_mission,swot,storm,144,cross,19,19,0.3749729014789808,0.3749729191991986,4,4,0.21052631578947367,0.21052631578947367,19,19,1.0,1.0,0.0,0.0
reference,by_mission,swot,storm,168,radial,19,19,0.04394688893626834,0.044018593178615326,0,0,0.0,0.0,0,0,0.0,0.0,0.0,0.0
reference,by_mission,swot,storm,168,in_track,19,19,6.240430368633206,6.240429859688362,19,19,1.0,1.0,19,19,1.0,1.0,0.0,0.0
reference,by_mission,swot,storm,168,cross,19,19,0.43746838505881097,0.43746841125965436,5,5,0.2631578947368421,0.2631578947368421,19,19,1.0,1.0,0.0,0.0
september,by_band,1000-1400 km,september-locked,6,radial,133,133,0.020584717086016873,0.020584718894398713,43,43,0.3233082706766917,0.3233082706766917,90,90,0.6766917293233082,0.6766917293233082,0.0,0.0
september,by_band,1000-1400 km,september-locked,6,in_track,133,133,0.10502184276160141,0.10502184240224391,14,14,0.10526315789473684,0.10526315789473684,27,27,0.20300751879699247,0.20300751879699247,0.0,0.0
september,by_band,1000-1400 km,september-locked,6,cross,133,133,0.03833995511826225,0.038339955157725564,29,29,0.21804511278195488,0.21804511278195488,62,62,0.46616541353383456,0.46616541353383456,0.0,0.0
september,by_band,1000-1400 km,september-locked,12,radial,131,131,0.020584717086016873,0.020584718801931755,4,4,0.030534351145038167,0.030534351145038167,8,8,0.061068702290076333,0.061068702290076333,0.0,0.0
september,by_band,1000-1400 km,september-locked,12,in_track,131,131,0.10502184276160141,0.1050218424226583,21,21,0.16030534351145037,0.16030534351145037,31,31,0.2366412213740458,0.2366412213740458,0.0,0.0
september,by_band,1000-1400 km,september-locked,12,cross,131,131,0.03833995511826225,0.038339955210960265,22,22,0.16793893129770993,0.16793893129770993,47,47,0.35877862595419846,0.35877862595419846,0.0,0.0
september,by_band,1000-1400 km,september-locked,24,radial,131,131,0.041169434172033746,0.041169437851610494,48,48,0.366412213740458,0.366412213740458,92,92,0.7022900763358778,0.7022900763358778,0.0,0.0
september,by_band,1000-1400 km,september-locked,24,in_track,131,131,0.27715430465576013,0.27715430406629304,33,33,0.25190839694656486,0.25190839694656486,70,70,0.5343511450381679,0.5343511450381679,0.0,0.0
september,by_band,1000-1400 km,september-locked,24,cross,131,131,0.0766799102365245,0.07667991063887752,35,35,0.26717557251908397,0.26717557251908397,90,90,0.6870229007633588,0.6870229007633588,0.0,0.0
september,by_band,1000-1400 km,september-locked,36,radial,130,130,0.061754151258050616,0.0617541698950171,107,107,0.823076923076923,0.823076923076923,130,130,1.0,1.0,0.0,0.0
september,by_band,1000-1400 km,september-locked,36,in_track,130,130,0.4889330455620779,0.48893304315786834,47,47,0.36153846153846153,0.36153846153846153,78,78,0.6,0.6,0.0,0.0
september,by_band,1000-1400 km,september-locked,36,cross,130,130,0.11501986535478675,0.11501986613031778,47,47,0.36153846153846153,0.36153846153846153,84,84,0.6461538461538462,0.6461538461538462,0.0,0.0
september,by_band,1000-1400 km,september-locked,48,radial,129,129,0.08233886834406749,0.08233888425981147,54,54,0.4186046511627907,0.4186046511627907,129,129,1.0,1.0,0.0,0.0
september,by_band,1000-1400 km,september-locked,48,in_track,129,129,0.7314145949960725,0.7314145931630442,76,76,0.5891472868217055,0.5891472868217055,83,83,0.6434108527131783,0.6434108527131783,0.0,0.0
september,by_band,1000-1400 km,september-locked,48,cross,129,129,0.153359820473049,0.15335982126779976,24,24,0.18604651162790697,0.18604651162790697,103,103,0.7984496124031008,0.7984496124031008,0.0,0.0
september,by_band,1000-1400 km,september-locked,72,radial,127,127,0.12350830251610123,0.12350835024532392,84,84,0.6614173228346457,0.6614173228346457,113,113,0.889763779527559,0.889763779527559,0.0,0.0
september,by_band,1000-1400 km,september-locked,72,in_track,127,127,1.2903020429148915,1.290302037603065,83,83,0.6535433070866141,0.6535433070866141,85,85,0.6692913385826772,0.6692913385826772,0.0,0.0
september,by_band,1000-1400 km,september-locked,72,cross,127,127,0.2300397307095735,0.23003973882890058,98,98,0.7716535433070866,0.7716535433070866,127,127,1.0,1.0,0.0,0.0
september,by_band,1000-1400 km,september-locked,96,radial,122,122,0.16467773668813498,0.16467786162747372,122,122,1.0,1.0,122,122,1.0,1.0,0.0,0.0
september,by_band,1000-1400 km,september-locked,96,in_track,122,122,1.9302146883041404,1.9302146755672318,77,77,0.6311475409836066,0.6311475409836066,77,77,0.6311475409836066,0.6311475409836066,0.0,0.0
september,by_band,1000-1400 km,september-locked,96,cross,122,122,0.306719640946098,0.306719656463731,84,84,0.6885245901639344,0.6885245901639344,122,122,1.0,1.0,0.0,0.0
september,by_band,1000-1400 km,september-locked,120,radial,118,118,0.20584717086016874,0.20584728769635674,74,74,0.6271186440677966,0.6271186440677966,118,118,1.0,1.0,0.0,0.0
september,by_band,1000-1400 km,september-locked,120,in_track,118,118,2.638029418449991,2.6380294084354317,72,72,0.6101694915254238,0.6101694915254238,80,80,0.6779661016949152,0.6779661016949152,0.0,0.0
september,by_band,1000-1400 km,september-locked,120,cross,118,118,0.3833995511826225,0.3833995597409819,19,19,0.16101694915254236,0.16101694915254236,118,118,1.0,1.0,0.0,0.0
september,by_band,1000-1400 km,september-locked,144,radial,113,113,0.24701660503220246,0.2470168509710873,79,79,0.6991150442477876,0.6991150442477876,113,113,1.0,1.0,0.0,0.0
september,by_band,1000-1400 km,september-locked,144,in_track,113,113,3.4051275058252513,3.4051274786699923,83,83,0.7345132743362832,0.7345132743362832,93,93,0.8230088495575221,0.8230088495575221,0.0,0.0
september,by_band,1000-1400 km,september-locked,144,cross,113,113,0.460079461419147,0.4600795431278755,113,113,1.0,1.0,113,113,1.0,1.0,0.0,0.0
september,by_band,1000-1400 km,september-locked,168,radial,106,106,0.28818603920423624,0.2881868603365164,106,106,1.0,1.0,106,106,1.0,1.0,0.0,0.0
september,by_band,1000-1400 km,september-locked,168,in_track,106,106,4.225312984779863,4.225312924842746,72,72,0.6792452830188679,0.6792452830188679,84,84,0.7924528301886793,0.7924528301886793,0.0,0.0
september,by_band,1000-1400 km,september-locked,168,cross,106,106,0.5367593716556714,0.5367594288457254,73,73,0.6886792452830188,0.6886792452830188,106,106,1.0,1.0,0.0,0.0
september,by_band,400-600 km,september-locked,6,radial,373,373,0.06477799855980675,0.0647780002986337,117,117,0.3136729222520107,0.3136729222520107,248,248,0.6648793565683646,0.6648793565683646,0.0,0.0
september,by_band,400-600 km,september-locked,6,in_track,373,373,0.2432931912657614,0.24329318995929405,72,72,0.19302949061662197,0.19302949061662197,168,168,0.450402144772118,0.450402144772118,0.0,0.0
september,by_band,400-600 km,september-locked,6,cross,373,373,0.007883774030273268,0.007883775387917387,12,12,0.032171581769437,0.032171581769437,31,31,0.08310991957104558,0.08310991957104558,0.0,0.0
september,by_band,400-600 km,september-locked,12,radial,373,373,0.06477799855980675,0.0647780000233498,130,130,0.3485254691689008,0.3485254691689008,180,180,0.48257372654155495,0.48257372654155495,0.0,0.0
september,by_band,400-600 km,september-locked,12,in_track,373,373,0.2432931912657614,0.24329318961844076,90,90,0.24128686327077747,0.24128686327077747,179,179,0.47989276139410186,0.47989276139410186,0.0,0.0
september,by_band,400-600 km,september-locked,12,cross,373,373,0.007883774030273268,0.007883775173844058,13,13,0.03485254691689008,0.03485254691689008,24,24,0.064343163538874,0.064343163538874,0.0,0.0
september,by_band,400-600 km,september-locked,24,radial,370,370,0.1341247794912304,0.13412478822055574,238,238,0.6432432432432432,0.6432432432432432,361,361,0.9756756756756757,0.9756756756756757,0.0,0.0
september,by_band,400-600 km,september-locked,24,in_track,370,370,0.9400229280946394,0.9400229183600926,259,259,0.7,0.7,325,325,0.8783783783783784,0.8783783783783784,0.0,0.0
september,by_band,400-600 km,september-locked,24,cross,370,370,0.013931875162763722,0.013931887253712224,13,13,0.03513513513513514,0.03513513513513514,35,35,0.0945945945945946,0.0945945945945946,0.0,0.0
september,by_band,400-600 km,september-locked,36,radial,370,370,0.20530751337511463,0.20530763585083778,168,168,0.4540540540540541,0.4540540540540541,339,339,0.9162162162162162,0.9162162162162162,0.0,0.0
september,by_band,400-600 km,september-locked,36,in_track,370,370,2.0726043330182042,2.072604293626016,300,300,0.8108108108108109,0.8108108108108109,342,342,0.9243243243243243,0.9243243243243243,0.0,0.0
september,by_band,400-600 km,september-locked,36,cross,370,370,0.02006742772240621,0.020067698782554412,42,42,0.11351351351351352,0.11351351351351352,98,98,0.2648648648648649,0.2648648648648649,0.0,0.0
september,by_band,400-600 km,september-locked,48,radial,368,368,0.27770935925046036,0.2777101746091753,302,302,0.8206521739130435,0.8206521739130435,368,368,1.0,1.0,0.0,0.0
september,by_band,400-600 km,september-locked,48,in_track,368,368,3.6320091850756797,3.6320090369937366,300,300,0.8152173913043478,0.8152173913043478,345,345,0.9375,0.9375,0.0,0.0
september,by_band,400-600 km,september-locked,48,cross,368,368,0.025997798321661564,0.02599792698969724,30,30,0.08152173913043478,0.08152173913043478,69,69,0.1875,0.1875,0.0,0.0
september,by_band,400-600 km,september-locked,72,radial,365,365,0.43494549424694295,0.4350333848850592,253,253,0.6931506849315069,0.6931506849315069,362,362,0.9917808219178083,0.9917808219178083,0.0,0.0
september,by_band,400-600 km,september-locked,72,in_track,365,365,8.008015282997329,8.008014614373794,300,300,0.821917808219178,0.821917808219178,344,344,0.9424657534246575,0.9424657534246575,0.0,0.0
september,by_band,400-600 km,september-locked,72,cross,365,365,0.037447144240570655,0.03744897339096188,83,83,0.2273972602739726,0.2273972602739726,151,151,0.4136986301369863,0.4136986301369863,0.0,0.0
september,by_band,400-600 km,september-locked,96,radial,362,362,0.6231724667998589,0.6239102681963367,349,349,0.9640883977900553,0.9640883977900553,360,360,0.994475138121547,0.994475138121547,0.0,0.0
september,by_band,400-600 km,september-locked,96,in_track,362,362,14.03315847541329,14.033154651273286,295,295,0.8149171270718232,0.8149171270718232,341,341,0.9419889502762431,0.9419889502762431,0.0,0.0
september,by_band,400-600 km,september-locked,96,cross,362,362,0.04851360708286096,0.04851448979819757,80,80,0.22099447513812154,0.22099447513812154,144,144,0.39779005524861877,0.39779005524861877,0.0,0.0
september,by_band,400-600 km,september-locked,120,radial,360,360,0.7961051001796492,0.7971037189187491,267,267,0.7416666666666667,0.7416666666666667,354,354,0.9833333333333333,0.9833333333333333,0.0,0.0
september,by_band,400-600 km,september-locked,120,in_track,360,360,21.832578196738044,21.832568249473304,301,301,0.8361111111111111,0.8361111111111111,340,340,0.9444444444444444,0.9444444444444444,0.0,0.0
september,by_band,400-600 km,september-locked,120,cross,360,360,0.05805015102641054,0.05805381424922455,110,110,0.3055555555555556,0.3055555555555556,181,181,0.5027777777777778,0.5027777777777778,0.0,0.0
september,by_band,400-600 km,september-locked,144,radial,358,358,0.9640747635602542,0.9696176541259147,323,326,0.9022346368715084,0.9106145251396648,344,347,0.9608938547486033,0.9692737430167597,0.8379888268156388,0.8379888268156388
september,by_band,400-600 km,september-locked,144,in_track,358,358,31.726822488409496,31.726796526889153,303,303,0.8463687150837989,0.8463687150837989,338,338,0.9441340782122905,0.9441340782122905,0.0,0.0
september,by_band,400-600 km,september-locked,144,cross,358,358,0.06655631806147065,0.066580504375271,114,114,0.31843575418994413,0.31843575418994413,197,197,0.5502793296089385,0.5502793296089385,0.0,0.0
september,by_band,400-600 km,september-locked,168,radial,355,355,1.1334564642739595,1.1494125913375963,319,321,0.8985915492957747,0.9042253521126761,342,347,0.9633802816901409,0.9774647887323944,0.5633802816901401,1.4084507042253502
september,by_band,400-600 km,september-locked,168,in_track,355,355,43.517856670664806,43.51779993311189,296,296,0.8338028169014085,0.8338028169014085,330,330,0.9295774647887324,0.9295774647887324,0.0,0.0
september,by_band,400-600 km,september-locked,168,cross,355,355,0.07471355144514287,0.07472723521481135,137,137,0.38591549295774646,0.38591549295774646,227,227,0.6394366197183099,0.6394366197183099,0.0,0.0
september,by_band,600-750 km,september-locked,6,radial,62,62,0.05444569489014108,0.0544457090582086,45,45,0.7258064516129032,0.7258064516129032,60,60,0.967741935483871,0.967741935483871,0.0,0.0
september,by_band,600-750 km,september-locked,6,in_track,62,62,0.5427052465152628,0.5427052448559613,33,33,0.532258064516129,0.532258064516129,59,59,0.9516129032258065,0.9516129032258065,0.0,0.0
september,by_band,600-750 km,september-locked,6,cross,62,62,0.008588226368285495,0.008588239390393297,4,4,0.06451612903225806,0.06451612903225806,6,6,0.0967741935483871,0.0967741935483871,0.0,0.0
september,by_band,600-750 km,september-locked,12,radial,62,62,0.05444569489014108,0.05444569750969937,14,14,0.22580645161290322,0.22580645161290322,31,31,0.5,0.5,0.0,0.0
september,by_band,600-750 km,september-locked,12,in_track,62,62,0.5427052465152628,0.5427052462508013,53,53,0.8548387096774194,0.8548387096774194,60,60,0.967741935483871,0.967741935483871,0.0,0.0
september,by_band,600-750 km,september-locked,12,cross,62,62,0.008588226368285495,0.008588226914443504,4,4,0.06451612903225806,0.06451612903225806,5,5,0.08064516129032258,0.08064516129032258,0.0,0.0
september,by_band,600-750 km,september-locked,24,radial,59,59,0.10889138978028216,0.10889143289387705,22,22,0.3728813559322034,0.3728813559322034,53,53,0.8983050847457628,0.8983050847457628,0.0,0.0
september,by_band,600-750 km,september-locked,24,in_track,59,59,1.3362970646804828,1.3362970604784088,56,56,0.9491525423728814,0.9491525423728814,59,59,1.0,1.0,0.0,0.0
september,by_band,600-750 km,september-locked,24,cross,59,59,0.01021317990241909,0.010213249040670024,3,3,0.05084745762711865,0.05084745762711865,7,7,0.11864406779661017,0.11864406779661017,0.0,0.0
september,by_band,600-750 km,september-locked,36,radial,58,58,0.16333708467042324,0.16333722637783482,55,55,0.9482758620689655,0.9482758620689655,58,58,1.0,1.0,0.0,0.0
september,by_band,600-750 km,september-locked,36,in_track,58,58,2.263714492285342,2.26371448194283,57,57,0.9827586206896551,0.9827586206896551,58,58,1.0,1.0,0.0,0.0
september,by_band,600-750 km,september-locked,36,cross,58,58,0.011302741540653903,0.011302747517376765,1,1,0.017241379310344827,0.017241379310344827,4,4,0.06896551724137931,0.06896551724137931,0.0,0.0
september,by_band,600-750 km,september-locked,48,radial,54,54,0.21778277956056433,0.2177828086490207,27,27,0.5,0.5,54,54,1.0,1.0,0.0,0.0
september,by_band,600-750 km,september-locked,48,in_track,54,54,3.2903493315011736,3.2903493269999116,54,54,1.0,1.0,54,54,1.0,1.0,0.0,0.0
september,by_band,600-750 km,september-locked,48,cross,54,54,0.012145586206759578,0.012145924571353845,4,4,0.07407407407407407,0.07407407407407407,8,8,0.14814814814814814,0.14814814814814814,0.0,0.0
september,by_band,600-750 km,september-locked,72,radial,52,52,0.3266741693408465,0.32667455377854265,34,34,0.6538461538461539,0.6538461538461539,52,52,1.0,1.0,0.0,0.0
september,by_band,600-750 km,september-locked,72,in_track,52,52,5.573918901170045,5.573918876132408,52,52,1.0,1.0,52,52,1.0,1.0,0.0,0.0
september,by_band,600-750 km,september-locked,72,cross,52,52,0.013441300659182436,0.013442084501729307,0,0,0.0,0.0,1,1,0.019230769230769232,0.019230769230769232,0.0,0.0
september,by_band,600-750 km,september-locked,96,radial,51,51,0.43556555912112865,0.43556620524718725,32,32,0.6274509803921569,0.6274509803921569,51,51,1.0,1.0,0.0,0.0
september,by_band,600-750 km,september-locked,96,in_track,51,51,8.1017903948617,8.101790351896822,50,50,0.9803921568627451,0.9803921568627451,51,51,1.0,1.0,0.0,0.0
september,by_band,600-750 km,september-locked,96,cross,51,51,0.014443617532957401,0.014444839605522347,7,7,0.13725490196078433,0.13725490196078433,11,11,0.21568627450980393,0.21568627450980393,0.0,0.0
september,by_band,600-750 km,september-locked,120,radial,49,49,0.5444569489014108,0.5444592579218132,39,39,0.7959183673469388,0.7959183673469388,49,49,1.0,1.0,0.0,0.0
september,by_band,600-750 km,september-locked,120,in_track,49,49,10.828393265077999,10.828393138148224,49,49,1.0,1.0,49,49,1.0,1.0,0.0,0.0
september,by_band,600-750 km,september-locked,120,cross,49,49,0.01527226611947545,0.015273801713160572,1,1,0.02040816326530612,0.02040816326530612,4,4,0.08163265306122448,0.08163265306122448,0.0,0.0
september,by_band,600-750 km,september-locked,144,radial,47,47,0.653348338681693,0.6533536171863135,47,47,1.0,1.0,47,47,1.0,1.0,0.0,0.0
september,by_band,600-750 km,september-locked,144,in_track,47,47,13.72459823122627,13.72459797972641,46,46,0.9787234042553191,0.9787234042553191,47,47,1.0,1.0,0.0,0.0
september,by_band,600-750 km,september-locked,144,cross,47,47,0.01598449037879052,0.015986987472812218,3,3,0.06382978723404255,0.06382978723404255,11,11,0.23404255319148937,0.23404255319148937,0.0,0.0
september,by_band,600-750 km,september-locked,168,radial,45,45,0.7622397284619752,0.7622550835519324,45,45,1.0,1.0,45,45,1.0,1.0,0.0,0.0
september,by_band,600-750 km,september-locked,168,in_track,45,45,16.76989975153809,16.769899052636852,44,44,0.9777777777777777,0.9777777777777777,45,45,1.0,1.0,0.0,0.0
september,by_band,600-750 km,september-locked,168,cross,45,45,0.016612519049677768,0.01662091252157587,1,1,0.022222222222222223,0.022222222222222223,3,3,0.06666666666666667,0.06666666666666667,0.0,0.0
september,by_band,750-850 km,september-locked,6,radial,245,245,0.021388798831596764,0.02138897809428243,21,21,0.08571428571428572,0.08571428571428572,57,57,0.23265306122448978,0.23265306122448978,0.0,0.0
september,by_band,750-850 km,september-locked,6,in_track,245,245,0.29962448321271634,0.29962448143312137,60,60,0.24489795918367346,0.24489795918367346,118,118,0.4816326530612245,0.4816326530612245,0.0,0.0
september,by_band,750-850 km,september-locked,6,cross,245,245,0.015561996042116048,0.015561996945142471,24,24,0.09795918367346938,0.09795918367346938,45,45,0.1836734693877551,0.1836734693877551,0.0,0.0
september,by_band,750-850 km,september-locked,12,radial,238,238,0.021388798831596764,0.02138885742614218,27,27,0.1134453781512605,0.1134453781512605,49,49,0.20588235294117646,0.20588235294117646,0.0,0.0
september,by_band,750-850 km,september-locked,12,in_track,238,238,0.29962448321271634,0.29962448288257826,127,127,0.5336134453781513,0.5336134453781513,182,182,0.7647058823529411,0.7647058823529411,0.0,0.0
september,by_band,750-850 km,september-locked,12,cross,238,238,0.015561996042116048,0.015561996645989836,16,16,0.06722689075630252,0.06722689075630252,27,27,0.1134453781512605,0.1134453781512605,0.0,0.0
september,by_band,750-850 km,september-locked,24,radial,226,226,0.04428614638690314,0.044286617612427887,157,157,0.6946902654867256,0.6946902654867256,196,196,0.8672566371681416,0.8672566371681416,0.0,0.0
september,by_band,750-850 km,september-locked,24,in_track,226,226,0.8773518400536764,0.8773518352126095,152,152,0.672566371681416,0.672566371681416,204,204,0.9026548672566371,0.9026548672566371,0.0,0.0
september,by_band,750-850 km,september-locked,24,cross,226,226,0.02903971144291899,0.02903971171335211,16,16,0.07079646017699115,0.07079646017699115,39,39,0.17256637168141592,0.17256637168141592,0.0,0.0
september,by_band,750-850 km,september-locked,36,radial,218,218,0.06778970020417362,0.06779011385744285,105,105,0.481651376146789,0.481651376146789,133,133,0.6100917431192661,0.6100917431192661,0.0,0.0
september,by_band,750-850 km,september-locked,36,in_track,218,218,1.6448081255747298,1.6448081222182958,170,170,0.7798165137614679,0.7798165137614679,197,197,0.9036697247706422,0.9036697247706422,0.0,0.0
september,by_band,750-850 km,september-locked,36,cross,218,218,0.041828706017827,0.04182870970856166,42,42,0.1926605504587156,0.1926605504587156,91,91,0.41743119266055045,0.41743119266055045,0.0,0.0
september,by_band,750-850 km,september-locked,48,radial,209,209,0.09169578793293076,0.09169676880607776,79,79,0.37799043062200954,0.37799043062200954,172,172,0.8229665071770335,0.8229665071770335,0.0,0.0
september,by_band,750-850 km,september-locked,48,in_track,209,209,2.5690365586683237,2.569036543287932,176,176,0.8421052631578947,0.8421052631578947,205,205,0.9808612440191388,0.9808612440191388,0.0,0.0
september,by_band,750-850 km,september-locked,48,cross,209,209,0.05419001768190473,0.05419002655813477,71,71,0.3397129186602871,0.3397129186602871,124,124,0.5933014354066986,0.5933014354066986,0.0,0.0
september,by_band,750-850 km,september-locked,72,radial,194,194,0.1403605976382072,0.14036269643058547,155,155,0.7989690721649485,0.7989690721649485,194,194,1.0,1.0,0.0,0.0
september,by_band,750-850 km,september-locked,72,in_track,194,194,4.816280098458196,4.816280040570177,175,175,0.9020618556701031,0.9020618556701031,191,191,0.9845360824742269,0.9845360824742269,0.0,0.0
september,by_band,750-850 km,september-locked,72,cross,194,194,0.07805512541585356,0.0780551276219742,49,49,0.25257731958762886,0.25257731958762886,98,98,0.5051546391752577,0.5051546391752577,0.0,0.0
september,by_band,750-850 km,september-locked,96,radial,179,179,0.1898588658219213,0.18986296374079728,126,126,0.7039106145251397,0.7039106145251397,179,179,1.0,1.0,0.0,0.0
september,by_band,750-850 km,september-locked,96,in_track,179,179,7.522579355815334,7.522579068697608,165,165,0.9217877094972067,0.9217877094972067,176,176,0.9832402234636871,0.9832402234636871,0.0,0.0
september,by_band,750-850 km,september-locked,96,cross,179,179,0.10112214861836011,0.10112216816433099,93,93,0.5195530726256983,0.5195530726256983,117,117,0.6536312849162011,0.6536312849162011,0.0,0.0
september,by_band,750-850 km,september-locked,120,radial,166,166,0.23998627004403847,0.23998958076345084,161,161,0.9698795180722891,0.9698795180722891,166,166,1.0,1.0,0.0,0.0
september,by_band,750-850 km,september-locked,120,in_track,166,166,10.631077838606243,10.631077053576806,149,149,0.8975903614457831,0.8975903614457831,163,163,0.9819277108433735,0.9819277108433735,0.0,0.0
september,by_band,750-850 km,september-locked,120,cross,166,166,0.12361332844920297,0.12361332913101954,54,54,0.3253012048192771,0.3253012048192771,108,108,0.6506024096385542,0.6506024096385542,0.0,0.0
september,by_band,750-850 km,september-locked,144,radial,151,151,0.29062080684849767,0.29062242116006504,95,95,0.6291390728476821,0.6291390728476821,151,151,1.0,1.0,0.0,0.0
september,by_band,750-850 km,september-locked,144,in_track,151,151,14.102893599640465,14.1028906875117,130,130,0.8609271523178808,0.8609271523178808,147,147,0.9735099337748344,0.9735099337748344,0.0,0.0
september,by_band,750-850 km,september-locked,144,cross,151,151,0.14565601434306907,0.14565601545793927,83,83,0.5496688741721855,0.5496688741721855,125,125,0.8278145695364238,0.8278145695364238,0.0,0.0
september,by_band,750-850 km,september-locked,168,radial,137,137,0.29710483218795114,0.2971166401622813,137,137,1.0,1.0,137,137,1.0,1.0,0.0,0.0
september,by_band,750-850 km,september-locked,168,in_track,137,137,2.7394719474887816,2.7394719423024,106,106,0.7737226277372263,0.7737226277372263,129,129,0.9416058394160584,0.9416058394160584,0.0,0.0
september,by_band,750-850 km,september-locked,168,cross,137,137,0.09881065462707068,0.09881077806938081,65,65,0.4744525547445255,0.4744525547445255,97,97,0.708029197080292,0.708029197080292,0.0,0.0
september,by_band,850-1000 km,september-locked,6,radial,327,327,0.03237952612499993,0.03237952770863938,23,23,0.07033639143730887,0.07033639143730887,53,53,0.1620795107033639,0.1620795107033639,0.0,0.0
september,by_band,850-1000 km,september-locked,6,in_track,327,327,0.16680416249361085,0.16680416210999405,54,54,0.1651376146788991,0.1651376146788991,115,115,0.3516819571865443,0.3516819571865443,0.0,0.0
september,by_band,850-1000 km,september-locked,6,cross,327,327,0.04092888699444523,0.040928886991901774,81,81,0.24770642201834864,0.24770642201834864,141,141,0.43119266055045874,0.43119266055045874,0.0,0.0
september,by_band,850-1000 km,september-locked,12,radial,325,325,0.03237952612499993,0.03237952839485528,66,66,0.20307692307692307,0.20307692307692307,94,94,0.28923076923076924,0.28923076923076924,0.0,0.0
september,by_band,850-1000 km,september-locked,12,in_track,325,325,0.16680416249361085,0.16680416199265063,60,60,0.18461538461538463,0.18461538461538463,104,104,0.32,0.32,0.0,0.0
september,by_band,850-1000 km,september-locked,12,cross,325,325,0.04092888699444523,0.04092888699101494,81,81,0.24923076923076923,0.24923076923076923,132,132,0.40615384615384614,0.40615384615384614,0.0,0.0
september,by_band,850-1000 km,september-locked,24,radial,322,322,0.06255312119501713,0.06255313092033864,130,130,0.40372670807453415,0.40372670807453415,201,201,0.6242236024844721,0.6242236024844721,0.0,0.0
september,by_band,850-1000 km,september-locked,24,in_track,322,322,0.5234875734218908,0.5234875720828636,154,154,0.4782608695652174,0.4782608695652174,243,243,0.7546583850931677,0.7546583850931677,0.0,0.0
september,by_band,850-1000 km,september-locked,24,cross,322,322,0.08185777398889046,0.0818577740250184,116,116,0.36024844720496896,0.36024844720496896,222,222,0.6894409937888198,0.6894409937888198,0.0,0.0
september,by_band,850-1000 km,september-locked,36,radial,319,319,0.09194660127095165,0.09194665215309956,192,192,0.6018808777429467,0.6018808777429467,250,250,0.7836990595611285,0.7836990595611285,0.0,0.0
september,by_band,850-1000 km,september-locked,36,in_track,319,319,1.0220142571524111,1.0220142523237163,255,255,0.799373040752351,0.799373040752351,302,302,0.9467084639498433,0.9467084639498433,0.0,0.0
september,by_band,850-1000 km,september-locked,36,cross,319,319,0.1227866609833357,0.12278666131074721,134,134,0.4200626959247649,0.4200626959247649,231,231,0.7241379310344828,0.7241379310344828,0.0,0.0
september,by_band,850-1000 km,september-locked,48,radial,315,315,0.12084466449981159,0.12084477574629608,191,191,0.6063492063492063,0.6063492063492063,255,255,0.8095238095238095,0.8095238095238095,0.0,0.0
september,by_band,850-1000 km,september-locked,48,in_track,315,315,1.642880102213493,1.642880093782012,291,291,0.9238095238095239,0.9238095238095239,313,313,0.9936507936507937,0.9936507936507937,0.0,0.0
september,by_band,850-1000 km,september-locked,48,cross,315,315,0.16371554797778093,0.16371554866809057,129,129,0.4095238095238095,0.4095238095238095,270,270,0.8571428571428571,0.8571428571428571,0.0,0.0
september,by_band,850-1000 km,september-locked,72,radial,308,308,0.17762912497755912,0.17762940008079264,139,139,0.4512987012987013,0.4512987012987013,248,248,0.8051948051948052,0.8051948051948052,0.0,0.0
september,by_band,850-1000 km,september-locked,72,in_track,308,308,3.166504717676114,3.1665047040810688,307,307,0.9967532467532467,0.9967532467532467,308,308,1.0,1.0,0.0,0.0
september,by_band,850-1000 km,september-locked,72,cross,308,308,0.2455733219666714,0.2455733273654252,159,159,0.5162337662337663,0.5162337662337663,301,301,0.9772727272727273,0.9772727272727273,0.0,0.0
september,by_band,850-1000 km,september-locked,96,radial,301,301,0.23345650319420522,0.23345744958170575,216,216,0.717607973421927,0.717607973421927,247,247,0.8205980066445183,0.8205980066445183,0.0,0.0
september,by_band,850-1000 km,september-locked,96,in_track,301,301,4.805530162382408,4.805530132900576,301,301,1.0,1.0,301,301,1.0,1.0,0.0,0.0
september,by_band,850-1000 km,september-locked,96,cross,301,301,0.32743109595556186,0.3274311740235912,272,272,0.9036544850498339,0.9036544850498339,301,301,1.0,1.0,0.0,0.0
september,by_band,850-1000 km,september-locked,120,radial,294,294,0.28858283035232307,0.28858535527023704,238,238,0.8095238095238095,0.8095238095238095,251,251,0.8537414965986394,0.8537414965986394,0.0,0.0
september,by_band,850-1000 km,september-locked,120,in_track,294,294,6.641418175327073,6.641418129342578,294,294,1.0,1.0,294,294,1.0,1.0,0.0,0.0
september,by_band,850-1000 km,september-locked,120,cross,294,294,0.40928886994445235,0.4092890191911862,174,174,0.5918367346938775,0.5918367346938775,294,294,1.0,1.0,0.0,0.0
september,by_band,850-1000 km,september-locked,144,radial,287,287,0.3431568497819121,0.3431610813083249,127,127,0.4425087108013937,0.4425087108013937,253,253,0.8815331010452961,0.8815331010452961,0.0,0.0
september,by_band,850-1000 km,september-locked,144,in_track,287,287,9.424962978354129,9.424962958243219,287,287,1.0,1.0,287,287,1.0,1.0,0.0,0.0
september,by_band,850-1000 km,september-locked,144,cross,287,287,0.4911466439333428,0.49114679271999584,93,93,0.3240418118466899,0.3240418118466899,287,287,1.0,1.0,0.0,0.0
september,by_band,850-1000 km,september-locked,168,radial,281,281,0.39727581058991407,0.39730748747233857,228,228,0.8113879003558719,0.8113879003558719,252,253,0.896797153024911,0.900355871886121,0.0,0.3558718861209953
september,by_band,850-1000 km,september-locked,168,in_track,281,281,12.981298690834905,12.981298620139965,281,281,1.0,1.0,281,281,1.0,1.0,0.0,0.0
september,by_band,850-1000 km,september-locked,168,cross,281,281,0.5730044179222332,0.5730062833572184,266,266,0.9466192170818505,0.9466192170818505,281,281,1.0,1.0,0.0,0.0
september,by_mission,cryosat-2,september-locked,6,radial,62,62,0.05444569489014108,0.0544457090582086,45,45,0.7258064516129032,0.7258064516129032,60,60,0.967741935483871,0.967741935483871,0.0,0.0
september,by_mission,cryosat-2,september-locked,6,in_track,62,62,0.5427052465152628,0.5427052448559613,33,33,0.532258064516129,0.532258064516129,59,59,0.9516129032258065,0.9516129032258065,0.0,0.0
september,by_mission,cryosat-2,september-locked,6,cross,62,62,0.008588226368285495,0.008588239390393297,4,4,0.06451612903225806,0.06451612903225806,6,6,0.0967741935483871,0.0967741935483871,0.0,0.0
september,by_mission,cryosat-2,september-locked,12,radial,62,62,0.05444569489014108,0.05444569750969937,14,14,0.22580645161290322,0.22580645161290322,31,31,0.5,0.5,0.0,0.0
september,by_mission,cryosat-2,september-locked,12,in_track,62,62,0.5427052465152628,0.5427052462508013,53,53,0.8548387096774194,0.8548387096774194,60,60,0.967741935483871,0.967741935483871,0.0,0.0
september,by_mission,cryosat-2,september-locked,12,cross,62,62,0.008588226368285495,0.008588226914443504,4,4,0.06451612903225806,0.06451612903225806,5,5,0.08064516129032258,0.08064516129032258,0.0,0.0
september,by_mission,cryosat-2,september-locked,24,radial,59,59,0.10889138978028216,0.10889143289387705,22,22,0.3728813559322034,0.3728813559322034,53,53,0.8983050847457628,0.8983050847457628,0.0,0.0
september,by_mission,cryosat-2,september-locked,24,in_track,59,59,1.3362970646804828,1.3362970604784088,56,56,0.9491525423728814,0.9491525423728814,59,59,1.0,1.0,0.0,0.0
september,by_mission,cryosat-2,september-locked,24,cross,59,59,0.01021317990241909,0.010213249040670024,3,3,0.05084745762711865,0.05084745762711865,7,7,0.11864406779661017,0.11864406779661017,0.0,0.0
september,by_mission,cryosat-2,september-locked,36,radial,58,58,0.16333708467042324,0.16333722637783482,55,55,0.9482758620689655,0.9482758620689655,58,58,1.0,1.0,0.0,0.0
september,by_mission,cryosat-2,september-locked,36,in_track,58,58,2.263714492285342,2.26371448194283,57,57,0.9827586206896551,0.9827586206896551,58,58,1.0,1.0,0.0,0.0
september,by_mission,cryosat-2,september-locked,36,cross,58,58,0.011302741540653903,0.011302747517376765,1,1,0.017241379310344827,0.017241379310344827,4,4,0.06896551724137931,0.06896551724137931,0.0,0.0
september,by_mission,cryosat-2,september-locked,48,radial,54,54,0.21778277956056433,0.2177828086490207,27,27,0.5,0.5,54,54,1.0,1.0,0.0,0.0
september,by_mission,cryosat-2,september-locked,48,in_track,54,54,3.2903493315011736,3.2903493269999116,54,54,1.0,1.0,54,54,1.0,1.0,0.0,0.0
september,by_mission,cryosat-2,september-locked,48,cross,54,54,0.012145586206759578,0.012145924571353845,4,4,0.07407407407407407,0.07407407407407407,8,8,0.14814814814814814,0.14814814814814814,0.0,0.0
september,by_mission,cryosat-2,september-locked,72,radial,52,52,0.3266741693408465,0.32667455377854265,34,34,0.6538461538461539,0.6538461538461539,52,52,1.0,1.0,0.0,0.0
september,by_mission,cryosat-2,september-locked,72,in_track,52,52,5.573918901170045,5.573918876132408,52,52,1.0,1.0,52,52,1.0,1.0,0.0,0.0
september,by_mission,cryosat-2,september-locked,72,cross,52,52,0.013441300659182436,0.013442084501729307,0,0,0.0,0.0,1,1,0.019230769230769232,0.019230769230769232,0.0,0.0
september,by_mission,cryosat-2,september-locked,96,radial,51,51,0.43556555912112865,0.43556620524718725,32,32,0.6274509803921569,0.6274509803921569,51,51,1.0,1.0,0.0,0.0
september,by_mission,cryosat-2,september-locked,96,in_track,51,51,8.1017903948617,8.101790351896822,50,50,0.9803921568627451,0.9803921568627451,51,51,1.0,1.0,0.0,0.0
september,by_mission,cryosat-2,september-locked,96,cross,51,51,0.014443617532957401,0.014444839605522347,7,7,0.13725490196078433,0.13725490196078433,11,11,0.21568627450980393,0.21568627450980393,0.0,0.0
september,by_mission,cryosat-2,september-locked,120,radial,49,49,0.5444569489014108,0.5444592579218132,39,39,0.7959183673469388,0.7959183673469388,49,49,1.0,1.0,0.0,0.0
september,by_mission,cryosat-2,september-locked,120,in_track,49,49,10.828393265077999,10.828393138148224,49,49,1.0,1.0,49,49,1.0,1.0,0.0,0.0
september,by_mission,cryosat-2,september-locked,120,cross,49,49,0.01527226611947545,0.015273801713160572,1,1,0.02040816326530612,0.02040816326530612,4,4,0.08163265306122448,0.08163265306122448,0.0,0.0
september,by_mission,cryosat-2,september-locked,144,radial,47,47,0.653348338681693,0.6533536171863135,47,47,1.0,1.0,47,47,1.0,1.0,0.0,0.0
september,by_mission,cryosat-2,september-locked,144,in_track,47,47,13.72459823122627,13.72459797972641,46,46,0.9787234042553191,0.9787234042553191,47,47,1.0,1.0,0.0,0.0
september,by_mission,cryosat-2,september-locked,144,cross,47,47,0.01598449037879052,0.015986987472812218,3,3,0.06382978723404255,0.06382978723404255,11,11,0.23404255319148937,0.23404255319148937,0.0,0.0
september,by_mission,cryosat-2,september-locked,168,radial,45,45,0.7622397284619752,0.7622550835519324,45,45,1.0,1.0,45,45,1.0,1.0,0.0,0.0
september,by_mission,cryosat-2,september-locked,168,in_track,45,45,16.76989975153809,16.769899052636852,44,44,0.9777777777777777,0.9777777777777777,45,45,1.0,1.0,0.0,0.0
september,by_mission,cryosat-2,september-locked,168,cross,45,45,0.016612519049677768,0.01662091252157587,1,1,0.022222222222222223,0.022222222222222223,3,3,0.06666666666666667,0.06666666666666667,0.0,0.0
september,by_mission,gracefo-c,september-locked,6,radial,76,76,0.06477799855980675,0.06477800031216319,37,37,0.4868421052631579,0.4868421052631579,58,58,0.7631578947368421,0.7631578947368421,0.0,0.0
september,by_mission,gracefo-c,september-locked,6,in_track,76,76,0.1945830579972115,0.19458305729903275,9,9,0.11842105263157894,0.11842105263157894,19,19,0.25,0.25,0.0,0.0
september,by_mission,gracefo-c,september-locked,6,cross,76,76,0.007883774030273268,0.007883775375655353,1,1,0.013157894736842105,0.013157894736842105,4,4,0.05263157894736842,0.05263157894736842,0.0,0.0
september,by_mission,gracefo-c,september-locked,12,radial,76,76,0.06477799855980675,0.06477800007689366,26,26,0.34210526315789475,0.34210526315789475,36,36,0.47368421052631576,0.47368421052631576,0.0,0.0
september,by_mission,gracefo-c,september-locked,12,in_track,76,76,0.1945830579972115,0.19458305744377868,14,14,0.18421052631578946,0.18421052631578946,30,30,0.39473684210526316,0.39473684210526316,0.0,0.0
september,by_mission,gracefo-c,september-locked,12,cross,76,76,0.007883774030273268,0.007883775172435954,3,3,0.039473684210526314,0.039473684210526314,4,4,0.05263157894736842,0.05263157894736842,0.0,0.0
september,by_mission,gracefo-c,september-locked,24,radial,76,76,0.1341247794912304,0.13412478978532483,45,45,0.5921052631578947,0.5921052631578947,76,76,1.0,1.0,0.0,0.0
september,by_mission,gracefo-c,september-locked,24,in_track,76,76,0.8057800588732219,0.805780056944559,53,53,0.6973684210526315,0.6973684210526315,68,68,0.8947368421052632,0.8947368421052632,0.0,0.0
september,by_mission,gracefo-c,september-locked,24,cross,76,76,0.013258874641454243,0.013258877006928946,3,3,0.039473684210526314,0.039473684210526314,6,6,0.07894736842105263,0.07894736842105263,0.0,0.0
september,by_mission,gracefo-c,september-locked,36,radial,76,76,0.20530751337511463,0.2053076689173097,30,30,0.39473684210526316,0.39473684210526316,72,72,0.9473684210526315,0.9473684210526315,0.0,0.0
september,by_mission,gracefo-c,september-locked,36,in_track,76,76,1.8501357561448735,1.8501357370912648,62,62,0.8157894736842105,0.8157894736842105,71,71,0.9342105263157895,0.9342105263157895,0.0,0.0
september,by_mission,gracefo-c,september-locked,36,cross,76,76,0.017971118537444725,0.017971199228902508,4,4,0.05263157894736842,0.05263157894736842,17,17,0.2236842105263158,0.2236842105263158,0.0,0.0
september,by_mission,gracefo-c,september-locked,48,radial,76,76,0.27770935925046036,0.27771023014240137,55,55,0.7236842105263158,0.7236842105263158,76,76,1.0,1.0,0.0,0.0
september,by_mission,gracefo-c,september-locked,48,in_track,76,76,3.3367833251291468,3.33678325139529,62,62,0.8157894736842105,0.8157894736842105,72,72,0.9473684210526315,0.9473684210526315,0.0,0.0
september,by_mission,gracefo-c,september-locked,48,cross,76,76,0.022298680312594504,0.022298850334085546,4,4,0.05263157894736842,0.05263157894736842,11,11,0.14473684210526316,0.14473684210526316,0.0,0.0
september,by_mission,gracefo-c,september-locked,72,radial,76,76,0.42509533439670133,0.4251082961096064,51,51,0.6710526315789473,0.6710526315789473,76,76,1.0,1.0,0.0,0.0
september,by_mission,gracefo-c,september-locked,72,in_track,76,76,7.661522610726127,7.6615218913691585,64,64,0.8421052631578947,0.8421052631578947,72,72,0.9473684210526315,0.9473684210526315,0.0,0.0
september,by_mission,gracefo-c,september-locked,72,cross,76,76,0.03022369831247369,0.030224016376131105,7,7,0.09210526315789473,0.09210526315789473,12,12,0.15789473684210525,0.15789473684210525,0.0,0.0
september,by_mission,gracefo-c,september-locked,96,radial,76,76,0.5750055173089311,0.5751231126970964,73,73,0.9605263157894737,0.9605263157894737,76,76,1.0,1.0,0.0,0.0
september,by_mission,gracefo-c,september-locked,96,in_track,76,76,13.817818939860016,13.817814041639735,64,64,0.8421052631578947,0.8421052631578947,72,72,0.9473684210526315,0.9473684210526315,0.0,0.0
september,by_mission,gracefo-c,september-locked,96,cross,76,76,0.0375017606794986,0.03750257781646643,12,12,0.15789473684210525,0.15789473684210525,20,20,0.2631578947368421,0.2631578947368421,0.0,0.0
september,by_mission,gracefo-c,september-locked,120,radial,76,76,0.7268210981684919,0.7273055365508079,36,36,0.47368421052631576,0.47368421052631576,76,76,1.0,1.0,0.0,0.0
september,by_mission,gracefo-c,september-locked,120,in_track,76,76,21.832578196738044,21.832562044383113,65,65,0.8552631578947368,0.8552631578947368,72,72,0.9473684210526315,0.9473684210526315,0.0,0.0
september,by_mission,gracefo-c,september-locked,120,cross,76,76,0.04433371935685129,0.04433761302234471,28,28,0.3684210526315789,0.3684210526315789,43,43,0.5657894736842105,0.5657894736842105,0.0,0.0
september,by_mission,gracefo-c,september-locked,144,radial,76,76,0.8801725779790518,0.8817823617111327,72,72,0.9473684210526315,0.9473684210526315,74,74,0.9736842105263158,0.9736842105263158,0.0,0.0
september,by_mission,gracefo-c,september-locked,144,in_track,76,76,31.726822488409496,31.72677778613901,66,66,0.868421052631579,0.868421052631579,72,72,0.9473684210526315,0.9473684210526315,0.0,0.0
september,by_mission,gracefo-c,september-locked,144,cross,76,76,0.05082999913333774,0.05083161261926952,10,10,0.13157894736842105,0.13157894736842105,19,19,0.25,0.25,0.0,0.0
september,by_mission,gracefo-c,september-locked,168,radial,76,76,1.0348132073313836,1.0405706452016925,63,63,0.8289473684210527,0.8289473684210527,73,73,0.9605263157894737,0.9605263157894737,0.0,0.0
september,by_mission,gracefo-c,september-locked,168,in_track,76,76,43.517856670664806,43.517719380822435,65,65,0.8552631578947368,0.8552631578947368,72,72,0.9473684210526315,0.9473684210526315,0.0,0.0
september,by_mission,gracefo-c,september-locked,168,cross,76,76,0.05705979335722408,0.057071672749227476,29,29,0.3815789473684211,0.3815789473684211,49,49,0.6447368421052632,0.6447368421052632,0.0,0.0
september,by_mission,gracefo-d,september-locked,6,radial,73,73,0.06518616827062455,0.0651861707397927,34,34,0.4657534246575342,0.4657534246575342,56,56,0.7671232876712328,0.7671232876712328,0.0,0.0
september,by_mission,gracefo-d,september-locked,6,in_track,73,73,0.22468600910298442,0.2246860082412049,11,11,0.1506849315068493,0.1506849315068493,22,22,0.3013698630136986,0.3013698630136986,0.0,0.0
september,by_mission,gracefo-d,september-locked,6,cross,73,73,0.007416430559425306,0.007416432790272721,1,1,0.0136986301369863,0.0136986301369863,4,4,0.0547945205479452,0.0547945205479452,0.0,0.0
september,by_mission,gracefo-d,september-locked,12,radial,73,73,0.06518616827062455,0.06518617021712968,21,21,0.2876712328767123,0.2876712328767123,31,31,0.4246575342465753,0.4246575342465753,0.0,0.0
september,by_mission,gracefo-d,september-locked,12,in_track,73,73,0.22468600910298442,0.22468600848523992,14,14,0.1917808219178082,0.1917808219178082,32,32,0.4383561643835616,0.4383561643835616,0.0,0.0
september,by_mission,gracefo-d,september-locked,12,cross,73,73,0.007416430559425306,0.0074164320951524325,3,3,0.0410958904109589,0.0410958904109589,5,5,0.0684931506849315,0.0684931506849315,0.0,0.0
september,by_mission,gracefo-d,september-locked,24,radial,70,70,0.13496990706039871,0.13496991984633067,43,43,0.6142857142857143,0.6142857142857143,70,70,1.0,1.0,0.0,0.0
september,by_mission,gracefo-d,september-locked,24,in_track,70,70,0.8681295151748447,0.8681295131136471,51,51,0.7285714285714285,0.7285714285714285,64,64,0.9142857142857143,0.9142857142857143,0.0,0.0
september,by_mission,gracefo-d,september-locked,24,cross,70,70,0.012472899742797682,0.012472902393302548,1,1,0.014285714285714285,0.014285714285714285,8,8,0.11428571428571428,0.11428571428571428,0.0,0.0
september,by_mission,gracefo-d,september-locked,36,radial,70,70,0.20660116724257205,0.20660131253663355,29,29,0.4142857142857143,0.4142857142857143,68,68,0.9714285714285714,0.9714285714285714,0.0,0.0
september,by_mission,gracefo-d,september-locked,36,in_track,70,70,1.9140905407694777,1.9140905239574644,60,60,0.8571428571428571,0.8571428571428571,66,66,0.9428571428571428,0.9428571428571428,0.0,0.0
september,by_mission,gracefo-d,september-locked,36,cross,70,70,0.016905805797625056,0.016905879677350733,6,6,0.08571428571428572,0.08571428571428572,16,16,0.22857142857142856,0.22857142857142856,0.0,0.0
september,by_mission,gracefo-d,september-locked,48,radial,68,68,0.27945922110752297,0.2794601554445909,48,48,0.7058823529411765,0.7058823529411765,68,68,1.0,1.0,0.0,0.0
september,by_mission,gracefo-d,september-locked,48,in_track,68,68,3.3542313476771817,3.35423126870041,58,58,0.8529411764705882,0.8529411764705882,65,65,0.9558823529411765,0.9558823529411765,0.0,0.0
september,by_mission,gracefo-d,september-locked,48,cross,68,68,0.020976833363075098,0.020977006670604925,5,5,0.07352941176470588,0.07352941176470588,12,12,0.17647058823529413,0.17647058823529413,0.0,0.0
september,by_mission,gracefo-d,september-locked,72,radial,65,65,0.42777388334184213,0.42778402765663587,42,42,0.6461538461538462,0.6461538461538462,65,65,1.0,1.0,0.0,0.0
september,by_mission,gracefo-d,september-locked,72,in_track,65,65,7.395558360722567,7.3955577739087275,56,56,0.8615384615384616,0.8615384615384616,62,62,0.9538461538461539,0.9538461538461539,0.0,0.0
september,by_mission,gracefo-d,september-locked,72,cross,65,65,0.028432062984396746,0.028432348316308306,6,6,0.09230769230769231,0.09230769230769231,10,10,0.15384615384615385,0.15384615384615385,0.0,0.0
september,by_mission,gracefo-d,september-locked,96,radial,62,62,0.5786286585133008,0.5787381898225599,60,60,0.967741935483871,0.967741935483871,62,62,1.0,1.0,0.0,0.0
september,by_mission,gracefo-d,september-locked,96,in_track,62,62,12.959895657359738,12.959890762426948,53,53,0.8548387096774194,0.8548387096774194,59,59,0.9516129032258065,0.9516129032258065,0.0,0.0
september,by_mission,gracefo-d,september-locked,96,cross,62,62,0.035278687956768744,0.035279278265750086,8,8,0.12903225806451613,0.12903225806451613,17,17,0.27419354838709675,0.27419354838709675,0.0,0.0
september,by_mission,gracefo-d,september-locked,120,radial,60,60,0.7314008376487388,0.7318549896471684,29,29,0.48333333333333334,0.48333333333333334,60,60,1.0,1.0,0.0,0.0
september,by_mission,gracefo-d,september-locked,120,in_track,60,60,20.02516163985621,20.02514503207582,52,52,0.8666666666666667,0.8666666666666667,58,58,0.9666666666666667,0.9666666666666667,0.0,0.0
september,by_mission,gracefo-d,september-locked,120,cross,60,60,0.041705653889694286,0.041708961972803105,22,22,0.36666666666666664,0.36666666666666664,33,33,0.55,0.55,0.0,0.0
september,by_mission,gracefo-d,september-locked,144,radial,58,58,0.885718593518445,0.8880908828622192,56,56,0.9655172413793104,0.9655172413793104,56,56,0.9655172413793104,0.9655172413793104,0.0,0.0
september,by_mission,gracefo-d,september-locked,144,in_track,58,58,28.574553973223214,28.574480331756288,49,49,0.8448275862068966,0.8448275862068966,56,56,0.9655172413793104,0.9655172413793104,0.0,0.0
september,by_mission,gracefo-d,september-locked,144,cross,58,58,0.04781683968369411,0.047818399325564455,8,8,0.13793103448275862,0.13793103448275862,15,15,0.25862068965517243,0.25862068965517243,0.0,0.0
september,by_mission,gracefo-d,september-locked,168,radial,55,55,1.0413336219316733,1.0492745150179625,46,46,0.8363636363636363,0.8363636363636363,53,53,0.9636363636363636,0.9636363636363636,0.0,0.0
september,by_mission,gracefo-d,september-locked,168,in_track,55,55,38.594524969269166,38.59430989468117,45,45,0.8181818181818182,0.8181818181818182,52,52,0.9454545454545454,0.9454545454545454,0.0,0.0
september,by_mission,gracefo-d,september-locked,168,cross,55,55,0.053677336963746214,0.0536860534716641,17,17,0.3090909090909091,0.3090909090909091,29,29,0.5272727272727272,0.5272727272727272,0.0,0.0
september,by_mission,hy-2c,september-locked,6,radial,127,127,0.03237952612499993,0.03237952695826554,12,12,0.09448818897637795,0.09448818897637795,29,29,0.2283464566929134,0.2283464566929134,0.0,0.0
september,by_mission,hy-2c,september-locked,6,in_track,127,127,0.16680416249361085,0.1668041622784012,34,34,0.2677165354330709,0.2677165354330709,65,65,0.5118110236220472,0.5118110236220472,0.0,0.0
september,by_mission,hy-2c,september-locked,6,cross,127,127,0.05000279555407233,0.05000279568232892,33,33,0.25984251968503935,0.25984251968503935,59,59,0.4645669291338583,0.4645669291338583,0.0,0.0
september,by_mission,hy-2c,september-locked,12,radial,126,126,0.03237952612499993,0.03237952735667539,29,29,0.23015873015873015,0.23015873015873015,42,42,0.3333333333333333,0.3333333333333333,0.0,0.0
september,by_mission,hy-2c,september-locked,12,in_track,126,126,0.16680416249361085,0.16680416217369026,23,23,0.18253968253968253,0.18253968253968253,46,46,0.36507936507936506,0.36507936507936506,0.0,0.0
september,by_mission,hy-2c,september-locked,12,cross,126,126,0.05000279555407233,0.05000279576898693,37,37,0.29365079365079366,0.29365079365079366,61,61,0.48412698412698413,0.48412698412698413,0.0,0.0
september,by_mission,hy-2c,september-locked,24,radial,124,124,0.06255312119501713,0.0625531258775412,58,58,0.46774193548387094,0.46774193548387094,96,96,0.7741935483870968,0.7741935483870968,0.0,0.0
september,by_mission,hy-2c,september-locked,24,in_track,124,124,0.5234875734218908,0.523487572633718,97,97,0.782258064516129,0.782258064516129,124,124,1.0,1.0,0.0,0.0
september,by_mission,hy-2c,september-locked,24,cross,124,124,0.10000559110814466,0.10000559205918558,37,37,0.29838709677419356,0.29838709677419356,84,84,0.6774193548387096,0.6774193548387096,0.0,0.0
september,by_mission,hy-2c,september-locked,36,radial,122,122,0.09194660127095165,0.09194661885821133,82,82,0.6721311475409836,0.6721311475409836,122,122,1.0,1.0,0.0,0.0
september,by_mission,hy-2c,september-locked,36,in_track,122,122,1.0220142571524111,1.0220142551607476,116,116,0.9508196721311475,0.9508196721311475,122,122,1.0,1.0,0.0,0.0
september,by_mission,hy-2c,september-locked,36,cross,122,122,0.150008386662217,0.1500083882761083,48,48,0.39344262295081966,0.39344262295081966,88,88,0.7213114754098361,0.7213114754098361,0.0,0.0
september,by_mission,hy-2c,september-locked,48,radial,119,119,0.12084466449981159,0.1208447011415647,90,90,0.7563025210084033,0.7563025210084033,119,119,1.0,1.0,0.0,0.0
september,by_mission,hy-2c,september-locked,48,in_track,119,119,1.642880102213493,1.6428800991806491,119,119,1.0,1.0,119,119,1.0,1.0,0.0,0.0
september,by_mission,hy-2c,september-locked,48,cross,119,119,0.20001118221628933,0.2000111829423107,37,37,0.31092436974789917,0.31092436974789917,95,95,0.7983193277310925,0.7983193277310925,0.0,0.0
september,by_mission,hy-2c,september-locked,72,radial,114,114,0.17762912497755912,0.17762919785087455,55,55,0.4824561403508772,0.4824561403508772,110,110,0.9649122807017544,0.9649122807017544,0.0,0.0
september,by_mission,hy-2c,september-locked,72,in_track,114,114,3.207424535942169,3.207424529881862,114,114,1.0,1.0,114,114,1.0,1.0,0.0,0.0
september,by_mission,hy-2c,september-locked,72,cross,114,114,0.300016773324434,0.3000167891140674,58,58,0.5087719298245614,0.5087719298245614,114,114,1.0,1.0,0.0,0.0
september,by_mission,hy-2c,september-locked,96,radial,109,109,0.23345650319420522,0.23345684848456452,82,82,0.7522935779816514,0.7522935779816514,109,109,1.0,1.0,0.0,0.0
september,by_mission,hy-2c,september-locked,96,in_track,109,109,5.15591041179078,5.155910387427185,109,109,1.0,1.0,109,109,1.0,1.0,0.0,0.0
september,by_mission,hy-2c,september-locked,96,cross,109,109,0.40002236443257866,0.4000224935195056,106,106,0.9724770642201835,0.9724770642201835,109,109,1.0,1.0,0.0,0.0
september,by_mission,hy-2c,september-locked,120,radial,104,104,0.28858283035232307,0.2885835862266425,104,104,1.0,1.0,104,104,1.0,1.0,0.0,0.0
september,by_mission,hy-2c,september-locked,120,in_track,104,104,7.450868248837904,7.45086821150156,104,104,1.0,1.0,104,104,1.0,1.0,0.0,0.0
september,by_mission,hy-2c,september-locked,120,cross,104,104,0.5000279555407233,0.5000280579459122,60,60,0.5769230769230769,0.5769230769230769,104,104,1.0,1.0,0.0,0.0
september,by_mission,hy-2c,september-locked,144,radial,100,100,0.3431568497819121,0.34315774357571327,40,40,0.4,0.4,100,100,1.0,1.0,0.0,0.0
september,by_mission,hy-2c,september-locked,144,in_track,100,100,10.065977144416363,10.06597710273208,100,100,1.0,1.0,100,100,1.0,1.0,0.0,0.0
september,by_mission,hy-2c,september-locked,144,cross,100,100,0.600033546648868,0.6000336116323658,41,41,0.41,0.41,100,100,1.0,1.0,0.0,0.0
september,by_mission,hy-2c,september-locked,168,radial,96,96,0.39727581058991407,0.397279638275466,92,92,0.9583333333333334,0.9583333333333334,96,96,1.0,1.0,0.0,0.0
september,by_mission,hy-2c,september-locked,168,in_track,96,96,12.981298690834905,12.981298497473416,96,96,1.0,1.0,96,96,1.0,1.0,0.0,0.0
september,by_mission,hy-2c,september-locked,168,cross,96,96,0.7000391377570127,0.7000403911849515,96,96,1.0,1.0,96,96,1.0,1.0,0.0,0.0
september,by_mission,hy-2d,september-locked,6,radial,128,128,0.034099353489296345,0.03409935348071445,10,10,0.078125,0.078125,20,20,0.15625,0.15625,0.0,0.0
september,by_mission,hy-2d,september-locked,6,in_track,128,128,0.024223933324407962,0.024223933359110578,7,7,0.0546875,0.0546875,15,15,0.1171875,0.1171875,0.0,0.0
september,by_mission,hy-2d,september-locked,6,cross,128,128,0.04092888699444523,0.040928886987240606,35,35,0.2734375,0.2734375,55,55,0.4296875,0.4296875,0.0,0.0
september,by_mission,hy-2d,september-locked,12,radial,128,128,0.034099353489296345,0.03409935347654028,37,37,0.2890625,0.2890625,52,52,0.40625,0.40625,0.0,0.0
september,by_mission,hy-2d,september-locked,12,in_track,128,128,0.024223933324407962,0.024223933367413686,5,5,0.0390625,0.0390625,9,9,0.0703125,0.0703125,0.0,0.0
september,by_mission,hy-2d,september-locked,12,cross,128,128,0.04092888699444523,0.04092888698770093,27,27,0.2109375,0.2109375,45,45,0.3515625,0.3515625,0.0,0.0
september,by_mission,hy-2d,september-locked,24,radial,128,128,0.06587560865632307,0.06587560884729149,70,70,0.546875,0.546875,100,100,0.78125,0.78125,0.0,0.0
september,by_mission,hy-2d,september-locked,24,in_track,128,128,0.12785468660636576,0.12785468649300968,17,17,0.1328125,0.1328125,51,51,0.3984375,0.3984375,0.0,0.0
september,by_mission,hy-2d,september-locked,24,cross,128,128,0.08185777398889046,0.0818577740084139,34,34,0.265625,0.265625,79,79,0.6171875,0.6171875,0.0,0.0
september,by_mission,hy-2d,september-locked,36,radial,128,128,0.09683031329037312,0.09683031432559813,110,110,0.859375,0.859375,128,128,1.0,1.0,0.0,0.0
september,by_mission,hy-2d,september-locked,36,in_track,128,128,0.3383262334107295,0.3383262330564585,70,70,0.546875,0.546875,111,111,0.8671875,0.8671875,0.0,0.0
september,by_mission,hy-2d,september-locked,36,cross,128,128,0.1227866609833357,0.12278666114457264,56,56,0.4375,0.4375,96,96,0.75,0.75,0.0,0.0
september,by_mission,hy-2d,september-locked,48,radial,128,128,0.12726328718235697,0.12726329010382215,95,95,0.7421875,0.7421875,128,128,1.0,1.0,0.0,0.0
september,by_mission,hy-2d,september-locked,48,in_track,128,128,0.6748210816259553,0.674821080870067,104,104,0.8125,0.8125,126,126,0.984375,0.984375,0.0,0.0
september,by_mission,hy-2d,september-locked,48,cross,128,128,0.16371554797778093,0.16371554828792823,37,37,0.2890625,0.2890625,109,109,0.8515625,0.8515625,0.0,0.0
september,by_mission,hy-2d,september-locked,72,radial,128,128,0.18706383469669138,0.1870638567983388,77,77,0.6015625,0.6015625,128,128,1.0,1.0,0.0,0.0
september,by_mission,hy-2d,september-locked,72,in_track,128,128,1.7856965656298167,1.7856965622370338,127,127,0.9921875,0.9921875,128,128,1.0,1.0,0.0,0.0
september,by_mission,hy-2d,september-locked,72,cross,128,128,0.2455733219666714,0.24557332474476107,46,46,0.359375,0.359375,121,121,0.9453125,0.9453125,0.0,0.0
september,by_mission,hy-2d,september-locked,96,radial,128,128,0.24585646485566848,0.2458566188060961,128,128,1.0,1.0,128,128,1.0,1.0,0.0,0.0
september,by_mission,hy-2d,september-locked,96,in_track,128,128,3.5617270222470756,3.561727005490415,128,128,1.0,1.0,128,128,1.0,1.0,0.0,0.0
september,by_mission,hy-2d,september-locked,96,cross,128,128,0.32743109595556186,0.3274311605338205,113,113,0.8828125,0.8828125,128,128,1.0,1.0,0.0,0.0
september,by_mission,hy-2d,september-locked,120,radial,128,128,0.3039108078708957,0.3039112367604367,128,128,1.0,1.0,128,128,1.0,1.0,0.0,0.0
september,by_mission,hy-2d,september-locked,120,in_track,128,128,6.08477694353731,6.084776914741266,128,128,1.0,1.0,128,128,1.0,1.0,0.0,0.0
september,by_mission,hy-2d,september-locked,120,cross,128,128,0.40928886994445235,0.4092889877545409,63,63,0.4921875,0.4921875,128,128,1.0,1.0,0.0,0.0
september,by_mission,hy-2d,september-locked,144,radial,128,128,0.36138350752305237,0.3613845896677986,81,81,0.6328125,0.6328125,128,128,1.0,1.0,0.0,0.0
september,by_mission,hy-2d,september-locked,144,in_track,128,128,9.424962978354129,9.424962927730958,128,128,1.0,1.0,128,128,1.0,1.0,0.0,0.0
september,by_mission,hy-2d,september-locked,144,cross,128,128,0.4911466439333428,0.4911467227240742,4,4,0.03125,0.03125,128,128,1.0,1.0,0.0,0.0
september,by_mission,hy-2d,september-locked,168,radial,128,128,0.41837697827186,0.41838215798860595,128,128,1.0,1.0,128,128,1.0,1.0,0.0,0.0
september,by_mission,hy-2d,september-locked,168,in_track,128,128,13.644321624651582,13.644321400679047,128,128,1.0,1.0,128,128,1.0,1.0,0.0,0.0
september,by_mission,hy-2d,september-locked,168,cross,128,128,0.5730044179222332,0.5730060928374215,127,127,0.9921875,0.9921875,128,128,1.0,1.0,0.0,0.0
september,by_mission,jason-3,september-locked,6,radial,76,76,0.020584717086016873,0.020584717533928692,26,26,0.34210526315789475,0.34210526315789475,47,47,0.618421052631579,0.618421052631579,0.0,0.0
september,by_mission,jason-3,september-locked,6,in_track,76,76,0.10502184276160141,0.1050218426739303,10,10,0.13157894736842105,0.13157894736842105,22,22,0.2894736842105263,0.2894736842105263,0.0,0.0
september,by_mission,jason-3,september-locked,6,cross,76,76,0.03833995511826225,0.03833995512186869,10,10,0.13157894736842105,0.13157894736842105,27,27,0.35526315789473684,0.35526315789473684,0.0,0.0
september,by_mission,jason-3,september-locked,12,radial,76,76,0.020584717086016873,0.020584717451614994,4,4,0.05263157894736842,0.05263157894736842,8,8,0.10526315789473684,0.10526315789473684,0.0,0.0
september,by_mission,jason-3,september-locked,12,in_track,76,76,0.10502184276160141,0.10502184267909338,18,18,0.23684210526315788,0.23684210526315788,27,27,0.35526315789473684,0.35526315789473684,0.0,0.0
september,by_mission,jason-3,september-locked,12,cross,76,76,0.03833995511826225,0.038339955143508644,10,10,0.13157894736842105,0.13157894736842105,16,16,0.21052631578947367,0.21052631578947367,0.0,0.0
september,by_mission,jason-3,september-locked,24,radial,76,76,0.041169434172033746,0.04116943559001143,26,26,0.34210526315789475,0.34210526315789475,48,48,0.631578947368421,0.631578947368421,0.0,0.0
september,by_mission,jason-3,september-locked,24,in_track,76,76,0.27715430465576013,0.27715430439561994,32,32,0.42105263157894735,0.42105263157894735,69,69,0.9078947368421053,0.9078947368421053,0.0,0.0
september,by_mission,jason-3,september-locked,24,cross,76,76,0.0766799102365245,0.07667991039371506,20,20,0.2631578947368421,0.2631578947368421,45,45,0.5921052631578947,0.5921052631578947,0.0,0.0
september,by_mission,jason-3,september-locked,36,radial,76,76,0.061754151258050616,0.06175415681049745,64,64,0.8421052631578947,0.8421052631578947,76,76,1.0,1.0,0.0,0.0
september,by_mission,jason-3,september-locked,36,in_track,76,76,0.4889330455620779,0.4889330448524918,46,46,0.6052631578947368,0.6052631578947368,76,76,1.0,1.0,0.0,0.0
september,by_mission,jason-3,september-locked,36,cross,76,76,0.11501986535478675,0.11501986552575022,29,29,0.3815789473684211,0.3815789473684211,47,47,0.618421052631579,0.618421052631579,0.0,0.0
september,by_mission,jason-3,september-locked,48,radial,76,76,0.08233886834406749,0.0823388706336278,21,21,0.27631578947368424,0.27631578947368424,76,76,1.0,1.0,0.0,0.0
september,by_mission,jason-3,september-locked,48,in_track,76,76,0.7314145949960725,0.7314145946204146,74,74,0.9736842105263158,0.9736842105263158,76,76,1.0,1.0,0.0,0.0
september,by_mission,jason-3,september-locked,48,cross,76,76,0.153359820473049,0.15335982075840185,15,15,0.19736842105263158,0.19736842105263158,60,60,0.7894736842105263,0.7894736842105263,0.0,0.0
september,by_mission,jason-3,september-locked,72,radial,75,75,0.12350830251610123,0.12350831213512865,37,37,0.49333333333333335,0.49333333333333335,61,61,0.8133333333333334,0.8133333333333334,0.0,0.0
september,by_mission,jason-3,september-locked,72,in_track,75,75,1.2903020429148915,1.290302041485203,75,75,1.0,1.0,75,75,1.0,1.0,0.0,0.0
september,by_mission,jason-3,september-locked,72,cross,75,75,0.2300397307095735,0.23003973457382768,56,56,0.7466666666666667,0.7466666666666667,75,75,1.0,1.0,0.0,0.0
september,by_mission,jason-3,september-locked,96,radial,72,72,0.16467773668813498,0.1646777825772377,72,72,1.0,1.0,72,72,1.0,1.0,0.0,0.0
september,by_mission,jason-3,september-locked,96,in_track,72,72,1.9302146883041404,1.930214682314069,72,72,1.0,1.0,72,72,1.0,1.0,0.0,0.0
september,by_mission,jason-3,september-locked,96,cross,72,72,0.306719640946098,0.3067196508156279,48,48,0.6666666666666666,0.6666666666666666,72,72,1.0,1.0,0.0,0.0
september,by_mission,jason-3,september-locked,120,radial,69,69,0.20584717086016874,0.20584721733049863,36,36,0.5217391304347826,0.5217391304347826,69,69,1.0,1.0,0.0,0.0
september,by_mission,jason-3,september-locked,120,in_track,69,69,2.638029418449991,2.6380294147074097,69,69,1.0,1.0,69,69,1.0,1.0,0.0,0.0
september,by_mission,jason-3,september-locked,120,cross,69,69,0.3833995511826225,0.38339955279185267,11,11,0.15942028985507245,0.15942028985507245,69,69,1.0,1.0,0.0,0.0
september,by_mission,jason-3,september-locked,144,radial,67,67,0.24701660503220246,0.2470166915037366,38,38,0.5671641791044776,0.5671641791044776,67,67,1.0,1.0,0.0,0.0
september,by_mission,jason-3,september-locked,144,in_track,67,67,3.4051275058252513,3.405127491878214,67,67,1.0,1.0,67,67,1.0,1.0,0.0,0.0
september,by_mission,jason-3,september-locked,144,cross,67,67,0.460079461419147,0.4600795176783194,67,67,1.0,1.0,67,67,1.0,1.0,0.0,0.0
september,by_mission,jason-3,september-locked,168,radial,63,63,0.28818603920423624,0.2881863707726937,63,63,1.0,1.0,63,63,1.0,1.0,0.0,0.0
september,by_mission,jason-3,september-locked,168,in_track,63,63,4.225312984779863,4.225312959410316,63,63,1.0,1.0,63,63,1.0,1.0,0.0,0.0
september,by_mission,jason-3,september-locked,168,cross,63,63,0.5367593716556714,0.5367593976942263,42,42,0.6666666666666666,0.6666666666666666,63,63,1.0,1.0,0.0,0.0
september,by_mission,saral,september-locked,6,radial,73,73,0.021221773727710797,0.0212217773802742,4,4,0.0547945205479452,0.0547945205479452,22,22,0.3013698630136986,0.3013698630136986,0.0,0.0
september,by_mission,saral,september-locked,6,in_track,73,73,0.13171026287315785,0.1317102622640751,12,12,0.1643835616438356,0.1643835616438356,19,19,0.2602739726027397,0.2602739726027397,0.0,0.0
september,by_mission,saral,september-locked,6,cross,73,73,0.007057903901933621,0.007057904265489614,4,4,0.0547945205479452,0.0547945205479452,6,6,0.0821917808219178,0.0821917808219178,0.0,0.0
september,by_mission,saral,september-locked,12,radial,73,73,0.021221773727710797,0.021221774872220035,2,2,0.0273972602739726,0.0273972602739726,5,5,0.0684931506849315,0.0684931506849315,0.0,0.0
september,by_mission,saral,september-locked,12,in_track,73,73,0.13171026287315785,0.13171026267084102,15,15,0.2054794520547945,0.2054794520547945,28,28,0.3835616438356164,0.3835616438356164,0.0,0.0
september,by_mission,saral,september-locked,12,cross,73,73,0.007057903901933621,0.0070579043324866236,4,4,0.0547945205479452,0.0547945205479452,5,5,0.0684931506849315,0.0684931506849315,0.0,0.0
september,by_mission,saral,september-locked,24,radial,73,73,0.042443547455421594,0.04244354977414613,52,52,0.7123287671232876,0.7123287671232876,73,73,1.0,1.0,0.0,0.0
september,by_mission,saral,september-locked,24,in_track,73,73,0.2922833736841737,0.2922833731896107,32,32,0.4383561643835616,0.4383561643835616,55,55,0.7534246575342466,0.7534246575342466,0.0,0.0
september,by_mission,saral,september-locked,24,cross,73,73,0.014115807803867241,0.014115808299761692,2,2,0.0273972602739726,0.0273972602739726,6,6,0.0821917808219178,0.0821917808219178,0.0,0.0
september,by_mission,saral,september-locked,36,radial,73,73,0.0636653211831324,0.06366533108275126,27,27,0.3698630136986301,0.3698630136986301,39,39,0.5342465753424658,0.5342465753424658,0.0,0.0
september,by_mission,saral,september-locked,36,in_track,73,73,0.4659175391368739,0.46591753755014537,29,29,0.3972602739726027,0.3972602739726027,52,52,0.7123287671232876,0.7123287671232876,0.0,0.0
september,by_mission,saral,september-locked,36,cross,73,73,0.02117371170580086,0.021173714001261477,18,18,0.2465753424657534,0.2465753424657534,28,28,0.3835616438356164,0.3835616438356164,0.0,0.0
september,by_mission,saral,september-locked,48,radial,73,73,0.08488709491084319,0.08488711060541887,33,33,0.4520547945205479,0.4520547945205479,67,67,0.9178082191780822,0.9178082191780822,0.0,0.0
september,by_mission,saral,september-locked,48,in_track,73,73,0.6486174172659144,0.6486174150218144,41,41,0.5616438356164384,0.5616438356164384,69,69,0.9452054794520548,0.9452054794520548,0.0,0.0
september,by_mission,saral,september-locked,48,cross,73,73,0.028231615607734482,0.02823161646528629,7,7,0.0958904109589041,0.0958904109589041,16,16,0.2191780821917808,0.2191780821917808,0.0,0.0
september,by_mission,saral,september-locked,72,radial,73,73,0.1273306423662648,0.12733067739323728,38,38,0.5205479452054794,0.5205479452054794,73,73,1.0,1.0,0.0,0.0
september,by_mission,saral,september-locked,72,in_track,73,73,1.0339357558545013,1.0339357512355516,54,54,0.7397260273972602,0.7397260273972602,70,70,0.958904109589041,0.958904109589041,0.0,0.0
september,by_mission,saral,september-locked,72,cross,73,73,0.04234742341160172,0.04234742859229296,14,14,0.1917808219178082,0.1917808219178082,26,26,0.3561643835616438,0.3561643835616438,0.0,0.0
september,by_mission,saral,september-locked,96,radial,73,73,0.16977418982168638,0.16977427758369756,73,73,1.0,1.0,73,73,1.0,1.0,0.0,0.0
september,by_mission,saral,september-locked,96,in_track,73,73,1.4393721704994995,1.439372159371244,59,59,0.8082191780821918,0.8082191780821918,70,70,0.958904109589041,0.958904109589041,0.0,0.0
september,by_mission,saral,september-locked,96,cross,73,73,0.056463231215468965,0.05646323707590865,13,13,0.1780821917808219,0.1780821917808219,24,24,0.3287671232876712,0.3287671232876712,0.0,0.0
september,by_mission,saral,september-locked,120,radial,73,73,0.21221773727710797,0.21221792458345626,68,68,0.9315068493150684,0.9315068493150684,73,73,1.0,1.0,0.0,0.0
september,by_mission,saral,september-locked,120,in_track,73,73,1.8604569132046787,1.8604568916207223,56,56,0.7671232876712328,0.7671232876712328,70,70,0.958904109589041,0.958904109589041,0.0,0.0
september,by_mission,saral,september-locked,120,cross,73,73,0.07057903901933621,0.07057904393217643,9,9,0.1232876712328767,0.1232876712328767,20,20,0.273972602739726,0.273972602739726,0.0,0.0
september,by_mission,saral,september-locked,144,radial,73,73,0.2546612847325296,0.2546617663609335,46,46,0.6301369863013698,0.6301369863013698,73,73,1.0,1.0,0.0,0.0
september,by_mission,saral,september-locked,144,in_track,73,73,2.294447101551094,2.294447048080197,52,52,0.7123287671232876,0.7123287671232876,69,69,0.9452054794520548,0.9452054794520548,0.0,0.0
september,by_mission,saral,september-locked,144,cross,73,73,0.08469484682320344,0.08469486599314954,23,23,0.3150684931506849,0.3150684931506849,50,50,0.684931506849315,0.684931506849315,0.0,0.0
september,by_mission,saral,september-locked,168,radial,73,73,0.29710483218795114,0.2971060788742867,73,73,1.0,1.0,73,73,1.0,1.0,0.0,0.0
september,by_mission,saral,september-locked,168,in_track,73,73,2.7394719474887816,2.7394718098320423,42,42,0.5753424657534246,0.5753424657534246,65,65,0.8904109589041096,0.8904109589041096,0.0,0.0
september,by_mission,saral,september-locked,168,cross,73,73,0.09881065462707068,0.0988106900115212,17,17,0.2328767123287671,0.2328767123287671,33,33,0.4520547945205479,0.4520547945205479,0.0,0.0
september,by_mission,sentinel-3a,september-locked,6,radial,121,121,0.021519030860470956,0.0215190483840801,5,5,0.04132231404958678,0.04132231404958678,17,17,0.14049586776859505,0.14049586776859505,0.0,0.0
september,by_mission,sentinel-3a,september-locked,6,in_track,121,121,0.29962448321271634,0.2996244818602083,21,21,0.17355371900826447,0.17355371900826447,56,56,0.4628099173553719,0.4628099173553719,0.0,0.0
september,by_mission,sentinel-3a,september-locked,6,cross,121,121,0.015561996042116048,0.015561997315824402,13,13,0.10743801652892562,0.10743801652892562,30,30,0.24793388429752067,0.24793388429752067,0.0,0.0
september,by_mission,sentinel-3a,september-locked,12,radial,116,116,0.021519030860470956,0.021519033039888055,15,15,0.12931034482758622,0.12931034482758622,26,26,0.22413793103448276,0.22413793103448276,0.0,0.0
september,by_mission,sentinel-3a,september-locked,12,in_track,116,116,0.29962448321271634,0.2996244829638368,72,72,0.6206896551724138,0.6206896551724138,107,107,0.9224137931034483,0.9224137931034483,0.0,0.0
september,by_mission,sentinel-3a,september-locked,12,cross,116,116,0.015561996042116048,0.015561996800285664,7,7,0.0603448275862069,0.0603448275862069,16,16,0.13793103448275862,0.13793103448275862,0.0,0.0
september,by_mission,sentinel-3a,september-locked,24,radial,109,109,0.04455579568981144,0.04455584312247387,81,81,0.7431192660550459,0.7431192660550459,89,89,0.8165137614678899,0.8165137614678899,0.0,0.0
september,by_mission,sentinel-3a,september-locked,24,in_track,109,109,0.8773518400536764,0.8773518376403228,79,79,0.7247706422018348,0.7247706422018348,106,106,0.9724770642201835,0.9724770642201835,0.0,0.0
september,by_mission,sentinel-3a,september-locked,24,cross,109,109,0.02903971144291899,0.029039711969146113,10,10,0.09174311926605505,0.09174311926605505,26,26,0.23853211009174313,0.23853211009174313,0.0,0.0
september,by_mission,sentinel-3a,september-locked,36,radial,103,103,0.06820245784726861,0.06820249408733585,59,59,0.5728155339805825,0.5728155339805825,70,70,0.6796116504854369,0.6796116504854369,0.0,0.0
september,by_mission,sentinel-3a,september-locked,36,in_track,103,103,1.6448081255747298,1.6448081237043646,101,101,0.9805825242718447,0.9805825242718447,103,103,1.0,1.0,0.0,0.0
september,by_mission,sentinel-3a,september-locked,36,cross,103,103,0.041828706017827,0.04182871413692815,18,18,0.17475728155339806,0.17475728155339806,44,44,0.42718446601941745,0.42718446601941745,0.0,0.0
september,by_mission,sentinel-3a,september-locked,48,radial,98,98,0.09225410486300924,0.09225436466378292,31,31,0.3163265306122449,0.3163265306122449,76,76,0.7755102040816326,0.7755102040816326,0.0,0.0
september,by_mission,sentinel-3a,september-locked,48,in_track,98,98,2.5690365586683237,2.5690365481658013,97,97,0.9897959183673469,0.9897959183673469,98,98,1.0,1.0,0.0,0.0
september,by_mission,sentinel-3a,september-locked,48,cross,98,98,0.05419001768190473,0.05419004349161405,42,42,0.42857142857142855,0.42857142857142855,76,76,0.7755102040816326,0.7755102040816326,0.0,0.0
september,by_mission,sentinel-3a,september-locked,72,radial,89,89,0.14121522465809458,0.14121581734502897,87,87,0.9775280898876404,0.9775280898876404,89,89,1.0,1.0,0.0,0.0
september,by_mission,sentinel-3a,september-locked,72,in_track,89,89,4.816280098458196,4.816280080152237,89,89,1.0,1.0,89,89,1.0,1.0,0.0,0.0
september,by_mission,sentinel-3a,september-locked,72,cross,89,89,0.07805512541585356,0.07805513200116111,26,26,0.29213483146067415,0.29213483146067415,53,53,0.5955056179775281,0.5955056179775281,0.0,0.0
september,by_mission,sentinel-3a,september-locked,96,radial,80,80,0.1910148776901154,0.19101730664205732,39,39,0.4875,0.4875,80,80,1.0,1.0,0.0,0.0
september,by_mission,sentinel-3a,september-locked,96,in_track,80,80,7.522579355815334,7.5225792930484205,80,80,1.0,1.0,80,80,1.0,1.0,0.0,0.0
september,by_mission,sentinel-3a,september-locked,96,cross,80,80,0.10112214861836011,0.10112225235684569,58,58,0.725,0.725,69,69,0.8625,0.8625,0.0,0.0
september,by_mission,sentinel-3a,september-locked,120,radial,73,73,0.24144749744141877,0.24145407776155126,73,73,1.0,1.0,73,73,1.0,1.0,0.0,0.0
september,by_mission,sentinel-3a,september-locked,120,in_track,73,73,10.631077838606243,10.631077683291913,73,73,1.0,1.0,73,73,1.0,1.0,0.0,0.0
september,by_mission,sentinel-3a,september-locked,120,cross,73,73,0.12361332844920297,0.12361335221237361,34,34,0.4657534246575342,0.4657534246575342,69,69,0.9452054794520548,0.9452054794520548,0.0,0.0
september,by_mission,sentinel-3a,september-locked,144,radial,60,60,0.2923903376018106,0.29240733578091704,36,36,0.6,0.6,60,60,1.0,1.0,0.0,0.0
september,by_mission,sentinel-3a,september-locked,144,in_track,60,60,14.102893599640465,14.102893245715936,60,60,1.0,1.0,60,60,1.0,1.0,0.0,0.0
september,by_mission,sentinel-3a,september-locked,144,cross,60,60,0.14565601434306907,0.1456562754893772,46,46,0.7666666666666667,0.7666666666666667,57,57,0.95,0.95,0.0,0.0
september,by_mission,sentinel-3a,september-locked,168,radial,50,50,0.3437614288565542,0.34380970517806697,50,50,1.0,1.0,50,50,1.0,1.0,0.0,0.0
september,by_mission,sentinel-3a,september-locked,168,in_track,50,50,17.909182137421126,17.90918120215406,50,50,1.0,1.0,50,50,1.0,1.0,0.0,0.0
september,by_mission,sentinel-3a,september-locked,168,cross,50,50,0.16733258978844648,0.167332685024747,37,37,0.74,0.74,50,50,1.0,1.0,0.0,0.0
september,by_mission,sentinel-3b,september-locked,6,radial,51,51,0.021388798831596764,0.021388820772014785,12,12,0.23529411764705882,0.23529411764705882,18,18,0.35294117647058826,0.35294117647058826,0.0,0.0
september,by_mission,sentinel-3b,september-locked,6,in_track,51,51,0.5128943257060355,0.5128943244255064,27,27,0.5294117647058824,0.5294117647058824,43,43,0.8431372549019608,0.8431372549019608,0.0,0.0
september,by_mission,sentinel-3b,september-locked,6,cross,51,51,0.01985926186476978,0.01985926522838371,7,7,0.13725490196078433,0.13725490196078433,9,9,0.17647058823529413,0.17647058823529413,0.0,0.0
september,by_mission,sentinel-3b,september-locked,12,radial,49,49,0.021388798831596764,0.021388810491193646,10,10,0.20408163265306123,0.20408163265306123,18,18,0.3673469387755102,0.3673469387755102,0.0,0.0
september,by_mission,sentinel-3b,september-locked,12,in_track,49,49,0.5128943257060355,0.5128943251204292,40,40,0.8163265306122449,0.8163265306122449,47,47,0.9591836734693877,0.9591836734693877,0.0,0.0
september,by_mission,sentinel-3b,september-locked,12,cross,49,49,0.01985926186476978,0.01985926411940864,5,5,0.10204081632653061,0.10204081632653061,6,6,0.12244897959183673,0.12244897959183673,0.0,0.0
september,by_mission,sentinel-3b,september-locked,24,radial,44,44,0.04428614638690314,0.04428628347988178,24,24,0.5454545454545454,0.5454545454545454,34,34,0.7727272727272727,0.7727272727272727,0.0,0.0
september,by_mission,sentinel-3b,september-locked,24,in_track,44,44,1.3535362403192865,1.3535362358121215,41,41,0.9318181818181818,0.9318181818181818,43,43,0.9772727272727273,0.9772727272727273,0.0,0.0
september,by_mission,sentinel-3b,september-locked,24,cross,44,44,0.03579633788546677,0.035796339640524054,4,4,0.09090909090909091,0.09090909090909091,7,7,0.1590909090909091,0.1590909090909091,0.0,0.0
september,by_mission,sentinel-3b,september-locked,36,radial,42,42,0.06778970020417362,0.06778979741172508,19,19,0.4523809523809524,0.4523809523809524,24,24,0.5714285714285714,0.5714285714285714,0.0,0.0
september,by_mission,sentinel-3b,september-locked,36,in_track,42,42,2.387798367699642,2.3877983642628022,40,40,0.9523809523809523,0.9523809523809523,42,42,1.0,1.0,0.0,0.0
september,by_mission,sentinel-3b,september-locked,36,cross,42,42,0.05052614557007619,0.05052616659622451,6,6,0.14285714285714285,0.14285714285714285,19,19,0.4523809523809524,0.4523809523809524,0.0,0.0
september,by_mission,sentinel-3b,september-locked,48,radial,38,38,0.09169578793293076,0.09169603678028601,15,15,0.39473684210526316,0.39473684210526316,29,29,0.7631578947368421,0.7631578947368421,0.0,0.0
september,by_mission,sentinel-3b,september-locked,48,in_track,38,38,3.5720035532381997,3.5720035446934535,38,38,1.0,1.0,38,38,1.0,1.0,0.0,0.0
september,by_mission,sentinel-3b,september-locked,48,cross,38,38,0.06452293215810102,0.06452298289316766,22,22,0.5789473684210527,0.5789473684210527,32,32,0.8421052631578947,0.8421052631578947,0.0,0.0
september,by_mission,sentinel-3b,september-locked,72,radial,32,32,0.1403605976382072,0.14036158654677838,30,30,0.9375,0.9375,32,32,1.0,1.0,0.0,0.0
september,by_mission,sentinel-3b,september-locked,72,in_track,32,32,6.3014376710205635,6.301437647905005,32,32,1.0,1.0,32,32,1.0,1.0,0.0,0.0
september,by_mission,sentinel-3b,september-locked,72,cross,32,32,0.09107342413794663,0.09107342912000381,9,9,0.28125,0.28125,19,19,0.59375,0.59375,0.0,0.0
september,by_mission,sentinel-3b,september-locked,96,radial,26,26,0.1898588658219213,0.18986077883280839,14,14,0.5384615384615384,0.5384615384615384,26,26,1.0,1.0,0.0,0.0
september,by_mission,sentinel-3b,september-locked,96,in_track,26,26,9.426573891613382,9.426573850624575,26,26,1.0,1.0,26,26,1.0,1.0,0.0,0.0
september,by_mission,sentinel-3b,september-locked,96,cross,26,26,0.11630264491299153,0.11630282726614694,22,22,0.8461538461538461,0.8461538461538461,24,24,0.9230769230769231,0.9230769230769231,0.0,0.0
september,by_mission,sentinel-3b,september-locked,120,radial,20,20,0.23998627004403847,0.23998958076345084,20,20,1.0,1.0,20,20,1.0,1.0,0.0,0.0
september,by_mission,sentinel-3b,september-locked,120,in_track,20,20,12.883322975392456,12.88332291286444,20,20,1.0,1.0,20,20,1.0,1.0,0.0,0.0
september,by_mission,sentinel-3b,september-locked,120,cross,20,20,0.14059280718144437,0.14059284812031866,11,11,0.55,0.55,19,19,0.95,0.95,0.0,0.0
september,by_mission,sentinel-3b,september-locked,144,radial,18,18,0.29062080684849767,0.2906367580507845,13,13,0.7222222222222222,0.7222222222222222,18,18,1.0,1.0,0.0,0.0
september,by_mission,sentinel-3b,september-locked,144,in_track,18,18,16.629593712307912,16.62959342821363,18,18,1.0,1.0,18,18,1.0,1.0,0.0,0.0
september,by_mission,sentinel-3b,september-locked,144,cross,18,18,0.1641599312717535,0.16416036105238996,14,14,0.7777777777777778,0.7777777777777778,18,18,1.0,1.0,0.0,0.0
september,by_mission,sentinel-3b,september-locked,168,radial,14,14,0.34168100299449,0.3417330689797283,14,14,1.0,1.0,14,14,1.0,1.0,0.0,0.0
september,by_mission,sentinel-3b,september-locked,168,in_track,14,14,20.63512691493149,20.635126050537927,14,14,1.0,1.0,14,14,1.0,1.0,0.0,0.0
september,by_mission,sentinel-3b,september-locked,168,cross,14,14,0.18714228711208142,0.18714243856910862,11,11,0.7857142857142857,0.7857142857142857,14,14,1.0,1.0,0.0,0.0
september,by_mission,sentinel-6a,september-locked,6,radial,57,57,0.022840629598341305,0.022840629597239318,17,17,0.2982456140350877,0.2982456140350877,43,43,0.7543859649122807,0.7543859649122807,0.0,0.0
september,by_mission,sentinel-6a,september-locked,6,in_track,57,57,0.01555437981046299,0.015554379824541324,4,4,0.07017543859649122,0.07017543859649122,5,5,0.08771929824561403,0.08771929824561403,0.0,0.0
september,by_mission,sentinel-6a,september-locked,6,cross,57,57,0.03991436712579698,0.03991436712186237,19,19,0.3333333333333333,0.3333333333333333,35,35,0.6140350877192983,0.6140350877192983,0.0,0.0
september,by_mission,sentinel-6a,september-locked,12,radial,55,55,0.022840629598341305,0.02284062959448454,0,0,0.0,0.0,0,0,0.0,0.0,0.0,0.0
september,by_mission,sentinel-6a,september-locked,12,in_track,55,55,0.01555437981046299,0.015554379848974663,3,3,0.05454545454545454,0.05454545454545454,4,4,0.07272727272727272,0.07272727272727272,0.0,0.0
september,by_mission,sentinel-6a,september-locked,12,cross,55,55,0.03991436712579698,0.03991436711844343,12,12,0.21818181818181817,0.21818181818181817,31,31,0.5636363636363636,0.5636363636363636,0.0,0.0
september,by_mission,sentinel-6a,september-locked,24,radial,55,55,0.04568125919668261,0.04568125918516005,22,22,0.4,0.4,44,44,0.8,0.8,0.0,0.0
september,by_mission,sentinel-6a,september-locked,24,in_track,55,55,0.02902549905211201,0.029025499142126196,1,1,0.01818181818181818,0.01818181818181818,1,1,0.01818181818181818,0.01818181818181818,0.0,0.0
september,by_mission,sentinel-6a,september-locked,24,cross,55,55,0.07982873425159397,0.07982873422298005,15,15,0.2727272727272727,0.2727272727272727,45,45,0.8181818181818182,0.8181818181818182,0.0,0.0
september,by_mission,sentinel-6a,september-locked,36,radial,54,54,0.06852188879502391,0.06852188877251818,43,43,0.7962962962962963,0.7962962962962963,54,54,1.0,1.0,0.0,0.0
september,by_mission,sentinel-6a,september-locked,36,in_track,54,54,0.041808234536282005,0.04180823475043531,1,1,0.018518518518518517,0.018518518518518517,2,2,0.037037037037037035,0.037037037037037035,0.0,0.0
september,by_mission,sentinel-6a,september-locked,36,cross,54,54,0.11974310137739094,0.11974310133097338,18,18,0.3333333333333333,0.3333333333333333,37,37,0.6851851851851852,0.6851851851851852,0.0,0.0
september,by_mission,sentinel-6a,september-locked,48,radial,53,53,0.09136251839336522,0.09136251844605449,33,33,0.6226415094339622,0.6226415094339622,53,53,1.0,1.0,0.0,0.0
september,by_mission,sentinel-6a,september-locked,48,in_track,53,53,0.05416349642288167,0.05416349650886925,2,2,0.03773584905660377,0.03773584905660377,7,7,0.1320754716981132,0.1320754716981132,0.0,0.0
september,by_mission,sentinel-6a,september-locked,48,cross,53,53,0.15965746850318793,0.1596574684403845,9,9,0.16981132075471697,0.16981132075471697,43,43,0.8113207547169812,0.8113207547169812,0.0,0.0
september,by_mission,sentinel-6a,september-locked,72,radial,52,52,0.13704377759004782,0.13704377756193703,47,47,0.9038461538461539,0.9038461538461539,52,52,1.0,1.0,0.0,0.0
september,by_mission,sentinel-6a,september-locked,72,in_track,52,52,0.07801692428051933,0.0780169249141273,8,8,0.15384615384615385,0.15384615384615385,10,10,0.19230769230769232,0.19230769230769232,0.0,0.0
september,by_mission,sentinel-6a,september-locked,72,cross,52,52,0.23948620275478189,0.23948620257970699,42,42,0.8076923076923077,0.8076923076923077,52,52,1.0,1.0,0.0,0.0
september,by_mission,sentinel-6a,september-locked,96,radial,50,50,0.18272503678673044,0.1827250366620066,50,50,1.0,1.0,50,50,1.0,1.0,0.0,0.0
september,by_mission,sentinel-6a,september-locked,96,in_track,50,50,0.10107265819906891,0.10107265967052305,5,5,0.1,0.1,5,5,0.1,0.1,0.0,0.0
september,by_mission,sentinel-6a,september-locked,96,cross,50,50,0.31931493700637587,0.3193149366118462,36,36,0.72,0.72,50,50,1.0,1.0,0.0,0.0
september,by_mission,sentinel-6a,september-locked,120,radial,49,49,0.22840629598341305,0.22840629668395196,38,38,0.7755102040816326,0.7755102040816326,49,49,1.0,1.0,0.0,0.0
september,by_mission,sentinel-6a,september-locked,120,in_track,49,49,0.12355283057076073,0.12355283115590564,3,3,0.061224489795918366,0.061224489795918366,11,11,0.22448979591836735,0.22448979591836735,0.0,0.0
september,by_mission,sentinel-6a,september-locked,120,cross,49,49,0.39914367125796985,0.3991436706984964,8,8,0.16326530612244897,0.16326530612244897,49,49,1.0,1.0,0.0,0.0
september,by_mission,sentinel-6a,september-locked,144,radial,46,46,0.27408755518009564,0.27408755515628525,41,41,0.8913043478260869,0.8913043478260869,46,46,1.0,1.0,0.0,0.0
september,by_mission,sentinel-6a,september-locked,144,in_track,46,46,0.14558472850390708,0.1455847323856802,16,16,0.34782608695652173,0.34782608695652173,26,26,0.5652173913043478,0.5652173913043478,0.0,0.0
september,by_mission,sentinel-6a,september-locked,144,cross,46,46,0.47897240550956377,0.47897240434156463,46,46,1.0,1.0,46,46,1.0,1.0,0.0,0.0
september,by_mission,sentinel-6a,september-locked,168,radial,43,43,0.3197688143767783,0.31976881510066957,43,43,1.0,1.0,43,43,1.0,1.0,0.0,0.0
september,by_mission,sentinel-6a,september-locked,168,in_track,43,43,0.16725069516750674,0.1672506978829108,9,9,0.20930232558139536,0.20930232558139536,21,21,0.4883720930232558,0.4883720930232558,0.0,0.0
september,by_mission,sentinel-6a,september-locked,168,cross,43,43,0.5588011397611578,0.5588011384462134,31,31,0.7209302325581395,0.7209302325581395,43,43,1.0,1.0,0.0,0.0
september,by_mission,swarm-a,september-locked,6,radial,75,75,0.04631757071201183,0.04631757980852279,10,10,0.13333333333333333,0.13333333333333333,38,38,0.5066666666666667,0.5066666666666667,0.0,0.0
september,by_mission,swarm-a,september-locked,6,in_track,75,75,0.3763733765223871,0.3763733751599608,19,19,0.25333333333333335,0.25333333333333335,54,54,0.72,0.72,0.0,0.0
september,by_mission,swarm-a,september-locked,6,cross,75,75,0.007465907041409329,0.007465913243786973,2,2,0.02666666666666667,0.02666666666666667,5,5,0.06666666666666667,0.06666666666666667,0.0,0.0
september,by_mission,swarm-a,september-locked,12,radial,75,75,0.04631757071201183,0.046317582398865575,22,22,0.29333333333333333,0.29333333333333333,32,32,0.4266666666666667,0.4266666666666667,0.0,0.0
september,by_mission,swarm-a,september-locked,12,in_track,75,75,0.3763733765223871,0.3763733750028048,26,26,0.3466666666666667,0.3466666666666667,43,43,0.5733333333333334,0.5733333333333334,0.0,0.0
september,by_mission,swarm-a,september-locked,12,cross,75,75,0.007465907041409329,0.007465910314557632,1,1,0.013333333333333334,0.013333333333333334,1,1,0.013333333333333334,0.013333333333333334,0.0,0.0
september,by_mission,swarm-a,september-locked,24,radial,75,75,0.11016236928073223,0.11016245710076965,38,38,0.5066666666666667,0.5066666666666667,70,70,0.9333333333333333,0.9333333333333333,0.0,0.0
september,by_mission,swarm-a,september-locked,24,in_track,75,75,1.4542108704923329,1.4542108637407338,59,59,0.7866666666666666,0.7866666666666666,69,69,0.92,0.92,0.0,0.0
september,by_mission,swarm-a,september-locked,24,cross,75,75,0.013931875162763722,0.01393188648840003,0,0,0.0,0.0,3,3,0.04,0.04,0.0,0.0
september,by_mission,swarm-a,september-locked,36,radial,75,75,0.1828720534715047,0.18287325536614235,15,15,0.2,0.2,63,63,0.84,0.84,0.0,0.0
september,by_mission,swarm-a,september-locked,36,in_track,75,75,3.206308762504079,3.206308691298566,64,64,0.8533333333333334,0.8533333333333334,69,69,0.92,0.92,0.0,0.0
september,by_mission,swarm-a,september-locked,36,cross,75,75,0.02006742772240621,0.02006769610568921,11,11,0.14666666666666667,0.14666666666666667,25,25,0.3333333333333333,0.3333333333333333,0.0,0.0
september,by_mission,swarm-a,september-locked,48,radial,75,75,0.2620117467084079,0.26201770332601526,72,72,0.96,0.96,75,75,1.0,1.0,0.0,0.0
september,by_mission,swarm-a,september-locked,48,in_track,75,75,5.618700438903872,5.618700156543975,62,62,0.8266666666666667,0.8266666666666667,70,70,0.9333333333333333,0.9333333333333333,0.0,0.0
september,by_mission,swarm-a,september-locked,48,cross,75,75,0.025997798321661564,0.025997912165156113,3,3,0.04,0.04,3,3,0.04,0.04,0.0,0.0
september,by_mission,swarm-a,september-locked,72,radial,75,75,0.43494549424694295,0.43502073960164395,38,38,0.5066666666666667,0.5066666666666667,73,73,0.9733333333333334,0.9733333333333334,0.0,0.0
september,by_mission,swarm-a,september-locked,72,in_track,75,75,12.388360461811018,12.38835781952184,60,60,0.8,0.8,71,71,0.9466666666666667,0.9466666666666667,0.0,0.0
september,by_mission,swarm-a,september-locked,72,cross,75,75,0.037447144240570655,0.0374483923311901,24,24,0.32,0.32,39,39,0.52,0.52,0.0,0.0
september,by_mission,swarm-a,september-locked,96,radial,75,75,0.6231724667998589,0.6237180941923599,72,72,0.96,0.96,74,74,0.9866666666666667,0.9866666666666667,0.0,0.0
september,by_mission,swarm-a,september-locked,96,in_track,75,75,21.709227501132897,21.70921181397971,60,60,0.8,0.8,71,71,0.9466666666666667,0.9466666666666667,0.0,0.0
september,by_mission,swarm-a,september-locked,96,cross,75,75,0.04851360708286096,0.04851431878681612,15,15,0.2,0.2,25,25,0.3333333333333333,0.3333333333333333,0.0,0.0
september,by_mission,swarm-a,september-locked,120,radial,75,75,0.8236558232019249,0.8258497301484179,72,72,0.96,0.96,73,73,0.9733333333333334,0.9733333333333334,0.0,0.0
september,by_mission,swarm-a,september-locked,120,in_track,75,75,33.54431249141429,33.544258519624584,61,61,0.8133333333333334,0.8133333333333334,71,71,0.9466666666666667,0.9466666666666667,0.0,0.0
september,by_mission,swarm-a,september-locked,120,cross,75,75,0.05930380760818256,0.05930579166046187,10,10,0.13333333333333333,0.13333333333333333,21,21,0.28,0.28,0.0,0.0
september,by_mission,swarm-a,september-locked,144,radial,75,75,1.0344805527936791,1.0420985580872908,61,62,0.8133333333333334,0.8266666666666667,71,72,0.9466666666666667,0.96,1.3333333333333308,1.3333333333333308
september,by_mission,swarm-a,september-locked,144,in_track,75,75,47.865469703517746,47.86530442046913,63,63,0.84,0.84,71,71,0.9466666666666667,0.9466666666666667,0.0,0.0
september,by_mission,swarm-a,september-locked,144,cross,75,75,0.06987884203057994,0.06989141912134782,22,22,0.29333333333333333,0.29333333333333333,49,49,0.6533333333333333,0.6533333333333333,0.0,0.0
september,by_mission,swarm-a,september-locked,168,radial,75,75,1.2543126949719463,1.279269219333403,71,72,0.9466666666666667,0.96,72,73,0.96,0.9733333333333334,1.3333333333333308,1.333333333333342
september,by_mission,swarm-a,september-locked,168,in_track,75,75,64.65000529384751,64.6495162678416,62,62,0.8266666666666667,0.8266666666666667,69,69,0.92,0.92,0.0,0.0
september,by_mission,swarm-a,september-locked,168,cross,75,75,0.08027823403744733,0.08028414588112072,21,21,0.28,0.28,38,38,0.5066666666666667,0.5066666666666667,0.0,0.0
september,by_mission,swarm-b,september-locked,6,radial,75,75,0.07095294173881718,0.07095294605820966,24,24,0.32,0.32,55,55,0.7333333333333333,0.7333333333333333,0.0,0.0
september,by_mission,swarm-b,september-locked,6,in_track,75,75,0.2432931912657614,0.24329318995929405,11,11,0.14666666666666667,0.14666666666666667,20,20,0.26666666666666666,0.26666666666666666,0.0,0.0
september,by_mission,swarm-b,september-locked,6,cross,75,75,0.01601344018386183,0.016013441016992865,5,5,0.06666666666666667,0.06666666666666667,10,10,0.13333333333333333,0.13333333333333333,0.0,0.0
september,by_mission,swarm-b,september-locked,12,radial,75,75,0.07095294173881718,0.07095294699457814,40,40,0.5333333333333333,0.5333333333333333,48,48,0.64,0.64,0.0,0.0
september,by_mission,swarm-b,september-locked,12,in_track,75,75,0.2432931912657614,0.24329318961844076,8,8,0.10666666666666667,0.10666666666666667,22,22,0.29333333333333333,0.29333333333333333,0.0,0.0
september,by_mission,swarm-b,september-locked,12,cross,75,75,0.01601344018386183,0.016013441548792678,6,6,0.08,0.08,10,10,0.13333333333333333,0.13333333333333333,0.0,0.0
september,by_mission,swarm-b,september-locked,24,radial,75,75,0.14691018365111652,0.1469102517742479,72,72,0.96,0.96,75,75,1.0,1.0,0.0,0.0
september,by_mission,swarm-b,september-locked,24,in_track,75,75,0.9400229280946394,0.9400229174420542,34,34,0.4533333333333333,0.4533333333333333,56,56,0.7466666666666667,0.7466666666666667,0.0,0.0
september,by_mission,swarm-b,september-locked,24,cross,75,75,0.03202688036772366,0.03202688348084876,7,7,0.09333333333333334,0.09333333333333334,13,13,0.17333333333333334,0.17333333333333334,0.0,0.0
september,by_mission,swarm-b,september-locked,36,radial,75,75,0.22487839017744107,0.22487877460640243,72,72,0.96,0.96,75,75,1.0,1.0,0.0,0.0
september,by_mission,swarm-b,september-locked,36,in_track,75,75,2.0726043330182042,2.0726042897837282,50,50,0.6666666666666666,0.6666666666666666,66,66,0.88,0.88,0.0,0.0
september,by_mission,swarm-b,september-locked,36,cross,75,75,0.04804032055158548,0.04804032905891949,8,8,0.10666666666666667,0.10666666666666667,18,18,0.24,0.24,0.0,0.0
september,by_mission,swarm-b,september-locked,48,radial,75,75,0.3041819201781919,0.3041838818884367,53,53,0.7066666666666667,0.7066666666666667,75,75,1.0,1.0,0.0,0.0
september,by_mission,swarm-b,september-locked,48,in_track,75,75,3.6320091850756797,3.6320090197416173,56,56,0.7466666666666667,0.7466666666666667,66,66,0.88,0.88,0.0,0.0
september,by_mission,swarm-b,september-locked,48,cross,75,75,0.06405376073544732,0.06405381232826403,16,16,0.21333333333333335,0.21333333333333335,41,41,0.5466666666666666,0.5466666666666666,0.0,0.0
september,by_mission,swarm-b,september-locked,72,radial,75,75,0.4656174189612402,0.46564794463616266,74,74,0.9866666666666667,0.9866666666666667,75,75,1.0,1.0,0.0,0.0
september,by_mission,swarm-b,september-locked,72,in_track,75,75,8.008015282997329,8.008013502915746,58,58,0.7733333333333333,0.7733333333333333,68,68,0.9066666666666666,0.9066666666666666,0.0,0.0
september,by_mission,swarm-b,september-locked,72,cross,75,75,0.09608064110317097,0.09608081606870675,23,23,0.30666666666666664,0.30666666666666664,53,53,0.7066666666666667,0.7066666666666667,0.0,0.0
september,by_mission,swarm-b,september-locked,96,radial,75,75,0.6298177448543995,0.6299673381947041,71,71,0.9466666666666667,0.9466666666666667,75,75,1.0,1.0,0.0,0.0
september,by_mission,swarm-b,september-locked,96,in_track,75,75,14.03315847541329,14.033151736872448,57,57,0.76,0.76,68,68,0.9066666666666666,0.9066666666666666,0.0,0.0
september,by_mission,swarm-b,september-locked,96,cross,75,75,0.12810752147089463,0.1281076982162263,35,35,0.4666666666666667,0.4666666666666667,60,60,0.8,0.8,0.0,0.0
september,by_mission,swarm-b,september-locked,120,radial,75,75,0.7961051001796492,0.7967908898022119,58,58,0.7733333333333333,0.7733333333333333,72,72,0.96,0.96,0.0,0.0
september,by_mission,swarm-b,september-locked,120,in_track,75,75,21.68352849571626,21.68350330418886,61,61,0.8133333333333334,0.8133333333333334,68,68,0.9066666666666666,0.9066666666666666,0.0,0.0
september,by_mission,swarm-b,september-locked,120,cross,75,75,0.1601344018386183,0.16013506371590774,44,44,0.5866666666666667,0.5866666666666667,66,66,0.88,0.88,0.0,0.0
september,by_mission,swarm-b,september-locked,144,radial,75,75,0.9640747635602542,0.9664324791582637,71,71,0.9466666666666667,0.9466666666666667,72,73,0.96,0.9733333333333334,0.0,1.333333333333342
september,by_mission,swarm-b,september-locked,144,in_track,75,75,30.94093153772999,30.94085798282721,61,61,0.8133333333333334,0.8133333333333334,68,68,0.9066666666666666,0.9066666666666666,0.0,0.0
september,by_mission,swarm-b,september-locked,144,cross,75,75,0.19216128220634193,0.19216272278852795,52,52,0.6933333333333334,0.6933333333333334,71,71,0.9466666666666667,0.9466666666666667,0.0,0.0
september,by_mission,swarm-b,september-locked,168,radial,75,75,1.1334564642739595,1.1411888145061753,68,68,0.9066666666666666,0.9066666666666666,72,75,0.96,1.0,0.0,4.0000000000000036
september,by_mission,swarm-b,september-locked,168,in_track,75,75,41.790697972902336,41.79048749519894,60,60,0.8,0.8,67,67,0.8933333333333333,0.8933333333333333,0.0,0.0
september,by_mission,swarm-b,september-locked,168,cross,75,75,0.2241881625740656,0.22418997887553396,51,51,0.68,0.68,75,75,1.0,1.0,0.0,0.0
september,by_mission,swarm-c,september-locked,6,radial,74,74,0.04885987686989638,0.04885988810734815,12,12,0.16216216216216217,0.16216216216216217,41,41,0.5540540540540541,0.5540540540540541,0.0,0.0
september,by_mission,swarm-c,september-locked,6,in_track,74,74,0.40746510904170885,0.4074651074059735,22,22,0.2972972972972973,0.2972972972972973,53,53,0.7162162162162162,0.7162162162162162,0.0,0.0
september,by_mission,swarm-c,september-locked,6,cross,74,74,0.010322938831991571,0.01032294401323917,3,3,0.04054054054054054,0.04054054054054054,8,8,0.10810810810810811,0.10810810810810811,0.0,0.0
september,by_mission,swarm-c,september-locked,12,radial,74,74,0.04885987686989638,0.04885988741805319,21,21,0.28378378378378377,0.28378378378378377,33,33,0.44594594594594594,0.44594594594594594,0.0,0.0
september,by_mission,swarm-c,september-locked,12,in_track,74,74,0.40746510904170885,0.40746510769850053,28,28,0.3783783783783784,0.3783783783783784,52,52,0.7027027027027027,0.7027027027027027,0.0,0.0
september,by_mission,swarm-c,september-locked,12,cross,74,74,0.010322938831991571,0.01032294154533477,0,0,0.0,0.0,4,4,0.05405405405405406,0.05405405405405406,0.0,0.0
september,by_mission,swarm-c,september-locked,24,radial,74,74,0.11620902642367532,0.11620911111547669,40,40,0.5405405405405406,0.5405405405405406,70,70,0.9459459459459459,0.9459459459459459,0.0,0.0
september,by_mission,swarm-c,september-locked,24,in_track,74,74,1.5743414063708405,1.5743413997036984,62,62,0.8378378378378378,0.8378378378378378,68,68,0.918918918918919,0.918918918918919,0.0,0.0
september,by_mission,swarm-c,september-locked,24,cross,74,74,0.01736104451741016,0.01736105678110869,2,2,0.02702702702702703,0.02702702702702703,5,5,0.06756756756756757,0.06756756756756757,0.0,0.0
september,by_mission,swarm-c,september-locked,36,radial,74,74,0.1929096426735876,0.1929107116488849,22,22,0.2972972972972973,0.2972972972972973,61,61,0.8243243243243243,0.8243243243243243,0.0,0.0
september,by_mission,swarm-c,september-locked,36,in_track,74,74,3.4711779074453255,3.4711778460926332,64,64,0.8648648648648649,0.8648648648648649,70,70,0.9459459459459459,0.9459459459459459,0.0,0.0
september,by_mission,swarm-c,september-locked,36,cross,74,74,0.023531211916037298,0.02353149091410061,13,13,0.17567567567567569,0.17567567567567569,22,22,0.2972972972972973,0.2972972972972973,0.0,0.0
september,by_mission,swarm-c,september-locked,48,radial,74,74,0.2763932021011478,0.2763991435240991,74,74,1.0,1.0,74,74,1.0,1.0,0.0,0.0
september,by_mission,swarm-c,september-locked,48,in_track,74,74,6.082854234176912,6.082853963324247,62,62,0.8378378378378378,0.8378378378378378,72,72,0.972972972972973,0.972972972972973,0.0,0.0
september,by_mission,swarm-c,september-locked,48,cross,74,74,0.029197680199500715,0.029197801216754957,2,2,0.02702702702702703,0.02702702702702703,2,2,0.02702702702702703,0.02702702702702703,0.0,0.0
september,by_mission,swarm-c,september-locked,72,radial,74,74,0.45881903924012585,0.4588774164200551,48,48,0.6486486486486487,0.6486486486486487,73,73,0.9864864864864865,0.9864864864864865,0.0,0.0
september,by_mission,swarm-c,september-locked,72,in_track,74,74,13.41174737985106,13.411745375164433,62,62,0.8378378378378378,0.8378378378378378,71,71,0.9594594594594594,0.9594594594594594,0.0,0.0
september,by_mission,swarm-c,september-locked,72,cross,74,74,0.03957462349354251,0.03957644816621257,23,23,0.3108108108108108,0.3108108108108108,37,37,0.5,0.5,0.0,0.0
september,by_mission,swarm-c,september-locked,96,radial,74,74,0.6573775249541401,0.65788106240689,73,73,0.9864864864864865,0.9864864864864865,73,73,0.9864864864864865,0.9864864864864865,0.0,0.0
september,by_mission,swarm-c,september-locked,96,in_track,74,74,23.5025995533832,23.5025854570239,61,61,0.8243243243243243,0.8243243243243243,71,71,0.9594594594594594,0.9594594594594594,0.0,0.0
september,by_mission,swarm-c,september-locked,96,cross,74,74,0.04910444922696903,0.04910527478063355,10,10,0.13513513513513514,0.13513513513513514,22,22,0.2972972972972973,0.2972972972972973,0.0,0.0
september,by_mission,swarm-c,september-locked,120,radial,74,74,0.8688651301477376,0.870850964843717,72,72,0.972972972972973,0.972972972972973,73,73,0.9864864864864865,0.9864864864864865,0.0,0.0
september,by_mission,swarm-c,september-locked,120,in_track,74,74,36.31536606901919,36.31531848535339,62,62,0.8378378378378378,0.8378378378378378,71,71,0.9594594594594594,0.9594594594594594,0.0,0.0
september,by_mission,swarm-c,september-locked,120,cross,74,74,0.05805015102641054,0.05805238008046896,6,6,0.08108108108108109,0.08108108108108109,18,18,0.24324324324324326,0.24324324324324326,0.0,0.0
september,by_mission,swarm-c,september-locked,144,radial,74,74,1.0912617319261406,1.098379037737417,63,65,0.8513513513513513,0.8783783783783784,71,72,0.9594594594594594,0.972972972972973,2.7027027027027084,1.3513513513513598
september,by_mission,swarm-c,september-locked,144,in_track,74,74,51.819576114242984,51.8194257126056,64,64,0.8648648648648649,0.8648648648648649,71,71,0.9594594594594594,0.9594594594594594,0.0,0.0
september,by_mission,swarm-c,september-locked,144,cross,74,74,0.06655631806147065,0.06657340388888297,22,22,0.2972972972972973,0.2972972972972973,43,43,0.581081081081081,0.581081081081081,0.0,0.0
september,by_mission,swarm-c,september-locked,168,radial,74,74,1.3231601504692825,1.34745402977141,71,72,0.9594594594594594,0.972972972972973,72,73,0.972972972972973,0.9864864864864865,1.3513513513513598,1.3513513513513487
september,by_mission,swarm-c,september-locked,168,in_track,74,74,69.99066113550607,69.99019764449093,64,64,0.8648648648648649,0.8648648648648649,70,70,0.9459459459459459,0.9459459459459459,0.0,0.0
september,by_mission,swarm-c,september-locked,168,cross,74,74,0.07471355144514287,0.07472127702748224,19,19,0.25675675675675674,0.25675675675675674,36,36,0.4864864864864865,0.4864864864864865,0.0,0.0
september,by_mission,swot,september-locked,6,radial,72,72,0.004058672318743979,0.004058702245114513,1,1,0.013888888888888888,0.013888888888888888,4,4,0.05555555555555555,0.05555555555555555,0.0,0.0
september,by_mission,swot,september-locked,6,in_track,72,72,0.23564640921052674,0.23564640860018726,13,13,0.18055555555555555,0.18055555555555555,35,35,0.4861111111111111,0.4861111111111111,0.0,0.0
september,by_mission,swot,september-locked,6,cross,72,72,0.020244467640901594,0.02024446805151083,13,13,0.18055555555555555,0.18055555555555555,27,27,0.375,0.375,0.0,0.0
september,by_mission,swot,september-locked,12,radial,71,71,0.004058672318743979,0.004058681167075266,0,0,0.0,0.0,0,0,0.0,0.0,0.0,0.0
september,by_mission,swot,september-locked,12,in_track,71,71,0.23564640921052674,0.23564640893784064,32,32,0.4507042253521127,0.4507042253521127,49,49,0.6901408450704225,0.6901408450704225,0.0,0.0
september,by_mission,swot,september-locked,12,cross,71,71,0.020244467640901594,0.020244468649857843,17,17,0.23943661971830985,0.23943661971830985,26,26,0.36619718309859156,0.36619718309859156,0.0,0.0
september,by_mission,swot,september-locked,24,radial,70,70,0.0078408380797529,0.007840988368243764,2,2,0.02857142857142857,0.02857142857142857,5,5,0.07142857142857142,0.07142857142857142,0.0,0.0
september,by_mission,swot,september-locked,24,in_track,70,70,0.6438049626823986,0.6438049605295741,40,40,0.5714285714285714,0.5714285714285714,68,68,0.9714285714285714,0.9714285714285714,0.0,0.0
september,by_mission,swot,september-locked,24,cross,70,70,0.03910973350818062,0.039109736492301726,45,45,0.6428571428571429,0.6428571428571429,59,59,0.8428571428571429,0.8428571428571429,0.0,0.0
september,by_mission,swot,september-locked,36,radial,69,69,0.011525218866401869,0.011525315012845703,0,0,0.0,0.0,0,0,0.0,0.0,0.0,0.0
september,by_mission,swot,september-locked,36,in_track,69,69,1.159008565823485,1.159008563899479,69,69,1.0,1.0,69,69,1.0,1.0,0.0,0.0
september,by_mission,swot,september-locked,36,cross,69,69,0.05748725249822246,0.05748726041015134,30,30,0.43478260869565216,0.43478260869565216,47,47,0.6811594202898551,0.6811594202898551,0.0,0.0
september,by_mission,swot,september-locked,48,radial,68,68,0.015147500700901302,0.015148165321995592,6,6,0.08823529411764706,0.08823529411764706,8,8,0.11764705882352941,0.11764705882352941,0.0,0.0
september,by_mission,swot,september-locked,48,in_track,68,68,1.7589269930448355,1.7589269866343278,68,68,1.0,1.0,68,68,1.0,1.0,0.0,0.0
september,by_mission,swot,september-locked,48,cross,68,68,0.07555502482024203,0.07555503598701763,55,55,0.8088235294117647,0.8088235294117647,66,66,0.9705882352941176,0.9705882352941176,0.0,0.0
september,by_mission,swot,september-locked,72,radial,66,66,0.02226525520373518,0.022266730321384834,7,7,0.10606060606060606,0.10606060606060606,10,10,0.15151515151515152,0.15151515151515152,0.0,0.0
september,by_mission,swot,september-locked,72,in_track,66,66,3.166504717676114,3.1665047060041553,66,66,1.0,1.0,66,66,1.0,1.0,0.0,0.0
september,by_mission,swot,september-locked,72,cross,66,66,0.1110580512762173,0.11105807887558122,55,55,0.8333333333333334,0.8333333333333334,66,66,1.0,1.0,0.0,0.0
september,by_mission,swot,september-locked,96,radial,64,64,0.02926304243883026,0.029265628410793162,6,6,0.09375,0.09375,10,10,0.15625,0.15625,0.0,0.0
september,by_mission,swot,september-locked,96,in_track,64,64,4.805530162382408,4.805530145020328,64,64,1.0,1.0,64,64,1.0,1.0,0.0,0.0
september,by_mission,swot,september-locked,96,cross,64,64,0.14596268661338033,0.14596273520265024,53,53,0.828125,0.828125,64,64,1.0,1.0,0.0,0.0
september,by_mission,swot,september-locked,120,radial,62,62,0.03617295511658035,0.03617693480761912,6,6,0.0967741935483871,0.0967741935483871,19,19,0.3064516129032258,0.3064516129032258,0.0,0.0
september,by_mission,swot,september-locked,120,in_track,62,62,6.641418175327073,6.641418151176526,62,62,1.0,1.0,62,62,1.0,1.0,0.0,0.0
september,by_mission,swot,september-locked,120,cross,62,62,0.18042900776971796,0.18042908744640007,51,51,0.8225806451612904,0.8225806451612904,62,62,1.0,1.0,0.0,0.0
september,by_mission,swot,september-locked,144,radial,59,59,0.04301363774814154,0.04302488474676306,6,6,0.1016949152542373,0.1016949152542373,25,25,0.423728813559322,0.423728813559322,0.0,0.0
september,by_mission,swot,september-locked,144,in_track,59,59,8.651145835096566,8.651145774377065,59,59,1.0,1.0,59,59,1.0,1.0,0.0,0.0
september,by_mission,swot,september-locked,144,cross,59,59,0.21455001269459317,0.21455011190537612,48,48,0.8135593220338984,0.8135593220338984,59,59,1.0,1.0,0.0,0.0
september,by_mission,swot,september-locked,168,radial,57,57,0.0497972802048802,0.049814902612088645,8,8,0.14035087719298245,0.14035087719298245,28,29,0.49122807017543857,0.5087719298245614,0.0,1.7543859649122862
september,by_mission,swot,september-locked,168,in_track,57,57,10.817987569652605,10.817987486663297,57,57,1.0,1.0,57,57,1.0,1.0,0.0,0.0
september,by_mission,swot,september-locked,168,cross,57,57,0.24838650389607833,0.24838665250012865,43,43,0.7543859649122807,0.7543859649122807,57,57,1.0,1.0,0.0,0.0
