scope,name,window,lead_h,component,field,old,new,old_n,new_n
by_band,1000-1400 km,august,6.0,in_track,median_sigma_km,0.02443466402569646,0.024434664027783253,35,35
by_band,1000-1400 km,august,6.0,cross,median_sigma_km,0.031394412066770044,0.03139441205508095,35,35
by_band,1000-1400 km,august,12.0,in_track,median_sigma_km,0.02443466402569646,0.024434664030723773,35,35
by_band,1000-1400 km,august,12.0,cross,median_sigma_km,0.031394412066770044,0.03139441205665238,35,35
by_band,1000-1400 km,august,24.0,radial,median_sigma_km,0.04737251499464841,0.047372514965689096,35,35
by_band,1000-1400 km,august,24.0,in_track,median_sigma_km,0.0396942288180629,0.03969422886598287,35,35
by_band,1000-1400 km,august,24.0,cross,median_sigma_km,0.06065000628105946,0.06065000626075247,35,35
by_band,1000-1400 km,august,36.0,radial,median_sigma_km,0.07105877249197262,0.0710587723524021,35,35
by_band,1000-1400 km,august,36.0,in_track,median_sigma_km,0.05272192393474557,0.052721924160039665,35,35
by_band,1000-1400 km,august,36.0,cross,median_sigma_km,0.08914921970431598,0.08914921966697284,35,35
by_band,1000-1400 km,august,48.0,radial,median_sigma_km,0.09474502998929682,0.09474502980251376,35,35
by_band,1000-1400 km,august,48.0,in_track,median_sigma_km,0.06448346495796867,0.06448346525999615,35,35
by_band,1000-1400 km,august,48.0,cross,median_sigma_km,0.11716808883279078,0.11716808878499918,35,35
by_band,1000-1400 km,august,72.0,radial,median_sigma_km,0.14211754498394524,0.1421175445716921,35,35
by_band,1000-1400 km,august,72.0,in_track,median_sigma_km,0.08564701811301652,0.08564701886904047,35,35
by_band,1000-1400 km,august,72.0,cross,median_sigma_km,0.17222494001540295,0.17222493991229224,35,35
by_band,1000-1400 km,august,96.0,radial,median_sigma_km,0.18949005997859364,0.18949005906610078,35,35
by_band,1000-1400 km,august,96.0,in_track,median_sigma_km,0.10475369787492678,0.10475370004372227,35,35
by_band,1000-1400 km,august,96.0,cross,median_sigma_km,0.22635382718857228,0.22635382694712403,35,35
by_band,1000-1400 km,august,120.0,radial,median_sigma_km,0.23686257497324203,0.23686257427128782,35,35
by_band,1000-1400 km,august,120.0,in_track,median_sigma_km,0.12246341667650636,0.12246341824758529,35,35
by_band,1000-1400 km,august,120.0,cross,median_sigma_km,0.2798029920666618,0.2798029919895677,35,35
by_band,1000-1400 km,august,144.0,radial,median_sigma_km,0.2842350899678905,0.28423508914680207,35,35
by_band,1000-1400 km,august,144.0,in_track,median_sigma_km,0.13913399140612714,0.13913399456187886,35,35
by_band,1000-1400 km,august,144.0,cross,median_sigma_km,0.3327166526155601,0.3327166522530579,35,35
by_band,1000-1400 km,august,168.0,radial,median_sigma_km,0.3316076049625389,0.33160760390494265,35,35
by_band,1000-1400 km,august,168.0,in_track,median_sigma_km,0.15498725870582064,0.15498726287856468,35,35
by_band,1000-1400 km,august,168.0,cross,median_sigma_km,0.38518909923731554,0.3851890989321921,35,35
by_band,1000-1400 km,held-out,6.0,radial,median_sigma_km,0.02199937956230631,0.021999387486007285,32,32
by_band,1000-1400 km,held-out,6.0,in_track,median_sigma_km,0.2151386336318423,0.21513863282056184,32,32
by_band,1000-1400 km,held-out,6.0,cross,median_sigma_km,0.042444988386230065,0.04244498845969538,32,32
by_band,1000-1400 km,held-out,12.0,radial,median_sigma_km,0.02199937956230631,0.02199939079762631,32,32
by_band,1000-1400 km,held-out,12.0,in_track,median_sigma_km,0.2151386336318423,0.2151386323736203,32,32
by_band,1000-1400 km,held-out,12.0,cross,median_sigma_km,0.042444988386230065,0.04244498913260711,32,32
by_band,1000-1400 km,held-out,24.0,radial,median_sigma_km,0.04399875912461262,0.043998773726289714,32,32
by_band,1000-1400 km,held-out,24.0,in_track,median_sigma_km,0.4302772672636846,0.43027726565897106,32,32
by_band,1000-1400 km,held-out,24.0,cross,median_sigma_km,0.08488997677246013,0.08488997757449575,32,32
by_band,1000-1400 km,held-out,36.0,radial,median_sigma_km,0.06599813868691892,0.06599819553347833,32,32
by_band,1000-1400 km,held-out,36.0,in_track,median_sigma_km,0.6454159008955269,0.6454158950721824,32,32
by_band,1000-1400 km,held-out,36.0,cross,median_sigma_km,0.1273349651586902,0.12733496591362123,32,32
by_band,1000-1400 km,held-out,48.0,radial,median_sigma_km,0.08799751824922523,0.08799755127848483,32,32
by_band,1000-1400 km,held-out,48.0,in_track,median_sigma_km,0.8605545345273692,0.860554530987002,32,32
by_band,1000-1400 km,held-out,48.0,cross,median_sigma_km,0.16977995354492026,0.16977995437061066,32,32
by_band,1000-1400 km,held-out,72.0,radial,median_sigma_km,0.13199627737383784,0.13199634770557833,32,32
by_band,1000-1400 km,held-out,72.0,in_track,median_sigma_km,1.2908318017910538,1.2908317943906273,32,32
by_band,1000-1400 km,held-out,72.0,cross,median_sigma_km,0.2546699303173804,0.25466993503371604,32,32
by_band,1000-1400 km,held-out,96.0,radial,median_sigma_km,0.17599503649845047,0.17599526819167297,32,32
by_band,1000-1400 km,held-out,96.0,in_track,median_sigma_km,1.7211090690547384,1.7211090438114824,32,32
by_band,1000-1400 km,held-out,96.0,cross,median_sigma_km,0.3395599070898405,0.3395599158579481,32,32
by_band,1000-1400 km,held-out,120.0,radial,median_sigma_km,0.2199937956230631,0.2199941210202535,32,32
by_band,1000-1400 km,held-out,120.0,in_track,median_sigma_km,2.151386336318423,2.1513863031054905,32,32
by_band,1000-1400 km,held-out,120.0,cross,median_sigma_km,0.42444988386230065,0.4244498867372825,32,32
by_band,1000-1400 km,held-out,144.0,radial,median_sigma_km,0.2639925547476757,0.26399287219373735,32,32
by_band,1000-1400 km,held-out,144.0,in_track,median_sigma_km,2.5816636035821077,2.5816635668322556,32,32
by_band,1000-1400 km,held-out,144.0,cross,median_sigma_km,0.5093398606347608,0.5093398892991121,32,32
by_band,1000-1400 km,held-out,168.0,radial,median_sigma_km,0.30799131387228834,0.30799187395726463,32,32
by_band,1000-1400 km,held-out,168.0,in_track,median_sigma_km,3.011940870845792,3.011940807385659,32,32
by_band,1000-1400 km,held-out,168.0,cross,median_sigma_km,0.5942298374072209,0.5942298979217113,32,32
by_band,1000-1400 km,quiet,6.0,radial,median_sigma_km,0.02385333737786684,0.023853341396493595,37,37
by_band,1000-1400 km,quiet,6.0,in_track,median_sigma_km,0.1099547871918341,0.10995478631990392,37,37
by_band,1000-1400 km,quiet,6.0,cross,median_sigma_km,0.04215668360608643,0.042156683586981915,37,37
by_band,1000-1400 km,quiet,12.0,radial,median_sigma_km,0.02385333737786684,0.023853338952351276,37,37
by_band,1000-1400 km,quiet,12.0,in_track,median_sigma_km,0.1099547871918341,0.10995478683952686,37,37
by_band,1000-1400 km,quiet,12.0,cross,median_sigma_km,0.04215668360608643,0.042156683596846996,37,37
by_band,1000-1400 km,quiet,24.0,radial,median_sigma_km,0.04770667475573368,0.047706677380999124,37,37
by_band,1000-1400 km,quiet,24.0,in_track,median_sigma_km,0.26151803051427835,0.26151803001323454,37,37
by_band,1000-1400 km,quiet,24.0,cross,median_sigma_km,0.08431336721217286,0.08431336719296473,37,37
by_band,1000-1400 km,quiet,36.0,radial,median_sigma_km,0.07156001213360053,0.07156002927838567,37,37
by_band,1000-1400 km,quiet,36.0,in_track,median_sigma_km,0.4341259140686833,0.43412591123369415,37,37
by_band,1000-1400 km,quiet,36.0,cross,median_sigma_km,0.1264700508182593,0.12647005079623375,37,37
by_band,1000-1400 km,quiet,48.0,radial,median_sigma_km,0.09541334951146736,0.09541335363542114,37,37
by_band,1000-1400 km,quiet,48.0,in_track,median_sigma_km,0.6219982051781571,0.6219982045465557,37,37
by_band,1000-1400 km,quiet,48.0,cross,median_sigma_km,0.16862673442434573,0.1686267343944475,37,37
by_band,1000-1400 km,quiet,72.0,radial,median_sigma_km,0.14312002426720105,0.14312005505169276,37,37
by_band,1000-1400 km,quiet,72.0,in_track,median_sigma_km,1.0325312516350762,1.0325312472584807,37,37
by_band,1000-1400 km,quiet,72.0,cross,median_sigma_km,0.2529401016365186,0.2529401013666426,37,37
by_band,1000-1400 km,quiet,96.0,radial,median_sigma_km,0.19082669902293473,0.19082683368858067,37,37
by_band,1000-1400 km,quiet,96.0,in_track,median_sigma_km,1.4793693822335736,1.4793693635754017,37,37
by_band,1000-1400 km,quiet,96.0,cross,median_sigma_km,0.33725346884869145,0.33725347292913777,37,37
by_band,1000-1400 km,quiet,120.0,radial,median_sigma_km,0.2385333737786684,0.23853347272719058,37,37
by_band,1000-1400 km,quiet,120.0,in_track,median_sigma_km,1.9553033409845006,1.9553033288048276,37,37
by_band,1000-1400 km,quiet,120.0,cross,median_sigma_km,0.4215668360608643,0.4215668353594247,37,37
by_band,1000-1400 km,quiet,144.0,radial,median_sigma_km,0.2862400485344021,0.2862402408667495,37,37
by_band,1000-1400 km,quiet,144.0,in_track,median_sigma_km,2.455787021814195,2.4557869970793327,37,37
by_band,1000-1400 km,quiet,144.0,cross,median_sigma_km,0.5058802032730372,0.5058802145213817,37,37
by_band,1000-1400 km,quiet,168.0,radial,median_sigma_km,0.33394672329013575,0.33394701835153573,37,37
by_band,1000-1400 km,quiet,168.0,in_track,median_sigma_km,2.9776536922712404,2.9776536453514737,37,37
by_band,1000-1400 km,quiet,168.0,cross,median_sigma_km,0.59019357048521,0.5901935858422438,37,37
by_band,1000-1400 km,storm,6.0,radial,n,33.0,30.0,33,30
by_band,1000-1400 km,storm,6.0,radial,inside_1_sigma_count,7.0,6.0,33,30
by_band,1000-1400 km,storm,6.0,radial,inside_2_sigma_count,18.0,17.0,33,30
by_band,1000-1400 km,storm,6.0,radial,inside_1_sigma_fraction,0.21212121212121213,0.2,33,30
by_band,1000-1400 km,storm,6.0,radial,inside_2_sigma_fraction,0.5454545454545454,0.5666666666666667,33,30
by_band,1000-1400 km,storm,6.0,radial,median_sigma_km,0.021384592715937577,0.023337438336190883,33,30
by_band,1000-1400 km,storm,6.0,radial,median_abs_km,0.04054898013560081,0.039912290654281875,33,30
by_band,1000-1400 km,storm,6.0,radial,quantile_linear_km,0.07393084586389519,0.07291366095499549,33,30
by_band,1000-1400 km,storm,6.0,in_track,n,33.0,30.0,33,30
by_band,1000-1400 km,storm,6.0,in_track,inside_1_sigma_count,5.0,4.0,33,30
by_band,1000-1400 km,storm,6.0,in_track,inside_2_sigma_count,5.0,4.0,33,30
by_band,1000-1400 km,storm,6.0,in_track,inside_1_sigma_fraction,0.15151515151515152,0.13333333333333333,33,30
by_band,1000-1400 km,storm,6.0,in_track,inside_2_sigma_fraction,0.15151515151515152,0.13333333333333333,33,30
by_band,1000-1400 km,storm,6.0,in_track,median_sigma_km,0.032032045003708695,0.03153846613478338,33,30
by_band,1000-1400 km,storm,6.0,in_track,median_abs_km,0.19574423868573815,0.20007031918636822,33,30
by_band,1000-1400 km,storm,6.0,in_track,quantile_linear_km,0.9620063470566713,0.7137953892115164,33,30
by_band,1000-1400 km,storm,6.0,in_track,quantile_inverted_cdf_km,1.1612753975509829,0.8291603133937978,33,30
by_band,1000-1400 km,storm,6.0,cross,n,33.0,30.0,33,30
by_band,1000-1400 km,storm,6.0,cross,inside_1_sigma_fraction,0.18181818181818182,0.2,33,30
by_band,1000-1400 km,storm,6.0,cross,inside_2_sigma_fraction,0.36363636363636365,0.4,33,30
by_band,1000-1400 km,storm,6.0,cross,median_sigma_km,0.04476678906596042,0.04555882139585256,33,30
by_band,1000-1400 km,storm,6.0,cross,median_abs_km,0.12510411758070544,0.11319697565061418,33,30
by_band,1000-1400 km,storm,6.0,cross,quantile_linear_km,0.42893994391031404,0.41648263022263465,33,30
by_band,1000-1400 km,storm,6.0,cross,quantile_inverted_cdf_km,0.44073373077775435,0.42107741933202053,33,30
by_band,1000-1400 km,storm,12.0,radial,n,33.0,29.0,33,29
by_band,1000-1400 km,storm,12.0,radial,inside_2_sigma_count,2.0,1.0,33,29
by_band,1000-1400 km,storm,12.0,radial,inside_2_sigma_fraction,0.06060606060606061,0.034482758620689655,33,29
by_band,1000-1400 km,storm,12.0,radial,median_sigma_km,0.021384592715937577,0.025290283083050754,33,29
by_band,1000-1400 km,storm,12.0,radial,median_abs_km,0.10762118521201397,0.10935293362999036,33,29
by_band,1000-1400 km,storm,12.0,radial,quantile_linear_km,0.1420345204041999,0.14134095153324458,33,29
by_band,1000-1400 km,storm,12.0,radial,quantile_inverted_cdf_km,0.1421767567819729,0.14193969615235125,33,29
by_band,1000-1400 km,storm,12.0,in_track,n,33.0,29.0,33,29
by_band,1000-1400 km,storm,12.0,in_track,inside_1_sigma_fraction,0.06060606060606061,0.06896551724137931,33,29
by_band,1000-1400 km,storm,12.0,in_track,inside_2_sigma_fraction,0.15151515151515152,0.1724137931034483,33,29
by_band,1000-1400 km,storm,12.0,in_track,median_sigma_km,0.032032045003708695,0.03104488777594396,33,29
by_band,1000-1400 km,storm,12.0,in_track,median_abs_km,0.3498417231041169,0.313151260103638,33,29
by_band,1000-1400 km,storm,12.0,in_track,quantile_linear_km,0.9650562945476646,0.8070330947907273,33,29
by_band,1000-1400 km,storm,12.0,in_track,quantile_inverted_cdf_km,1.1559993688722108,0.8377609116646345,33,29
by_band,1000-1400 km,storm,12.0,cross,n,33.0,29.0,33,29
by_band,1000-1400 km,storm,12.0,cross,inside_1_sigma_count,11.0,9.0,33,29
by_band,1000-1400 km,storm,12.0,cross,inside_2_sigma_count,20.0,18.0,33,29
by_band,1000-1400 km,storm,12.0,cross,inside_1_sigma_fraction,0.3333333333333333,0.3103448275862069,33,29
by_band,1000-1400 km,storm,12.0,cross,inside_2_sigma_fraction,0.6060606060606061,0.6206896551724138,33,29
by_band,1000-1400 km,storm,12.0,cross,median_sigma_km,0.04476678906596042,0.046350853734577334,33,29
by_band,1000-1400 km,storm,12.0,cross,quantile_linear_km,0.17093793549628136,0.16987225305863787,33,29
by_band,1000-1400 km,storm,24.0,radial,n,33.0,28.0,33,28
by_band,1000-1400 km,storm,24.0,radial,inside_1_sigma_count,17.0,16.0,33,28
by_band,1000-1400 km,storm,24.0,radial,inside_2_sigma_count,30.0,25.0,33,28
by_band,1000-1400 km,storm,24.0,radial,inside_1_sigma_fraction,0.5151515151515151,0.5714285714285714,33,28
by_band,1000-1400 km,storm,24.0,radial,inside_2_sigma_fraction,0.9090909090909091,0.8928571428571429,33,28
by_band,1000-1400 km,storm,24.0,radial,median_sigma_km,0.042769185431875155,0.04885760639056541,33,28
by_band,1000-1400 km,storm,24.0,radial,median_abs_km,0.04452001111991993,0.04282814369419202,33,28
by_band,1000-1400 km,storm,24.0,radial,quantile_linear_km,0.10190430721657287,0.1064641976061849,33,28
by_band,1000-1400 km,storm,24.0,in_track,n,33.0,28.0,33,28
by_band,1000-1400 km,storm,24.0,in_track,inside_1_sigma_fraction,0.06060606060606061,0.07142857142857142,33,28
by_band,1000-1400 km,storm,24.0,in_track,inside_2_sigma_fraction,0.06060606060606061,0.07142857142857142,33,28
by_band,1000-1400 km,storm,24.0,in_track,median_sigma_km,0.11154205928602164,0.048714650617440264,33,28
by_band,1000-1400 km,storm,24.0,in_track,median_abs_km,0.44565600625935897,0.38552186214375217,33,28
by_band,1000-1400 km,storm,24.0,in_track,quantile_linear_km,1.6937750600728272,1.199080329025287,33,28
by_band,1000-1400 km,storm,24.0,in_track,quantile_inverted_cdf_km,1.9568715644452386,1.5183773904912208,33,28
by_band,1000-1400 km,storm,24.0,cross,n,33.0,28.0,33,28
by_band,1000-1400 km,storm,24.0,cross,inside_1_sigma_count,19.0,17.0,33,28
by_band,1000-1400 km,storm,24.0,cross,inside_2_sigma_count,29.0,25.0,33,28
by_band,1000-1400 km,storm,24.0,cross,inside_1_sigma_fraction,0.5757575757575758,0.6071428571428571,33,28
by_band,1000-1400 km,storm,24.0,cross,inside_2_sigma_fraction,0.8787878787878788,0.8928571428571429,33,28
by_band,1000-1400 km,storm,24.0,cross,median_sigma_km,0.08953357813192084,0.09270170744478375,33,28
by_band,1000-1400 km,storm,24.0,cross,median_abs_km,0.08736753989730617,0.08274922615116218,33,28
by_band,1000-1400 km,storm,24.0,cross,quantile_linear_km,0.3235349280911569,0.29417277480400555,33,28
by_band,1000-1400 km,storm,24.0,cross,quantile_inverted_cdf_km,0.346342708356355,0.30832974124769164,33,28
by_band,1000-1400 km,storm,36.0,radial,n,33.0,26.0,33,26
by_band,1000-1400 km,storm,36.0,radial,inside_1_sigma_count,32.0,25.0,33,26
by_band,1000-1400 km,storm,36.0,radial,inside_2_sigma_count,33.0,26.0,33,26
by_band,1000-1400 km,storm,36.0,radial,inside_1_sigma_fraction,0.9696969696969697,0.9615384615384616,33,26
by_band,1000-1400 km,storm,36.0,radial,median_sigma_km,0.06415377814781273,0.0718156146903764,33,26
by_band,1000-1400 km,storm,36.0,radial,median_abs_km,0.024714931635768857,0.02497145596019519,33,26
by_band,1000-1400 km,storm,36.0,radial,quantile_linear_km,0.057976306345107274,0.0558611455422473,33,26
by_band,1000-1400 km,storm,36.0,radial,quantile_inverted_cdf_km,0.05831476753633119,0.057750665550958,33,26
by_band,1000-1400 km,storm,36.0,in_track,n,33.0,26.0,33,26
by_band,1000-1400 km,storm,36.0,in_track,inside_1_sigma_count,5.0,3.0,33,26
by_band,1000-1400 km,storm,36.0,in_track,inside_2_sigma_count,8.0,6.0,33,26
by_band,1000-1400 km,storm,36.0,in_track,inside_1_sigma_fraction,0.15151515151515152,0.11538461538461539,33,26
by_band,1000-1400 km,storm,36.0,in_track,inside_2_sigma_fraction,0.24242424242424243,0.23076923076923078,33,26
by_band,1000-1400 km,storm,36.0,in_track,median_sigma_km,0.23142108449386004,0.06340432900023625,33,26
by_band,1000-1400 km,storm,36.0,in_track,median_abs_km,0.635664243160621,0.572226335488659,33,26
by_band,1000-1400 km,storm,36.0,in_track,quantile_linear_km,2.6277551261539136,2.4112850797215093,33,26
by_band,1000-1400 km,storm,36.0,cross,n,33.0,26.0,33,26
by_band,1000-1400 km,storm,36.0,cross,inside_1_sigma_count,15.0,13.0,33,26
by_band,1000-1400 km,storm,36.0,cross,inside_2_sigma_count,25.0,22.0,33,26
by_band,1000-1400 km,storm,36.0,cross,inside_1_sigma_fraction,0.45454545454545453,0.5,33,26
by_band,1000-1400 km,storm,36.0,cross,inside_2_sigma_fraction,0.7575757575757576,0.8461538461538461,33,26
by_band,1000-1400 km,storm,36.0,cross,median_sigma_km,0.13430036719788124,0.1390525611633563,33,26
by_band,1000-1400 km,storm,36.0,cross,median_abs_km,0.14820199017469143,0.13842618823763853,33,26
by_band,1000-1400 km,storm,36.0,cross,quantile_linear_km,0.4745709488453872,0.35784528346016203,33,26
by_band,1000-1400 km,storm,36.0,cross,quantile_inverted_cdf_km,0.5803632652785136,0.3604781941278274,33,26
by_band,1000-1400 km,storm,48.0,radial,n,33.0,25.0,33,25
by_band,1000-1400 km,storm,48.0,radial,inside_1_sigma_count,24.0,22.0,33,25
by_band,1000-1400 km,storm,48.0,radial,inside_2_sigma_count,31.0,25.0,33,25
by_band,1000-1400 km,storm,48.0,radial,inside_1_sigma_fraction,0.7272727272727273,0.88,33,25
by_band,1000-1400 km,storm,48.0,radial,inside_2_sigma_fraction,0.9393939393939394,1.0,33,25
by_band,1000-1400 km,storm,48.0,radial,median_sigma_km,0.08553837086375031,0.09438667398595135,33,25
by_band,1000-1400 km,storm,48.0,radial,median_abs_km,0.05911112434181487,0.048763375145260274,33,25
by_band,1000-1400 km,storm,48.0,radial,quantile_linear_km,0.16292380268139423,0.10082146943543749,33,25
by_band,1000-1400 km,storm,48.0,radial,quantile_inverted_cdf_km,0.17670981167411615,0.10266722991987386,33,25
by_band,1000-1400 km,storm,48.0,in_track,n,33.0,25.0,33,25
by_band,1000-1400 km,storm,48.0,in_track,inside_2_sigma_count,10.0,9.0,33,25
by_band,1000-1400 km,storm,48.0,in_track,inside_1_sigma_fraction,0.18181818181818182,0.24,33,25
by_band,1000-1400 km,storm,48.0,in_track,inside_2_sigma_fraction,0.30303030303030304,0.36,33,25
by_band,1000-1400 km,storm,48.0,in_track,median_sigma_km,0.3884120101706232,0.0764414804574278,33,25
by_band,1000-1400 km,storm,48.0,in_track,median_abs_km,0.5576225074460108,0.40335124310302645,33,25
by_band,1000-1400 km,storm,48.0,in_track,quantile_linear_km,3.362205361955739,3.211441377002324,33,25
by_band,1000-1400 km,storm,48.0,cross,n,33.0,25.0,33,25
by_band,1000-1400 km,storm,48.0,cross,inside_2_sigma_count,24.0,20.0,33,25
by_band,1000-1400 km,storm,48.0,cross,inside_1_sigma_fraction,0.06060606060606061,0.08,33,25
by_band,1000-1400 km,storm,48.0,cross,inside_2_sigma_fraction,0.7272727272727273,0.8,33,25
by_band,1000-1400 km,storm,48.0,cross,median_sigma_km,0.17906715626384168,0.18540341480857775,33,25
by_band,1000-1400 km,storm,48.0,cross,median_abs_km,0.29661915673228034,0.28737205034833124,33,25
by_band,1000-1400 km,storm,48.0,cross,quantile_linear_km,0.43436993383932704,0.41789304212612904,33,25
by_band,1000-1400 km,storm,48.0,cross,quantile_inverted_cdf_km,0.4369882580515132,0.42057668817451244,33,25
by_band,1000-1400 km,storm,72.0,radial,n,33.0,23.0,33,23
by_band,1000-1400 km,storm,72.0,radial,inside_1_sigma_count,26.0,21.0,33,23
by_band,1000-1400 km,storm,72.0,radial,inside_2_sigma_count,33.0,23.0,33,23
by_band,1000-1400 km,storm,72.0,radial,inside_1_sigma_fraction,0.7878787878787878,0.9130434782608695,33,23
by_band,1000-1400 km,storm,72.0,radial,median_sigma_km,0.12830755629562546,0.13873862253151562,33,23
by_band,1000-1400 km,storm,72.0,radial,median_abs_km,0.029299038141890887,0.022521936731265194,33,23
by_band,1000-1400 km,storm,72.0,radial,quantile_linear_km,0.22778726975713706,0.12812840222404823,33,23
by_band,1000-1400 km,storm,72.0,radial,quantile_inverted_cdf_km,0.23559134886339206,0.1321484759777652,33,23
by_band,1000-1400 km,storm,72.0,in_track,n,33.0,23.0,33,23
by_band,1000-1400 km,storm,72.0,in_track,inside_1_sigma_count,7.0,6.0,33,23
by_band,1000-1400 km,storm,72.0,in_track,inside_2_sigma_count,9.0,6.0,33,23
by_band,1000-1400 km,storm,72.0,in_track,inside_1_sigma_fraction,0.21212121212121213,0.2608695652173913,33,23
by_band,1000-1400 km,storm,72.0,in_track,inside_2_sigma_fraction,0.2727272727272727,0.2608695652173913,33,23
by_band,1000-1400 km,storm,72.0,in_track,median_sigma_km,0.8058550218589192,0.09949205715298434,33,23
by_band,1000-1400 km,storm,72.0,in_track,median_abs_km,0.6783555236792209,0.6275712972759311,33,23
by_band,1000-1400 km,storm,72.0,in_track,quantile_linear_km,5.30109459304813,6.391714926570534,33,23
by_band,1000-1400 km,storm,72.0,cross,n,33.0,23.0,33,23
by_band,1000-1400 km,storm,72.0,cross,inside_1_sigma_count,25.0,16.0,33,23
by_band,1000-1400 km,storm,72.0,cross,inside_2_sigma_count,33.0,23.0,33,23
by_band,1000-1400 km,storm,72.0,cross,inside_1_sigma_fraction,0.7575757575757576,0.6956521739130435,33,23
by_band,1000-1400 km,storm,72.0,cross,median_sigma_km,0.2686007343957625,0.27810512208732824,33,23
by_band,1000-1400 km,storm,72.0,cross,quantile_linear_km,0.37272873094947095,0.3865996217584609,33,23
by_band,1000-1400 km,storm,96.0,radial,n,33.0,20.0,33,20
by_band,1000-1400 km,storm,96.0,radial,inside_1_sigma_count,33.0,20.0,33,20
by_band,1000-1400 km,storm,96.0,radial,inside_2_sigma_count,33.0,20.0,33,20
by_band,1000-1400 km,storm,96.0,radial,median_sigma_km,0.17107674172750062,0.18234303434981003,33,20
by_band,1000-1400 km,storm,96.0,radial,median_abs_km,0.02277608730091672,0.019438599325886444,33,20
by_band,1000-1400 km,storm,96.0,radial,quantile_linear_km,0.08299980130791684,0.0924199084563984,33,20
by_band,1000-1400 km,storm,96.0,in_track,n,33.0,20.0,33,20
by_band,1000-1400 km,storm,96.0,in_track,inside_1_sigma_count,2.0,0.0,33,20
by_band,1000-1400 km,storm,96.0,in_track,inside_2_sigma_count,8.0,3.0,33,20
by_band,1000-1400 km,storm,96.0,in_track,inside_1_sigma_fraction,0.06060606060606061,0.0,33,20
by_band,1000-1400 km,storm,96.0,in_track,inside_2_sigma_fraction,0.24242424242424243,0.15,33,20
by_band,1000-1400 km,storm,96.0,in_track,median_sigma_km,1.352529176980064,0.11994954190314365,33,20
by_band,1000-1400 km,storm,96.0,in_track,median_abs_km,0.8409652366335908,0.6529617065438963,33,20
by_band,1000-1400 km,storm,96.0,in_track,quantile_linear_km,7.163821918244896,10.231156868887918,33,20
by_band,1000-1400 km,storm,96.0,cross,n,33.0,20.0,33,20
by_band,1000-1400 km,storm,96.0,cross,inside_1_sigma_count,28.0,18.0,33,20
by_band,1000-1400 km,storm,96.0,cross,inside_2_sigma_count,33.0,20.0,33,20
by_band,1000-1400 km,storm,96.0,cross,inside_1_sigma_fraction,0.8484848484848485,0.9,33,20
by_band,1000-1400 km,storm,96.0,cross,median_sigma_km,0.35813431252768335,0.37080682940295767,33,20
by_band,1000-1400 km,storm,96.0,cross,median_abs_km,0.16673009476076506,0.1586263700020062,33,20
by_band,1000-1400 km,storm,96.0,cross,quantile_linear_km,0.44219451179338176,0.43815468242830186,33,20
by_band,1000-1400 km,storm,96.0,cross,quantile_inverted_cdf_km,0.44952922837701614,0.4373047007376255,33,20
by_band,1000-1400 km,storm,120.0,radial,n,33.0,20.0,33,20
by_band,1000-1400 km,storm,120.0,radial,inside_1_sigma_count,29.0,19.0,33,20
by_band,1000-1400 km,storm,120.0,radial,inside_2_sigma_count,33.0,20.0,33,20
by_band,1000-1400 km,storm,120.0,radial,inside_1_sigma_fraction,0.8787878787878788,0.95,33,20
by_band,1000-1400 km,storm,120.0,radial,median_sigma_km,0.21384592715937578,0.22539988612586878,33,20
by_band,1000-1400 km,storm,120.0,radial,median_abs_km,0.17458093237644645,0.13415098908966588,33,20
by_band,1000-1400 km,storm,120.0,radial,quantile_linear_km,0.34353382352116113,0.23149094063775533,33,20
by_band,1000-1400 km,storm,120.0,radial,quantile_inverted_cdf_km,0.3518469081737501,0.2234199835292806,33,20
by_band,1000-1400 km,storm,120.0,in_track,n,33.0,20.0,33,20
by_band,1000-1400 km,storm,120.0,in_track,inside_2_sigma_count,11.0,6.0,33,20
by_band,1000-1400 km,storm,120.0,in_track,inside_1_sigma_fraction,0.06060606060606061,0.1,33,20
by_band,1000-1400 km,storm,120.0,in_track,inside_2_sigma_fraction,0.3333333333333333,0.3,33,20
by_band,1000-1400 km,storm,120.0,in_track,median_sigma_km,2.0210854053810086,0.13867242034323107,33,20
by_band,1000-1400 km,storm,120.0,in_track,median_abs_km,2.3345679843833036,0.5000067848678504,33,20
by_band,1000-1400 km,storm,120.0,in_track,quantile_linear_km,9.277727839698489,13.70447005673241,33,20
by_band,1000-1400 km,storm,120.0,cross,n,33.0,20.0,33,20
by_band,1000-1400 km,storm,120.0,cross,inside_1_sigma_count,13.0,9.0,33,20
by_band,1000-1400 km,storm,120.0,cross,inside_2_sigma_count,33.0,20.0,33,20
by_band,1000-1400 km,storm,120.0,cross,inside_1_sigma_fraction,0.3939393939393939,0.45,33,20
by_band,1000-1400 km,storm,120.0,cross,median_sigma_km,0.4476678906596042,0.46350853656904145,33,20
by_band,1000-1400 km,storm,120.0,cross,median_abs_km,0.4821845427418602,0.490035907357081,33,20
by_band,1000-1400 km,storm,120.0,cross,quantile_linear_km,0.6624397967211223,0.6527298124386969,33,20
by_band,1000-1400 km,storm,120.0,cross,quantile_inverted_cdf_km,0.6770033595328244,0.6496740424181168,33,20
by_band,1000-1400 km,storm,144.0,radial,n,33.0,20.0,33,20
by_band,1000-1400 km,storm,144.0,radial,inside_1_sigma_count,30.0,19.0,33,20
by_band,1000-1400 km,storm,144.0,radial,inside_2_sigma_count,33.0,20.0,33,20
by_band,1000-1400 km,storm,144.0,radial,inside_1_sigma_fraction,0.9090909090909091,0.95,33,20
by_band,1000-1400 km,storm,144.0,radial,median_sigma_km,0.2566151125912509,0.26802535141528816,33,20
by_band,1000-1400 km,storm,144.0,radial,median_abs_km,0.12446622013990716,0.1248587764757037,33,20
by_band,1000-1400 km,storm,144.0,radial,quantile_linear_km,0.27181847089454736,0.2052689871535989,33,20
by_band,1000-1400 km,storm,144.0,radial,quantile_inverted_cdf_km,0.2807910341894724,0.1980826531274471,33,20
by_band,1000-1400 km,storm,144.0,in_track,n,33.0,20.0,33,20
by_band,1000-1400 km,storm,144.0,in_track,inside_2_sigma_count,14.0,9.0,33,20
by_band,1000-1400 km,storm,144.0,in_track,inside_1_sigma_fraction,0.12121212121212122,0.2,33,20
by_band,1000-1400 km,storm,144.0,in_track,inside_2_sigma_fraction,0.42424242424242425,0.45,33,20
by_band,1000-1400 km,storm,144.0,in_track,median_sigma_km,2.8061501728571705,0.15611977595118107,33,20
by_band,1000-1400 km,storm,144.0,in_track,median_abs_km,3.18501615445828,0.5863633013170109,33,20
by_band,1000-1400 km,storm,144.0,in_track,quantile_linear_km,11.598211609536763,17.014558234206532,33,20
by_band,1000-1400 km,storm,144.0,cross,n,33.0,20.0,33,20
by_band,1000-1400 km,storm,144.0,cross,inside_1_sigma_count,33.0,20.0,33,20
by_band,1000-1400 km,storm,144.0,cross,inside_2_sigma_count,33.0,20.0,33,20
by_band,1000-1400 km,storm,144.0,cross,median_sigma_km,0.537201468791525,0.5562102434687253,33,20
by_band,1000-1400 km,storm,144.0,cross,median_abs_km,0.1675913098516365,0.16750240500730687,33,20
by_band,1000-1400 km,storm,144.0,cross,quantile_linear_km,0.32083843299479886,0.3043163230909977,33,20
by_band,1000-1400 km,storm,144.0,cross,quantile_inverted_cdf_km,0.34597808807517805,0.3021235986181461,33,20
by_band,1000-1400 km,storm,168.0,radial,n,33.0,20.0,33,20
by_band,1000-1400 km,storm,168.0,radial,inside_1_sigma_count,33.0,20.0,33,20
by_band,1000-1400 km,storm,168.0,radial,inside_2_sigma_count,33.0,20.0,33,20
by_band,1000-1400 km,storm,168.0,radial,median_sigma_km,0.2993842980231261,0.31029539167224074,33,20
by_band,1000-1400 km,storm,168.0,radial,median_abs_km,0.1540173777136179,0.11576277232641208,33,20
by_band,1000-1400 km,storm,168.0,radial,quantile_linear_km,0.20172613465855474,0.18525898434669322,33,20
by_band,1000-1400 km,storm,168.0,radial,quantile_inverted_cdf_km,0.20264422038536,0.18362679441021051,33,20
by_band,1000-1400 km,storm,168.0,in_track,n,33.0,20.0,33,20
by_band,1000-1400 km,storm,168.0,in_track,inside_2_sigma_count,15.0,8.0,33,20
by_band,1000-1400 km,storm,168.0,in_track,inside_1_sigma_fraction,0.030303030303030304,0.05,33,20
by_band,1000-1400 km,storm,168.0,in_track,inside_2_sigma_fraction,0.45454545454545453,0.4,33,20
by_band,1000-1400 km,storm,168.0,in_track,median_sigma_km,3.7035237170932147,0.17257319217647776,33,20
by_band,1000-1400 km,storm,168.0,in_track,median_abs_km,4.349999457788909,0.6828705485978175,33,20
by_band,1000-1400 km,storm,168.0,in_track,quantile_linear_km,14.094608559006682,21.339648824359,33,20
by_band,1000-1400 km,storm,168.0,cross,n,33.0,20.0,33,20
by_band,1000-1400 km,storm,168.0,cross,inside_1_sigma_count,32.0,19.0,33,20
by_band,1000-1400 km,storm,168.0,cross,inside_2_sigma_count,33.0,20.0,33,20
by_band,1000-1400 km,storm,168.0,cross,inside_1_sigma_fraction,0.9696969696969697,0.95,33,20
by_band,1000-1400 km,storm,168.0,cross,median_sigma_km,0.6267350469234458,0.6489119503285738,33,20
by_band,1000-1400 km,storm,168.0,cross,median_abs_km,0.4561727441875645,0.4532478570128788,33,20
by_band,1000-1400 km,storm,168.0,cross,quantile_linear_km,0.6057165509122432,0.638770147439029,33,20
by_band,400-600 km,august,6.0,radial,median_sigma_km,0.06750508743392453,0.06750509177543981,93,93
by_band,400-600 km,august,6.0,in_track,median_sigma_km,0.26229629336862487,0.2622962922629131,93,93
by_band,400-600 km,august,6.0,cross,median_sigma_km,0.007732834662651963,0.00773283589425152,93,93
by_band,400-600 km,august,12.0,radial,median_sigma_km,0.06750508743392453,0.06750509356969504,93,93
by_band,400-600 km,august,12.0,in_track,median_sigma_km,0.26229629336862487,0.2622962908866243,93,93
by_band,400-600 km,august,12.0,cross,median_sigma_km,0.007732834662651963,0.007732836099978555,93,93
by_band,400-600 km,august,24.0,radial,median_sigma_km,0.13501017486784905,0.13501018596627284,93,93
by_band,400-600 km,august,24.0,in_track,median_sigma_km,0.8356083779627435,0.8356083759433709,93,93
by_band,400-600 km,august,24.0,cross,median_sigma_km,0.014429979716707361,0.014429985888424226,93,93
by_band,400-600 km,august,36.0,radial,median_sigma_km,0.20251526230177358,0.20251557130613246,93,93
by_band,400-600 km,august,36.0,in_track,median_sigma_km,1.6289321268762027,1.6289320415566277,93,93
by_band,400-600 km,august,36.0,cross,median_sigma_km,0.02078489590365874,0.02078495720693384,93,93
by_band,400-600 km,august,48.0,radial,median_sigma_km,0.2700203497356981,0.2700215600055217,93,93
by_band,400-600 km,august,48.0,in_track,median_sigma_km,2.733963515965984,2.733962884595481,93,93
by_band,400-600 km,august,48.0,cross,median_sigma_km,0.026927294285789844,0.026927347540111893,93,93
by_band,400-600 km,august,72.0,radial,median_sigma_km,0.40503052460354716,0.40506948631562045,93,93
by_band,400-600 km,august,72.0,in_track,median_sigma_km,5.285267927593578,5.285264544534823,93,93
by_band,400-600 km,august,72.0,cross,median_sigma_km,0.03878598720754369,0.03878627917494588,93,93
by_band,400-600 km,august,96.0,radial,median_sigma_km,0.5400406994713962,0.5402069690399129,93,93
by_band,400-600 km,august,96.0,in_track,median_sigma_km,8.374694754433063,8.374682781390984,93,93
by_band,400-600 km,august,96.0,cross,median_sigma_km,0.050248107882924956,0.050248414942708985,93,93
by_band,400-600 km,august,120.0,radial,median_sigma_km,0.6750508743392453,0.6779160312273274,93,93
by_band,400-600 km,august,120.0,in_track,median_sigma_km,11.968094436098498,11.96802643799888,93,93
by_band,400-600 km,august,120.0,cross,median_sigma_km,0.061424089069990695,0.06142495355345849,93,93
by_band,400-600 km,august,144.0,radial,inside_2_sigma_count,85.0,86.0,93,93
by_band,400-600 km,august,144.0,radial,inside_2_sigma_fraction,0.9139784946236559,0.9247311827956989,93,93
by_band,400-600 km,august,144.0,radial,median_sigma_km,0.8100610492070943,0.8186290710873363,93,93
by_band,400-600 km,august,144.0,in_track,median_sigma_km,16.021936312599333,16.021695899263136,93,93
by_band,400-600 km,august,144.0,cross,median_sigma_km,0.07237721134792567,0.07237902433861006,93,93
by_band,400-600 km,august,168.0,radial,inside_1_sigma_count,66.0,68.0,93,93
by_band,400-600 km,august,168.0,radial,inside_1_sigma_fraction,0.7096774193548387,0.7311827956989247,93,93
by_band,400-600 km,august,168.0,radial,median_sigma_km,0.9450712240749434,0.9610618101252326,93,93
by_band,400-600 km,august,168.0,in_track,median_sigma_km,20.503587903471,20.503032535370664,93,93
by_band,400-600 km,august,168.0,cross,median_sigma_km,0.08314841148947334,0.08314962295458647,93,93
by_band,400-600 km,held-out,6.0,radial,median_sigma_km,0.06729153690497795,0.06729155421786208,100,100
by_band,400-600 km,held-out,6.0,in_track,median_sigma_km,0.5053619956368025,0.5053619922322402,100,100
by_band,400-600 km,held-out,6.0,cross,median_sigma_km,0.009429929095050181,0.009429937495246036,100,100
by_band,400-600 km,held-out,12.0,radial,median_sigma_km,0.06729153690497795,0.06729155278565196,100,100
by_band,400-600 km,held-out,12.0,in_track,median_sigma_km,0.5053619956368025,0.5053619915855188,100,100
by_band,400-600 km,held-out,12.0,cross,median_sigma_km,0.009429929095050181,0.009429932921100788,100,100
by_band,400-600 km,held-out,24.0,radial,median_sigma_km,0.14424256701607396,0.14424275951913273,100,100
by_band,400-600 km,held-out,24.0,in_track,median_sigma_km,1.6998283621458021,1.699828318370351,100,100
by_band,400-600 km,held-out,24.0,cross,median_sigma_km,0.015859187144248804,0.015859210655770145,100,100
by_band,400-600 km,held-out,36.0,radial,median_sigma_km,0.22531693126801086,0.22532359057634316,100,100
by_band,400-600 km,held-out,36.0,in_track,median_sigma_km,3.4559287061125223,3.455928229899672,100,100
by_band,400-600 km,held-out,36.0,cross,median_sigma_km,0.021495589918750068,0.021496009096979934,100,100
by_band,400-600 km,held-out,48.0,radial,inside_2_sigma_count,96.0,97.0,100,100
by_band,400-600 km,held-out,48.0,radial,inside_2_sigma_fraction,0.96,0.97,100,100
by_band,400-600 km,held-out,48.0,radial,median_sigma_km,0.32471114530546535,0.32486126589699416,100,100
by_band,400-600 km,held-out,48.0,in_track,median_sigma_km,5.717518305099992,5.7175168697251255,100,100
by_band,400-600 km,held-out,48.0,cross,median_sigma_km,0.026671867236873228,0.026672422056642484,100,100
by_band,400-600 km,held-out,72.0,radial,median_sigma_km,0.5114705959953171,0.5119512100302284,100,100
by_band,400-600 km,held-out,72.0,in_track,median_sigma_km,11.624312241369712,11.624299067110378,100,100
by_band,400-600 km,held-out,72.0,cross,median_sigma_km,0.03615112901288164,0.036155741401044175,100,100
by_band,400-600 km,held-out,96.0,radial,inside_1_sigma_count,71.0,75.0,97,97
by_band,400-600 km,held-out,96.0,radial,inside_1_sigma_fraction,0.7319587628865979,0.7731958762886598,97,97
by_band,400-600 km,held-out,96.0,radial,median_sigma_km,0.7018645085269971,0.7038142423990481,97,97
by_band,400-600 km,held-out,96.0,in_track,median_sigma_km,19.231362587624307,19.231313290734903,97,97
by_band,400-600 km,held-out,96.0,cross,median_sigma_km,0.04485655509521939,0.04485790182761752,97,97
by_band,400-600 km,held-out,120.0,radial,inside_1_sigma_count,67.0,68.0,93,93
by_band,400-600 km,held-out,120.0,radial,inside_2_sigma_count,74.0,78.0,93,93
by_band,400-600 km,held-out,120.0,radial,inside_1_sigma_fraction,0.7204301075268817,0.7311827956989247,93,93
by_band,400-600 km,held-out,120.0,radial,inside_2_sigma_fraction,0.7956989247311828,0.8387096774193549,93,93
by_band,400-600 km,held-out,120.0,radial,median_sigma_km,0.8971277616210015,0.9086208931617078,93,93
by_band,400-600 km,held-out,120.0,in_track,median_sigma_km,28.41859343272389,28.418408249183944,93,93
by_band,400-600 km,held-out,120.0,cross,median_sigma_km,0.053028388237615486,0.05303083379226501,93,93
by_band,400-600 km,held-out,144.0,radial,inside_2_sigma_count,63.0,68.0,89,89
by_band,400-600 km,held-out,144.0,radial,inside_2_sigma_fraction,0.7078651685393258,0.7640449438202247,89,89
by_band,400-600 km,held-out,144.0,radial,median_sigma_km,1.096361223310805,1.2180439264929692,89,89
by_band,400-600 km,held-out,144.0,in_track,median_sigma_km,39.099369974230655,39.09868036865052,89,89
by_band,400-600 km,held-out,144.0,cross,median_sigma_km,0.06079870958861345,0.060818529734933416,89,89
by_band,400-600 km,held-out,168.0,radial,inside_2_sigma_count,59.0,63.0,85,85
by_band,400-600 km,held-out,168.0,radial,inside_2_sigma_fraction,0.6941176470588235,0.7411764705882353,85,85
by_band,400-600 km,held-out,168.0,radial,median_sigma_km,1.298958078906107,1.655951652475568,85,85
by_band,400-600 km,held-out,168.0,in_track,median_sigma_km,51.206682615791735,51.20463788820926,85,85
by_band,400-600 km,held-out,168.0,cross,median_sigma_km,0.06785346212386184,0.06785422889491295,85,85
by_band,400-600 km,quiet,6.0,radial,median_sigma_km,0.0658629272269975,0.06586292893457213,95,95
by_band,400-600 km,quiet,6.0,in_track,median_sigma_km,0.25220823748954563,0.25220823722946656,95,95
by_band,400-600 km,quiet,6.0,cross,median_sigma_km,0.01020008776583759,0.010200088916922553,95,95
by_band,400-600 km,quiet,12.0,radial,median_sigma_km,0.0658629272269975,0.06586292897079564,95,95
by_band,400-600 km,quiet,12.0,in_track,median_sigma_km,0.25220823748954563,0.2522082370252211,95,95
by_band,400-600 km,quiet,12.0,cross,median_sigma_km,0.01020008776583759,0.010200092174817266,95,95
by_band,400-600 km,quiet,24.0,radial,median_sigma_km,0.13834761787325978,0.1383476404698775,95,95
by_band,400-600 km,quiet,24.0,in_track,median_sigma_km,0.9771599667075203,0.9771599638484904,95,95
by_band,400-600 km,quiet,24.0,cross,median_sigma_km,0.02040017553167518,0.020400179840318493,95,95
by_band,400-600 km,quiet,36.0,radial,median_sigma_km,0.21238354777768811,0.21238362649928896,95,95
by_band,400-600 km,quiet,36.0,in_track,median_sigma_km,1.9866683334695503,1.9866683071519122,95,95
by_band,400-600 km,quiet,36.0,cross,median_sigma_km,0.030600263297512767,0.03060032790806504,95,95
by_band,400-600 km,quiet,48.0,radial,median_sigma_km,0.28728076239917283,0.28728102229178126,95,95
by_band,400-600 km,quiet,48.0,in_track,median_sigma_km,3.2873449384027915,3.287344913751591,95,95
by_band,400-600 km,quiet,48.0,cross,median_sigma_km,0.04080035106335036,0.04080070544359842,95,95
by_band,400-600 km,quiet,72.0,radial,median_sigma_km,0.4397464748304597,0.43974759499566274,95,95
by_band,400-600 km,quiet,72.0,in_track,median_sigma_km,7.102621453966157,7.102621381508335,95,95
by_band,400-600 km,quiet,72.0,cross,median_sigma_km,0.061200526595025534,0.061201352201914166,95,95
by_band,400-600 km,quiet,96.0,radial,median_sigma_km,0.594823393212545,0.5948419433639591,95,95
by_band,400-600 km,quiet,96.0,in_track,median_sigma_km,12.268805128365353,12.26880422082272,95,95
by_band,400-600 km,quiet,96.0,cross,median_sigma_km,0.08160070212670072,0.08160093240046842,95,95
by_band,400-600 km,quiet,120.0,radial,median_sigma_km,0.7462081521525594,0.7472884228142938,95,95
by_band,400-600 km,quiet,120.0,in_track,median_sigma_km,18.746979009212513,18.746975222254775,95,95
by_band,400-600 km,quiet,120.0,cross,median_sigma_km,0.10108474155262029,0.10108827459775058,95,95
by_band,400-600 km,quiet,144.0,radial,median_sigma_km,0.8954497825830714,0.9002769216606336,95,95
by_band,400-600 km,quiet,144.0,in_track,median_sigma_km,26.507920571790212,26.50790990124505,95,95
by_band,400-600 km,quiet,144.0,cross,median_sigma_km,0.11911013763782222,0.11911429662111728,95,95
by_band,400-600 km,quiet,168.0,radial,median_sigma_km,1.0521446862097392,1.061944900258927,95,95
by_band,400-600 km,quiet,168.0,in_track,median_sigma_km,35.52831092526059,35.528248047182,95,95
by_band,400-600 km,quiet,168.0,cross,median_sigma_km,0.1368361470749217,0.13684488365245237,95,95
by_band,400-600 km,storm,6.0,radial,median_sigma_km,0.06086755584605774,0.060867559575011804,91,91
by_band,400-600 km,storm,6.0,in_track,median_sigma_km,0.2824369442008086,0.2824369436851155,91,91
by_band,400-600 km,storm,6.0,cross,median_sigma_km,0.010753455837116491,0.010753457443394909,91,91
by_band,400-600 km,storm,12.0,radial,median_sigma_km,0.06086755584605774,0.060867558163187195,91,91
by_band,400-600 km,storm,12.0,in_track,median_sigma_km,0.2824369442008086,0.282436943587636,91,91
by_band,400-600 km,storm,12.0,cross,median_sigma_km,0.010753455837116491,0.010753457536039216,91,91
by_band,400-600 km,storm,24.0,radial,median_sigma_km,0.1350735636123407,0.13507369592513194,91,91
by_band,400-600 km,storm,24.0,in_track,median_sigma_km,1.1297477768032345,1.1297477668181188,91,91
by_band,400-600 km,storm,24.0,cross,median_sigma_km,0.021663953486225376,0.021663968764920806,91,91
by_band,400-600 km,storm,36.0,radial,median_sigma_km,0.2092686563891193,0.20926890991782307,91,91
by_band,400-600 km,storm,36.0,in_track,median_sigma_km,2.478854216021,2.478854196487278,91,91
by_band,400-600 km,storm,36.0,cross,median_sigma_km,0.033161451873416806,0.033161574873840055,91,91
by_band,400-600 km,storm,48.0,radial,median_sigma_km,0.2830674022671754,0.28306899097173094,91,91
by_band,400-600 km,storm,48.0,in_track,median_sigma_km,4.160453880295362,4.16045352249144,91,91
by_band,400-600 km,storm,48.0,cross,median_sigma_km,0.04419303240128526,0.044193057202135684,91,91
by_band,400-600 km,storm,72.0,radial,median_sigma_km,0.43329699923813797,0.43335904912624634,88,88
by_band,400-600 km,storm,72.0,in_track,median_sigma_km,8.631871736344214,8.631864805646353,88,88
by_band,400-600 km,storm,72.0,cross,median_sigma_km,0.06365550029597176,0.06365568019379696,88,88
by_band,400-600 km,storm,96.0,radial,median_sigma_km,0.5860995053002078,0.5868772702467624,86,86
by_band,400-600 km,storm,96.0,in_track,median_sigma_km,14.487541876234694,14.48750963713362,86,86
by_band,400-600 km,storm,96.0,cross,median_sigma_km,0.0824671144529085,0.08246736872712881,86,86
by_band,400-600 km,storm,120.0,radial,inside_2_sigma_count,82.0,84.0,84,84
by_band,400-600 km,storm,120.0,radial,inside_2_sigma_fraction,0.9761904761904762,1.0,84,84
by_band,400-600 km,storm,120.0,radial,median_sigma_km,0.7408441714993789,0.7464224597450491,84,84
by_band,400-600 km,storm,120.0,in_track,median_sigma_km,21.648745139296704,21.648615551457674,84,84
by_band,400-600 km,storm,120.0,cross,median_sigma_km,0.10080911693834921,0.10080935071720787,84,84
by_band,400-600 km,storm,144.0,radial,inside_1_sigma_count,72.0,75.0,81,81
by_band,400-600 km,storm,144.0,radial,inside_2_sigma_count,75.0,79.0,81,81
by_band,400-600 km,storm,144.0,radial,inside_1_sigma_fraction,0.8888888888888888,0.9259259259259259,81,81
by_band,400-600 km,storm,144.0,radial,inside_2_sigma_fraction,0.9259259259259259,0.9753086419753086,81,81
by_band,400-600 km,storm,144.0,radial,median_sigma_km,0.8971543698339366,0.9176921879031361,81,81
by_band,400-600 km,storm,144.0,in_track,median_sigma_km,30.0579232094974,30.0577114556725,81,81
by_band,400-600 km,storm,144.0,cross,median_sigma_km,0.11878536373784533,0.11878752218960272,81,81
by_band,400-600 km,storm,168.0,radial,inside_1_sigma_count,63.0,64.0,78,78
by_band,400-600 km,storm,168.0,radial,inside_2_sigma_count,70.0,75.0,78,78
by_band,400-600 km,storm,168.0,radial,inside_1_sigma_fraction,0.8076923076923077,0.8205128205128205,78,78
by_band,400-600 km,storm,168.0,radial,inside_2_sigma_fraction,0.8974358974358975,0.9615384615384616,78,78
by_band,400-600 km,storm,168.0,radial,median_sigma_km,1.0547785901838422,1.1860730376477893,78,78
by_band,400-600 km,storm,168.0,in_track,median_sigma_km,39.6700905638261,39.66970537577096,78,78
by_band,400-600 km,storm,168.0,cross,median_sigma_km,0.13646304021748137,0.13646447096766745,78,78
by_band,600-750 km,august,6.0,radial,median_sigma_km,0.028923689102971578,0.028923718073359434,39,39
by_band,600-750 km,august,6.0,in_track,median_sigma_km,0.3262844365599852,0.32628443643387467,39,39
by_band,600-750 km,august,6.0,cross,median_sigma_km,0.023528732815639525,0.023528732869905724,39,39
by_band,600-750 km,august,12.0,radial,median_sigma_km,0.028923689102971578,0.028923737761815286,37,37
by_band,600-750 km,august,12.0,in_track,median_sigma_km,0.3262844365599852,0.32628443632274784,37,37
by_band,600-750 km,august,12.0,cross,median_sigma_km,0.023528732815639525,0.023528732833334773,37,37
by_band,600-750 km,august,24.0,radial,median_sigma_km,0.057847378205943156,0.057847848755910716,34,34
by_band,600-750 km,august,24.0,in_track,median_sigma_km,0.8317385922928134,0.8317385914299587,34,34
by_band,600-750 km,august,24.0,cross,median_sigma_km,0.04705746563127905,0.04705746691804241,34,34
by_band,600-750 km,august,36.0,radial,median_sigma_km,0.08677106730891473,0.08677374868444329,29,29
by_band,600-750 km,august,36.0,in_track,median_sigma_km,1.437838316289001,1.4378383154997285,29,29
by_band,600-750 km,august,36.0,cross,median_sigma_km,0.07058619844691857,0.07058619893798174,29,29
by_band,600-750 km,august,48.0,radial,median_sigma_km,0.11569475641188631,0.11570717828138978,25,25
by_band,600-750 km,august,48.0,in_track,median_sigma_km,2.1202025239167366,2.120202521640712,25,25
by_band,600-750 km,august,48.0,cross,median_sigma_km,0.0941149312625581,0.09411493128108574,25,25
by_band,600-750 km,august,72.0,radial,median_sigma_km,0.17354213461782947,0.17357979305993315,19,19
by_band,600-750 km,august,72.0,in_track,median_sigma_km,3.665224212785962,3.6652238829961914,19,19
by_band,600-750 km,august,72.0,cross,median_sigma_km,0.14117239689383715,0.14117239703997314,19,19
by_band,600-750 km,august,96.0,radial,median_sigma_km,0.23138951282377263,0.23148565329132736,12,12
by_band,600-750 km,august,96.0,in_track,median_sigma_km,5.404653317854398,5.404650392178787,12,12
by_band,600-750 km,august,96.0,cross,median_sigma_km,0.1882298625251162,0.18822986355955246,12,12
by_band,600-750 km,august,120.0,radial,median_sigma_km,0.5292982913135538,0.5293484870079637,4,4
by_band,600-750 km,august,120.0,in_track,median_sigma_km,9.631870112815921,9.631865805441688,4,4
by_band,600-750 km,august,120.0,cross,median_sigma_km,0.027493062205967082,0.02749390904032391,4,4
by_band,600-750 km,held-out,6.0,radial,n,41.0,42.0,41,42
by_band,600-750 km,held-out,6.0,radial,inside_1_sigma_count,17.0,18.0,41,42
by_band,600-750 km,held-out,6.0,radial,inside_2_sigma_count,24.0,25.0,41,42
by_band,600-750 km,held-out,6.0,radial,inside_1_sigma_fraction,0.4146341463414634,0.42857142857142855,41,42
by_band,600-750 km,held-out,6.0,radial,inside_2_sigma_fraction,0.5853658536585366,0.5952380952380952,41,42
by_band,600-750 km,held-out,6.0,radial,median_sigma_km,0.02766056551597919,0.02766075668210746,41,42
by_band,600-750 km,held-out,6.0,radial,median_abs_km,0.05539235365867667,0.05526517703834739,41,42
by_band,600-750 km,held-out,6.0,radial,quantile_linear_km,0.22020366939447386,0.21919957653555303,41,42
by_band,600-750 km,held-out,6.0,in_track,n,41.0,42.0,41,42
by_band,600-750 km,held-out,6.0,in_track,inside_2_sigma_count,30.0,31.0,41,42
by_band,600-750 km,held-out,6.0,in_track,inside_1_sigma_fraction,0.4146341463414634,0.40476190476190477,41,42
by_band,600-750 km,held-out,6.0,in_track,inside_2_sigma_fraction,0.7317073170731707,0.7380952380952381,41,42
by_band,600-750 km,held-out,6.0,in_track,median_sigma_km,0.5726291256681583,0.5726291248949089,41,42
by_band,600-750 km,held-out,6.0,in_track,median_abs_km,0.6835830125340674,0.6722624477678797,41,42
by_band,600-750 km,held-out,6.0,in_track,quantile_linear_km,2.335130115227579,2.3138723864068864,41,42
by_band,600-750 km,held-out,6.0,cross,n,41.0,42.0,41,42
by_band,600-750 km,held-out,6.0,cross,inside_1_sigma_fraction,0.024390243902439025,0.023809523809523808,41,42
by_band,600-750 km,held-out,6.0,cross,inside_2_sigma_fraction,0.12195121951219512,0.11904761904761904,41,42
by_band,600-750 km,held-out,6.0,cross,median_sigma_km,0.016984282758098868,0.016984283072492033,41,42
by_band,600-750 km,held-out,6.0,cross,median_abs_km,0.11541746437228922,0.12996810581728654,41,42
by_band,600-750 km,held-out,6.0,cross,quantile_linear_km,0.27436058245457956,0.2740834944563169,41,42
by_band,600-750 km,held-out,12.0,radial,n,40.0,41.0,40,41
by_band,600-750 km,held-out,12.0,radial,inside_1_sigma_fraction,0.375,0.36585365853658536,40,41
by_band,600-750 km,held-out,12.0,radial,inside_2_sigma_fraction,0.7,0.6829268292682927,40,41
by_band,600-750 km,held-out,12.0,radial,median_sigma_km,0.02766056551597919,0.02766078206500968,40,41
by_band,600-750 km,held-out,12.0,radial,median_abs_km,0.04292040952111612,0.04332140573415724,40,41
by_band,600-750 km,held-out,12.0,radial,quantile_linear_km,0.1788145275923966,0.17848126405032258,40,41
by_band,600-750 km,held-out,12.0,in_track,n,40.0,41.0,40,41
by_band,600-750 km,held-out,12.0,in_track,inside_1_sigma_fraction,0.55,0.5365853658536586,40,41
by_band,600-750 km,held-out,12.0,in_track,inside_2_sigma_fraction,0.725,0.7073170731707317,40,41
by_band,600-750 km,held-out,12.0,in_track,median_sigma_km,0.5726291256681583,0.5726291250094852,40,41
by_band,600-750 km,held-out,12.0,in_track,median_abs_km,0.4678809507550913,0.4825225163870674,40,41
by_band,600-750 km,held-out,12.0,in_track,quantile_linear_km,4.5254454856825905,4.462913718565266,40,41
by_band,600-750 km,held-out,12.0,cross,n,40.0,41.0,40,41
by_band,600-750 km,held-out,12.0,cross,inside_1_sigma_fraction,0.05,0.04878048780487805,40,41
by_band,600-750 km,held-out,12.0,cross,inside_2_sigma_fraction,0.1,0.0975609756097561,40,41
by_band,600-750 km,held-out,12.0,cross,median_sigma_km,0.016984282758098868,0.01698428332194864,40,41
by_band,600-750 km,held-out,12.0,cross,median_abs_km,0.1592514385465516,0.16348049227278713,40,41
by_band,600-750 km,held-out,12.0,cross,quantile_linear_km,0.28233341166670717,0.28027769251401946,40,41
by_band,600-750 km,held-out,24.0,radial,median_sigma_km,0.05727202650461927,0.05727353220440624,39,39
by_band,600-750 km,held-out,24.0,in_track,median_sigma_km,1.4597010752657769,1.459701071734245,39,39
by_band,600-750 km,held-out,24.0,cross,median_sigma_km,0.03281147147355914,0.03281147883586916,39,39
by_band,600-750 km,held-out,36.0,radial,n,36.0,37.0,36,37
by_band,600-750 km,held-out,36.0,radial,inside_1_sigma_count,22.0,23.0,36,37
by_band,600-750 km,held-out,36.0,radial,inside_2_sigma_count,35.0,36.0,36,37
by_band,600-750 km,held-out,36.0,radial,inside_1_sigma_fraction,0.6111111111111112,0.6216216216216216,36,37
by_band,600-750 km,held-out,36.0,radial,inside_2_sigma_fraction,0.9722222222222222,0.972972972972973,36,37
by_band,600-750 km,held-out,36.0,radial,median_sigma_km,0.0876674496108741,0.08767443079208045,36,37
by_band,600-750 km,held-out,36.0,radial,median_abs_km,0.09507893430197917,0.0940107058127514,36,37
by_band,600-750 km,held-out,36.0,radial,quantile_linear_km,0.15552560361473372,0.15536838331248998,36,37
by_band,600-750 km,held-out,36.0,in_track,n,36.0,37.0,36,37
by_band,600-750 km,held-out,36.0,in_track,inside_1_sigma_count,26.0,27.0,36,37
by_band,600-750 km,held-out,36.0,in_track,inside_2_sigma_count,31.0,32.0,36,37
by_band,600-750 km,held-out,36.0,in_track,inside_1_sigma_fraction,0.7222222222222222,0.7297297297297297,36,37
by_band,600-750 km,held-out,36.0,in_track,inside_2_sigma_fraction,0.8611111111111112,0.8648648648648649,36,37
by_band,600-750 km,held-out,36.0,in_track,median_sigma_km,2.523405978505446,2.5234059721378923,36,37
by_band,600-750 km,held-out,36.0,in_track,median_abs_km,1.5520592981616446,1.3732605269252196,36,37
by_band,600-750 km,held-out,36.0,in_track,quantile_linear_km,9.61195068171718,9.597084271551397,36,37
by_band,600-750 km,held-out,36.0,cross,n,36.0,37.0,36,37
by_band,600-750 km,held-out,36.0,cross,inside_1_sigma_fraction,0.3055555555555556,0.2972972972972973,36,37
by_band,600-750 km,held-out,36.0,cross,inside_2_sigma_fraction,0.3888888888888889,0.3783783783783784,36,37
by_band,600-750 km,held-out,36.0,cross,median_sigma_km,0.048229460449894665,0.04822947583697434,36,37
by_band,600-750 km,held-out,36.0,cross,median_abs_km,0.12145057183327083,0.12194839999355137,36,37
by_band,600-750 km,held-out,36.0,cross,quantile_linear_km,0.29301742184645685,0.3069382232826979,36,37
by_band,600-750 km,held-out,36.0,cross,quantile_inverted_cdf_km,0.30620979404395743,0.3098519402376597,36,37
by_band,600-750 km,held-out,48.0,radial,median_sigma_km,0.11858344031509205,0.1186033684624668,33,33
by_band,600-750 km,held-out,48.0,in_track,median_sigma_km,3.7209550363787005,3.7209550058348846,33,33
by_band,600-750 km,held-out,48.0,cross,median_sigma_km,0.06338758460358401,0.06338762686788241,33,33
by_band,600-750 km,held-out,72.0,radial,median_sigma_km,0.18151807108953877,0.1815523152560568,27,27
by_band,600-750 km,held-out,72.0,in_track,median_sigma_km,6.432467813890155,6.432467724646182,27,27
by_band,600-750 km,held-out,72.0,cross,median_sigma_km,0.09317317594599456,0.09317317781826627,27,27
by_band,600-750 km,held-out,96.0,radial,median_sigma_km,0.2455305526133046,0.24569255500915346,22,22
by_band,600-750 km,held-out,96.0,in_track,median_sigma_km,9.485165570787208,9.485164349957055,22,22
by_band,600-750 km,held-out,96.0,cross,median_sigma_km,0.12245674154279801,0.12245681841643544,22,22
by_band,600-750 km,held-out,120.0,radial,median_sigma_km,0.3103566496535717,0.3118947944995363,18,18
by_band,600-750 km,held-out,120.0,in_track,median_sigma_km,12.819569281932123,12.819566060777698,18,18
by_band,600-750 km,held-out,120.0,cross,median_sigma_km,0.15137257941684412,0.15137267857831355,18,18
by_band,600-750 km,held-out,144.0,radial,median_sigma_km,0.3758385840846902,0.3777598273634914,13,13
by_band,600-750 km,held-out,144.0,in_track,median_sigma_km,16.3971404241656,16.397133485608517,13,13
by_band,600-750 km,held-out,144.0,cross,median_sigma_km,0.1799987110550854,0.17999887833491557,13,13
by_band,600-750 km,held-out,168.0,radial,median_sigma_km,0.7852692923543663,0.7866380840260522,8,8
by_band,600-750 km,held-out,168.0,in_track,median_sigma_km,24.536050417483555,24.53596700919808,8,8
by_band,600-750 km,held-out,168.0,cross,median_sigma_km,0.026210506500187178,0.026239057634455182,8,8
by_band,600-750 km,quiet,6.0,radial,median_sigma_km,0.028973062634779154,0.028973285441355585,45,45
by_band,600-750 km,quiet,6.0,in_track,median_sigma_km,0.8140230977654749,0.814023089816638,45,45
by_band,600-750 km,quiet,6.0,cross,median_sigma_km,0.01776550133066086,0.017765501493617834,45,45
by_band,600-750 km,quiet,12.0,radial,median_sigma_km,0.028973062634779154,0.02897320402672942,45,45
by_band,600-750 km,quiet,12.0,in_track,median_sigma_km,0.8140230977654749,0.8140230927213628,45,45
by_band,600-750 km,quiet,12.0,cross,median_sigma_km,0.01776550133066086,0.017765501566947138,45,45
by_band,600-750 km,quiet,24.0,radial,n,43.0,44.0,43,44
by_band,600-750 km,quiet,24.0,radial,inside_1_sigma_count,10.0,11.0,43,44
by_band,600-750 km,quiet,24.0,radial,inside_2_sigma_count,25.0,26.0,43,44
by_band,600-750 km,quiet,24.0,radial,inside_1_sigma_fraction,0.23255813953488372,0.25,43,44
by_band,600-750 km,quiet,24.0,radial,inside_2_sigma_fraction,0.5813953488372093,0.5909090909090909,43,44
by_band,600-750 km,quiet,24.0,radial,median_sigma_km,0.05794612526955831,0.0579474872072074,43,44
by_band,600-750 km,quiet,24.0,radial,median_abs_km,0.11871637444278173,0.11697026096785527,43,44
by_band,600-750 km,quiet,24.0,radial,quantile_linear_km,0.20148826717008755,0.20103522282901884,43,44
by_band,600-750 km,quiet,24.0,in_track,n,43.0,44.0,43,44
by_band,600-750 km,quiet,24.0,in_track,inside_1_sigma_count,35.0,36.0,43,44
by_band,600-750 km,quiet,24.0,in_track,inside_2_sigma_count,43.0,44.0,43,44
by_band,600-750 km,quiet,24.0,in_track,inside_1_sigma_fraction,0.813953488372093,0.8181818181818182,43,44
by_band,600-750 km,quiet,24.0,in_track,median_sigma_km,1.744896708153245,1.744896662006854,43,44
by_band,600-750 km,quiet,24.0,in_track,median_abs_km,0.7405042569957931,0.724419404888575,43,44
by_band,600-750 km,quiet,24.0,in_track,quantile_linear_km,3.2402083016044836,3.2275549595442854,43,44
by_band,600-750 km,quiet,24.0,cross,n,43.0,44.0,43,44
by_band,600-750 km,quiet,24.0,cross,inside_1_sigma_fraction,0.09302325581395349,0.09090909090909091,43,44
by_band,600-750 km,quiet,24.0,cross,inside_2_sigma_fraction,0.18604651162790697,0.18181818181818182,43,44
by_band,600-750 km,quiet,24.0,cross,median_sigma_km,0.03315159770539527,0.03315160143184685,43,44
by_band,600-750 km,quiet,24.0,cross,median_abs_km,0.09025382402044674,0.0940054133924445,43,44
by_band,600-750 km,quiet,24.0,cross,quantile_linear_km,0.24646269601591775,0.24634547623607078,43,44
by_band,600-750 km,quiet,36.0,radial,median_sigma_km,0.08691918790433746,0.08692134549759105,42,42
by_band,600-750 km,quiet,36.0,in_track,median_sigma_km,2.7256501308447394,2.725650060953768,42,42
by_band,600-750 km,quiet,36.0,cross,median_sigma_km,0.047751453631553746,0.04775145582201297,42,42
by_band,600-750 km,quiet,48.0,radial,median_sigma_km,0.11589225053911661,0.11589608149039335,41,41
by_band,600-750 km,quiet,48.0,in_track,median_sigma_km,3.740267973331166,3.740267854332762,41,41
by_band,600-750 km,quiet,48.0,cross,median_sigma_km,0.061863068762579417,0.06186308111037863,41,41
by_band,600-750 km,quiet,72.0,radial,n,37.0,38.0,37,38
by_band,600-750 km,quiet,72.0,radial,inside_1_sigma_count,34.0,35.0,37,38
by_band,600-750 km,quiet,72.0,radial,inside_2_sigma_count,37.0,38.0,37,38
by_band,600-750 km,quiet,72.0,radial,inside_1_sigma_fraction,0.918918918918919,0.9210526315789473,37,38
by_band,600-750 km,quiet,72.0,radial,median_sigma_km,0.17383837580867492,0.17385714321867846,37,38
by_band,600-750 km,quiet,72.0,radial,median_abs_km,0.08028769810171883,0.08655174214868402,37,38
by_band,600-750 km,quiet,72.0,radial,quantile_linear_km,0.32382055738143173,0.3231597436382007,37,38
by_band,600-750 km,quiet,72.0,in_track,n,37.0,38.0,37,38
by_band,600-750 km,quiet,72.0,in_track,inside_1_sigma_count,32.0,33.0,37,38
by_band,600-750 km,quiet,72.0,in_track,inside_2_sigma_count,35.0,36.0,37,38
by_band,600-750 km,quiet,72.0,in_track,inside_1_sigma_fraction,0.8648648648648649,0.868421052631579,37,38
by_band,600-750 km,quiet,72.0,in_track,inside_2_sigma_fraction,0.9459459459459459,0.9473684210526315,37,38
by_band,600-750 km,quiet,72.0,in_track,median_sigma_km,5.842558956795934,5.84255888916544,37,38
by_band,600-750 km,quiet,72.0,in_track,median_abs_km,1.3027461679963066,1.2387298553104045,37,38
by_band,600-750 km,quiet,72.0,in_track,quantile_linear_km,11.407643917634509,11.384023512055812,37,38
by_band,600-750 km,quiet,72.0,cross,n,37.0,38.0,37,38
by_band,600-750 km,quiet,72.0,cross,inside_1_sigma_fraction,0.21621621621621623,0.21052631578947367,37,38
by_band,600-750 km,quiet,72.0,cross,inside_2_sigma_fraction,0.4864864864864865,0.47368421052631576,37,38
by_band,600-750 km,quiet,72.0,cross,median_sigma_km,0.08910736326415947,0.0891073840465123,37,38
by_band,600-750 km,quiet,72.0,cross,median_abs_km,0.1389854129219244,0.14237453485206492,37,38
by_band,600-750 km,quiet,72.0,cross,quantile_linear_km,0.41912062187467125,0.41701747323276384,37,38
by_band,600-750 km,quiet,96.0,radial,n,35.0,36.0,35,36
by_band,600-750 km,quiet,96.0,radial,inside_1_sigma_count,26.0,27.0,35,36
by_band,600-750 km,quiet,96.0,radial,inside_2_sigma_count,35.0,36.0,35,36
by_band,600-750 km,quiet,96.0,radial,inside_1_sigma_fraction,0.7428571428571429,0.75,35,36
by_band,600-750 km,quiet,96.0,radial,median_sigma_km,0.23178450107823323,0.23181987622045602,35,36
by_band,600-750 km,quiet,96.0,radial,median_abs_km,0.14806553181800242,0.1533527440902247,35,36
by_band,600-750 km,quiet,96.0,radial,quantile_linear_km,0.39911141259769983,0.3955170209434522,35,36
by_band,600-750 km,quiet,96.0,in_track,n,35.0,36.0,35,36
by_band,600-750 km,quiet,96.0,in_track,inside_1_sigma_count,28.0,29.0,35,36
by_band,600-750 km,quiet,96.0,in_track,inside_2_sigma_count,32.0,33.0,35,36
by_band,600-750 km,quiet,96.0,in_track,inside_1_sigma_fraction,0.8,0.8055555555555556,35,36
by_band,600-750 km,quiet,96.0,in_track,inside_2_sigma_fraction,0.9142857142857143,0.9166666666666666,35,36
by_band,600-750 km,quiet,96.0,in_track,median_sigma_km,8.017439913181496,8.017439303500257,35,36
by_band,600-750 km,quiet,96.0,in_track,median_abs_km,3.0141756287348613,2.734139292013284,35,36
by_band,600-750 km,quiet,96.0,in_track,quantile_linear_km,16.90398073802029,16.831787233958096,35,36
by_band,600-750 km,quiet,96.0,cross,n,35.0,36.0,35,36
by_band,600-750 km,quiet,96.0,cross,inside_1_sigma_fraction,0.5714285714285714,0.5555555555555556,35,36
by_band,600-750 km,quiet,96.0,cross,inside_2_sigma_fraction,0.8,0.7777777777777778,35,36
by_band,600-750 km,quiet,96.0,cross,median_sigma_km,0.11544056822639338,0.11544067070429652,35,36
by_band,600-750 km,quiet,96.0,cross,median_abs_km,0.08937147294602599,0.0985584393379558,35,36
by_band,600-750 km,quiet,96.0,cross,quantile_linear_km,0.2663408634941471,0.2657098689226288,35,36
by_band,600-750 km,quiet,120.0,radial,median_sigma_km,0.28973062634779156,0.28982200758644755,35,35
by_band,600-750 km,quiet,120.0,in_track,median_sigma_km,10.247943635643642,10.247942183175589,35,35
by_band,600-750 km,quiet,120.0,cross,median_sigma_km,0.14111639310975715,0.14111666541727297,35,35
by_band,600-750 km,quiet,144.0,radial,median_sigma_km,0.34767675161734984,0.34796636661845287,35,35
by_band,600-750 km,quiet,144.0,in_track,median_sigma_km,12.523799286395223,12.523794132674007,35,35
by_band,600-750 km,quiet,144.0,cross,median_sigma_km,0.16628021942863144,0.1662803506264817,35,35
by_band,600-750 km,quiet,168.0,radial,median_sigma_km,0.4056228768869081,0.4064723490123284,35,35
by_band,600-750 km,quiet,168.0,in_track,median_sigma_km,14.838075185234697,14.838060550036813,35,35
by_band,600-750 km,quiet,168.0,cross,median_sigma_km,0.19102609578516208,0.19102642038743686,35,35
by_band,600-750 km,storm,6.0,radial,n,44.0,41.0,44,41
by_band,600-750 km,storm,6.0,radial,inside_1_sigma_count,17.0,14.0,44,41
by_band,600-750 km,storm,6.0,radial,inside_2_sigma_count,26.0,23.0,44,41
by_band,600-750 km,storm,6.0,radial,inside_1_sigma_fraction,0.38636363636363635,0.34146341463414637,44,41
by_band,600-750 km,storm,6.0,radial,inside_2_sigma_fraction,0.5909090909090909,0.5609756097560976,44,41
by_band,600-750 km,storm,6.0,radial,median_sigma_km,0.02921863065859328,0.029218743320533563,44,41
by_band,600-750 km,storm,6.0,radial,median_abs_km,0.06044744332297824,0.0663326594388134,44,41
by_band,600-750 km,storm,6.0,radial,quantile_linear_km,0.19153045545518121,0.19508620750071276,44,41
by_band,600-750 km,storm,6.0,in_track,n,44.0,41.0,44,41
by_band,600-750 km,storm,6.0,in_track,inside_1_sigma_count,19.0,17.0,44,41
by_band,600-750 km,storm,6.0,in_track,inside_2_sigma_count,37.0,34.0,44,41
by_band,600-750 km,storm,6.0,in_track,inside_1_sigma_fraction,0.4318181818181818,0.4146341463414634,44,41
by_band,600-750 km,storm,6.0,in_track,inside_2_sigma_fraction,0.8409090909090909,0.8292682926829268,44,41
by_band,600-750 km,storm,6.0,in_track,median_sigma_km,0.5555611959843545,0.5555611897819938,44,41
by_band,600-750 km,storm,6.0,in_track,median_abs_km,0.6272283858157177,0.7406992137465821,44,41
by_band,600-750 km,storm,6.0,in_track,quantile_linear_km,1.1479765120258736,1.149851817071967,44,41
by_band,600-750 km,storm,6.0,cross,n,44.0,41.0,44,41
by_band,600-750 km,storm,6.0,cross,inside_1_sigma_fraction,0.045454545454545456,0.04878048780487805,44,41
by_band,600-750 km,storm,6.0,cross,inside_2_sigma_fraction,0.09090909090909091,0.0975609756097561,44,41
by_band,600-750 km,storm,6.0,cross,median_sigma_km,0.020821969228670332,0.020821969414145443,44,41
by_band,600-750 km,storm,6.0,cross,median_abs_km,0.11568293868816128,0.11351010241650328,44,41
by_band,600-750 km,storm,6.0,cross,quantile_linear_km,0.28737660943586885,0.28938765649838916,44,41
by_band,600-750 km,storm,12.0,radial,n,43.0,39.0,43,39
by_band,600-750 km,storm,12.0,radial,inside_2_sigma_count,28.0,27.0,43,39
by_band,600-750 km,storm,12.0,radial,inside_1_sigma_fraction,0.18604651162790697,0.20512820512820512,43,39
by_band,600-750 km,storm,12.0,radial,inside_2_sigma_fraction,0.6511627906976745,0.6923076923076923,43,39
by_band,600-750 km,storm,12.0,radial,median_sigma_km,0.02921863065859328,0.029218721913634043,43,39
by_band,600-750 km,storm,12.0,radial,median_abs_km,0.0675267974250196,0.05584212166452697,43,39
by_band,600-750 km,storm,12.0,radial,quantile_linear_km,0.175172771412995,0.12044269449959648,43,39
by_band,600-750 km,storm,12.0,radial,quantile_inverted_cdf_km,0.18026604258628917,0.12494434516935495,43,39
by_band,600-750 km,storm,12.0,in_track,n,43.0,39.0,43,39
by_band,600-750 km,storm,12.0,in_track,inside_1_sigma_count,18.0,16.0,43,39
by_band,600-750 km,storm,12.0,in_track,inside_2_sigma_count,36.0,34.0,43,39
by_band,600-750 km,storm,12.0,in_track,inside_1_sigma_fraction,0.4186046511627907,0.41025641025641024,43,39
by_band,600-750 km,storm,12.0,in_track,inside_2_sigma_fraction,0.8372093023255814,0.8717948717948718,43,39
by_band,600-750 km,storm,12.0,in_track,median_sigma_km,0.5555611959843545,0.555561191184628,43,39
by_band,600-750 km,storm,12.0,in_track,quantile_linear_km,1.6613124787504814,1.362675547417791,43,39
by_band,600-750 km,storm,12.0,cross,n,43.0,39.0,43,39
by_band,600-750 km,storm,12.0,cross,inside_2_sigma_fraction,0.023255813953488372,0.02564102564102564,43,39
by_band,600-750 km,storm,12.0,cross,median_sigma_km,0.020821969228670332,0.020821969312315856,43,39
by_band,600-750 km,storm,12.0,cross,quantile_linear_km,0.30651061457978906,0.31140764806469534,43,39
by_band,600-750 km,storm,12.0,cross,quantile_inverted_cdf_km,0.3092500014725041,0.33082646739441635,43,39
by_band,600-750 km,storm,24.0,radial,n,40.0,34.0,40,34
by_band,600-750 km,storm,24.0,radial,inside_1_sigma_count,16.0,12.0,40,34
by_band,600-750 km,storm,24.0,radial,inside_2_sigma_count,28.0,22.0,40,34
by_band,600-750 km,storm,24.0,radial,inside_1_sigma_fraction,0.4,0.35294117647058826,40,34
by_band,600-750 km,storm,24.0,radial,inside_2_sigma_fraction,0.7,0.6470588235294118,40,34
by_band,600-750 km,storm,24.0,radial,median_sigma_km,0.05843726131718656,0.0584378476114398,40,34
by_band,600-750 km,storm,24.0,radial,median_abs_km,0.09655695766752957,0.09910250662809676,40,34
by_band,600-750 km,storm,24.0,radial,quantile_linear_km,0.1989078238149923,0.19960494275223065,40,34
by_band,600-750 km,storm,24.0,radial,quantile_inverted_cdf_km,0.1987916373254526,0.20111536711624703,40,34
by_band,600-750 km,storm,24.0,in_track,n,40.0,34.0,40,34
by_band,600-750 km,storm,24.0,in_track,inside_1_sigma_count,31.0,28.0,40,34
by_band,600-750 km,storm,24.0,in_track,inside_2_sigma_count,38.0,34.0,40,34
by_band,600-750 km,storm,24.0,in_track,inside_1_sigma_fraction,0.775,0.8235294117647058,40,34
by_band,600-750 km,storm,24.0,in_track,inside_2_sigma_fraction,0.95,1.0,40,34
by_band,600-750 km,storm,24.0,in_track,median_sigma_km,1.3679521254147164,1.3679521002165744,40,34
by_band,600-750 km,storm,24.0,in_track,median_abs_km,0.5973147783134336,0.5428420740017258,40,34
by_band,600-750 km,storm,24.0,in_track,quantile_linear_km,2.419529263801128,1.867817300966016,40,34
by_band,600-750 km,storm,24.0,in_track,quantile_inverted_cdf_km,2.3675707724388824,1.8825217065022708,40,34
by_band,600-750 km,storm,24.0,cross,n,40.0,34.0,40,34
by_band,600-750 km,storm,24.0,cross,inside_1_sigma_count,2.0,1.0,40,34
by_band,600-750 km,storm,24.0,cross,inside_2_sigma_count,6.0,4.0,40,34
by_band,600-750 km,storm,24.0,cross,inside_1_sigma_fraction,0.05,0.029411764705882353,40,34
by_band,600-750 km,storm,24.0,cross,inside_2_sigma_fraction,0.15,0.11764705882352941,40,34
by_band,600-750 km,storm,24.0,cross,median_sigma_km,0.03885516847822726,0.03885517132509407,40,34
by_band,600-750 km,storm,24.0,cross,median_abs_km,0.13786103007735814,0.14361921558451649,40,34
by_band,600-750 km,storm,24.0,cross,quantile_linear_km,0.26758712533125106,0.26946301147805746,40,34
by_band,600-750 km,storm,24.0,cross,quantile_inverted_cdf_km,0.2672744776401167,0.27352743146280456,40,34
by_band,600-750 km,storm,36.0,radial,n,38.0,32.0,38,32
by_band,600-750 km,storm,36.0,radial,inside_1_sigma_count,25.0,21.0,38,32
by_band,600-750 km,storm,36.0,radial,inside_2_sigma_count,38.0,32.0,38,32
by_band,600-750 km,storm,36.0,radial,inside_1_sigma_fraction,0.6578947368421053,0.65625,38,32
by_band,600-750 km,storm,36.0,radial,median_sigma_km,0.08765589197577983,0.08765808026971297,38,32
by_band,600-750 km,storm,36.0,radial,median_abs_km,0.07495889694086455,0.07441261378607872,38,32
by_band,600-750 km,storm,36.0,radial,quantile_linear_km,0.15006938668280162,0.136385369388125,38,32
by_band,600-750 km,storm,36.0,radial,quantile_inverted_cdf_km,0.1932674638159847,0.1364808895629502,38,32
by_band,600-750 km,storm,36.0,in_track,n,38.0,32.0,38,32
by_band,600-750 km,storm,36.0,in_track,inside_1_sigma_count,33.0,31.0,38,32
by_band,600-750 km,storm,36.0,in_track,inside_2_sigma_count,35.0,32.0,38,32
by_band,600-750 km,storm,36.0,in_track,inside_1_sigma_fraction,0.868421052631579,0.96875,38,32
by_band,600-750 km,storm,36.0,in_track,inside_2_sigma_fraction,0.9210526315789473,1.0,38,32
by_band,600-750 km,storm,36.0,in_track,median_sigma_km,2.317338811033203,2.3173388079906267,38,32
by_band,600-750 km,storm,36.0,in_track,median_abs_km,0.6975607098425918,0.6759415608881654,38,32
by_band,600-750 km,storm,36.0,in_track,quantile_linear_km,5.23459459407789,1.9991249761403902,38,32
by_band,600-750 km,storm,36.0,in_track,quantile_inverted_cdf_km,5.57644894842716,2.0322040636101413,38,32
by_band,600-750 km,storm,36.0,cross,n,38.0,32.0,38,32
by_band,600-750 km,storm,36.0,cross,inside_2_sigma_count,13.0,12.0,38,32
by_band,600-750 km,storm,36.0,cross,inside_1_sigma_fraction,0.2631578947368421,0.3125,38,32
by_band,600-750 km,storm,36.0,cross,inside_2_sigma_fraction,0.34210526315789475,0.375,38,32
by_band,600-750 km,storm,36.0,cross,median_sigma_km,0.05596685844291364,0.05596685966300554,38,32
by_band,600-750 km,storm,36.0,cross,median_abs_km,0.142975894295081,0.13310940618824324,38,32
by_band,600-750 km,storm,36.0,cross,quantile_linear_km,0.27649044848134136,0.2675150952373477,38,32
by_band,600-750 km,storm,36.0,cross,quantile_inverted_cdf_km,0.30098631711101886,0.2721676481349277,38,32
by_band,600-750 km,storm,48.0,radial,n,35.0,29.0,35,29
by_band,600-750 km,storm,48.0,radial,inside_1_sigma_count,23.0,19.0,35,29
by_band,600-750 km,storm,48.0,radial,inside_2_sigma_count,34.0,28.0,35,29
by_band,600-750 km,storm,48.0,radial,inside_1_sigma_fraction,0.6571428571428571,0.6551724137931034,35,29
by_band,600-750 km,storm,48.0,radial,inside_2_sigma_fraction,0.9714285714285714,0.9655172413793104,35,29
by_band,600-750 km,storm,48.0,radial,median_sigma_km,0.21557816172032607,0.11688148942241586,35,29
by_band,600-750 km,storm,48.0,radial,median_abs_km,0.1298928771677316,0.12020832734317227,35,29
by_band,600-750 km,storm,48.0,radial,quantile_linear_km,0.24345579746551096,0.23509992412934197,35,29
by_band,600-750 km,storm,48.0,radial,quantile_inverted_cdf_km,0.2533140778864431,0.23923082014225439,35,29
by_band,600-750 km,storm,48.0,in_track,n,35.0,29.0,35,29
by_band,600-750 km,storm,48.0,in_track,inside_1_sigma_count,31.0,29.0,35,29
by_band,600-750 km,storm,48.0,in_track,inside_2_sigma_count,32.0,29.0,35,29
by_band,600-750 km,storm,48.0,in_track,inside_1_sigma_fraction,0.8857142857142857,1.0,35,29
by_band,600-750 km,storm,48.0,in_track,inside_2_sigma_fraction,0.9142857142857143,1.0,35,29
by_band,600-750 km,storm,48.0,in_track,median_sigma_km,3.848441713209125,3.368293207468439,35,29
by_band,600-750 km,storm,48.0,in_track,median_abs_km,1.1163054099628704,1.0926588751175543,35,29
by_band,600-750 km,storm,48.0,in_track,quantile_linear_km,8.547630366521217,2.774769985817854,35,29
by_band,600-750 km,storm,48.0,in_track,quantile_inverted_cdf_km,8.929544901794502,2.838503191346783,35,29
by_band,600-750 km,storm,48.0,cross,n,35.0,29.0,35,29
by_band,600-750 km,storm,48.0,cross,inside_1_sigma_count,7.0,6.0,35,29
by_band,600-750 km,storm,48.0,cross,inside_2_sigma_count,9.0,7.0,35,29
by_band,600-750 km,storm,48.0,cross,inside_1_sigma_fraction,0.2,0.20689655172413793,35,29
by_band,600-750 km,storm,48.0,cross,inside_2_sigma_fraction,0.2571428571428571,0.2413793103448276,35,29
by_band,600-750 km,storm,48.0,cross,median_sigma_km,0.026905306029549124,0.0725063093207016,35,29
by_band,600-750 km,storm,48.0,cross,median_abs_km,0.18695755263393685,0.19469718320329282,35,29
by_band,600-750 km,storm,48.0,cross,quantile_linear_km,0.32733475473412893,0.3290246051300589,35,29
by_band,600-750 km,storm,72.0,radial,n,30.0,24.0,30,24
by_band,600-750 km,storm,72.0,radial,inside_1_sigma_count,28.0,23.0,30,24
by_band,600-750 km,storm,72.0,radial,inside_2_sigma_count,30.0,24.0,30,24
by_band,600-750 km,storm,72.0,radial,inside_1_sigma_fraction,0.9333333333333333,0.9583333333333334,30,24
by_band,600-750 km,storm,72.0,radial,median_sigma_km,0.3299898533937374,0.252669722324953,30,24
by_band,600-750 km,storm,72.0,radial,median_abs_km,0.1788981022652052,0.1695319322297972,30,24
by_band,600-750 km,storm,72.0,radial,quantile_linear_km,0.3539317706207987,0.2915885082790709,30,24
by_band,600-750 km,storm,72.0,radial,quantile_inverted_cdf_km,0.37604812587853464,0.29265600538693604,30,24
by_band,600-750 km,storm,72.0,in_track,n,30.0,24.0,30,24
by_band,600-750 km,storm,72.0,in_track,inside_1_sigma_count,26.0,24.0,30,24
by_band,600-750 km,storm,72.0,in_track,inside_2_sigma_count,29.0,24.0,30,24
by_band,600-750 km,storm,72.0,in_track,inside_1_sigma_fraction,0.8666666666666667,1.0,30,24
by_band,600-750 km,storm,72.0,in_track,inside_2_sigma_fraction,0.9666666666666667,1.0,30,24
by_band,600-750 km,storm,72.0,in_track,median_sigma_km,7.362595275385817,6.534276134710558,30,24
by_band,600-750 km,storm,72.0,in_track,median_abs_km,1.5509668139940371,1.3949417480116009,30,24
by_band,600-750 km,storm,72.0,in_track,quantile_linear_km,13.407997478373574,2.513864145171277,30,24
by_band,600-750 km,storm,72.0,in_track,quantile_inverted_cdf_km,13.923613483602287,2.5279133073304645,30,24
by_band,600-750 km,storm,72.0,cross,n,30.0,24.0,30,24
by_band,600-750 km,storm,72.0,cross,inside_1_sigma_count,4.0,3.0,30,24
by_band,600-750 km,storm,72.0,cross,inside_2_sigma_count,11.0,9.0,30,24
by_band,600-750 km,storm,72.0,cross,inside_1_sigma_fraction,0.13333333333333333,0.125,30,24
by_band,600-750 km,storm,72.0,cross,inside_2_sigma_fraction,0.36666666666666664,0.375,30,24
by_band,600-750 km,storm,72.0,cross,median_sigma_km,0.03954800972855287,0.07199347625964594,30,24
by_band,600-750 km,storm,72.0,cross,median_abs_km,0.15013038221102273,0.16510627683052273,30,24
by_band,600-750 km,storm,72.0,cross,quantile_linear_km,0.36583551628070166,0.38200901847017443,30,24
by_band,600-750 km,storm,96.0,radial,n,26.0,20.0,26,20
by_band,600-750 km,storm,96.0,radial,inside_1_sigma_count,23.0,18.0,26,20
by_band,600-750 km,storm,96.0,radial,inside_2_sigma_count,26.0,20.0,26,20
by_band,600-750 km,storm,96.0,radial,inside_1_sigma_fraction,0.8846153846153846,0.9,26,20
by_band,600-750 km,storm,96.0,radial,median_sigma_km,0.446361018350515,0.44636924027968106,26,20
by_band,600-750 km,storm,96.0,radial,median_abs_km,0.2864653121362418,0.2731105217394114,26,20
by_band,600-750 km,storm,96.0,radial,quantile_linear_km,0.4369235450826716,0.3906842022784965,26,20
by_band,600-750 km,storm,96.0,radial,quantile_inverted_cdf_km,0.4526426397044512,0.3874232318876567,26,20
by_band,600-750 km,storm,96.0,in_track,n,26.0,20.0,26,20
by_band,600-750 km,storm,96.0,in_track,inside_1_sigma_count,22.0,20.0,26,20
by_band,600-750 km,storm,96.0,in_track,inside_2_sigma_count,26.0,20.0,26,20
by_band,600-750 km,storm,96.0,in_track,inside_1_sigma_fraction,0.8461538461538461,1.0,26,20
by_band,600-750 km,storm,96.0,in_track,median_sigma_km,11.666293719921457,11.66629213327668,26,20
by_band,600-750 km,storm,96.0,in_track,median_abs_km,2.0164805187366444,1.9032827375148311,26,20
by_band,600-750 km,storm,96.0,in_track,quantile_linear_km,19.50679915854386,3.8186484592457814,26,20
by_band,600-750 km,storm,96.0,in_track,quantile_inverted_cdf_km,19.663190781535782,3.8099586420801104,26,20
by_band,600-750 km,storm,96.0,cross,n,26.0,20.0,26,20
by_band,600-750 km,storm,96.0,cross,inside_1_sigma_count,8.0,6.0,26,20
by_band,600-750 km,storm,96.0,cross,inside_2_sigma_count,14.0,11.0,26,20
by_band,600-750 km,storm,96.0,cross,inside_1_sigma_fraction,0.3076923076923077,0.3,26,20
by_band,600-750 km,storm,96.0,cross,inside_2_sigma_fraction,0.5384615384615384,0.55,26,20
by_band,600-750 km,storm,96.0,cross,median_sigma_km,0.05197762506956439,0.051978879901038194,26,20
by_band,600-750 km,storm,96.0,cross,median_abs_km,0.12129140949510386,0.12324247100314087,26,20
by_band,600-750 km,storm,96.0,cross,quantile_linear_km,0.31360584846561157,0.3108941838947685,26,20
by_band,600-750 km,storm,96.0,cross,quantile_inverted_cdf_km,0.31457430009805554,0.3107004935682797,26,20
by_band,600-750 km,storm,120.0,radial,n,21.0,15.0,21,15
by_band,600-750 km,storm,120.0,radial,inside_1_sigma_count,19.0,13.0,21,15
by_band,600-750 km,storm,120.0,radial,inside_2_sigma_count,21.0,15.0,21,15
by_band,600-750 km,storm,120.0,radial,inside_1_sigma_fraction,0.9047619047619048,0.8666666666666667,21,15
by_band,600-750 km,storm,120.0,radial,median_sigma_km,0.5642112914941393,0.5642768247531693,21,15
by_band,600-750 km,storm,120.0,radial,median_abs_km,0.3637506438716882,0.3539277699413257,21,15
by_band,600-750 km,storm,120.0,radial,quantile_linear_km,0.5390233118847929,0.48949084527938425,21,15
by_band,600-750 km,storm,120.0,radial,quantile_inverted_cdf_km,0.5390233118847929,0.5839603074701532,21,15
by_band,600-750 km,storm,120.0,in_track,n,21.0,15.0,21,15
by_band,600-750 km,storm,120.0,in_track,inside_1_sigma_count,17.0,15.0,21,15
by_band,600-750 km,storm,120.0,in_track,inside_2_sigma_count,21.0,15.0,21,15
by_band,600-750 km,storm,120.0,in_track,inside_1_sigma_fraction,0.8095238095238095,1.0,21,15
by_band,600-750 km,storm,120.0,in_track,median_sigma_km,16.672047048087887,16.67204091221877,21,15
by_band,600-750 km,storm,120.0,in_track,median_abs_km,4.650295442348876,3.6672647130972607,21,15
by_band,600-750 km,storm,120.0,in_track,quantile_linear_km,22.145920469047326,7.080752455889815,21,15
by_band,600-750 km,storm,120.0,in_track,quantile_inverted_cdf_km,22.145920469047326,7.225639866880075,21,15
by_band,600-750 km,storm,120.0,cross,n,21.0,15.0,21,15
by_band,600-750 km,storm,120.0,cross,inside_1_sigma_count,7.0,4.0,21,15
by_band,600-750 km,storm,120.0,cross,inside_2_sigma_count,13.0,9.0,21,15
by_band,600-750 km,storm,120.0,cross,inside_1_sigma_fraction,0.3333333333333333,0.26666666666666666,21,15
by_band,600-750 km,storm,120.0,cross,inside_2_sigma_fraction,0.6190476190476191,0.6,21,15
by_band,600-750 km,storm,120.0,cross,median_sigma_km,0.06425115579277244,0.06425209492230381,21,15
by_band,600-750 km,storm,120.0,cross,median_abs_km,0.09749086605942972,0.1132034370011617,21,15
by_band,600-750 km,storm,120.0,cross,quantile_linear_km,0.243287527449496,0.26397499957607495,21,15
by_band,600-750 km,storm,120.0,cross,quantile_inverted_cdf_km,0.243287527449496,0.312245767871426,21,15
by_band,600-750 km,storm,144.0,radial,n,18.0,12.0,18,12
by_band,600-750 km,storm,144.0,radial,inside_1_sigma_count,18.0,12.0,18,12
by_band,600-750 km,storm,144.0,radial,inside_2_sigma_count,18.0,12.0,18,12
by_band,600-750 km,storm,144.0,radial,median_sigma_km,0.6832538408841897,0.6835444143200722,18,12
by_band,600-750 km,storm,144.0,radial,median_abs_km,0.46580714770144765,0.42611118009506155,18,12
by_band,600-750 km,storm,144.0,radial,quantile_linear_km,0.5844808289027412,0.5375606444936109,18,12
by_band,600-750 km,storm,144.0,radial,quantile_inverted_cdf_km,0.6110679988220031,0.5797889753875775,18,12
by_band,600-750 km,storm,144.0,in_track,n,18.0,12.0,18,12
by_band,600-750 km,storm,144.0,in_track,inside_1_sigma_count,14.0,12.0,18,12
by_band,600-750 km,storm,144.0,in_track,inside_2_sigma_count,18.0,12.0,18,12
by_band,600-750 km,storm,144.0,in_track,inside_1_sigma_fraction,0.7777777777777778,1.0,18,12
by_band,600-750 km,storm,144.0,in_track,median_sigma_km,22.31921526282694,22.319206360682955,18,12
by_band,600-750 km,storm,144.0,in_track,median_abs_km,6.658077715570168,6.3305790944379305,18,12
by_band,600-750 km,storm,144.0,in_track,quantile_linear_km,26.57639964184394,8.53676492312987,18,12
by_band,600-750 km,storm,144.0,in_track,quantile_inverted_cdf_km,26.7417196549588,8.635252898931736,18,12
by_band,600-750 km,storm,144.0,cross,n,18.0,12.0,18,12
by_band,600-750 km,storm,144.0,cross,inside_1_sigma_count,6.0,3.0,18,12
by_band,600-750 km,storm,144.0,cross,inside_2_sigma_count,10.0,6.0,18,12
by_band,600-750 km,storm,144.0,cross,inside_1_sigma_fraction,0.3333333333333333,0.25,18,12
by_band,600-750 km,storm,144.0,cross,inside_2_sigma_fraction,0.5555555555555556,0.5,18,12
by_band,600-750 km,storm,144.0,cross,median_sigma_km,0.07640171866696488,0.07640257382794091,18,12
by_band,600-750 km,storm,144.0,cross,median_abs_km,0.11215139287016704,0.19383079843072373,18,12
by_band,600-750 km,storm,144.0,cross,quantile_linear_km,0.3496311898292224,0.34277741439355247,18,12
by_band,600-750 km,storm,144.0,cross,quantile_inverted_cdf_km,0.36944892372903737,0.34613394267043157,18,12
by_band,600-750 km,storm,168.0,radial,n,18.0,12.0,18,12
by_band,600-750 km,storm,168.0,radial,inside_1_sigma_count,18.0,12.0,18,12
by_band,600-750 km,storm,168.0,radial,inside_2_sigma_count,18.0,12.0,18,12
by_band,600-750 km,storm,168.0,radial,median_sigma_km,0.8032971217193303,0.8041596000196984,18,12
by_band,600-750 km,storm,168.0,radial,median_abs_km,0.48427853829162604,0.4927951948626238,18,12
by_band,600-750 km,storm,168.0,radial,quantile_linear_km,0.6358266513107904,0.6218096605152994,18,12
by_band,600-750 km,storm,168.0,in_track,n,18.0,12.0,18,12
by_band,600-750 km,storm,168.0,in_track,inside_1_sigma_count,18.0,12.0,18,12
by_band,600-750 km,storm,168.0,in_track,inside_2_sigma_count,18.0,12.0,18,12
by_band,600-750 km,storm,168.0,in_track,median_sigma_km,28.562339978720136,28.562315706834823,18,12
by_band,600-750 km,storm,168.0,in_track,median_abs_km,10.881362020859065,9.146762768313616,18,12
by_band,600-750 km,storm,168.0,in_track,quantile_linear_km,27.44368853539239,13.412494944017654,18,12
by_band,600-750 km,storm,168.0,in_track,quantile_inverted_cdf_km,27.522018823469338,13.626434743195666,18,12
by_band,600-750 km,storm,168.0,cross,n,18.0,12.0,18,12
by_band,600-750 km,storm,168.0,cross,inside_1_sigma_count,6.0,2.0,18,12
by_band,600-750 km,storm,168.0,cross,inside_2_sigma_count,10.0,6.0,18,12
by_band,600-750 km,storm,168.0,cross,inside_1_sigma_fraction,0.3333333333333333,0.16666666666666666,18,12
by_band,600-750 km,storm,168.0,cross,inside_2_sigma_fraction,0.5555555555555556,0.5,18,12
by_band,600-750 km,storm,168.0,cross,median_sigma_km,0.08845096559538627,0.08845192685359357,18,12
by_band,600-750 km,storm,168.0,cross,median_abs_km,0.09565305709674198,0.16381217280676386,18,12
by_band,600-750 km,storm,168.0,cross,quantile_linear_km,0.26977987064586395,0.2539685264038779,18,12
by_band,600-750 km,storm,168.0,cross,quantile_inverted_cdf_km,0.271497562821984,0.261189427369364,18,12
by_band,750-850 km,august,6.0,radial,median_sigma_km,0.02182929837278625,0.021829298375308163,60,60
by_band,750-850 km,august,6.0,in_track,median_sigma_km,0.2387962601541526,0.238796258843404,60,60
by_band,750-850 km,august,6.0,cross,median_sigma_km,0.01860356399716797,0.018603564513273163,60,60
by_band,750-850 km,august,12.0,radial,median_sigma_km,0.02182929837278625,0.02182929838331417,58,58
by_band,750-850 km,august,12.0,in_track,median_sigma_km,0.2387962601541526,0.23879625969562393,58,58
by_band,750-850 km,august,12.0,cross,median_sigma_km,0.01860356399716797,0.01860356420642082,58,58
by_band,750-850 km,august,24.0,radial,median_sigma_km,0.0436585967455725,0.04365859674802893,53,53
by_band,750-850 km,august,24.0,in_track,median_sigma_km,0.6992363774740102,0.6992363728118545,53,53
by_band,750-850 km,august,24.0,cross,median_sigma_km,0.03593971662468571,0.0359397167117602,53,53
by_band,750-850 km,august,36.0,radial,median_sigma_km,0.06634805059747989,0.06634806111441405,50,50
by_band,750-850 km,august,36.0,in_track,median_sigma_km,1.3108876312339268,1.3108876282427473,50,50
by_band,750-850 km,august,36.0,cross,median_sigma_km,0.05282765641667458,0.0528276573592642,50,50
by_band,750-850 km,august,48.0,radial,median_sigma_km,0.08974573953013752,0.08974583510783628,46,46
by_band,750-850 km,august,48.0,in_track,median_sigma_km,2.0474839566890686,2.0474839369756084,46,46
by_band,750-850 km,august,48.0,cross,median_sigma_km,0.0694309558780963,0.06943096141811568,46,46
by_band,750-850 km,august,72.0,radial,n,39.0,40.0,39,40
by_band,750-850 km,august,72.0,radial,inside_1_sigma_count,30.0,31.0,39,40
by_band,750-850 km,august,72.0,radial,inside_2_sigma_count,39.0,40.0,39,40
by_band,750-850 km,august,72.0,radial,inside_1_sigma_fraction,0.7692307692307693,0.775,39,40
by_band,750-850 km,august,72.0,radial,median_sigma_km,0.13737561909764776,0.13737584267526728,39,40
by_band,750-850 km,august,72.0,radial,median_abs_km,0.060843534750296246,0.06153369021336219,39,40
by_band,750-850 km,august,72.0,radial,quantile_linear_km,0.20172971652946423,0.20139169918387506,39,40
by_band,750-850 km,august,72.0,radial,quantile_inverted_cdf_km,0.20781402875006866,0.20105368183828595,39,40
by_band,750-850 km,august,72.0,in_track,n,39.0,40.0,39,40
by_band,750-850 km,august,72.0,in_track,inside_1_sigma_count,24.0,25.0,39,40
by_band,750-850 km,august,72.0,in_track,inside_2_sigma_count,28.0,29.0,39,40
by_band,750-850 km,august,72.0,in_track,inside_1_sigma_fraction,0.6153846153846154,0.625,39,40
by_band,750-850 km,august,72.0,in_track,inside_2_sigma_fraction,0.717948717948718,0.725,39,40
by_band,750-850 km,august,72.0,in_track,median_sigma_km,3.8385036597632727,3.8385033618063567,39,40
by_band,750-850 km,august,72.0,in_track,median_abs_km,1.1157864802816546,1.1340781924384662,39,40
by_band,750-850 km,august,72.0,in_track,quantile_linear_km,3.3858062817954266,3.3834495092436283,39,40
by_band,750-850 km,august,72.0,in_track,quantile_inverted_cdf_km,3.4282281877277923,3.3810927366918304,39,40
by_band,750-850 km,august,72.0,cross,n,39.0,40.0,39,40
by_band,750-850 km,august,72.0,cross,inside_2_sigma_count,22.0,23.0,39,40
by_band,750-850 km,august,72.0,cross,inside_1_sigma_fraction,0.2564102564102564,0.25,39,40
by_band,750-850 km,august,72.0,cross,inside_2_sigma_fraction,0.5641025641025641,0.575,39,40
by_band,750-850 km,august,72.0,cross,median_sigma_km,0.10205630500965139,0.10205630530946996,39,40
by_band,750-850 km,august,72.0,cross,median_abs_km,0.13644531752578692,0.13497767458397225,39,40
by_band,750-850 km,august,72.0,cross,quantile_linear_km,0.25219063104478623,0.24906558735873768,39,40
by_band,750-850 km,august,72.0,cross,quantile_inverted_cdf_km,0.30844141739365516,0.24594054367268958,39,40
by_band,750-850 km,august,96.0,radial,n,32.0,34.0,32,34
by_band,750-850 km,august,96.0,radial,inside_1_sigma_count,28.0,29.0,32,34
by_band,750-850 km,august,96.0,radial,inside_2_sigma_count,32.0,34.0,32,34
by_band,750-850 km,august,96.0,radial,inside_1_sigma_fraction,0.875,0.8529411764705882,32,34
by_band,750-850 km,august,96.0,radial,median_sigma_km,0.17463438698229,0.17463524901639665,32,34
by_band,750-850 km,august,96.0,radial,quantile_linear_km,0.20417703354315192,0.2029844841584822,32,34
by_band,750-850 km,august,96.0,in_track,n,32.0,34.0,32,34
by_band,750-850 km,august,96.0,in_track,inside_1_sigma_count,18.0,20.0,32,34
by_band,750-850 km,august,96.0,in_track,inside_2_sigma_count,24.0,26.0,32,34
by_band,750-850 km,august,96.0,in_track,inside_1_sigma_fraction,0.5625,0.5882352941176471,32,34
by_band,750-850 km,august,96.0,in_track,inside_2_sigma_fraction,0.75,0.7647058823529411,32,34
by_band,750-850 km,august,96.0,in_track,median_sigma_km,0.7250293878094717,0.72502938726856,32,34
by_band,750-850 km,august,96.0,in_track,median_abs_km,1.3950153890586043,1.4567847444574407,32,34
by_band,750-850 km,august,96.0,in_track,quantile_linear_km,4.947837268622674,4.843936261315357,32,34
by_band,750-850 km,august,96.0,cross,n,32.0,34.0,32,34
by_band,750-850 km,august,96.0,cross,inside_1_sigma_count,12.0,14.0,32,34
by_band,750-850 km,august,96.0,cross,inside_2_sigma_count,15.0,17.0,32,34
by_band,750-850 km,august,96.0,cross,inside_1_sigma_fraction,0.375,0.4117647058823529,32,34
by_band,750-850 km,august,96.0,cross,inside_2_sigma_fraction,0.46875,0.5,32,34
by_band,750-850 km,august,96.0,cross,median_sigma_km,0.03121298626545424,0.031213003474326574,32,34
by_band,750-850 km,august,96.0,cross,median_abs_km,0.11207265911856637,0.10717404325366625,32,34
by_band,750-850 km,august,96.0,cross,quantile_linear_km,0.3067071665727527,0.30450636240649276,32,34
by_band,750-850 km,august,120.0,radial,median_sigma_km,0.2182929837278625,0.2182934382751497,25,25
by_band,750-850 km,august,120.0,in_track,median_sigma_km,0.9690331343203956,0.9690330968494189,25,25
by_band,750-850 km,august,120.0,cross,median_sigma_km,0.03815525259133509,0.038155256064668706,25,25
by_band,750-850 km,august,144.0,radial,n,18.0,19.0,18,19
by_band,750-850 km,august,144.0,radial,inside_1_sigma_count,13.0,14.0,18,19
by_band,750-850 km,august,144.0,radial,inside_2_sigma_count,18.0,19.0,18,19
by_band,750-850 km,august,144.0,radial,inside_1_sigma_fraction,0.7222222222222222,0.7368421052631579,18,19
by_band,750-850 km,august,144.0,radial,median_sigma_km,0.26195158047343503,0.2619525173305167,18,19
by_band,750-850 km,august,144.0,radial,median_abs_km,0.2335396491897563,0.23402407198226344,18,19
by_band,750-850 km,august,144.0,radial,quantile_linear_km,0.29679517112755754,0.2958590851065526,18,19
by_band,750-850 km,august,144.0,in_track,n,18.0,19.0,18,19
by_band,750-850 km,august,144.0,in_track,inside_1_sigma_count,1.0,2.0,18,19
by_band,750-850 km,august,144.0,in_track,inside_2_sigma_count,6.0,7.0,18,19
by_band,750-850 km,august,144.0,in_track,inside_1_sigma_fraction,0.05555555555555555,0.10526315789473684,18,19
by_band,750-850 km,august,144.0,in_track,inside_2_sigma_fraction,0.3333333333333333,0.3684210526315789,18,19
by_band,750-850 km,august,144.0,in_track,median_sigma_km,1.2282145758581804,1.2282144338009031,18,19
by_band,750-850 km,august,144.0,in_track,median_abs_km,3.857628183221423,4.185881916850474,18,19
by_band,750-850 km,august,144.0,in_track,quantile_linear_km,9.277819556106316,9.240872501743063,18,19
by_band,750-850 km,august,144.0,cross,n,18.0,19.0,18,19
by_band,750-850 km,august,144.0,cross,inside_1_sigma_count,10.0,11.0,18,19
by_band,750-850 km,august,144.0,cross,inside_2_sigma_count,13.0,14.0,18,19
by_band,750-850 km,august,144.0,cross,inside_1_sigma_fraction,0.5555555555555556,0.5789473684210527,18,19
by_band,750-850 km,august,144.0,cross,inside_2_sigma_fraction,0.7222222222222222,0.7368421052631579,18,19
by_band,750-850 km,august,144.0,cross,median_sigma_km,0.044959084011646167,0.04495909163267323,18,19
by_band,750-850 km,august,144.0,cross,median_abs_km,0.041195860375912774,0.04313514130007412,18,19
by_band,750-850 km,august,144.0,cross,quantile_linear_km,0.15025591351370024,0.14771922582022323,18,19
by_band,750-850 km,august,168.0,radial,median_sigma_km,0.3056101772190075,0.3056116945150432,18,18
by_band,750-850 km,august,168.0,in_track,median_sigma_km,1.5007386710714115,1.5007383615979972,18,18
by_band,750-850 km,august,168.0,cross,median_sigma_km,0.05164990952220897,0.05164991383632618,18,18
by_band,750-850 km,held-out,6.0,radial,inside_1_sigma_count,3.0,4.0,51,51
by_band,750-850 km,held-out,6.0,radial,inside_1_sigma_fraction,0.058823529411764705,0.0784313725490196,51,51
by_band,750-850 km,held-out,6.0,radial,median_sigma_km,0.020689619769315278,0.020689689250500423,51,51
by_band,750-850 km,held-out,6.0,in_track,median_sigma_km,0.6096108273918335,0.6096108219596122,51,51
by_band,750-850 km,held-out,6.0,cross,median_sigma_km,0.013564376816086542,0.01356437731386288,51,51
by_band,750-850 km,held-out,12.0,radial,median_sigma_km,0.020689619769315278,0.020689638035472944,50,50
by_band,750-850 km,held-out,12.0,in_track,median_sigma_km,0.6096108273918335,0.6096108253592836,50,50
by_band,750-850 km,held-out,12.0,cross,median_sigma_km,0.013564376816086542,0.013564376852624186,50,50
by_band,750-850 km,held-out,24.0,radial,median_sigma_km,0.04283847526957448,0.04283865729884691,50,50
by_band,750-850 km,held-out,24.0,in_track,median_sigma_km,1.5010379289160558,1.5010379140157437,50,50
by_band,750-850 km,held-out,24.0,cross,median_sigma_km,0.027128753632173083,0.027128753662124666,50,50
by_band,750-850 km,held-out,36.0,radial,median_sigma_km,0.06557372073780547,0.06557389073066816,48,48
by_band,750-850 km,held-out,36.0,in_track,median_sigma_km,2.5427888775387792,2.5427888489115826,48,48
by_band,750-850 km,held-out,36.0,cross,median_sigma_km,0.040693130448259625,0.04069313060171807,48,48
by_band,750-850 km,held-out,48.0,radial,n,46.0,47.0,46,47
by_band,750-850 km,held-out,48.0,radial,inside_1_sigma_count,18.0,19.0,46,47
by_band,750-850 km,held-out,48.0,radial,inside_2_sigma_count,42.0,43.0,46,47
by_band,750-850 km,held-out,48.0,radial,inside_1_sigma_fraction,0.391304347826087,0.40425531914893614,46,47
by_band,750-850 km,held-out,48.0,radial,inside_2_sigma_fraction,0.9130434782608695,0.9148936170212766,46,47
by_band,750-850 km,held-out,48.0,radial,median_sigma_km,0.08869834167487353,0.08869895970396585,46,47
by_band,750-850 km,held-out,48.0,radial,median_abs_km,0.09757305068062068,0.09711421693791267,46,47
by_band,750-850 km,held-out,48.0,radial,quantile_linear_km,0.18454399502142604,0.18408709234893864,46,47
by_band,750-850 km,held-out,48.0,in_track,n,46.0,47.0,46,47
by_band,750-850 km,held-out,48.0,in_track,inside_1_sigma_fraction,0.7608695652173914,0.7446808510638298,46,47
by_band,750-850 km,held-out,48.0,in_track,inside_2_sigma_fraction,0.8913043478260869,0.8723404255319149,46,47
by_band,750-850 km,held-out,48.0,in_track,median_sigma_km,3.6959889208076513,3.695988786312769,46,47
by_band,750-850 km,held-out,48.0,in_track,median_abs_km,0.7198536326073852,0.7284508278432554,46,47
by_band,750-850 km,held-out,48.0,in_track,quantile_linear_km,5.0275062820780185,8.717430627707563,46,47
by_band,750-850 km,held-out,48.0,in_track,quantile_inverted_cdf_km,5.097385524723175,10.268878528986617,46,47
by_band,750-850 km,held-out,48.0,cross,n,46.0,47.0,46,47
by_band,750-850 km,held-out,48.0,cross,inside_1_sigma_fraction,0.5217391304347826,0.5106382978723404,46,47
by_band,750-850 km,held-out,48.0,cross,inside_2_sigma_fraction,0.7391304347826086,0.723404255319149,46,47
by_band,750-850 km,held-out,48.0,cross,median_sigma_km,0.054257507264346166,0.05425750753425489,46,47
by_band,750-850 km,held-out,48.0,cross,median_abs_km,0.04734146759972507,0.05240348600012401,46,47
by_band,750-850 km,held-out,48.0,cross,quantile_linear_km,0.31256147369297776,0.3120048032389148,46,47
by_band,750-850 km,held-out,72.0,radial,median_sigma_km,0.13577234601123989,0.1357743523694642,45,45
by_band,750-850 km,held-out,72.0,in_track,median_sigma_km,6.2257148748283635,6.2257148732405705,45,45
by_band,750-850 km,held-out,72.0,cross,median_sigma_km,0.09526554474937367,0.09526554974774008,45,45
by_band,750-850 km,held-out,96.0,radial,median_sigma_km,0.18365256387778883,0.18365258290583053,43,43
by_band,750-850 km,held-out,96.0,in_track,median_sigma_km,9.100592223274093,9.100281488496623,43,43
by_band,750-850 km,held-out,96.0,cross,median_sigma_km,0.14457627243482682,0.1445762726153543,43,43
by_band,750-850 km,held-out,120.0,radial,inside_2_sigma_count,40.0,41.0,41,41
by_band,750-850 km,held-out,120.0,radial,inside_2_sigma_fraction,0.975609756097561,1.0,41,41
by_band,750-850 km,held-out,120.0,radial,median_sigma_km,0.22642678302151703,0.2265078569066901,41,41
by_band,750-850 km,held-out,120.0,in_track,median_sigma_km,11.78962968480795,11.789629681408899,41,41
by_band,750-850 km,held-out,120.0,cross,median_sigma_km,0.13970905738796494,0.13970941465378292,41,41
by_band,750-850 km,held-out,144.0,radial,inside_2_sigma_count,36.0,37.0,38,38
by_band,750-850 km,held-out,144.0,radial,inside_2_sigma_fraction,0.9473684210526315,0.9736842105263158,38,38
by_band,750-850 km,held-out,144.0,radial,median_sigma_km,0.2717121396258204,0.2717406376815849,38,38
by_band,750-850 km,held-out,144.0,in_track,median_sigma_km,14.807328850248329,14.80732832565517,38,38
by_band,750-850 km,held-out,144.0,cross,median_sigma_km,0.1627725217930385,0.16277264568340966,38,38
by_band,750-850 km,held-out,168.0,radial,median_sigma_km,0.2871464818169425,0.2913109069997613,33,33
by_band,750-850 km,held-out,168.0,in_track,median_sigma_km,3.0048281542284734,3.0048281524526477,33,33
by_band,750-850 km,held-out,168.0,cross,median_sigma_km,0.18990127542521157,0.18990132412815908,33,33
by_band,750-850 km,quiet,6.0,radial,median_sigma_km,0.02210228819061953,0.022102296380762464,57,57
by_band,750-850 km,quiet,6.0,in_track,median_sigma_km,0.30724390652622713,0.30724390498572707,57,57
by_band,750-850 km,quiet,6.0,cross,median_sigma_km,0.03049520185068745,0.030495202498324606,57,57
by_band,750-850 km,quiet,12.0,radial,n,54.0,56.0,54,56
by_band,750-850 km,quiet,12.0,radial,inside_1_sigma_fraction,0.1111111111111111,0.10714285714285714,54,56
by_band,750-850 km,quiet,12.0,radial,inside_2_sigma_fraction,0.2037037037037037,0.19642857142857142,54,56
by_band,750-850 km,quiet,12.0,radial,median_sigma_km,0.02210228819061953,0.02210228868021424,54,56
by_band,750-850 km,quiet,12.0,radial,quantile_linear_km,0.1917081003414133,0.1909469814994805,54,56
by_band,750-850 km,quiet,12.0,in_track,n,54.0,56.0,54,56
by_band,750-850 km,quiet,12.0,in_track,inside_1_sigma_count,29.0,31.0,54,56
by_band,750-850 km,quiet,12.0,in_track,inside_2_sigma_count,44.0,46.0,54,56
by_band,750-850 km,quiet,12.0,in_track,inside_1_sigma_fraction,0.5370370370370371,0.5535714285714286,54,56
by_band,750-850 km,quiet,12.0,in_track,inside_2_sigma_fraction,0.8148148148148148,0.8214285714285714,54,56
by_band,750-850 km,quiet,12.0,in_track,median_sigma_km,0.30724390652622713,0.30724390622626124,54,56
by_band,750-850 km,quiet,12.0,in_track,median_abs_km,0.23450004250536938,0.21279312457661867,54,56
by_band,750-850 km,quiet,12.0,in_track,quantile_linear_km,0.7628837337108584,0.7581964673644088,54,56
by_band,750-850 km,quiet,12.0,cross,n,54.0,56.0,54,56
by_band,750-850 km,quiet,12.0,cross,inside_1_sigma_fraction,0.1111111111111111,0.10714285714285714,54,56
by_band,750-850 km,quiet,12.0,cross,inside_2_sigma_fraction,0.24074074074074073,0.23214285714285715,54,56
by_band,750-850 km,quiet,12.0,cross,median_sigma_km,0.03049520185068745,0.030495202096055857,54,56
by_band,750-850 km,quiet,12.0,cross,median_abs_km,0.1122325682645672,0.11830940412634612,54,56
by_band,750-850 km,quiet,12.0,cross,quantile_linear_km,0.27472088371981346,0.2824612897163241,54,56
by_band,750-850 km,quiet,12.0,cross,quantile_inverted_cdf_km,0.27551266445468664,0.3033071655012366,54,56
by_band,750-850 km,quiet,24.0,radial,median_sigma_km,0.04420457638123906,0.0442046112222739,52,52
by_band,750-850 km,quiet,24.0,in_track,median_sigma_km,0.8108215303962486,0.8108215259701028,52,52
by_band,750-850 km,quiet,24.0,cross,median_sigma_km,0.0609904037013749,0.060990403712256266,52,52
by_band,750-850 km,quiet,36.0,radial,n,47.0,49.0,47,49
by_band,750-850 km,quiet,36.0,radial,inside_1_sigma_count,25.0,27.0,47,49
by_band,750-850 km,quiet,36.0,radial,inside_2_sigma_count,28.0,30.0,47,49
by_band,750-850 km,quiet,36.0,radial,inside_1_sigma_fraction,0.5319148936170213,0.5510204081632653,47,49
by_band,750-850 km,quiet,36.0,radial,inside_2_sigma_fraction,0.5957446808510638,0.6122448979591837,47,49
by_band,750-850 km,quiet,36.0,radial,median_sigma_km,0.06630686457185858,0.06630686872011494,47,49
by_band,750-850 km,quiet,36.0,radial,quantile_linear_km,0.28977100586507076,0.2896530468328213,47,49
by_band,750-850 km,quiet,36.0,in_track,n,47.0,49.0,47,49
by_band,750-850 km,quiet,36.0,in_track,inside_1_sigma_count,36.0,38.0,47,49
by_band,750-850 km,quiet,36.0,in_track,inside_2_sigma_count,45.0,47.0,47,49
by_band,750-850 km,quiet,36.0,in_track,inside_1_sigma_fraction,0.7659574468085106,0.7755102040816326,47,49
by_band,750-850 km,quiet,36.0,in_track,inside_2_sigma_fraction,0.9574468085106383,0.9591836734693877,47,49
by_band,750-850 km,quiet,36.0,in_track,median_sigma_km,1.4303852893655697,1.4303852856557513,47,49
by_band,750-850 km,quiet,36.0,in_track,median_abs_km,0.4225213451947497,0.3909669730826554,47,49
by_band,750-850 km,quiet,36.0,in_track,quantile_linear_km,1.1679326090173427,1.1580416127266633,47,49
by_band,750-850 km,quiet,36.0,cross,n,47.0,49.0,47,49
by_band,750-850 km,quiet,36.0,cross,inside_1_sigma_count,18.0,20.0,47,49
by_band,750-850 km,quiet,36.0,cross,inside_2_sigma_count,39.0,41.0,47,49
by_band,750-850 km,quiet,36.0,cross,inside_1_sigma_fraction,0.3829787234042553,0.40816326530612246,47,49
by_band,750-850 km,quiet,36.0,cross,inside_2_sigma_fraction,0.8297872340425532,0.8367346938775511,47,49
by_band,750-850 km,quiet,36.0,cross,median_sigma_km,0.09148560555206235,0.09148560587520377,47,49
by_band,750-850 km,quiet,36.0,cross,quantile_linear_km,0.1862375807645896,0.1854166017802064,47,49
by_band,750-850 km,quiet,48.0,radial,median_sigma_km,0.08840915276247811,0.08840921003621433,46,46
by_band,750-850 km,quiet,48.0,in_track,median_sigma_km,2.1397708471656696,2.1397708232311565,46,46
by_band,750-850 km,quiet,48.0,cross,median_sigma_km,0.1219808074027498,0.12198080827406249,46,46
by_band,750-850 km,quiet,72.0,radial,median_sigma_km,0.12516431706231046,0.12516436639499745,40,40
by_band,750-850 km,quiet,72.0,in_track,median_sigma_km,3.7748094095420894,3.7748092567038727,40,40
by_band,750-850 km,quiet,72.0,cross,median_sigma_km,0.1829712111041247,0.1829712124408813,40,40
by_band,750-850 km,quiet,96.0,radial,median_sigma_km,0.1668857560830806,0.16688581428235888,33,33
by_band,750-850 km,quiet,96.0,in_track,median_sigma_km,1.4140021054952656,1.4140021042860123,33,33
by_band,750-850 km,quiet,96.0,cross,median_sigma_km,0.11854127566136687,0.1185412867915132,33,33
by_band,750-850 km,quiet,120.0,radial,median_sigma_km,0.20860719510385073,0.20860742488524786,30,30
by_band,750-850 km,quiet,120.0,in_track,median_sigma_km,1.787333394535875,1.7873333906530326,30,30
by_band,750-850 km,quiet,120.0,cross,median_sigma_km,0.14983908425386225,0.14983908940628077,30,30
by_band,750-850 km,quiet,144.0,radial,median_sigma_km,0.2503286341246209,0.2503291236949737,29,29
by_band,750-850 km,quiet,144.0,in_track,median_sigma_km,2.164441628814688,2.1644416240202697,29,29
by_band,750-850 km,quiet,144.0,cross,median_sigma_km,0.1814535288010707,0.18145354459434257,29,29
by_band,750-850 km,quiet,168.0,radial,median_sigma_km,0.29205007314539105,0.29205137056011254,29,29
by_band,750-850 km,quiet,168.0,in_track,median_sigma_km,2.544720024268466,2.544720017872606,29,29
by_band,750-850 km,quiet,168.0,cross,median_sigma_km,0.21333374024372584,0.21333375887444958,29,29
by_band,750-850 km,storm,6.0,radial,n,68.0,65.0,68,65
by_band,750-850 km,storm,6.0,radial,inside_2_sigma_count,19.0,18.0,68,65
by_band,750-850 km,storm,6.0,radial,inside_1_sigma_fraction,0.08823529411764706,0.09230769230769231,68,65
by_band,750-850 km,storm,6.0,radial,inside_2_sigma_fraction,0.27941176470588236,0.27692307692307694,68,65
by_band,750-850 km,storm,6.0,radial,median_sigma_km,0.021294550045354802,0.021294551595964568,68,65
by_band,750-850 km,storm,6.0,radial,median_abs_km,0.07346231262214084,0.07163160389281005,68,65
by_band,750-850 km,storm,6.0,radial,quantile_linear_km,0.16854351320393915,0.16939785389208353,68,65
by_band,750-850 km,storm,6.0,in_track,n,68.0,65.0,68,65
by_band,750-850 km,storm,6.0,in_track,inside_2_sigma_count,42.0,40.0,68,65
by_band,750-850 km,storm,6.0,in_track,inside_1_sigma_fraction,0.2647058823529412,0.27692307692307694,68,65
by_band,750-850 km,storm,6.0,in_track,inside_2_sigma_fraction,0.6176470588235294,0.6153846153846154,68,65
by_band,750-850 km,storm,6.0,in_track,median_sigma_km,0.41630168316462574,0.41630168134253653,68,65
by_band,750-850 km,storm,6.0,in_track,median_abs_km,0.7080538011641615,0.7144634988064189,68,65
by_band,750-850 km,storm,6.0,in_track,quantile_linear_km,1.5288958651348938,1.079816352803794,68,65
by_band,750-850 km,storm,6.0,in_track,quantile_inverted_cdf_km,1.7691767864254806,1.082659868452378,68,65
by_band,750-850 km,storm,6.0,cross,n,68.0,65.0,68,65
by_band,750-850 km,storm,6.0,cross,inside_1_sigma_count,7.0,6.0,68,65
by_band,750-850 km,storm,6.0,cross,inside_2_sigma_count,17.0,16.0,68,65
by_band,750-850 km,storm,6.0,cross,inside_1_sigma_fraction,0.10294117647058823,0.09230769230769231,68,65
by_band,750-850 km,storm,6.0,cross,inside_2_sigma_fraction,0.25,0.24615384615384617,68,65
by_band,750-850 km,storm,6.0,cross,median_sigma_km,0.023782506755535653,0.02378250988660751,68,65
by_band,750-850 km,storm,6.0,cross,median_abs_km,0.08009056186013686,0.08160334977102801,68,65
by_band,750-850 km,storm,6.0,cross,quantile_linear_km,0.21062415267985168,0.21191446897529817,68,65
by_band,750-850 km,storm,12.0,radial,n,68.0,63.0,68,63
by_band,750-850 km,storm,12.0,radial,inside_1_sigma_count,8.0,7.0,68,63
by_band,750-850 km,storm,12.0,radial,inside_2_sigma_count,15.0,14.0,68,63
by_band,750-850 km,storm,12.0,radial,inside_1_sigma_fraction,0.11764705882352941,0.1111111111111111,68,63
by_band,750-850 km,storm,12.0,radial,inside_2_sigma_fraction,0.22058823529411764,0.2222222222222222,68,63
by_band,750-850 km,storm,12.0,radial,median_sigma_km,0.021294550045354802,0.021294550788712955,68,63
by_band,750-850 km,storm,12.0,radial,median_abs_km,0.11386656832998682,0.11364298027898234,68,63
by_band,750-850 km,storm,12.0,radial,quantile_linear_km,0.19628463187730352,0.19538227329443997,68,63
by_band,750-850 km,storm,12.0,radial,quantile_inverted_cdf_km,0.19665278643989847,0.19560091626105577,68,63
by_band,750-850 km,storm,12.0,in_track,n,68.0,63.0,68,63
by_band,750-850 km,storm,12.0,in_track,inside_1_sigma_count,39.0,37.0,68,63
by_band,750-850 km,storm,12.0,in_track,inside_2_sigma_count,47.0,44.0,68,63
by_band,750-850 km,storm,12.0,in_track,inside_1_sigma_fraction,0.5735294117647058,0.5873015873015873,68,63
by_band,750-850 km,storm,12.0,in_track,inside_2_sigma_fraction,0.6911764705882353,0.6984126984126984,68,63
by_band,750-850 km,storm,12.0,in_track,median_sigma_km,0.41630168316462574,0.4163016827097997,68,63
by_band,750-850 km,storm,12.0,in_track,median_abs_km,0.36433337641202856,0.35734710767514066,68,63
by_band,750-850 km,storm,12.0,in_track,quantile_linear_km,1.4468534190734568,1.4302948442047567,68,63
by_band,750-850 km,storm,12.0,in_track,quantile_inverted_cdf_km,1.455647094906684,1.4305223068117492,68,63
by_band,750-850 km,storm,12.0,cross,n,68.0,63.0,68,63
by_band,750-850 km,storm,12.0,cross,inside_1_sigma_count,9.0,8.0,68,63
by_band,750-850 km,storm,12.0,cross,inside_2_sigma_count,17.0,16.0,68,63
by_band,750-850 km,storm,12.0,cross,inside_1_sigma_fraction,0.1323529411764706,0.12698412698412698,68,63
by_band,750-850 km,storm,12.0,cross,inside_2_sigma_fraction,0.25,0.25396825396825395,68,63
by_band,750-850 km,storm,12.0,cross,median_sigma_km,0.023782506755535653,0.02378250716699939,68,63
by_band,750-850 km,storm,12.0,cross,median_abs_km,0.09001893804178053,0.08987349979374917,68,63
by_band,750-850 km,storm,12.0,cross,quantile_linear_km,0.2834894340652444,0.28404349587314714,68,63
by_band,750-850 km,storm,24.0,radial,n,68.0,61.0,68,61
by_band,750-850 km,storm,24.0,radial,inside_1_sigma_count,46.0,40.0,68,61
by_band,750-850 km,storm,24.0,radial,inside_2_sigma_count,57.0,51.0,68,61
by_band,750-850 km,storm,24.0,radial,inside_1_sigma_fraction,0.6764705882352942,0.6557377049180327,68,61
by_band,750-850 km,storm,24.0,radial,inside_2_sigma_fraction,0.8382352941176471,0.8360655737704918,68,61
by_band,750-850 km,storm,24.0,radial,median_sigma_km,0.04312574778236369,0.04312583523932827,68,61
by_band,750-850 km,storm,24.0,radial,median_abs_km,0.022694241900895216,0.024446197021025507,68,61
by_band,750-850 km,storm,24.0,radial,quantile_linear_km,0.11936994694287056,0.12453213107796879,68,61
by_band,750-850 km,storm,24.0,in_track,n,68.0,61.0,68,61
by_band,750-850 km,storm,24.0,in_track,inside_1_sigma_count,47.0,44.0,68,61
by_band,750-850 km,storm,24.0,in_track,inside_2_sigma_count,61.0,56.0,68,61
by_band,750-850 km,storm,24.0,in_track,inside_1_sigma_fraction,0.6911764705882353,0.7213114754098361,68,61
by_band,750-850 km,storm,24.0,in_track,inside_2_sigma_fraction,0.8970588235294118,0.9180327868852459,68,61
by_band,750-850 km,storm,24.0,in_track,median_sigma_km,1.0986267284075892,1.098626724974182,68,61
by_band,750-850 km,storm,24.0,in_track,median_abs_km,0.48973890528775516,0.48743360184891116,68,61
by_band,750-850 km,storm,24.0,in_track,quantile_linear_km,2.1483132143054613,1.6432810280779548,68,61
by_band,750-850 km,storm,24.0,in_track,quantile_inverted_cdf_km,2.2109588922053893,1.6432810280779548,68,61
by_band,750-850 km,storm,24.0,cross,n,68.0,61.0,68,61
by_band,750-850 km,storm,24.0,cross,inside_1_sigma_count,11.0,9.0,68,61
by_band,750-850 km,storm,24.0,cross,inside_2_sigma_count,24.0,22.0,68,61
by_band,750-850 km,storm,24.0,cross,inside_1_sigma_fraction,0.16176470588235295,0.14754098360655737,68,61
by_band,750-850 km,storm,24.0,cross,inside_2_sigma_fraction,0.35294117647058826,0.36065573770491804,68,61
by_band,750-850 km,storm,24.0,cross,median_sigma_km,0.04437972684872352,0.04437972714670179,68,61
by_band,750-850 km,storm,24.0,cross,median_abs_km,0.13513795883344054,0.13553891982721045,68,61
by_band,750-850 km,storm,24.0,cross,quantile_linear_km,0.30277516920449343,0.305518283618082,68,61
by_band,750-850 km,storm,36.0,radial,n,68.0,58.0,68,58
by_band,750-850 km,storm,36.0,radial,inside_1_sigma_count,32.0,30.0,68,58
by_band,750-850 km,storm,36.0,radial,inside_2_sigma_count,42.0,35.0,68,58
by_band,750-850 km,storm,36.0,radial,inside_1_sigma_fraction,0.47058823529411764,0.5172413793103449,68,58
by_band,750-850 km,storm,36.0,radial,inside_2_sigma_fraction,0.6176470588235294,0.603448275862069,68,58
by_band,750-850 km,storm,36.0,radial,median_sigma_km,0.06601345458479106,0.06601354295582212,68,58
by_band,750-850 km,storm,36.0,radial,median_abs_km,0.07043127394350945,0.06414949835075896,68,58
by_band,750-850 km,storm,36.0,radial,quantile_linear_km,0.2913691043291719,0.29188600861843234,68,58
by_band,750-850 km,storm,36.0,radial,quantile_inverted_cdf_km,0.29158047871538206,0.2936173447357171,68,58
by_band,750-850 km,storm,36.0,in_track,n,68.0,58.0,68,58
by_band,750-850 km,storm,36.0,in_track,inside_1_sigma_count,50.0,45.0,68,58
by_band,750-850 km,storm,36.0,in_track,inside_2_sigma_count,63.0,53.0,68,58
by_band,750-850 km,storm,36.0,in_track,inside_1_sigma_fraction,0.7352941176470589,0.7758620689655172,68,58
by_band,750-850 km,storm,36.0,in_track,inside_2_sigma_fraction,0.9264705882352942,0.9137931034482759,68,58
by_band,750-850 km,storm,36.0,in_track,median_sigma_km,1.9381077732976162,1.938107769641315,68,58
by_band,750-850 km,storm,36.0,in_track,median_abs_km,0.5803378383796873,0.45396006649643517,68,58
by_band,750-850 km,storm,36.0,in_track,quantile_linear_km,2.5694921134551265,1.4874354232682208,68,58
by_band,750-850 km,storm,36.0,in_track,quantile_inverted_cdf_km,2.591278077882269,1.636233553506927,68,58
by_band,750-850 km,storm,36.0,cross,n,68.0,58.0,68,58
by_band,750-850 km,storm,36.0,cross,inside_1_sigma_count,24.0,22.0,68,58
by_band,750-850 km,storm,36.0,cross,inside_2_sigma_count,41.0,36.0,68,58
by_band,750-850 km,storm,36.0,cross,inside_1_sigma_fraction,0.35294117647058826,0.3793103448275862,68,58
by_band,750-850 km,storm,36.0,cross,inside_2_sigma_fraction,0.6029411764705882,0.6206896551724138,68,58
by_band,750-850 km,storm,36.0,cross,median_sigma_km,0.06392441437152674,0.0639244213243032,68,58
by_band,750-850 km,storm,36.0,cross,median_abs_km,0.08564271756038236,0.07995215743546497,68,58
by_band,750-850 km,storm,36.0,cross,quantile_linear_km,0.21947528441232353,0.20371201948558443,68,58
by_band,750-850 km,storm,36.0,cross,quantile_inverted_cdf_km,0.22611700862541087,0.20714065373087567,68,58
by_band,750-850 km,storm,48.0,radial,n,68.0,56.0,68,56
by_band,750-850 km,storm,48.0,radial,inside_1_sigma_count,30.0,23.0,68,56
by_band,750-850 km,storm,48.0,radial,inside_2_sigma_count,57.0,47.0,68,56
by_band,750-850 km,storm,48.0,radial,inside_1_sigma_fraction,0.4411764705882353,0.4107142857142857,68,56
by_band,750-850 km,storm,48.0,radial,inside_2_sigma_fraction,0.8382352941176471,0.8392857142857143,68,56
by_band,750-850 km,storm,48.0,radial,median_sigma_km,0.0892931479870224,0.08929403449742947,68,56
by_band,750-850 km,storm,48.0,radial,median_abs_km,0.0997147384844022,0.10144029427486494,68,56
by_band,750-850 km,storm,48.0,radial,quantile_linear_km,0.23886698310821386,0.24720071664374688,68,56
by_band,750-850 km,storm,48.0,radial,quantile_inverted_cdf_km,0.24693417533822373,0.24800034056031636,68,56
by_band,750-850 km,storm,48.0,in_track,n,68.0,56.0,68,56
by_band,750-850 km,storm,48.0,in_track,inside_1_sigma_count,54.0,46.0,68,56
by_band,750-850 km,storm,48.0,in_track,inside_2_sigma_count,65.0,53.0,68,56
by_band,750-850 km,storm,48.0,in_track,inside_1_sigma_fraction,0.7941176470588235,0.8214285714285714,68,56
by_band,750-850 km,storm,48.0,in_track,inside_2_sigma_fraction,0.9558823529411765,0.9464285714285714,68,56
by_band,750-850 km,storm,48.0,in_track,median_sigma_km,2.8992933182407157,2.8992932898854527,68,56
by_band,750-850 km,storm,48.0,in_track,median_abs_km,0.9132097955522889,0.7686707390284089,68,56
by_band,750-850 km,storm,48.0,in_track,quantile_linear_km,3.9732019105898617,2.2688232062817377,68,56
by_band,750-850 km,storm,48.0,in_track,quantile_inverted_cdf_km,4.099811250893252,2.280892787375,68,56
by_band,750-850 km,storm,48.0,cross,n,68.0,56.0,68,56
by_band,750-850 km,storm,48.0,cross,inside_1_sigma_count,32.0,25.0,68,56
by_band,750-850 km,storm,48.0,cross,inside_2_sigma_count,48.0,39.0,68,56
by_band,750-850 km,storm,48.0,cross,inside_1_sigma_fraction,0.47058823529411764,0.44642857142857145,68,56
by_band,750-850 km,storm,48.0,cross,inside_2_sigma_fraction,0.7058823529411765,0.6964285714285714,68,56
by_band,750-850 km,storm,48.0,cross,median_sigma_km,0.08281549861050176,0.08281550781670091,68,56
by_band,750-850 km,storm,48.0,cross,median_abs_km,0.10646276685875676,0.11042103949109491,68,56
by_band,750-850 km,storm,48.0,cross,quantile_linear_km,0.2592348338228259,0.26279720861678724,68,56
by_band,750-850 km,storm,48.0,cross,quantile_inverted_cdf_km,0.2620990163800344,0.2648917853270458,68,56
by_band,750-850 km,storm,72.0,radial,n,66.0,53.0,66,53
by_band,750-850 km,storm,72.0,radial,inside_1_sigma_count,54.0,42.0,66,53
by_band,750-850 km,storm,72.0,radial,inside_2_sigma_count,66.0,53.0,66,53
by_band,750-850 km,storm,72.0,radial,inside_1_sigma_fraction,0.8181818181818182,0.7924528301886793,66,53
by_band,750-850 km,storm,72.0,radial,median_sigma_km,0.13605724877345068,0.13605912093676462,66,53
by_band,750-850 km,storm,72.0,radial,median_abs_km,0.056545804873120456,0.05629923660314699,66,53
by_band,750-850 km,storm,72.0,radial,quantile_linear_km,0.1818874205458346,0.18534114461083825,66,53
by_band,750-850 km,storm,72.0,radial,quantile_inverted_cdf_km,0.18325206942825092,0.18847475738471925,66,53
by_band,750-850 km,storm,72.0,in_track,n,66.0,53.0,66,53
by_band,750-850 km,storm,72.0,in_track,inside_1_sigma_count,54.0,45.0,66,53
by_band,750-850 km,storm,72.0,in_track,inside_2_sigma_count,62.0,49.0,66,53
by_band,750-850 km,storm,72.0,in_track,inside_1_sigma_fraction,0.8181818181818182,0.8490566037735849,66,53
by_band,750-850 km,storm,72.0,in_track,inside_2_sigma_fraction,0.9393939393939394,0.9245283018867925,66,53
by_band,750-850 km,storm,72.0,in_track,median_sigma_km,5.114697077593288,5.114696763198114,66,53
by_band,750-850 km,storm,72.0,in_track,median_abs_km,2.1089180775177345,1.3841133328491348,66,53
by_band,750-850 km,storm,72.0,in_track,quantile_linear_km,6.010332644842235,3.9494735718662373,66,53
by_band,750-850 km,storm,72.0,in_track,quantile_inverted_cdf_km,6.115899496735429,4.046446514810151,66,53
by_band,750-850 km,storm,72.0,cross,n,66.0,53.0,66,53
by_band,750-850 km,storm,72.0,cross,inside_1_sigma_count,35.0,27.0,66,53
by_band,750-850 km,storm,72.0,cross,inside_2_sigma_count,57.0,47.0,66,53
by_band,750-850 km,storm,72.0,cross,inside_1_sigma_fraction,0.5303030303030303,0.5094339622641509,66,53
by_band,750-850 km,storm,72.0,cross,inside_2_sigma_fraction,0.8636363636363636,0.8867924528301887,66,53
by_band,750-850 km,storm,72.0,cross,median_sigma_km,0.11928717514660815,0.11928721082977806,66,53
by_band,750-850 km,storm,72.0,cross,median_abs_km,0.10071787250891606,0.10261166827462576,66,53
by_band,750-850 km,storm,72.0,cross,quantile_linear_km,0.32360444654257237,0.31728424693280216,66,53
by_band,750-850 km,storm,96.0,radial,n,59.0,46.0,59,46
by_band,750-850 km,storm,96.0,radial,inside_1_sigma_count,39.0,33.0,59,46
by_band,750-850 km,storm,96.0,radial,inside_2_sigma_count,59.0,46.0,59,46
by_band,750-850 km,storm,96.0,radial,inside_1_sigma_fraction,0.6610169491525424,0.717391304347826,59,46
by_band,750-850 km,storm,96.0,radial,median_sigma_km,0.17881892700246493,0.17882282244766032,59,46
by_band,750-850 km,storm,96.0,radial,median_abs_km,0.14265532959411897,0.0846806051962199,59,46
by_band,750-850 km,storm,96.0,radial,quantile_linear_km,0.24101290187602087,0.24595980481352364,59,46
by_band,750-850 km,storm,96.0,in_track,n,59.0,46.0,59,46
by_band,750-850 km,storm,96.0,in_track,inside_1_sigma_count,48.0,35.0,59,46
by_band,750-850 km,storm,96.0,in_track,inside_2_sigma_count,56.0,43.0,59,46
by_band,750-850 km,storm,96.0,in_track,inside_1_sigma_fraction,0.8135593220338984,0.7608695652173914,59,46
by_band,750-850 km,storm,96.0,in_track,inside_2_sigma_fraction,0.9491525423728814,0.9347826086956522,59,46
by_band,750-850 km,storm,96.0,in_track,median_sigma_km,7.651280938139237,7.651279040608324,59,46
by_band,750-850 km,storm,96.0,in_track,median_abs_km,3.3745570381903804,2.5780180110621833,59,46
by_band,750-850 km,storm,96.0,in_track,quantile_linear_km,6.991195679430758,5.784332048675982,59,46
by_band,750-850 km,storm,96.0,in_track,quantile_inverted_cdf_km,7.010193876459928,5.801110173745154,59,46
by_band,750-850 km,storm,96.0,cross,n,59.0,46.0,59,46
by_band,750-850 km,storm,96.0,cross,inside_1_sigma_count,26.0,23.0,59,46
by_band,750-850 km,storm,96.0,cross,inside_2_sigma_count,48.0,38.0,59,46
by_band,750-850 km,storm,96.0,cross,inside_1_sigma_fraction,0.4406779661016949,0.5,59,46
by_band,750-850 km,storm,96.0,cross,inside_2_sigma_fraction,0.8135593220338984,0.8260869565217391,59,46
by_band,750-850 km,storm,96.0,cross,median_sigma_km,0.15453918482833753,0.1545391969627804,59,46
by_band,750-850 km,storm,96.0,cross,median_abs_km,0.17112040114248295,0.16895051834314054,59,46
by_band,750-850 km,storm,96.0,cross,quantile_linear_km,0.4318597851640348,0.4237981347580704,59,46
by_band,750-850 km,storm,96.0,cross,quantile_inverted_cdf_km,0.44459197062674405,0.43044509789040053,59,46
by_band,750-850 km,storm,120.0,radial,n,53.0,40.0,53,40
by_band,750-850 km,storm,120.0,radial,inside_1_sigma_count,49.0,36.0,53,40
by_band,750-850 km,storm,120.0,radial,inside_2_sigma_count,53.0,40.0,53,40
by_band,750-850 km,storm,120.0,radial,inside_1_sigma_fraction,0.9245283018867925,0.9,53,40
by_band,750-850 km,storm,120.0,radial,median_sigma_km,0.221043626409537,0.22104485920288303,53,40
by_band,750-850 km,storm,120.0,radial,median_abs_km,0.07777560643243364,0.08371571125578889,53,40
by_band,750-850 km,storm,120.0,radial,quantile_linear_km,0.2222775880387419,0.22708233068288539,53,40
by_band,750-850 km,storm,120.0,in_track,n,53.0,40.0,53,40
by_band,750-850 km,storm,120.0,in_track,inside_1_sigma_count,40.0,27.0,53,40
by_band,750-850 km,storm,120.0,in_track,inside_2_sigma_count,45.0,32.0,53,40
by_band,750-850 km,storm,120.0,in_track,inside_1_sigma_fraction,0.7547169811320755,0.675,53,40
by_band,750-850 km,storm,120.0,in_track,inside_2_sigma_fraction,0.8490566037735849,0.8,53,40
by_band,750-850 km,storm,120.0,in_track,median_sigma_km,10.263099131062509,10.263094623319752,53,40
by_band,750-850 km,storm,120.0,in_track,median_abs_km,5.478507665024237,4.224751564049281,53,40
by_band,750-850 km,storm,120.0,in_track,quantile_linear_km,8.329745044607929,8.195143136962459,53,40
by_band,750-850 km,storm,120.0,in_track,quantile_inverted_cdf_km,8.339144079367982,8.185802850191035,53,40
by_band,750-850 km,storm,120.0,cross,n,53.0,40.0,53,40
by_band,750-850 km,storm,120.0,cross,inside_1_sigma_count,36.0,27.0,53,40
by_band,750-850 km,storm,120.0,cross,inside_2_sigma_count,53.0,40.0,53,40
by_band,750-850 km,storm,120.0,cross,inside_1_sigma_fraction,0.6792452830188679,0.675,53,40
by_band,750-850 km,storm,120.0,cross,median_sigma_km,0.18891116608442937,0.18891137311618475,53,40
by_band,750-850 km,storm,120.0,cross,median_abs_km,0.1292278160177801,0.14408084072400557,53,40
by_band,750-850 km,storm,120.0,cross,quantile_linear_km,0.261389557972988,0.24772756868531906,53,40
by_band,750-850 km,storm,120.0,cross,quantile_inverted_cdf_km,0.26504871882513603,0.24713690822639434,53,40
by_band,750-850 km,storm,144.0,radial,n,46.0,33.0,46,33
by_band,750-850 km,storm,144.0,radial,inside_1_sigma_count,26.0,17.0,46,33
by_band,750-850 km,storm,144.0,radial,inside_2_sigma_count,46.0,33.0,46,33
by_band,750-850 km,storm,144.0,radial,inside_1_sigma_fraction,0.5652173913043478,0.5151515151515151,46,33
by_band,750-850 km,storm,144.0,radial,median_sigma_km,0.26284527880768277,0.2555480111130291,46,33
by_band,750-850 km,storm,144.0,radial,median_abs_km,0.25737172056094604,0.2581047442408022,46,33
by_band,750-850 km,storm,144.0,radial,quantile_linear_km,0.3577819521122099,0.34956655274123394,46,33
by_band,750-850 km,storm,144.0,radial,quantile_inverted_cdf_km,0.36215651802826876,0.37104292786288984,46,33
by_band,750-850 km,storm,144.0,in_track,n,46.0,33.0,46,33
by_band,750-850 km,storm,144.0,in_track,inside_1_sigma_count,32.0,19.0,46,33
by_band,750-850 km,storm,144.0,in_track,inside_2_sigma_count,37.0,24.0,46,33
by_band,750-850 km,storm,144.0,in_track,inside_1_sigma_fraction,0.6956521739130435,0.5757575757575758,46,33
by_band,750-850 km,storm,144.0,in_track,inside_2_sigma_fraction,0.8043478260869565,0.7272727272727273,46,33
by_band,750-850 km,storm,144.0,in_track,median_sigma_km,12.890064227561526,2.780553158790073,46,33
by_band,750-850 km,storm,144.0,in_track,median_abs_km,6.401869138204378,6.375206443183629,46,33
by_band,750-850 km,storm,144.0,in_track,quantile_linear_km,10.87097593021363,11.383435426992746,46,33
by_band,750-850 km,storm,144.0,in_track,quantile_inverted_cdf_km,11.185157448969656,11.68085239402738,46,33
by_band,750-850 km,storm,144.0,cross,n,46.0,33.0,46,33
by_band,750-850 km,storm,144.0,cross,inside_1_sigma_count,29.0,25.0,46,33
by_band,750-850 km,storm,144.0,cross,inside_2_sigma_count,43.0,33.0,46,33
by_band,750-850 km,storm,144.0,cross,inside_1_sigma_fraction,0.6304347826086957,0.7575757575757576,46,33
by_band,750-850 km,storm,144.0,cross,inside_2_sigma_fraction,0.9347826086956522,1.0,46,33
by_band,750-850 km,storm,144.0,cross,median_sigma_km,0.22259773975802982,0.1352441096554022,46,33
by_band,750-850 km,storm,144.0,cross,median_abs_km,0.21985651292423436,0.13636030248970687,46,33
by_band,750-850 km,storm,144.0,cross,quantile_linear_km,0.4922635720244427,0.41525164411158555,46,33
by_band,750-850 km,storm,144.0,cross,quantile_inverted_cdf_km,0.4942230809224908,0.42048657831360803,46,33
by_band,750-850 km,storm,168.0,radial,n,38.0,25.0,38,25
by_band,750-850 km,storm,168.0,radial,inside_1_sigma_count,38.0,25.0,38,25
by_band,750-850 km,storm,168.0,radial,inside_2_sigma_count,38.0,25.0,38,25
by_band,750-850 km,storm,168.0,radial,median_sigma_km,0.3012110370005091,0.2981441964645046,38,25
by_band,750-850 km,storm,168.0,radial,median_abs_km,0.0696517073449214,0.0508298536665725,38,25
by_band,750-850 km,storm,168.0,radial,quantile_linear_km,0.21689060497802629,0.15382523560898126,38,25
by_band,750-850 km,storm,168.0,radial,quantile_inverted_cdf_km,0.22050580271814502,0.15703447514497487,38,25
by_band,750-850 km,storm,168.0,in_track,n,38.0,25.0,38,25
by_band,750-850 km,storm,168.0,in_track,inside_1_sigma_count,23.0,10.0,38,25
by_band,750-850 km,storm,168.0,in_track,inside_2_sigma_count,28.0,15.0,38,25
by_band,750-850 km,storm,168.0,in_track,inside_1_sigma_fraction,0.6052631578947368,0.4,38,25
by_band,750-850 km,storm,168.0,in_track,inside_2_sigma_fraction,0.7368421052631579,0.6,38,25
by_band,750-850 km,storm,168.0,in_track,median_sigma_km,9.487407084319067,3.345547621409919,38,25
by_band,750-850 km,storm,168.0,in_track,median_abs_km,6.098202613897376,6.293616964141529,38,25
by_band,750-850 km,storm,168.0,in_track,quantile_linear_km,9.52590098381583,9.458227914048093,38,25
by_band,750-850 km,storm,168.0,in_track,quantile_inverted_cdf_km,9.5973516464878,9.513292043344306,38,25
by_band,750-850 km,storm,168.0,cross,n,38.0,25.0,38,25
by_band,750-850 km,storm,168.0,cross,inside_1_sigma_count,28.0,15.0,38,25
by_band,750-850 km,storm,168.0,cross,inside_2_sigma_count,37.0,24.0,38,25
by_band,750-850 km,storm,168.0,cross,inside_1_sigma_fraction,0.7368421052631579,0.6,38,25
by_band,750-850 km,storm,168.0,cross,inside_2_sigma_fraction,0.9736842105263158,0.96,38,25
by_band,750-850 km,storm,168.0,cross,median_sigma_km,0.20736519180455265,0.15900560538255562,38,25
by_band,750-850 km,storm,168.0,cross,median_abs_km,0.13844721923508296,0.16060107903266063,38,25
by_band,750-850 km,storm,168.0,cross,quantile_linear_km,0.27544608476899307,0.3008350107261116,38,25
by_band,850-1000 km,august,6.0,radial,median_sigma_km,0.031221505734885923,0.031221506490781068,65,65
by_band,850-1000 km,august,6.0,in_track,median_sigma_km,0.10587260483633022,0.10587260458018762,65,65
by_band,850-1000 km,august,6.0,cross,median_sigma_km,0.040652159234032106,0.04065215928509911,65,65
by_band,850-1000 km,august,12.0,radial,median_sigma_km,0.031221505734885923,0.03122150628819719,65,65
by_band,850-1000 km,august,12.0,in_track,median_sigma_km,0.10587260483633022,0.10587260464632213,65,65
by_band,850-1000 km,august,12.0,cross,median_sigma_km,0.040652159234032106,0.040652159332517486,65,65
by_band,850-1000 km,august,24.0,radial,median_sigma_km,0.062443011469771846,0.06244301338128493,65,65
by_band,850-1000 km,august,24.0,in_track,median_sigma_km,0.3561115755217727,0.3561115750634503,65,65
by_band,850-1000 km,august,24.0,cross,median_sigma_km,0.08130431846806421,0.08130431900743613,65,65
by_band,850-1000 km,august,36.0,radial,median_sigma_km,0.09366451720465777,0.09366452435461647,64,64
by_band,850-1000 km,august,36.0,in_track,median_sigma_km,0.7240120495877979,0.7240120485812636,64,64
by_band,850-1000 km,august,36.0,cross,median_sigma_km,0.12195647770209632,0.12195647871393749,64,64
by_band,850-1000 km,august,48.0,radial,median_sigma_km,0.12488602293954369,0.12488603375837404,62,62
by_band,850-1000 km,august,48.0,in_track,median_sigma_km,1.1978117891464444,1.197811787706843,62,62
by_band,850-1000 km,august,48.0,cross,median_sigma_km,0.16260863693612843,0.16260863753421476,62,62
by_band,850-1000 km,august,72.0,radial,median_sigma_km,0.18732903440931553,0.18732909292948996,57,57
by_band,850-1000 km,august,72.0,in_track,median_sigma_km,2.3407728078927974,2.340772807393697,57,57
by_band,850-1000 km,august,72.0,cross,median_sigma_km,0.24391295540419264,0.2439129623129952,57,57
by_band,850-1000 km,august,96.0,radial,median_sigma_km,0.24977204587908738,0.24977250295449505,53,53
by_band,850-1000 km,august,96.0,in_track,median_sigma_km,3.402354965652336,3.4023549648577096,53,53
by_band,850-1000 km,august,96.0,cross,median_sigma_km,0.32521727387225685,0.325217338647458,53,53
by_band,850-1000 km,august,120.0,radial,median_sigma_km,0.31221505734885924,0.31221675981511354,49,49
by_band,850-1000 km,august,120.0,in_track,median_sigma_km,5.95365409050161,5.953653727548643,49,49
by_band,850-1000 km,august,120.0,cross,median_sigma_km,0.40652159234032104,0.40652163891084503,49,49
by_band,850-1000 km,august,144.0,radial,median_sigma_km,0.37465806881863106,0.3746592351160952,46,46
by_band,850-1000 km,august,144.0,in_track,median_sigma_km,8.191261278788845,8.191260710553541,46,46
by_band,850-1000 km,august,144.0,cross,median_sigma_km,0.4878259108083853,0.48782591296583977,46,46
by_band,850-1000 km,august,168.0,radial,median_sigma_km,0.43710108028840294,0.43710115318539217,39,39
by_band,850-1000 km,august,168.0,in_track,median_sigma_km,10.72772571022017,10.727724993571275,39,39
by_band,850-1000 km,august,168.0,cross,median_sigma_km,0.5691302292764495,0.569130877134142,39,39
by_band,850-1000 km,held-out,6.0,radial,median_sigma_km,0.030789076429606717,0.030789076513621116,60,60
by_band,850-1000 km,held-out,6.0,in_track,median_sigma_km,0.09123257694089923,0.09123257687521491,60,60
by_band,850-1000 km,held-out,12.0,radial,n,57.0,59.0,57,59
by_band,850-1000 km,held-out,12.0,radial,inside_1_sigma_fraction,0.2807017543859649,0.2711864406779661,57,59
by_band,850-1000 km,held-out,12.0,radial,inside_2_sigma_fraction,0.3684210526315789,0.3559322033898305,57,59
by_band,850-1000 km,held-out,12.0,radial,median_sigma_km,0.030789076429606717,0.03078907656387845,57,59
by_band,850-1000 km,held-out,12.0,radial,median_abs_km,0.08970290417795374,0.09159899431872837,57,59
by_band,850-1000 km,held-out,12.0,radial,quantile_linear_km,0.22301078670667912,0.22287410892435278,57,59
by_band,850-1000 km,held-out,12.0,in_track,n,57.0,59.0,57,59
by_band,850-1000 km,held-out,12.0,in_track,inside_1_sigma_fraction,0.12280701754385964,0.11864406779661017,57,59
by_band,850-1000 km,held-out,12.0,in_track,inside_2_sigma_fraction,0.22807017543859648,0.22033898305084745,57,59
by_band,850-1000 km,held-out,12.0,in_track,median_sigma_km,0.09123257694089923,0.09123257684270236,57,59
by_band,850-1000 km,held-out,12.0,in_track,quantile_linear_km,1.4142805167375654,1.3775953204040823,57,59
by_band,850-1000 km,held-out,12.0,cross,n,57.0,59.0,57,59
by_band,850-1000 km,held-out,12.0,cross,inside_1_sigma_fraction,0.2631578947368421,0.2542372881355932,57,59
by_band,850-1000 km,held-out,12.0,cross,inside_2_sigma_fraction,0.40350877192982454,0.3898305084745763,57,59
by_band,850-1000 km,held-out,12.0,cross,median_sigma_km,0.050397068651728605,0.05039706864986141,57,59
by_band,850-1000 km,held-out,12.0,cross,median_abs_km,0.09331301713070035,0.09992576940930939,57,59
by_band,850-1000 km,held-out,12.0,cross,quantile_linear_km,0.2013216620482184,0.20098843265437083,57,59
by_band,850-1000 km,held-out,24.0,radial,median_sigma_km,0.061578152859213434,0.06157815361010408,55,55
by_band,850-1000 km,held-out,24.0,in_track,median_sigma_km,0.34049201675511664,0.3404920161410982,55,55
by_band,850-1000 km,held-out,24.0,cross,median_sigma_km,0.10079413730345721,0.10079413730121237,55,55
by_band,850-1000 km,held-out,36.0,radial,n,51.0,52.0,51,52
by_band,850-1000 km,held-out,36.0,radial,inside_1_sigma_count,24.0,25.0,51,52
by_band,850-1000 km,held-out,36.0,radial,inside_2_sigma_count,38.0,39.0,51,52
by_band,850-1000 km,held-out,36.0,radial,inside_1_sigma_fraction,0.47058823529411764,0.4807692307692308,51,52
by_band,850-1000 km,held-out,36.0,radial,inside_2_sigma_fraction,0.7450980392156863,0.75,51,52
by_band,850-1000 km,held-out,36.0,radial,median_sigma_km,0.09677893510519257,0.09457309083925426,51,52
by_band,850-1000 km,held-out,36.0,radial,median_abs_km,0.08449897095672919,0.08422097514792197,51,52
by_band,850-1000 km,held-out,36.0,radial,quantile_linear_km,0.18997615348638353,0.18976063514932015,51,52
by_band,850-1000 km,held-out,36.0,in_track,n,51.0,52.0,51,52
by_band,850-1000 km,held-out,36.0,in_track,inside_1_sigma_fraction,0.6862745098039216,0.6730769230769231,51,52
by_band,850-1000 km,held-out,36.0,in_track,inside_2_sigma_fraction,0.7843137254901961,0.7692307692307693,51,52
by_band,850-1000 km,held-out,36.0,in_track,median_sigma_km,0.7356653921094471,0.7356653908641992,51,52
by_band,850-1000 km,held-out,36.0,in_track,median_abs_km,0.5259102632230581,0.5259872590847048,51,52
by_band,850-1000 km,held-out,36.0,in_track,quantile_linear_km,3.2201779041047565,3.211013449131734,51,52
by_band,850-1000 km,held-out,36.0,cross,n,51.0,52.0,51,52
by_band,850-1000 km,held-out,36.0,cross,inside_1_sigma_fraction,0.5098039215686274,0.5,51,52
by_band,850-1000 km,held-out,36.0,cross,inside_2_sigma_fraction,0.8627450980392157,0.8461538461538461,51,52
by_band,850-1000 km,held-out,36.0,cross,median_sigma_km,0.1627617747355384,0.1569764903229855,51,52
by_band,850-1000 km,held-out,36.0,cross,median_abs_km,0.09080191517029103,0.09262688092226629,51,52
by_band,850-1000 km,held-out,36.0,cross,quantile_linear_km,0.3630014184705017,0.361534471642298,51,52
by_band,850-1000 km,held-out,48.0,radial,n,48.0,49.0,48,49
by_band,850-1000 km,held-out,48.0,radial,inside_1_sigma_fraction,0.6458333333333334,0.6326530612244898,48,49
by_band,850-1000 km,held-out,48.0,radial,inside_2_sigma_fraction,0.7916666666666666,0.7755102040816326,48,49
by_band,850-1000 km,held-out,48.0,radial,median_sigma_km,0.12719576125464532,0.12719576200871838,48,49
by_band,850-1000 km,held-out,48.0,radial,median_abs_km,0.10252922920373836,0.1014933705092818,48,49
by_band,850-1000 km,held-out,48.0,radial,quantile_linear_km,0.13680432196499356,0.13667155142177514,48,49
by_band,850-1000 km,held-out,48.0,in_track,n,48.0,49.0,48,49
by_band,850-1000 km,held-out,48.0,in_track,inside_1_sigma_count,36.0,37.0,48,49
by_band,850-1000 km,held-out,48.0,in_track,inside_2_sigma_count,43.0,44.0,48,49
by_band,850-1000 km,held-out,48.0,in_track,inside_1_sigma_fraction,0.75,0.7551020408163265,48,49
by_band,850-1000 km,held-out,48.0,in_track,inside_2_sigma_fraction,0.8958333333333334,0.8979591836734694,48,49
by_band,850-1000 km,held-out,48.0,in_track,median_sigma_km,1.270761139949709,1.2707611352705603,48,49
by_band,850-1000 km,held-out,48.0,in_track,median_abs_km,0.5265882659850363,0.5530983353562241,48,49
by_band,850-1000 km,held-out,48.0,in_track,quantile_linear_km,3.2237602289938807,3.109762216436479,48,49
by_band,850-1000 km,held-out,48.0,cross,n,48.0,49.0,48,49
by_band,850-1000 km,held-out,48.0,cross,inside_1_sigma_count,18.0,19.0,48,49
by_band,850-1000 km,held-out,48.0,cross,inside_2_sigma_count,41.0,42.0,48,49
by_band,850-1000 km,held-out,48.0,cross,inside_1_sigma_fraction,0.375,0.3877551020408163,48,49
by_band,850-1000 km,held-out,48.0,cross,inside_2_sigma_fraction,0.8541666666666666,0.8571428571428571,48,49
by_band,850-1000 km,held-out,48.0,cross,median_sigma_km,0.21701569964738454,0.21701569946552438,48,49
by_band,850-1000 km,held-out,48.0,cross,median_abs_km,0.26086209717365527,0.25721518086205547,48,49
by_band,850-1000 km,held-out,48.0,cross,quantile_linear_km,0.41522963596410756,0.41457453560142477,48,49
by_band,850-1000 km,held-out,72.0,radial,n,41.0,42.0,41,42
by_band,850-1000 km,held-out,72.0,radial,inside_1_sigma_fraction,0.34146341463414637,0.3333333333333333,41,42
by_band,850-1000 km,held-out,72.0,radial,inside_2_sigma_fraction,0.8536585365853658,0.8333333333333334,41,42
by_band,850-1000 km,held-out,72.0,radial,median_sigma_km,0.18696457858553114,0.18696460353415234,41,42
by_band,850-1000 km,held-out,72.0,radial,median_abs_km,0.16354107438187124,0.15907545909460685,41,42
by_band,850-1000 km,held-out,72.0,radial,quantile_linear_km,0.3483911340042285,0.3482117285232051,41,42
by_band,850-1000 km,held-out,72.0,in_track,n,41.0,42.0,41,42
by_band,850-1000 km,held-out,72.0,in_track,inside_1_sigma_count,34.0,35.0,41,42
by_band,850-1000 km,held-out,72.0,in_track,inside_2_sigma_count,38.0,39.0,41,42
by_band,850-1000 km,held-out,72.0,in_track,inside_1_sigma_fraction,0.8292682926829268,0.8333333333333334,41,42
by_band,850-1000 km,held-out,72.0,in_track,inside_2_sigma_fraction,0.926829268292683,0.9285714285714286,41,42
by_band,850-1000 km,held-out,72.0,in_track,median_sigma_km,2.745600326279903,2.7456003145218073,41,42
by_band,850-1000 km,held-out,72.0,in_track,median_abs_km,0.6617182611448318,0.6643897617416572,41,42
by_band,850-1000 km,held-out,72.0,in_track,quantile_linear_km,5.889767464778956,5.694446647348079,41,42
by_band,850-1000 km,held-out,72.0,cross,n,41.0,42.0,41,42
by_band,850-1000 km,held-out,72.0,cross,inside_1_sigma_count,25.0,26.0,41,42
by_band,850-1000 km,held-out,72.0,cross,inside_2_sigma_count,38.0,39.0,41,42
by_band,850-1000 km,held-out,72.0,cross,inside_1_sigma_fraction,0.6097560975609756,0.6190476190476191,41,42
by_band,850-1000 km,held-out,72.0,cross,inside_2_sigma_fraction,0.926829268292683,0.9285714285714286,41,42
by_band,850-1000 km,held-out,72.0,cross,median_sigma_km,0.3255235494710768,0.3255235496973307,41,42
by_band,850-1000 km,held-out,72.0,cross,median_abs_km,0.2871753730165201,0.2850719033172447,41,42
by_band,850-1000 km,held-out,72.0,cross,quantile_linear_km,0.4684543793684619,0.46804275580643184,41,42
by_band,850-1000 km,held-out,96.0,radial,n,33.0,32.0,33,32
by_band,850-1000 km,held-out,96.0,radial,inside_1_sigma_count,26.0,25.0,33,32
by_band,850-1000 km,held-out,96.0,radial,inside_2_sigma_count,30.0,29.0,33,32
by_band,850-1000 km,held-out,96.0,radial,inside_1_sigma_fraction,0.7878787878787878,0.78125,33,32
by_band,850-1000 km,held-out,96.0,radial,inside_2_sigma_fraction,0.9090909090909091,0.90625,33,32
by_band,850-1000 km,held-out,96.0,radial,median_sigma_km,0.24572601336222644,0.2457265605227199,33,32
by_band,850-1000 km,held-out,96.0,radial,median_abs_km,0.14934142937058892,0.140684810355802,33,32
by_band,850-1000 km,held-out,96.0,radial,quantile_linear_km,0.24672430558676578,0.22555604781598587,33,32
by_band,850-1000 km,held-out,96.0,radial,quantile_inverted_cdf_km,0.2539718989576769,0.23093973948307223,33,32
by_band,850-1000 km,held-out,96.0,in_track,n,33.0,32.0,33,32
by_band,850-1000 km,held-out,96.0,in_track,inside_1_sigma_count,31.0,30.0,33,32
by_band,850-1000 km,held-out,96.0,in_track,inside_2_sigma_count,32.0,31.0,33,32
by_band,850-1000 km,held-out,96.0,in_track,inside_1_sigma_fraction,0.9393939393939394,0.9375,33,32
by_band,850-1000 km,held-out,96.0,in_track,inside_2_sigma_fraction,0.9696969696969697,0.96875,33,32
by_band,850-1000 km,held-out,96.0,in_track,median_sigma_km,4.7426482717440015,4.742648195013279,33,32
by_band,850-1000 km,held-out,96.0,in_track,median_abs_km,0.8460887249310698,0.880993280132506,33,32
by_band,850-1000 km,held-out,96.0,in_track,quantile_linear_km,4.208745877044459,4.4751159237597395,33,32
by_band,850-1000 km,held-out,96.0,cross,n,33.0,32.0,33,32
by_band,850-1000 km,held-out,96.0,cross,inside_1_sigma_count,30.0,29.0,33,32
by_band,850-1000 km,held-out,96.0,cross,inside_2_sigma_count,31.0,30.0,33,32
by_band,850-1000 km,held-out,96.0,cross,inside_1_sigma_fraction,0.9090909090909091,0.90625,33,32
by_band,850-1000 km,held-out,96.0,cross,inside_2_sigma_fraction,0.9393939393939394,0.9375,33,32
by_band,850-1000 km,held-out,96.0,cross,median_sigma_km,0.4340313992947691,0.43403146785416424,33,32
by_band,850-1000 km,held-out,96.0,cross,median_abs_km,0.13139783273912617,0.12688393317911756,33,32
by_band,850-1000 km,held-out,96.0,cross,quantile_linear_km,0.33083808597471953,0.3210767555237903,33,32
by_band,850-1000 km,held-out,96.0,cross,quantile_inverted_cdf_km,0.33378506786013096,0.32887343138444525,33,32
by_band,850-1000 km,held-out,120.0,radial,n,30.0,25.0,30,25
by_band,850-1000 km,held-out,120.0,radial,inside_1_sigma_count,28.0,22.0,30,25
by_band,850-1000 km,held-out,120.0,radial,inside_2_sigma_count,28.0,23.0,30,25
by_band,850-1000 km,held-out,120.0,radial,inside_1_sigma_fraction,0.9333333333333333,0.88,30,25
by_band,850-1000 km,held-out,120.0,radial,inside_2_sigma_fraction,0.9333333333333333,0.92,30,25
by_band,850-1000 km,held-out,120.0,radial,median_sigma_km,0.3037495527304901,0.3037521859936695,30,25
by_band,850-1000 km,held-out,120.0,radial,median_abs_km,0.157955828789689,0.16725891689648661,30,25
by_band,850-1000 km,held-out,120.0,radial,quantile_linear_km,0.27314361925808783,0.27344500534784727,30,25
by_band,850-1000 km,held-out,120.0,in_track,n,30.0,25.0,30,25
by_band,850-1000 km,held-out,120.0,in_track,inside_1_sigma_count,28.0,23.0,30,25
by_band,850-1000 km,held-out,120.0,in_track,inside_2_sigma_count,29.0,24.0,30,25
by_band,850-1000 km,held-out,120.0,in_track,inside_1_sigma_fraction,0.9333333333333333,0.92,30,25
by_band,850-1000 km,held-out,120.0,in_track,inside_2_sigma_fraction,0.9666666666666667,0.96,30,25
by_band,850-1000 km,held-out,120.0,in_track,median_sigma_km,7.246861179081166,7.246860991871424,30,25
by_band,850-1000 km,held-out,120.0,in_track,median_abs_km,1.3754675970510997,1.0956891566194908,30,25
by_band,850-1000 km,held-out,120.0,in_track,quantile_linear_km,7.418607824547697,8.069950799598764,30,25
by_band,850-1000 km,held-out,120.0,cross,n,30.0,25.0,30,25
by_band,850-1000 km,held-out,120.0,cross,inside_1_sigma_count,26.0,21.0,30,25
by_band,850-1000 km,held-out,120.0,cross,inside_2_sigma_count,29.0,24.0,30,25
by_band,850-1000 km,held-out,120.0,cross,inside_1_sigma_fraction,0.8666666666666667,0.84,30,25
by_band,850-1000 km,held-out,120.0,cross,inside_2_sigma_fraction,0.9666666666666667,0.96,30,25
by_band,850-1000 km,held-out,120.0,cross,median_sigma_km,0.5425392491184613,0.5425393702129568,30,25
by_band,850-1000 km,held-out,120.0,cross,median_abs_km,0.39489288755336294,0.3936948029215823,30,25
by_band,850-1000 km,held-out,120.0,cross,quantile_linear_km,0.5109297243939194,0.5119102256239834,30,25
by_band,850-1000 km,held-out,144.0,radial,n,29.0,19.0,29,19
by_band,850-1000 km,held-out,144.0,radial,inside_1_sigma_count,8.0,6.0,29,19
by_band,850-1000 km,held-out,144.0,radial,inside_2_sigma_count,28.0,18.0,29,19
by_band,850-1000 km,held-out,144.0,radial,inside_1_sigma_fraction,0.27586206896551724,0.3157894736842105,29,19
by_band,850-1000 km,held-out,144.0,radial,inside_2_sigma_fraction,0.9655172413793104,0.9473684210526315,29,19
by_band,850-1000 km,held-out,144.0,radial,median_sigma_km,0.36119175735577747,0.3611948473919868,29,19
by_band,850-1000 km,held-out,144.0,radial,median_abs_km,0.4144960837151767,0.40923229580809906,29,19
by_band,850-1000 km,held-out,144.0,radial,quantile_linear_km,0.6001910742252825,0.6065370307927583,29,19
by_band,850-1000 km,held-out,144.0,radial,quantile_inverted_cdf_km,0.6060318902333481,0.6110832958274501,29,19
by_band,850-1000 km,held-out,144.0,in_track,n,29.0,19.0,29,19
by_band,850-1000 km,held-out,144.0,in_track,inside_1_sigma_count,26.0,17.0,29,19
by_band,850-1000 km,held-out,144.0,in_track,inside_2_sigma_count,27.0,18.0,29,19
by_band,850-1000 km,held-out,144.0,in_track,inside_1_sigma_fraction,0.896551724137931,0.8947368421052632,29,19
by_band,850-1000 km,held-out,144.0,in_track,inside_2_sigma_fraction,0.9310344827586207,0.9473684210526315,29,19
by_band,850-1000 km,held-out,144.0,in_track,median_sigma_km,10.246942743973491,10.24694263063244,29,19
by_band,850-1000 km,held-out,144.0,in_track,median_abs_km,1.2751765233618026,1.0696568328290605,29,19
by_band,850-1000 km,held-out,144.0,in_track,quantile_linear_km,11.099768503997394,3.1736392512979914,29,19
by_band,850-1000 km,held-out,144.0,cross,n,29.0,19.0,29,19
by_band,850-1000 km,held-out,144.0,cross,inside_1_sigma_count,12.0,8.0,29,19
by_band,850-1000 km,held-out,144.0,cross,inside_2_sigma_count,29.0,19.0,29,19
by_band,850-1000 km,held-out,144.0,cross,inside_1_sigma_fraction,0.41379310344827586,0.42105263157894735,29,19
by_band,850-1000 km,held-out,144.0,cross,median_sigma_km,0.6510470989421536,0.6510471201776126,29,19
by_band,850-1000 km,held-out,144.0,cross,median_abs_km,0.6582978350671389,0.6455220588011762,29,19
by_band,850-1000 km,held-out,144.0,cross,quantile_linear_km,0.8057275580763189,0.7853208930631252,29,19
by_band,850-1000 km,held-out,144.0,cross,quantile_inverted_cdf_km,0.8098506969190296,0.799542849812253,29,19
by_band,850-1000 km,held-out,168.0,radial,n,29.0,15.0,29,15
by_band,850-1000 km,held-out,168.0,radial,inside_1_sigma_count,28.0,14.0,29,15
by_band,850-1000 km,held-out,168.0,radial,inside_2_sigma_count,28.0,14.0,29,15
by_band,850-1000 km,held-out,168.0,radial,inside_1_sigma_fraction,0.9655172413793104,0.9333333333333333,29,15
by_band,850-1000 km,held-out,168.0,radial,inside_2_sigma_fraction,0.9655172413793104,0.9333333333333333,29,15
by_band,850-1000 km,held-out,168.0,radial,median_sigma_km,0.41815498735667556,0.4181656284066935,29,15
by_band,850-1000 km,held-out,168.0,radial,median_abs_km,0.22075219707219818,0.21875247127725483,29,15
by_band,850-1000 km,held-out,168.0,radial,quantile_linear_km,0.37946395639152236,0.3857398495812986,29,15
by_band,850-1000 km,held-out,168.0,radial,quantile_inverted_cdf_km,0.3811402561635054,0.39647223422281613,29,15
by_band,850-1000 km,held-out,168.0,in_track,n,29.0,15.0,29,15
by_band,850-1000 km,held-out,168.0,in_track,inside_1_sigma_count,23.0,12.0,29,15
by_band,850-1000 km,held-out,168.0,in_track,inside_2_sigma_count,26.0,13.0,29,15
by_band,850-1000 km,held-out,168.0,in_track,inside_1_sigma_fraction,0.7931034482758621,0.8,29,15
by_band,850-1000 km,held-out,168.0,in_track,inside_2_sigma_fraction,0.896551724137931,0.8666666666666667,29,15
by_band,850-1000 km,held-out,168.0,in_track,median_sigma_km,13.733878779939568,13.733878353351507,29,15
by_band,850-1000 km,held-out,168.0,in_track,median_abs_km,3.525324816620497,1.6461465993994273,29,15
by_band,850-1000 km,held-out,168.0,in_track,quantile_linear_km,15.131308211949587,7.20861443147216,29,15
by_band,850-1000 km,held-out,168.0,cross,n,29.0,15.0,29,15
by_band,850-1000 km,held-out,168.0,cross,inside_1_sigma_count,28.0,14.0,29,15
by_band,850-1000 km,held-out,168.0,cross,inside_2_sigma_count,29.0,15.0,29,15
by_band,850-1000 km,held-out,168.0,cross,inside_1_sigma_fraction,0.9655172413793104,0.9333333333333333,29,15
by_band,850-1000 km,held-out,168.0,cross,median_sigma_km,0.759554948765846,0.7595559598978012,29,15
by_band,850-1000 km,held-out,168.0,cross,median_abs_km,0.3118871574840889,0.3024029701090581,29,15
by_band,850-1000 km,held-out,168.0,cross,quantile_linear_km,0.5856026833233664,0.5461269915142605,29,15
by_band,850-1000 km,held-out,168.0,cross,quantile_inverted_cdf_km,0.5872571325035447,0.5918430842262622,29,15
by_band,850-1000 km,quiet,6.0,radial,median_sigma_km,0.03189296329545869,0.03189296799484673,78,78
by_band,850-1000 km,quiet,6.0,in_track,median_sigma_km,0.23695477931615067,0.23695477867165254,78,78
by_band,850-1000 km,quiet,6.0,cross,median_sigma_km,0.043817921107786935,0.04381792166982149,78,78
by_band,850-1000 km,quiet,12.0,radial,median_sigma_km,0.03189296329545869,0.03189296827186244,78,78
by_band,850-1000 km,quiet,12.0,in_track,median_sigma_km,0.23695477931615067,0.23695477921548208,78,78
by_band,850-1000 km,quiet,12.0,cross,median_sigma_km,0.043817921107786935,0.04381792152491658,78,78
by_band,850-1000 km,quiet,24.0,radial,median_sigma_km,0.06378592659091738,0.0637859330686128,78,78
by_band,850-1000 km,quiet,24.0,in_track,median_sigma_km,0.6040264643429807,0.6040264621973697,78,78
by_band,850-1000 km,quiet,24.0,cross,median_sigma_km,0.08763584221557387,0.08763584398983694,78,78
by_band,850-1000 km,quiet,36.0,radial,median_sigma_km,0.09567888988637607,0.09567891033809661,78,78
by_band,850-1000 km,quiet,36.0,in_track,median_sigma_km,1.0441891268875463,1.0441891262551941,78,78
by_band,850-1000 km,quiet,36.0,cross,median_sigma_km,0.1314537633233608,0.13145376592364277,78,78
by_band,850-1000 km,quiet,48.0,radial,median_sigma_km,0.12757185318183475,0.12757186932775866,78,78
by_band,850-1000 km,quiet,48.0,in_track,median_sigma_km,1.539736698620851,1.539736692502585,78,78
by_band,850-1000 km,quiet,48.0,cross,median_sigma_km,0.17527168443114774,0.17527168780186553,78,78
by_band,850-1000 km,quiet,72.0,radial,median_sigma_km,0.19135777977275215,0.19135779020923216,78,78
by_band,850-1000 km,quiet,72.0,in_track,median_sigma_km,2.6617646972114875,2.6617646857323214,78,78
by_band,850-1000 km,quiet,72.0,cross,median_sigma_km,0.2629075266467216,0.26290753680808776,78,78
by_band,850-1000 km,quiet,96.0,radial,median_sigma_km,0.2551437063636695,0.2551438204557232,78,78
by_band,850-1000 km,quiet,96.0,in_track,median_sigma_km,3.9249755450013626,3.9249755326468874,78,78
by_band,850-1000 km,quiet,96.0,cross,median_sigma_km,0.3505433688622955,0.3505434090415631,78,78
by_band,850-1000 km,quiet,120.0,radial,median_sigma_km,0.3189296329545869,0.3189298482285541,78,78
by_band,850-1000 km,quiet,120.0,in_track,median_sigma_km,5.304756733398626,5.304756719136154,78,78
by_band,850-1000 km,quiet,120.0,cross,median_sigma_km,0.43817921107786933,0.43817923823848426,78,78
by_band,850-1000 km,quiet,144.0,radial,median_sigma_km,0.3827155595455043,0.38271567904063,78,78
by_band,850-1000 km,quiet,144.0,in_track,median_sigma_km,6.785160964508278,6.785160948791775,78,78
by_band,850-1000 km,quiet,144.0,cross,median_sigma_km,0.5258150532934432,0.5258150926713037,78,78
by_band,850-1000 km,quiet,168.0,radial,n,78.0,77.0,78,77
by_band,850-1000 km,quiet,168.0,radial,inside_1_sigma_fraction,0.8333333333333334,0.8441558441558441,78,77
by_band,850-1000 km,quiet,168.0,radial,inside_2_sigma_fraction,0.9615384615384616,0.974025974025974,78,77
by_band,850-1000 km,quiet,168.0,radial,median_sigma_km,0.44650148613642165,0.4465024311607864,78,77
by_band,850-1000 km,quiet,168.0,radial,median_abs_km,0.16651457059771943,0.1664206584691866,78,77
by_band,850-1000 km,quiet,168.0,radial,quantile_linear_km,0.29396888197785476,0.2944552439886393,78,77
by_band,850-1000 km,quiet,168.0,in_track,n,78.0,77.0,78,77
by_band,850-1000 km,quiet,168.0,in_track,inside_1_sigma_count,78.0,77.0,78,77
by_band,850-1000 km,quiet,168.0,in_track,inside_2_sigma_count,78.0,77.0,78,77
by_band,850-1000 km,quiet,168.0,in_track,median_sigma_km,8.354843531594515,8.354843509715968,78,77
by_band,850-1000 km,quiet,168.0,in_track,median_abs_km,0.9378872396694056,0.9665014353659842,78,77
by_band,850-1000 km,quiet,168.0,in_track,quantile_linear_km,1.9514925252260273,1.9524765131432253,78,77
by_band,850-1000 km,quiet,168.0,cross,n,78.0,77.0,78,77
by_band,850-1000 km,quiet,168.0,cross,inside_2_sigma_count,78.0,77.0,78,77
by_band,850-1000 km,quiet,168.0,cross,inside_1_sigma_fraction,0.7692307692307693,0.7792207792207793,78,77
by_band,850-1000 km,quiet,168.0,cross,median_sigma_km,0.6134508955090171,0.6134510978458434,78,77
by_band,850-1000 km,quiet,168.0,cross,median_abs_km,0.24416692673222437,0.24024304554888987,78,77
by_band,850-1000 km,quiet,168.0,cross,quantile_linear_km,0.6263685156462161,0.6283969880853197,78,77
by_band,850-1000 km,storm,6.0,radial,median_sigma_km,0.03145217460041275,0.03145217566712679,77,77
by_band,850-1000 km,storm,6.0,in_track,median_sigma_km,0.16877718401283634,0.16877718374737433,77,77
by_band,850-1000 km,storm,6.0,cross,median_sigma_km,0.04637206712416141,0.04637206715614248,77,77
by_band,850-1000 km,storm,12.0,radial,median_sigma_km,0.03145217460041275,0.03145217587420795,75,75
by_band,850-1000 km,storm,12.0,in_track,median_sigma_km,0.16877718401283634,0.16877718368336952,75,75
by_band,850-1000 km,storm,12.0,cross,median_sigma_km,0.04637206712416141,0.046372067230583985,75,75
by_band,850-1000 km,storm,24.0,radial,median_sigma_km,0.0629043492008255,0.06290435381049134,73,73
by_band,850-1000 km,storm,24.0,in_track,median_sigma_km,0.47737396530018533,0.4773739645437289,73,73
by_band,850-1000 km,storm,24.0,cross,median_sigma_km,0.09274413424832283,0.09274413457921443,73,73
by_band,850-1000 km,storm,36.0,radial,median_sigma_km,0.09435652380123824,0.09435652879417383,72,72
by_band,850-1000 km,storm,36.0,in_track,median_sigma_km,0.8423754985343247,0.8423754983721004,72,72
by_band,850-1000 km,storm,36.0,cross,median_sigma_km,0.13911620137248423,0.13911620193416213,72,72
by_band,850-1000 km,storm,48.0,radial,median_sigma_km,0.125808698401651,0.12580870630932225,72,72
by_band,850-1000 km,storm,48.0,in_track,median_sigma_km,1.2244077899051626,1.2244077896333778,72,72
by_band,850-1000 km,storm,48.0,cross,median_sigma_km,0.18548826849664565,0.18548826912983318,72,72
by_band,850-1000 km,storm,72.0,radial,median_sigma_km,0.18871304760247648,0.18871309639886982,67,67
by_band,850-1000 km,storm,72.0,in_track,median_sigma_km,2.074171777918345,2.0741717768065824,67,67
by_band,850-1000 km,storm,72.0,cross,median_sigma_km,0.27823240274496847,0.2782324141988975,67,67
by_band,850-1000 km,storm,96.0,radial,median_sigma_km,0.251617396803302,0.2516178190179536,63,63
by_band,850-1000 km,storm,96.0,in_track,median_sigma_km,3.0148456203954743,3.0148456158302475,63,63
by_band,850-1000 km,storm,96.0,cross,median_sigma_km,0.3709765369932913,0.3709765739648589,63,63
by_band,850-1000 km,storm,120.0,radial,median_sigma_km,0.31452174600412747,0.3145236161313685,58,58
by_band,850-1000 km,storm,120.0,in_track,median_sigma_km,4.142052499165136,4.142052314062257,58,58
by_band,850-1000 km,storm,120.0,cross,median_sigma_km,0.46372067124161415,0.463720705580557,58,58
by_band,850-1000 km,storm,144.0,radial,median_sigma_km,0.37742609520495296,0.37742752183131134,53,53
by_band,850-1000 km,storm,144.0,in_track,median_sigma_km,5.698791655573557,5.698791022402189,53,53
by_band,850-1000 km,storm,144.0,cross,median_sigma_km,0.5564648054899369,0.5564648615689832,53,53
by_band,850-1000 km,storm,168.0,radial,median_sigma_km,0.44033044440577845,0.44033108708023666,48,48
by_band,850-1000 km,storm,168.0,in_track,median_sigma_km,7.46345058226784,7.463449304370469,48,48
by_band,850-1000 km,storm,168.0,cross,median_sigma_km,0.6492089397382598,0.6492093337665541,48,48
by_mission,cryosat-2,august,6.0,radial,median_sigma_km,0.05292982913135538,0.05292984203770305,14,14
by_mission,cryosat-2,august,6.0,in_track,median_sigma_km,0.48273703364994136,0.4827370320785576,14,14
by_mission,cryosat-2,august,6.0,cross,median_sigma_km,0.006154929952447282,0.006154942044755514,14,14
by_mission,cryosat-2,august,12.0,radial,median_sigma_km,0.05292982913135538,0.05292983659210565,14,14
by_mission,cryosat-2,august,12.0,in_track,median_sigma_km,0.48273703364994136,0.4827370326607294,14,14
by_mission,cryosat-2,august,12.0,cross,median_sigma_km,0.006154929952447282,0.006154930361716814,14,14
by_mission,cryosat-2,august,24.0,radial,median_sigma_km,0.10585965826271077,0.10585973589440159,13,13
by_mission,cryosat-2,august,24.0,in_track,median_sigma_km,1.1886380041856444,1.1886379968137715,13,13
by_mission,cryosat-2,august,24.0,cross,median_sigma_km,0.009658120328717082,0.009658147458295206,13,13
by_mission,cryosat-2,august,36.0,radial,median_sigma_km,0.15878948739406615,0.15878977996875931,11,11
by_mission,cryosat-2,august,36.0,in_track,median_sigma_km,2.0135770310919154,2.0135770080187787,11,11
by_mission,cryosat-2,august,36.0,cross,median_sigma_km,0.012570481993450407,0.012570492826397092,11,11
by_mission,cryosat-2,august,48.0,radial,median_sigma_km,0.21171931652542153,0.21171957403589606,10,10
by_mission,cryosat-2,august,48.0,in_track,median_sigma_km,2.9267700766852145,2.9267700577903146,10,10
by_mission,cryosat-2,august,48.0,cross,median_sigma_km,0.015155215250969524,0.015155269840131774,10,10
by_mission,cryosat-2,august,72.0,radial,median_sigma_km,0.3175789747881323,0.3175818105676047,7,7
by_mission,cryosat-2,august,72.0,in_track,median_sigma_km,4.9580082253369095,4.958008042444632,7,7
by_mission,cryosat-2,august,72.0,cross,median_sigma_km,0.019725200549917277,0.019725442062583108,7,7
by_mission,cryosat-2,august,96.0,radial,median_sigma_km,0.42343863305084306,0.4234495225679167,5,5
by_mission,cryosat-2,august,96.0,in_track,median_sigma_km,7.206553258112149,7.2065526165332345,5,5
by_mission,cryosat-2,august,96.0,cross,median_sigma_km,0.023781081772226004,0.023781353612757315,5,5
by_mission,cryosat-2,august,120.0,radial,median_sigma_km,0.5292982913135538,0.5293765801583824,3,3
by_mission,cryosat-2,august,120.0,in_track,median_sigma_km,9.631870112815921,9.63186580968339,3,3
by_mission,cryosat-2,august,120.0,cross,median_sigma_km,0.027493062205967082,0.027493494068525446,3,3
by_mission,cryosat-2,held-out,6.0,radial,n,14.0,15.0,14,15
by_mission,cryosat-2,held-out,6.0,radial,inside_1_sigma_count,10.0,11.0,14,15
by_mission,cryosat-2,held-out,6.0,radial,inside_2_sigma_count,13.0,14.0,14,15
by_mission,cryosat-2,held-out,6.0,radial,inside_1_sigma_fraction,0.7142857142857143,0.7333333333333333,14,15
by_mission,cryosat-2,held-out,6.0,radial,inside_2_sigma_fraction,0.9285714285714286,0.9333333333333333,14,15
by_mission,cryosat-2,held-out,6.0,radial,median_sigma_km,0.05609066373959759,0.05609067911905101,14,15
by_mission,cryosat-2,held-out,6.0,radial,median_abs_km,0.045670927261342434,0.0457680544902091,14,15
by_mission,cryosat-2,held-out,6.0,radial,quantile_linear_km,0.08812330478778438,0.08595018134998444,14,15
by_mission,cryosat-2,held-out,6.0,in_track,n,14.0,15.0,14,15
by_mission,cryosat-2,held-out,6.0,in_track,inside_2_sigma_count,12.0,13.0,14,15
by_mission,cryosat-2,held-out,6.0,in_track,inside_1_sigma_fraction,0.5714285714285714,0.5333333333333333,14,15
by_mission,cryosat-2,held-out,6.0,in_track,inside_2_sigma_fraction,0.8571428571428571,0.8666666666666667,14,15
by_mission,cryosat-2,held-out,6.0,in_track,median_sigma_km,0.6098533382539315,0.6098533367570516,14,15
by_mission,cryosat-2,held-out,6.0,in_track,median_abs_km,0.3987495807425889,0.48593650887915657,14,15
by_mission,cryosat-2,held-out,6.0,in_track,quantile_linear_km,1.5139515068401979,1.4950270702984323,14,15
by_mission,cryosat-2,held-out,6.0,cross,n,14.0,15.0,14,15
by_mission,cryosat-2,held-out,6.0,cross,inside_1_sigma_fraction,0.07142857142857142,0.06666666666666667,14,15
by_mission,cryosat-2,held-out,6.0,cross,inside_2_sigma_fraction,0.14285714285714285,0.13333333333333333,14,15
by_mission,cryosat-2,held-out,6.0,cross,median_sigma_km,0.010407120928168371,0.010407129860448745,14,15
by_mission,cryosat-2,held-out,6.0,cross,median_abs_km,0.06461137231998088,0.06542964594253298,14,15
by_mission,cryosat-2,held-out,6.0,cross,quantile_linear_km,0.20886939373922103,0.20606599091411804,14,15
by_mission,cryosat-2,held-out,12.0,radial,n,13.0,14.0,13,14
by_mission,cryosat-2,held-out,12.0,radial,inside_1_sigma_fraction,0.23076923076923078,0.21428571428571427,13,14
by_mission,cryosat-2,held-out,12.0,radial,inside_2_sigma_fraction,0.46153846153846156,0.42857142857142855,13,14
by_mission,cryosat-2,held-out,12.0,radial,median_sigma_km,0.05609066373959759,0.05609067680289302,13,14
by_mission,cryosat-2,held-out,12.0,radial,median_abs_km,0.12090194519579628,0.12409589852174896,13,14
by_mission,cryosat-2,held-out,12.0,radial,quantile_linear_km,0.19917999744877843,0.19742581462915657,13,14
by_mission,cryosat-2,held-out,12.0,in_track,n,13.0,14.0,13,14
by_mission,cryosat-2,held-out,12.0,in_track,inside_1_sigma_fraction,0.6923076923076923,0.6428571428571429,13,14
by_mission,cryosat-2,held-out,12.0,in_track,inside_2_sigma_fraction,0.9230769230769231,0.8571428571428571,13,14
by_mission,cryosat-2,held-out,12.0,in_track,median_sigma_km,0.6098533382539315,0.6098533370173624,13,14
by_mission,cryosat-2,held-out,12.0,in_track,median_abs_km,0.441847955039889,0.4475436700815021,13,14
by_mission,cryosat-2,held-out,12.0,in_track,quantile_linear_km,0.974386273036678,1.4392869870022575,13,14
by_mission,cryosat-2,held-out,12.0,in_track,quantile_inverted_cdf_km,1.232941817478343,1.822499444689528,13,14
by_mission,cryosat-2,held-out,12.0,cross,n,13.0,14.0,13,14
by_mission,cryosat-2,held-out,12.0,cross,median_sigma_km,0.010407120928168371,0.010407121388338764,13,14
by_mission,cryosat-2,held-out,12.0,cross,median_abs_km,0.18757000999195722,0.190901183188178,13,14
by_mission,cryosat-2,held-out,12.0,cross,quantile_linear_km,0.33214651131542866,0.33080220684697204,13,14
by_mission,cryosat-2,held-out,24.0,radial,median_sigma_km,0.11218132747919518,0.1121815723146542,12,12
by_mission,cryosat-2,held-out,24.0,in_track,median_sigma_km,1.6094126084746405,1.6094125909174157,12,12
by_mission,cryosat-2,held-out,24.0,cross,median_sigma_km,0.013264506578793701,0.013264572121526746,12,12
by_mission,cryosat-2,held-out,36.0,radial,n,10.0,11.0,10,11
by_mission,cryosat-2,held-out,36.0,radial,inside_1_sigma_count,10.0,11.0,10,11
by_mission,cryosat-2,held-out,36.0,radial,inside_2_sigma_count,10.0,11.0,10,11
by_mission,cryosat-2,held-out,36.0,radial,median_sigma_km,0.16827199121879277,0.16827340737184623,10,11
by_mission,cryosat-2,held-out,36.0,radial,median_abs_km,0.0944903902739915,0.08186821219364283,10,11
by_mission,cryosat-2,held-out,36.0,radial,quantile_linear_km,0.12916623408376673,0.12886775357243097,10,11
by_mission,cryosat-2,held-out,36.0,in_track,n,10.0,11.0,10,11
by_mission,cryosat-2,held-out,36.0,in_track,inside_1_sigma_count,9.0,10.0,10,11
by_mission,cryosat-2,held-out,36.0,in_track,inside_2_sigma_count,10.0,11.0,10,11
by_mission,cryosat-2,held-out,36.0,in_track,inside_1_sigma_fraction,0.9,0.9090909090909091,10,11
by_mission,cryosat-2,held-out,36.0,in_track,median_sigma_km,2.8391946111206106,2.8391945270893397,10,11
by_mission,cryosat-2,held-out,36.0,in_track,median_abs_km,1.8099613231335134,1.7308580693980695,10,11
by_mission,cryosat-2,held-out,36.0,in_track,quantile_linear_km,2.79226659736911,2.7471997263825436,10,11
by_mission,cryosat-2,held-out,36.0,cross,n,10.0,11.0,10,11
by_mission,cryosat-2,held-out,36.0,cross,median_sigma_km,0.015287027264244694,0.015287043222225427,10,11
by_mission,cryosat-2,held-out,36.0,cross,median_abs_km,0.2344282110237369,0.2663630653484571,10,11
by_mission,cryosat-2,held-out,36.0,cross,quantile_linear_km,0.3660855639156186,0.36246338520595517,10,11
by_mission,cryosat-2,held-out,48.0,radial,median_sigma_km,0.22436265495839036,0.22436518271818653,9,9
by_mission,cryosat-2,held-out,48.0,in_track,median_sigma_km,4.247265337159853,4.247265202896655,9,9
by_mission,cryosat-2,held-out,48.0,cross,median_sigma_km,0.016906417826147782,0.0169068672575975,9,9
by_mission,cryosat-2,held-out,72.0,radial,median_sigma_km,0.33654398243758554,0.33656734722496773,6,6
by_mission,cryosat-2,held-out,72.0,in_track,median_sigma_km,7.492679499194833,7.492678445585312,6,6
by_mission,cryosat-2,held-out,72.0,cross,median_sigma_km,0.01948424305976238,0.019485239277038095,6,6
by_mission,cryosat-2,held-out,96.0,radial,median_sigma_km,0.4487253099167807,0.44879473575743356,6,6
by_mission,cryosat-2,held-out,96.0,in_track,median_sigma_km,11.20860042306786,11.20859763712295,6,6
by_mission,cryosat-2,held-out,96.0,cross,median_sigma_km,0.02154825451021647,0.02155075217996173,6,6
by_mission,cryosat-2,held-out,120.0,radial,median_sigma_km,0.5609066373959759,0.5611814991404579,6,6
by_mission,cryosat-2,held-out,120.0,in_track,median_sigma_km,15.318823255708725,15.318813176072592,6,6
by_mission,cryosat-2,held-out,120.0,cross,median_sigma_km,0.02329864161352749,0.023302311131739133,6,6
by_mission,cryosat-2,held-out,144.0,radial,median_sigma_km,0.6730879648751711,0.6736275825002684,6,6
by_mission,cryosat-2,held-out,144.0,in_track,median_sigma_km,19.77329974414694,19.773281352031965,6,6
by_mission,cryosat-2,held-out,144.0,cross,median_sigma_km,0.02483384905709172,0.024842232514314527,6,6
by_mission,cryosat-2,held-out,168.0,radial,median_sigma_km,0.7852692923543663,0.7868315699933913,6,6
by_mission,cryosat-2,held-out,168.0,in_track,median_sigma_km,24.536050417483555,24.536000344513212,6,6
by_mission,cryosat-2,held-out,168.0,cross,median_sigma_km,0.026210506500187178,0.026222065731687283,6,6
by_mission,cryosat-2,quiet,6.0,radial,median_sigma_km,0.05308166442013447,0.05308166975319499,14,14
by_mission,cryosat-2,quiet,6.0,in_track,median_sigma_km,0.40469608961828957,0.40469608884533464,14,14
by_mission,cryosat-2,quiet,6.0,cross,median_sigma_km,0.006798389633729503,0.006798398082062593,14,14
by_mission,cryosat-2,quiet,12.0,radial,median_sigma_km,0.05308166442013447,0.053081666154777156,14,14
by_mission,cryosat-2,quiet,12.0,in_track,median_sigma_km,0.40469608961828957,0.4046960893273677,14,14
by_mission,cryosat-2,quiet,12.0,cross,median_sigma_km,0.006798389633729503,0.006798393476737573,14,14
by_mission,cryosat-2,quiet,24.0,radial,n,12.0,13.0,12,13
by_mission,cryosat-2,quiet,24.0,radial,inside_1_sigma_count,7.0,8.0,12,13
by_mission,cryosat-2,quiet,24.0,radial,inside_2_sigma_count,12.0,13.0,12,13
by_mission,cryosat-2,quiet,24.0,radial,inside_1_sigma_fraction,0.5833333333333334,0.6153846153846154,12,13
by_mission,cryosat-2,quiet,24.0,radial,median_sigma_km,0.10616332884026894,0.10616335204063748,12,13
by_mission,cryosat-2,quiet,24.0,radial,median_abs_km,0.10199710639763343,0.10047542837582193,12,13
by_mission,cryosat-2,quiet,24.0,radial,quantile_linear_km,0.16117788253331922,0.16051329404206993,12,13
by_mission,cryosat-2,quiet,24.0,in_track,n,12.0,13.0,12,13
by_mission,cryosat-2,quiet,24.0,in_track,inside_1_sigma_count,12.0,13.0,12,13
by_mission,cryosat-2,quiet,24.0,in_track,inside_2_sigma_count,12.0,13.0,12,13
by_mission,cryosat-2,quiet,24.0,in_track,median_sigma_km,1.1446533971550852,1.1446533943655182,12,13
by_mission,cryosat-2,quiet,24.0,in_track,median_abs_km,0.4485264400608311,0.4373141079982804,12,13
by_mission,cryosat-2,quiet,24.0,in_track,quantile_linear_km,0.8172769473407459,0.8102359042444964,12,13
by_mission,cryosat-2,quiet,24.0,cross,n,12.0,13.0,12,13
by_mission,cryosat-2,quiet,24.0,cross,inside_1_sigma_fraction,0.08333333333333333,0.07692307692307693,12,13
by_mission,cryosat-2,quiet,24.0,cross,inside_2_sigma_fraction,0.16666666666666666,0.15384615384615385,12,13
by_mission,cryosat-2,quiet,24.0,cross,median_sigma_km,0.012254103604814773,0.012254141328849331,12,13
by_mission,cryosat-2,quiet,24.0,cross,median_abs_km,0.07144363303798709,0.08328142444348957,12,13
by_mission,cryosat-2,quiet,24.0,cross,quantile_linear_km,0.1816041631823868,0.18902478360110475,12,13
by_mission,cryosat-2,quiet,36.0,radial,median_sigma_km,0.15924499326040342,0.1592450623165702,11,11
by_mission,cryosat-2,quiet,36.0,in_track,median_sigma_km,2.1028625665299754,2.1028625611656384,11,11
by_mission,cryosat-2,quiet,36.0,cross,median_sigma_km,0.0172965353201407,0.017296548712416305,11,11
by_mission,cryosat-2,quiet,48.0,radial,median_sigma_km,0.21232665768053788,0.21232668914093708,10,10
by_mission,cryosat-2,quiet,48.0,in_track,median_sigma_km,3.2375687169463165,3.2375687139131912,10,10
by_mission,cryosat-2,quiet,48.0,cross,median_sigma_km,0.022088033085440714,0.02208822373729482,10,10
by_mission,cryosat-2,quiet,72.0,radial,n,6.0,7.0,6,7
by_mission,cryosat-2,quiet,72.0,radial,inside_1_sigma_count,3.0,4.0,6,7
by_mission,cryosat-2,quiet,72.0,radial,inside_2_sigma_count,6.0,7.0,6,7
by_mission,cryosat-2,quiet,72.0,radial,inside_1_sigma_fraction,0.5,0.5714285714285714,6,7
by_mission,cryosat-2,quiet,72.0,radial,median_sigma_km,0.31848998652080684,0.31849037740538316,6,7
by_mission,cryosat-2,quiet,72.0,radial,median_abs_km,0.3111885205803232,0.3011997387521388,6,7
by_mission,cryosat-2,quiet,72.0,radial,quantile_linear_km,0.34727892437214636,0.3464199012322118,6,7
by_mission,cryosat-2,quiet,72.0,in_track,n,6.0,7.0,6,7
by_mission,cryosat-2,quiet,72.0,in_track,inside_1_sigma_count,6.0,7.0,6,7
by_mission,cryosat-2,quiet,72.0,in_track,inside_2_sigma_count,6.0,7.0,6,7
by_mission,cryosat-2,quiet,72.0,in_track,median_sigma_km,5.947793522786773,5.947793499370214,6,7
by_mission,cryosat-2,quiet,72.0,in_track,median_abs_km,0.6347633370018119,0.596780446898988,6,7
by_mission,cryosat-2,quiet,72.0,in_track,quantile_linear_km,1.80469588144718,1.7712325672171212,6,7
by_mission,cryosat-2,quiet,72.0,cross,n,6.0,7.0,6,7
by_mission,cryosat-2,quiet,72.0,cross,inside_1_sigma_fraction,0.3333333333333333,0.2857142857142857,6,7
by_mission,cryosat-2,quiet,72.0,cross,inside_2_sigma_fraction,0.3333333333333333,0.2857142857142857,6,7
by_mission,cryosat-2,quiet,72.0,cross,median_sigma_km,0.031177020917682742,0.031177249171475546,6,7
by_mission,cryosat-2,quiet,72.0,cross,median_abs_km,0.10311806472461374,0.11764348370712546,6,7
by_mission,cryosat-2,quiet,72.0,cross,quantile_linear_km,0.1624839888260529,0.16528327051267,6,7
by_mission,cryosat-2,quiet,96.0,radial,n,4.0,5.0,4,5
by_mission,cryosat-2,quiet,96.0,radial,inside_1_sigma_count,2.0,3.0,4,5
by_mission,cryosat-2,quiet,96.0,radial,inside_2_sigma_count,4.0,5.0,4,5
by_mission,cryosat-2,quiet,96.0,radial,inside_1_sigma_fraction,0.5,0.6,4,5
by_mission,cryosat-2,quiet,96.0,radial,median_sigma_km,0.42465331536107576,0.4246543933401883,4,5
by_mission,cryosat-2,quiet,96.0,radial,median_abs_km,0.37462372597386606,0.2998145561905629,4,5
by_mission,cryosat-2,quiet,96.0,radial,quantile_linear_km,0.49362325147375596,0.491023818784545,4,5
by_mission,cryosat-2,quiet,96.0,in_track,n,4.0,5.0,4,5
by_mission,cryosat-2,quiet,96.0,in_track,inside_1_sigma_count,4.0,5.0,4,5
by_mission,cryosat-2,quiet,96.0,in_track,inside_2_sigma_count,4.0,5.0,4,5
by_mission,cryosat-2,quiet,96.0,in_track,median_sigma_km,9.157227177240681,9.157227126372394,4,5
by_mission,cryosat-2,quiet,96.0,in_track,median_abs_km,0.8013817217276495,0.7425028215701593,4,5
by_mission,cryosat-2,quiet,96.0,in_track,quantile_linear_km,1.434179794838298,1.4004198434881123,4,5
by_mission,cryosat-2,quiet,96.0,cross,n,4.0,5.0,4,5
by_mission,cryosat-2,quiet,96.0,cross,inside_1_sigma_fraction,0.25,0.2,4,5
by_mission,cryosat-2,quiet,96.0,cross,inside_2_sigma_fraction,0.25,0.2,4,5
by_mission,cryosat-2,quiet,96.0,cross,median_sigma_km,0.03981370007283353,0.03981419674077715,4,5
by_mission,cryosat-2,quiet,96.0,cross,median_abs_km,0.15792477317954637,0.15114144333289192,4,5
by_mission,cryosat-2,quiet,96.0,cross,quantile_linear_km,0.26722434518921656,0.2637466860974513,4,5
by_mission,cryosat-2,quiet,120.0,radial,median_sigma_km,0.5308166442013447,0.5308202621409017,4,4
by_mission,cryosat-2,quiet,120.0,in_track,median_sigma_km,12.797614033574176,12.79761387619863,4,4
by_mission,cryosat-2,quiet,120.0,cross,median_sigma_km,0.04812891281799624,0.04813000901149117,4,4
by_mission,cryosat-2,quiet,144.0,radial,median_sigma_km,0.6369799730416137,0.6370047141941944,4,4
by_mission,cryosat-2,quiet,144.0,in_track,median_sigma_km,16.822900532239803,16.82289959309604,4,4
by_mission,cryosat-2,quiet,144.0,cross,median_sigma_km,0.0561966090497782,0.056197333901393864,4,4
by_mission,cryosat-2,quiet,168.0,radial,median_sigma_km,0.7431433018818826,0.7431672206657547,4,4
by_mission,cryosat-2,quiet,168.0,in_track,median_sigma_km,21.199277583663232,21.199276737664057,4,4
by_mission,cryosat-2,quiet,168.0,cross,median_sigma_km,0.06406412249350504,0.06406635302124739,4,4
by_mission,cryosat-2,storm,6.0,radial,n,18.0,15.0,18,15
by_mission,cryosat-2,storm,6.0,radial,inside_1_sigma_count,11.0,8.0,18,15
by_mission,cryosat-2,storm,6.0,radial,inside_2_sigma_count,16.0,13.0,18,15
by_mission,cryosat-2,storm,6.0,radial,inside_1_sigma_fraction,0.6111111111111112,0.5333333333333333,18,15
by_mission,cryosat-2,storm,6.0,radial,inside_2_sigma_fraction,0.8888888888888888,0.8666666666666667,18,15
by_mission,cryosat-2,storm,6.0,radial,median_sigma_km,0.05028538428498037,0.050285392767365905,18,15
by_mission,cryosat-2,storm,6.0,radial,median_abs_km,0.028533500572401845,0.037040166919554474,18,15
by_mission,cryosat-2,storm,6.0,radial,quantile_linear_km,0.11375339296490738,0.11442209980597216,18,15
by_mission,cryosat-2,storm,6.0,in_track,n,18.0,15.0,18,15
by_mission,cryosat-2,storm,6.0,in_track,inside_1_sigma_count,8.0,6.0,18,15
by_mission,cryosat-2,storm,6.0,in_track,inside_2_sigma_count,14.0,11.0,18,15
by_mission,cryosat-2,storm,6.0,in_track,inside_1_sigma_fraction,0.4444444444444444,0.4,18,15
by_mission,cryosat-2,storm,6.0,in_track,inside_2_sigma_fraction,0.7777777777777778,0.7333333333333333,18,15
by_mission,cryosat-2,storm,6.0,in_track,median_sigma_km,0.418782887655813,0.41878288643990097,18,15
by_mission,cryosat-2,storm,6.0,in_track,median_abs_km,0.4964541256643463,0.4994412931848593,18,15
by_mission,cryosat-2,storm,6.0,in_track,quantile_linear_km,1.066803354621555,1.079252724411518,18,15
by_mission,cryosat-2,storm,6.0,cross,n,18.0,15.0,18,15
by_mission,cryosat-2,storm,6.0,cross,median_sigma_km,0.007209098250972119,0.0072091067351793625,18,15
by_mission,cryosat-2,storm,6.0,cross,median_abs_km,0.11690214887867417,0.11351010241650328,18,15
by_mission,cryosat-2,storm,6.0,cross,quantile_linear_km,0.15812125772381896,0.15958997183155557,18,15
by_mission,cryosat-2,storm,12.0,radial,n,18.0,14.0,18,14
by_mission,cryosat-2,storm,12.0,radial,inside_2_sigma_count,9.0,8.0,18,14
by_mission,cryosat-2,storm,12.0,radial,inside_2_sigma_fraction,0.5,0.5714285714285714,18,14
by_mission,cryosat-2,storm,12.0,radial,median_sigma_km,0.05028538428498037,0.050285396155604685,18,14
by_mission,cryosat-2,storm,12.0,radial,median_abs_km,0.10025852821353781,0.09601076922501653,18,14
by_mission,cryosat-2,storm,12.0,radial,quantile_linear_km,0.18686454597201108,0.14743741002653693,18,14
by_mission,cryosat-2,storm,12.0,in_track,n,18.0,14.0,18,14
by_mission,cryosat-2,storm,12.0,in_track,inside_1_sigma_count,6.0,4.0,18,14
by_mission,cryosat-2,storm,12.0,in_track,inside_2_sigma_count,13.0,11.0,18,14
by_mission,cryosat-2,storm,12.0,in_track,inside_1_sigma_fraction,0.3333333333333333,0.2857142857142857,18,14
by_mission,cryosat-2,storm,12.0,in_track,inside_2_sigma_fraction,0.7222222222222222,0.7857142857142857,18,14
by_mission,cryosat-2,storm,12.0,in_track,median_sigma_km,0.418782887655813,0.4187828861400451,18,14
by_mission,cryosat-2,storm,12.0,in_track,quantile_linear_km,1.8865264046484207,1.4559995884592563,18,14
by_mission,cryosat-2,storm,12.0,in_track,quantile_inverted_cdf_km,2.951204158376096,1.6986420951670684,18,14
by_mission,cryosat-2,storm,12.0,cross,n,18.0,14.0,18,14
by_mission,cryosat-2,storm,12.0,cross,median_sigma_km,0.007209098250972119,0.007209101035660437,18,14
by_mission,cryosat-2,storm,12.0,cross,median_abs_km,0.15247897071917907,0.14495834347809625,18,14
by_mission,cryosat-2,storm,12.0,cross,quantile_linear_km,0.22450815406909108,0.2236949670542607,18,14
by_mission,cryosat-2,storm,24.0,radial,n,18.0,12.0,18,12
by_mission,cryosat-2,storm,24.0,radial,inside_1_sigma_count,15.0,11.0,18,12
by_mission,cryosat-2,storm,24.0,radial,inside_2_sigma_count,18.0,12.0,18,12
by_mission,cryosat-2,storm,24.0,radial,inside_1_sigma_fraction,0.8333333333333334,0.9166666666666666,18,12
by_mission,cryosat-2,storm,24.0,radial,median_sigma_km,0.10411738906424921,0.10411740922957802,18,12
by_mission,cryosat-2,storm,24.0,radial,median_abs_km,0.058984036214555724,0.05898594132479795,18,12
by_mission,cryosat-2,storm,24.0,radial,quantile_linear_km,0.17967406199587638,0.14713068279474303,18,12
by_mission,cryosat-2,storm,24.0,in_track,n,18.0,12.0,18,12
by_mission,cryosat-2,storm,24.0,in_track,inside_1_sigma_count,14.0,11.0,18,12
by_mission,cryosat-2,storm,24.0,in_track,inside_2_sigma_count,16.0,12.0,18,12
by_mission,cryosat-2,storm,24.0,in_track,inside_1_sigma_fraction,0.7777777777777778,0.9166666666666666,18,12
by_mission,cryosat-2,storm,24.0,in_track,inside_2_sigma_fraction,0.8888888888888888,1.0,18,12
by_mission,cryosat-2,storm,24.0,in_track,median_sigma_km,1.2695123211819574,1.2695123189622373,18,12
by_mission,cryosat-2,storm,24.0,in_track,median_abs_km,0.43392185058048294,0.36116921109516764,18,12
by_mission,cryosat-2,storm,24.0,in_track,quantile_linear_km,3.7598519538926065,1.2004650497608602,18,12
by_mission,cryosat-2,storm,24.0,in_track,quantile_inverted_cdf_km,5.7608162944089,1.7065533130838029,18,12
by_mission,cryosat-2,storm,24.0,cross,n,18.0,12.0,18,12
by_mission,cryosat-2,storm,24.0,cross,inside_1_sigma_count,1.0,0.0,18,12
by_mission,cryosat-2,storm,24.0,cross,inside_2_sigma_count,2.0,0.0,18,12
by_mission,cryosat-2,storm,24.0,cross,inside_1_sigma_fraction,0.05555555555555555,0.0,18,12
by_mission,cryosat-2,storm,24.0,cross,inside_2_sigma_fraction,0.1111111111111111,0.0,18,12
by_mission,cryosat-2,storm,24.0,cross,median_sigma_km,0.013927059798805066,0.013927089723389564,18,12
by_mission,cryosat-2,storm,24.0,cross,median_abs_km,0.11374988630132758,0.11187474914130122,18,12
by_mission,cryosat-2,storm,24.0,cross,quantile_linear_km,0.17548364105656028,0.17901773389202966,18,12
by_mission,cryosat-2,storm,36.0,radial,n,18.0,12.0,18,12
by_mission,cryosat-2,storm,36.0,radial,inside_1_sigma_count,16.0,12.0,18,12
by_mission,cryosat-2,storm,36.0,radial,inside_2_sigma_count,18.0,12.0,18,12
by_mission,cryosat-2,storm,36.0,radial,inside_1_sigma_fraction,0.8888888888888888,1.0,18,12
by_mission,cryosat-2,storm,36.0,radial,median_sigma_km,0.15937459378479732,0.15937467051493132,18,12
by_mission,cryosat-2,storm,36.0,radial,median_abs_km,0.06774861629747649,0.051415872572050325,18,12
by_mission,cryosat-2,storm,36.0,radial,quantile_linear_km,0.19948155198469592,0.10461225864841478,18,12
by_mission,cryosat-2,storm,36.0,radial,quantile_inverted_cdf_km,0.23469471827405985,0.11062228385648998,18,12
by_mission,cryosat-2,storm,36.0,in_track,n,18.0,12.0,18,12
by_mission,cryosat-2,storm,36.0,in_track,inside_1_sigma_count,14.0,12.0,18,12
by_mission,cryosat-2,storm,36.0,in_track,inside_2_sigma_count,15.0,12.0,18,12
by_mission,cryosat-2,storm,36.0,in_track,inside_1_sigma_fraction,0.7777777777777778,1.0,18,12
by_mission,cryosat-2,storm,36.0,in_track,inside_2_sigma_fraction,0.8333333333333334,1.0,18,12
by_mission,cryosat-2,storm,36.0,in_track,median_sigma_km,2.42875067742268,2.428750672246701,18,12
by_mission,cryosat-2,storm,36.0,in_track,median_abs_km,0.5196300542383776,0.4568447419466577,18,12
by_mission,cryosat-2,storm,36.0,in_track,quantile_linear_km,5.952037420881165,1.2467366605221333,18,12
by_mission,cryosat-2,storm,36.0,in_track,quantile_inverted_cdf_km,8.080372098120552,1.6706972478015765,18,12
by_mission,cryosat-2,storm,36.0,cross,n,18.0,12.0,18,12
by_mission,cryosat-2,storm,36.0,cross,inside_2_sigma_count,1.0,0.0,18,12
by_mission,cryosat-2,storm,36.0,cross,inside_2_sigma_fraction,0.05555555555555555,0.0,18,12
by_mission,cryosat-2,storm,36.0,cross,median_sigma_km,0.020471333639854178,0.02047136243099389,18,12
by_mission,cryosat-2,storm,36.0,cross,median_abs_km,0.2192266732193276,0.20906964560488756,18,12
by_mission,cryosat-2,storm,36.0,cross,quantile_linear_km,0.30255757978756137,0.28513604917416874,18,12
by_mission,cryosat-2,storm,36.0,cross,quantile_inverted_cdf_km,0.3114614016213023,0.30098631711101886,18,12
by_mission,cryosat-2,storm,48.0,radial,n,18.0,12.0,18,12
by_mission,cryosat-2,storm,48.0,radial,inside_1_sigma_count,14.0,10.0,18,12
by_mission,cryosat-2,storm,48.0,radial,inside_2_sigma_count,18.0,12.0,18,12
by_mission,cryosat-2,storm,48.0,radial,inside_1_sigma_fraction,0.7777777777777778,0.8333333333333334,18,12
by_mission,cryosat-2,storm,48.0,radial,median_sigma_km,0.21557816172032607,0.21557844829502845,18,12
by_mission,cryosat-2,storm,48.0,radial,median_abs_km,0.16052079080655507,0.12601600325106513,18,12
by_mission,cryosat-2,storm,48.0,radial,quantile_linear_km,0.25774638113055803,0.2527834341606624,18,12
by_mission,cryosat-2,storm,48.0,in_track,n,18.0,12.0,18,12
by_mission,cryosat-2,storm,48.0,in_track,inside_1_sigma_count,14.0,12.0,18,12
by_mission,cryosat-2,storm,48.0,in_track,inside_2_sigma_count,15.0,12.0,18,12
by_mission,cryosat-2,storm,48.0,in_track,inside_1_sigma_fraction,0.7777777777777778,1.0,18,12
by_mission,cryosat-2,storm,48.0,in_track,inside_2_sigma_fraction,0.8333333333333334,1.0,18,12
by_mission,cryosat-2,storm,48.0,in_track,median_sigma_km,3.848441713209125,3.8484416969738984,18,12
by_mission,cryosat-2,storm,48.0,in_track,median_abs_km,0.6866692630110196,0.648797610536337,18,12
by_mission,cryosat-2,storm,48.0,in_track,quantile_linear_km,9.243310890979867,1.9587205668255865,18,12
by_mission,cryosat-2,storm,48.0,in_track,quantile_inverted_cdf_km,11.021318163030282,2.2793243616177756,18,12
by_mission,cryosat-2,storm,48.0,cross,n,18.0,12.0,18,12
by_mission,cryosat-2,storm,48.0,cross,inside_1_sigma_count,2.0,1.0,18,12
by_mission,cryosat-2,storm,48.0,cross,inside_2_sigma_count,3.0,1.0,18,12
by_mission,cryosat-2,storm,48.0,cross,inside_1_sigma_fraction,0.1111111111111111,0.08333333333333333,18,12
by_mission,cryosat-2,storm,48.0,cross,inside_2_sigma_fraction,0.16666666666666666,0.08333333333333333,18,12
by_mission,cryosat-2,storm,48.0,cross,median_sigma_km,0.026905306029549124,0.02690543087136282,18,12
by_mission,cryosat-2,storm,48.0,cross,median_abs_km,0.15442899572418214,0.1610541442430798,18,12
by_mission,cryosat-2,storm,48.0,cross,quantile_linear_km,0.278290566288775,0.28008015195466884,18,12
by_mission,cryosat-2,storm,72.0,radial,n,18.0,12.0,18,12
by_mission,cryosat-2,storm,72.0,radial,inside_1_sigma_count,16.0,11.0,18,12
by_mission,cryosat-2,storm,72.0,radial,inside_2_sigma_count,18.0,12.0,18,12
by_mission,cryosat-2,storm,72.0,radial,inside_1_sigma_fraction,0.8888888888888888,0.9166666666666666,18,12
by_mission,cryosat-2,storm,72.0,radial,median_sigma_km,0.3299898533937374,0.3299946582421319,18,12
by_mission,cryosat-2,storm,72.0,radial,median_abs_km,0.24546628741143856,0.25219238027619373,18,12
by_mission,cryosat-2,storm,72.0,radial,quantile_linear_km,0.3829202203641692,0.35079874306505904,18,12
by_mission,cryosat-2,storm,72.0,in_track,n,18.0,12.0,18,12
by_mission,cryosat-2,storm,72.0,in_track,inside_1_sigma_count,14.0,12.0,18,12
by_mission,cryosat-2,storm,72.0,in_track,inside_2_sigma_count,17.0,12.0,18,12
by_mission,cryosat-2,storm,72.0,in_track,inside_1_sigma_fraction,0.7777777777777778,1.0,18,12
by_mission,cryosat-2,storm,72.0,in_track,inside_2_sigma_fraction,0.9444444444444444,1.0,18,12
by_mission,cryosat-2,storm,72.0,in_track,median_sigma_km,7.362595275385817,7.362595058778051,18,12
by_mission,cryosat-2,storm,72.0,in_track,median_abs_km,1.9998919045321797,1.7181097631821367,18,12
by_mission,cryosat-2,storm,72.0,in_track,quantile_linear_km,14.21469089956771,2.4763997127467783,18,12
by_mission,cryosat-2,storm,72.0,in_track,quantile_inverted_cdf_km,15.864129590038456,2.5279133073304645,18,12
by_mission,cryosat-2,storm,72.0,cross,n,18.0,12.0,18,12
by_mission,cryosat-2,storm,72.0,cross,inside_1_sigma_count,1.0,0.0,18,12
by_mission,cryosat-2,storm,72.0,cross,inside_2_sigma_count,5.0,3.0,18,12
by_mission,cryosat-2,storm,72.0,cross,inside_1_sigma_fraction,0.05555555555555555,0.0,18,12
by_mission,cryosat-2,storm,72.0,cross,inside_2_sigma_fraction,0.2777777777777778,0.25,18,12
by_mission,cryosat-2,storm,72.0,cross,median_sigma_km,0.03954800972855287,0.03954834827834721,18,12
by_mission,cryosat-2,storm,72.0,cross,median_abs_km,0.09630458179427873,0.12186453709876949,18,12
by_mission,cryosat-2,storm,72.0,cross,quantile_linear_km,0.21394067589874488,0.21416611981828287,18,12
by_mission,cryosat-2,storm,96.0,radial,n,18.0,12.0,18,12
by_mission,cryosat-2,storm,96.0,radial,inside_1_sigma_count,16.0,11.0,18,12
by_mission,cryosat-2,storm,96.0,radial,inside_2_sigma_count,18.0,12.0,18,12
by_mission,cryosat-2,storm,96.0,radial,inside_1_sigma_fraction,0.8888888888888888,0.9166666666666666,18,12
by_mission,cryosat-2,storm,96.0,radial,median_sigma_km,0.446361018350515,0.4463907537321261,18,12
by_mission,cryosat-2,storm,96.0,radial,median_abs_km,0.3375067841783911,0.29281280798148074,18,12
by_mission,cryosat-2,storm,96.0,radial,quantile_linear_km,0.4535012762266629,0.41677196540521416,18,12
by_mission,cryosat-2,storm,96.0,radial,quantile_inverted_cdf_km,0.45836688318586294,0.4526426397044512,18,12
by_mission,cryosat-2,storm,96.0,in_track,n,18.0,12.0,18,12
by_mission,cryosat-2,storm,96.0,in_track,inside_1_sigma_count,14.0,12.0,18,12
by_mission,cryosat-2,storm,96.0,in_track,inside_2_sigma_count,18.0,12.0,18,12
by_mission,cryosat-2,storm,96.0,in_track,inside_1_sigma_fraction,0.7777777777777778,1.0,18,12
by_mission,cryosat-2,storm,96.0,in_track,median_sigma_km,11.666293719921457,11.666292580538471,18,12
by_mission,cryosat-2,storm,96.0,in_track,median_abs_km,3.16435802588175,3.1362158215845954,18,12
by_mission,cryosat-2,storm,96.0,in_track,quantile_linear_km,19.842448170766982,3.888166996571147,18,12
by_mission,cryosat-2,storm,96.0,in_track,quantile_inverted_cdf_km,20.858240043077135,3.9837549853935257,18,12
by_mission,cryosat-2,storm,96.0,cross,n,18.0,12.0,18,12
by_mission,cryosat-2,storm,96.0,cross,inside_1_sigma_count,3.0,1.0,18,12
by_mission,cryosat-2,storm,96.0,cross,inside_2_sigma_count,6.0,3.0,18,12
by_mission,cryosat-2,storm,96.0,cross,inside_1_sigma_fraction,0.16666666666666666,0.08333333333333333,18,12
by_mission,cryosat-2,storm,96.0,cross,inside_2_sigma_fraction,0.3333333333333333,0.25,18,12
by_mission,cryosat-2,storm,96.0,cross,median_sigma_km,0.05197762506956439,0.05197810236294384,18,12
by_mission,cryosat-2,storm,96.0,cross,median_abs_km,0.12129140949510386,0.17269952151426612,18,12
by_mission,cryosat-2,storm,96.0,cross,quantile_linear_km,0.3162697795096876,0.31244370650667885,18,12
by_mission,cryosat-2,storm,96.0,cross,quantile_inverted_cdf_km,0.32587749617560263,0.31457430009805554,18,12
by_mission,cryosat-2,storm,120.0,radial,n,18.0,12.0,18,12
by_mission,cryosat-2,storm,120.0,radial,inside_1_sigma_count,17.0,11.0,18,12
by_mission,cryosat-2,storm,120.0,radial,inside_2_sigma_count,18.0,12.0,18,12
by_mission,cryosat-2,storm,120.0,radial,inside_1_sigma_fraction,0.9444444444444444,0.9166666666666666,18,12
by_mission,cryosat-2,storm,120.0,radial,median_sigma_km,0.5642112914941393,0.5643304230821432,18,12
by_mission,cryosat-2,storm,120.0,radial,median_abs_km,0.3945255239083655,0.396795953856532,18,12
by_mission,cryosat-2,storm,120.0,radial,quantile_linear_km,0.5457638612225969,0.5097343014631205,18,12
by_mission,cryosat-2,storm,120.0,in_track,n,18.0,12.0,18,12
by_mission,cryosat-2,storm,120.0,in_track,inside_1_sigma_count,14.0,12.0,18,12
by_mission,cryosat-2,storm,120.0,in_track,inside_2_sigma_count,18.0,12.0,18,12
by_mission,cryosat-2,storm,120.0,in_track,inside_1_sigma_fraction,0.7777777777777778,1.0,18,12
by_mission,cryosat-2,storm,120.0,in_track,median_sigma_km,16.672047048087887,16.672043010196212,18,12
by_mission,cryosat-2,storm,120.0,in_track,median_abs_km,5.712296699447271,4.928698772139635,18,12
by_mission,cryosat-2,storm,120.0,in_track,quantile_linear_km,22.259271328787516,7.111799758244871,18,12
by_mission,cryosat-2,storm,120.0,in_track,quantile_inverted_cdf_km,22.90159286731527,7.225639866880075,18,12
by_mission,cryosat-2,storm,120.0,cross,n,18.0,12.0,18,12
by_mission,cryosat-2,storm,120.0,cross,inside_1_sigma_count,5.0,2.0,18,12
by_mission,cryosat-2,storm,120.0,cross,inside_2_sigma_count,10.0,6.0,18,12
by_mission,cryosat-2,storm,120.0,cross,inside_1_sigma_fraction,0.2777777777777778,0.16666666666666666,18,12
by_mission,cryosat-2,storm,120.0,cross,inside_2_sigma_fraction,0.5555555555555556,0.5,18,12
by_mission,cryosat-2,storm,120.0,cross,median_sigma_km,0.06425115579277244,0.06425196313011503,18,12
by_mission,cryosat-2,storm,120.0,cross,median_abs_km,0.0974222669676161,0.14165057206282988,18,12
by_mission,cryosat-2,storm,120.0,cross,quantile_linear_km,0.24269077116543789,0.23617216689929504,18,12
by_mission,cryosat-2,storm,144.0,radial,n,18.0,12.0,18,12
by_mission,cryosat-2,storm,144.0,radial,inside_1_sigma_count,18.0,12.0,18,12
by_mission,cryosat-2,storm,144.0,radial,inside_2_sigma_count,18.0,12.0,18,12
by_mission,cryosat-2,storm,144.0,radial,median_sigma_km,0.6832538408841897,0.6835444143200722,18,12
by_mission,cryosat-2,storm,144.0,radial,median_abs_km,0.46580714770144765,0.42611118009506155,18,12
by_mission,cryosat-2,storm,144.0,radial,quantile_linear_km,0.5844808289027412,0.5375606444936109,18,12
by_mission,cryosat-2,storm,144.0,radial,quantile_inverted_cdf_km,0.6110679988220031,0.5797889753875775,18,12
by_mission,cryosat-2,storm,144.0,in_track,n,18.0,12.0,18,12
by_mission,cryosat-2,storm,144.0,in_track,inside_1_sigma_count,14.0,12.0,18,12
by_mission,cryosat-2,storm,144.0,in_track,inside_2_sigma_count,18.0,12.0,18,12
by_mission,cryosat-2,storm,144.0,in_track,inside_1_sigma_fraction,0.7777777777777778,1.0,18,12
by_mission,cryosat-2,storm,144.0,in_track,median_sigma_km,22.31921526282694,22.319206360682955,18,12
by_mission,cryosat-2,storm,144.0,in_track,median_abs_km,6.658077715570168,6.3305790944379305,18,12
by_mission,cryosat-2,storm,144.0,in_track,quantile_linear_km,26.57639964184394,8.53676492312987,18,12
by_mission,cryosat-2,storm,144.0,in_track,quantile_inverted_cdf_km,26.7417196549588,8.635252898931736,18,12
by_mission,cryosat-2,storm,144.0,cross,n,18.0,12.0,18,12
by_mission,cryosat-2,storm,144.0,cross,inside_1_sigma_count,6.0,3.0,18,12
by_mission,cryosat-2,storm,144.0,cross,inside_2_sigma_count,10.0,6.0,18,12
by_mission,cryosat-2,storm,144.0,cross,inside_1_sigma_fraction,0.3333333333333333,0.25,18,12
by_mission,cryosat-2,storm,144.0,cross,inside_2_sigma_fraction,0.5555555555555556,0.5,18,12
by_mission,cryosat-2,storm,144.0,cross,median_sigma_km,0.07640171866696488,0.07640257382794091,18,12
by_mission,cryosat-2,storm,144.0,cross,median_abs_km,0.11215139287016704,0.19383079843072373,18,12
by_mission,cryosat-2,storm,144.0,cross,quantile_linear_km,0.3496311898292224,0.34277741439355247,18,12
by_mission,cryosat-2,storm,144.0,cross,quantile_inverted_cdf_km,0.36944892372903737,0.34613394267043157,18,12
by_mission,cryosat-2,storm,168.0,radial,n,18.0,12.0,18,12
by_mission,cryosat-2,storm,168.0,radial,inside_1_sigma_count,18.0,12.0,18,12
by_mission,cryosat-2,storm,168.0,radial,inside_2_sigma_count,18.0,12.0,18,12
by_mission,cryosat-2,storm,168.0,radial,median_sigma_km,0.8032971217193303,0.8041596000196984,18,12
by_mission,cryosat-2,storm,168.0,radial,median_abs_km,0.48427853829162604,0.4927951948626238,18,12
by_mission,cryosat-2,storm,168.0,radial,quantile_linear_km,0.6358266513107904,0.6218096605152994,18,12
by_mission,cryosat-2,storm,168.0,in_track,n,18.0,12.0,18,12
by_mission,cryosat-2,storm,168.0,in_track,inside_1_sigma_count,18.0,12.0,18,12
by_mission,cryosat-2,storm,168.0,in_track,inside_2_sigma_count,18.0,12.0,18,12
by_mission,cryosat-2,storm,168.0,in_track,median_sigma_km,28.562339978720136,28.562315706834823,18,12
by_mission,cryosat-2,storm,168.0,in_track,median_abs_km,10.881362020859065,9.146762768313616,18,12
by_mission,cryosat-2,storm,168.0,in_track,quantile_linear_km,27.44368853539239,13.412494944017654,18,12
by_mission,cryosat-2,storm,168.0,in_track,quantile_inverted_cdf_km,27.522018823469338,13.626434743195666,18,12
by_mission,cryosat-2,storm,168.0,cross,n,18.0,12.0,18,12
by_mission,cryosat-2,storm,168.0,cross,inside_1_sigma_count,6.0,2.0,18,12
by_mission,cryosat-2,storm,168.0,cross,inside_2_sigma_count,10.0,6.0,18,12
by_mission,cryosat-2,storm,168.0,cross,inside_1_sigma_fraction,0.3333333333333333,0.16666666666666666,18,12
by_mission,cryosat-2,storm,168.0,cross,inside_2_sigma_fraction,0.5555555555555556,0.5,18,12
by_mission,cryosat-2,storm,168.0,cross,median_sigma_km,0.08845096559538627,0.08845192685359357,18,12
by_mission,cryosat-2,storm,168.0,cross,median_abs_km,0.09565305709674198,0.16381217280676386,18,12
by_mission,cryosat-2,storm,168.0,cross,quantile_linear_km,0.26977987064586395,0.2539685264038779,18,12
by_mission,cryosat-2,storm,168.0,cross,quantile_inverted_cdf_km,0.271497562821984,0.261189427369364,18,12
by_mission,gracefo-c,august,6.0,radial,median_sigma_km,0.06750508743392453,0.06750509200590078,18,18
by_mission,gracefo-c,august,6.0,in_track,median_sigma_km,0.2756479662574866,0.2756479650786366,18,18
by_mission,gracefo-c,august,6.0,cross,median_sigma_km,0.007196945431266622,0.007196949084875162,18,18
by_mission,gracefo-c,august,12.0,radial,median_sigma_km,0.06750508743392453,0.06750509365259286,18,18
by_mission,gracefo-c,august,12.0,in_track,median_sigma_km,0.2756479662574866,0.2756479646585794,18,18
by_mission,gracefo-c,august,12.0,cross,median_sigma_km,0.007196945431266622,0.0071969481219718336,18,18
by_mission,gracefo-c,august,24.0,radial,median_sigma_km,0.13501017486784905,0.13501018659559832,18,18
by_mission,gracefo-c,august,24.0,in_track,median_sigma_km,0.8356083779627435,0.8356083759676551,18,18
by_mission,gracefo-c,august,24.0,cross,median_sigma_km,0.012103771227857402,0.01210377563296844,18,18
by_mission,gracefo-c,august,36.0,radial,median_sigma_km,0.20251526230177358,0.20251559845022493,18,18
by_mission,gracefo-c,august,36.0,in_track,median_sigma_km,1.5986330972727887,1.5986330545995457,18,18
by_mission,gracefo-c,august,36.0,cross,median_sigma_km,0.01640548789909071,0.016405511581049886,18,18
by_mission,gracefo-c,august,48.0,radial,median_sigma_km,0.2700203497356981,0.270023258249331,18,18
by_mission,gracefo-c,august,48.0,in_track,median_sigma_km,2.533090923186025,2.5330906120500334,18,18
by_mission,gracefo-c,august,48.0,cross,median_sigma_km,0.02035603567311268,0.02035607020306414,18,18
by_mission,gracefo-c,august,72.0,radial,median_sigma_km,0.40503052460354716,0.4050711843392572,18,18
by_mission,gracefo-c,august,72.0,in_track,median_sigma_km,4.84614933861639,4.846145938070611,18,18
by_mission,gracefo-c,august,72.0,cross,median_sigma_km,0.02759063192966714,0.027590943838546305,18,18
by_mission,gracefo-c,august,96.0,radial,median_sigma_km,0.5400406994713962,0.54022157815312,18,18
by_mission,gracefo-c,august,96.0,in_track,median_sigma_km,7.6788957535003535,7.678883029794491,18,18
by_mission,gracefo-c,august,96.0,cross,median_sigma_km,0.03423463485259438,0.03423476177953432,18,18
by_mission,gracefo-c,august,120.0,radial,median_sigma_km,0.6750508743392453,0.676090378675682,18,18
by_mission,gracefo-c,august,120.0,in_track,median_sigma_km,10.973743191559391,10.97367919322408,18,18
by_mission,gracefo-c,august,120.0,cross,median_sigma_km,0.04047139831141101,0.04047230621387002,18,18
by_mission,gracefo-c,august,144.0,radial,inside_2_sigma_count,17.0,18.0,18,18
by_mission,gracefo-c,august,144.0,radial,inside_2_sigma_fraction,0.9444444444444444,1.0,18,18
by_mission,gracefo-c,august,144.0,radial,median_sigma_km,0.8100610492070943,0.8142179511976602,18,18
by_mission,gracefo-c,august,144.0,in_track,median_sigma_km,14.690777672648544,14.690547857498183,18,18
by_mission,gracefo-c,august,144.0,cross,median_sigma_km,0.046401726968483555,0.04640205757530219,18,18
by_mission,gracefo-c,august,168.0,radial,median_sigma_km,0.9450712240749434,0.9554839687318035,18,18
by_mission,gracefo-c,august,168.0,in_track,median_sigma_km,18.800077937186035,18.799551590830923,18,18
by_mission,gracefo-c,august,168.0,cross,median_sigma_km,0.052088786098433766,0.05208959211425424,18,18
by_mission,gracefo-c,held-out,6.0,radial,median_sigma_km,0.07165177437028981,0.07165178782634851,19,19
by_mission,gracefo-c,held-out,6.0,in_track,median_sigma_km,0.4625315680300413,0.4625315656317793,19,19
by_mission,gracefo-c,held-out,6.0,cross,median_sigma_km,0.007077931603111847,0.007077937154437609,19,19
by_mission,gracefo-c,held-out,12.0,radial,median_sigma_km,0.07165177437028981,0.07165179444221285,19,19
by_mission,gracefo-c,held-out,12.0,in_track,median_sigma_km,0.4625315680300413,0.46253156482411784,19,19
by_mission,gracefo-c,held-out,12.0,cross,median_sigma_km,0.007077931603111847,0.007077935198018138,19,19
by_mission,gracefo-c,held-out,24.0,radial,median_sigma_km,0.1483571374731153,0.14835736158790133,19,19
by_mission,gracefo-c,held-out,24.0,in_track,median_sigma_km,1.451579652206478,1.451579629086125,19,19
by_mission,gracefo-c,held-out,24.0,cross,median_sigma_km,0.012323394688120916,0.01232340952836819,19,19
by_mission,gracefo-c,held-out,36.0,radial,median_sigma_km,0.22709327166533652,0.2270988546614687,19,19
by_mission,gracefo-c,held-out,36.0,in_track,median_sigma_km,2.8339452076195584,2.833944758310404,19,19
by_mission,gracefo-c,held-out,36.0,cross,median_sigma_km,0.017045249607342293,0.017045461076337615,19,19
by_mission,gracefo-c,held-out,48.0,radial,median_sigma_km,0.307177881254859,0.30720352577588483,19,19
by_mission,gracefo-c,held-out,48.0,in_track,median_sigma_km,4.555545247806795,4.555543516331607,19,19
by_mission,gracefo-c,held-out,48.0,cross,median_sigma_km,0.021456276374928255,0.0214567358262953,19,19
by_mission,gracefo-c,held-out,72.0,radial,median_sigma_km,0.47020339719100773,0.47036045960381917,19,19
by_mission,gracefo-c,held-out,72.0,in_track,median_sigma_km,8.893873376836044,8.89386506881603,19,19
by_mission,gracefo-c,held-out,72.0,cross,median_sigma_km,0.02967750329438975,0.029677810139956615,19,19
by_mission,gracefo-c,held-out,96.0,radial,median_sigma_km,0.6360209716861345,0.6365663915959169,19,19
by_mission,gracefo-c,held-out,96.0,in_track,median_sigma_km,14.296833434713294,14.296809154241835,19,19
by_mission,gracefo-c,held-out,96.0,cross,median_sigma_km,0.037357546968862225,0.0373599035147415,19,19
by_mission,gracefo-c,held-out,120.0,radial,median_sigma_km,0.8039461312694562,0.8062141754674697,19,19
by_mission,gracefo-c,held-out,120.0,in_track,median_sigma_km,20.660526229087637,20.660437848238733,19,19
by_mission,gracefo-c,held-out,120.0,cross,median_sigma_km,0.044658729287118885,0.044662486384041584,19,19
by_mission,gracefo-c,held-out,144.0,radial,median_sigma_km,0.9735701683658112,0.9825157862909019,19,19
by_mission,gracefo-c,held-out,144.0,in_track,median_sigma_km,27.911966480691337,27.911653018872666,19,19
by_mission,gracefo-c,held-out,144.0,cross,median_sigma_km,0.05167153442030715,0.05167221301249039,19,19
by_mission,gracefo-c,held-out,168.0,radial,inside_2_sigma_count,12.0,13.0,19,19
by_mission,gracefo-c,held-out,168.0,radial,inside_2_sigma_fraction,0.631578947368421,0.6842105263157895,19,19
by_mission,gracefo-c,held-out,168.0,radial,median_sigma_km,1.144620150291433,1.1734830217789858,19,19
by_mission,gracefo-c,held-out,168.0,in_track,median_sigma_km,35.99586694227833,35.994937504250814,19,19
by_mission,gracefo-c,held-out,168.0,cross,median_sigma_km,0.05845326711568574,0.05845916931324299,19,19
by_mission,gracefo-c,quiet,6.0,radial,median_sigma_km,0.06701060728806874,0.06701061035860215,19,19
by_mission,gracefo-c,quiet,6.0,in_track,median_sigma_km,0.23601048269069475,0.23601048177715575,19,19
by_mission,gracefo-c,quiet,6.0,cross,median_sigma_km,0.007105772984896037,0.007105774398876061,19,19
by_mission,gracefo-c,quiet,12.0,radial,median_sigma_km,0.06701060728806874,0.06701061175601543,19,19
by_mission,gracefo-c,quiet,12.0,in_track,median_sigma_km,0.23601048269069475,0.23601048134177824,19,19
by_mission,gracefo-c,quiet,12.0,cross,median_sigma_km,0.007105772984896037,0.007105774220668411,19,19
by_mission,gracefo-c,quiet,24.0,radial,median_sigma_km,0.13874746250129388,0.13874746715090777,19,19
by_mission,gracefo-c,quiet,24.0,in_track,median_sigma_km,0.8808222667957794,0.88082226571271,19,19
by_mission,gracefo-c,quiet,24.0,cross,median_sigma_km,0.015231557832037753,0.015231567715949277,19,19
by_mission,gracefo-c,quiet,36.0,radial,median_sigma_km,0.21238354777768811,0.21238362649928896,19,19
by_mission,gracefo-c,quiet,36.0,in_track,median_sigma_km,1.9031002972004676,1.903100288194593,19,19
by_mission,gracefo-c,quiet,36.0,cross,median_sigma_km,0.023792753693599608,0.023792774553113637,19,19
by_mission,gracefo-c,quiet,48.0,radial,median_sigma_km,0.28728076239917283,0.28728102229178126,19,19
by_mission,gracefo-c,quiet,48.0,in_track,median_sigma_km,3.2873449384027915,3.287344913751591,19,19
by_mission,gracefo-c,quiet,48.0,cross,median_sigma_km,0.03264955895492979,0.032649615749828005,19,19
by_mission,gracefo-c,quiet,72.0,radial,median_sigma_km,0.4397464748304597,0.43974759499566274,19,19
by_mission,gracefo-c,quiet,72.0,in_track,median_sigma_km,7.102621453966157,7.102621381508335,19,19
by_mission,gracefo-c,quiet,72.0,cross,median_sigma_km,0.051000884018924865,0.05100129392026012,19,19
by_mission,gracefo-c,quiet,96.0,radial,median_sigma_km,0.594823393212545,0.5948419433639591,19,19
by_mission,gracefo-c,quiet,96.0,in_track,median_sigma_km,12.268805128365353,12.26880422082272,19,19
by_mission,gracefo-c,quiet,96.0,cross,median_sigma_km,0.06998586170281589,0.06998611840554167,19,19
by_mission,gracefo-c,quiet,120.0,radial,median_sigma_km,0.7518713801119479,0.7519656391728292,19,19
by_mission,gracefo-c,quiet,120.0,in_track,median_sigma_km,18.746979009212513,18.746975222254775,19,19
by_mission,gracefo-c,quiet,120.0,cross,median_sigma_km,0.08945638181126113,0.08945739990471246,19,19
by_mission,gracefo-c,quiet,144.0,radial,median_sigma_km,0.9105082015497401,0.9108187976465699,19,19
by_mission,gracefo-c,quiet,144.0,in_track,median_sigma_km,26.507920571790212,26.50790990124505,19,19
by_mission,gracefo-c,quiet,144.0,cross,median_sigma_km,0.10932278811475,0.10932325379200628,19,19
by_mission,gracefo-c,quiet,168.0,radial,median_sigma_km,1.0704786037649552,1.0725629497652105,19,19
by_mission,gracefo-c,quiet,168.0,in_track,median_sigma_km,35.52831092526059,35.528248047182,19,19
by_mission,gracefo-c,quiet,168.0,cross,median_sigma_km,0.12952457256866898,0.12952842730779823,19,19
by_mission,gracefo-c,storm,6.0,radial,median_sigma_km,0.06568725962885741,0.06568726516665083,18,18
by_mission,gracefo-c,storm,6.0,in_track,median_sigma_km,0.22951564930624183,0.22951564763787152,18,18
by_mission,gracefo-c,storm,6.0,cross,median_sigma_km,0.010753455837116491,0.010753457363103937,18,18
by_mission,gracefo-c,storm,12.0,radial,median_sigma_km,0.06568725962885741,0.06568726612090187,18,18
by_mission,gracefo-c,storm,12.0,in_track,median_sigma_km,0.22951564930624183,0.22951564736975405,18,18
by_mission,gracefo-c,storm,12.0,cross,median_sigma_km,0.010753455837116491,0.010753457490806554,18,18
by_mission,gracefo-c,storm,24.0,radial,median_sigma_km,0.13600743167403573,0.1360075270803736,18,18
by_mission,gracefo-c,storm,24.0,in_track,median_sigma_km,0.8565826915068624,0.8565826763499809,18,18
by_mission,gracefo-c,storm,24.0,cross,median_sigma_km,0.02077430730911951,0.02077430936143167,18,18
by_mission,gracefo-c,storm,36.0,radial,median_sigma_km,0.20818932715828115,0.2081895035022832,18,18
by_mission,gracefo-c,storm,36.0,in_track,median_sigma_km,1.8507283889559563,1.8507283689609848,18,18
by_mission,gracefo-c,storm,36.0,cross,median_sigma_km,0.030536077406541712,0.030536082762975696,18,18
by_mission,gracefo-c,storm,48.0,radial,median_sigma_km,0.28160744678776395,0.28160906713909295,18,18
by_mission,gracefo-c,storm,48.0,in_track,median_sigma_km,3.196879644621192,3.1968795016366958,18,18
by_mission,gracefo-c,storm,48.0,cross,median_sigma_km,0.04013331627625497,0.040133329913773816,18,18
by_mission,gracefo-c,storm,72.0,radial,median_sigma_km,0.4310622158502111,0.43112607819180665,18,18
by_mission,gracefo-c,storm,72.0,in_track,median_sigma_km,6.907162581078688,6.907158594640466,18,18
by_mission,gracefo-c,storm,72.0,cross,median_sigma_km,0.05899181301967963,0.05899194142318452,18,18
by_mission,gracefo-c,storm,96.0,radial,median_sigma_km,0.5830766239037983,0.5834311178244536,18,18
by_mission,gracefo-c,storm,96.0,in_track,median_sigma_km,11.931176713616145,11.931159382839724,18,18
by_mission,gracefo-c,storm,96.0,cross,median_sigma_km,0.07753245638293096,0.07753260448918106,18,18
by_mission,gracefo-c,storm,120.0,radial,median_sigma_km,0.7370231751610237,0.7390529102404526,18,18
by_mission,gracefo-c,storm,120.0,in_track,median_sigma_km,18.23107605550243,18.23099387795152,18,18
by_mission,gracefo-c,storm,120.0,cross,median_sigma_km,0.09584027603009873,0.09584052313263995,18,18
by_mission,gracefo-c,storm,144.0,radial,inside_1_sigma_count,17.0,18.0,18,18
by_mission,gracefo-c,storm,144.0,radial,inside_1_sigma_fraction,0.9444444444444444,1.0,18,18
by_mission,gracefo-c,storm,144.0,radial,median_sigma_km,0.8925271841261285,0.9021896987483121,18,18
by_mission,gracefo-c,storm,144.0,in_track,median_sigma_km,25.778442264219777,25.778105903636288,18,18
by_mission,gracefo-c,storm,144.0,cross,median_sigma_km,0.11396467060970049,0.11396495589544703,18,18
by_mission,gracefo-c,storm,168.0,radial,median_sigma_km,1.0493384378739292,1.0751021964892145,18,18
by_mission,gracefo-c,storm,168.0,in_track,median_sigma_km,34.5505981675056,34.54980606972441,18,18
by_mission,gracefo-c,storm,168.0,cross,median_sigma_km,0.1319379371965193,0.13193871607026283,18,18
by_mission,gracefo-d,august,6.0,radial,median_sigma_km,0.06821468542647988,0.06821469088133153,18,18
by_mission,gracefo-d,august,6.0,in_track,median_sigma_km,0.30062494025061115,0.3006249389478795,18,18
by_mission,gracefo-d,august,6.0,cross,median_sigma_km,0.0073915767476232215,0.007391581260040073,18,18
by_mission,gracefo-d,august,12.0,radial,median_sigma_km,0.06821468542647988,0.06821469231678431,18,18
by_mission,gracefo-d,august,12.0,in_track,median_sigma_km,0.30062494025061115,0.3006249385915618,18,18
by_mission,gracefo-d,august,12.0,cross,median_sigma_km,0.0073915767476232215,0.007391580458953141,18,18
by_mission,gracefo-d,august,24.0,radial,median_sigma_km,0.13642937085295975,0.1364293840432529,18,18
by_mission,gracefo-d,august,24.0,in_track,median_sigma_km,0.9113244044880998,0.9113244024984283,18,18
by_mission,gracefo-d,august,24.0,cross,median_sigma_km,0.012431100780298155,0.012431104140917226,18,18
by_mission,gracefo-d,august,36.0,radial,median_sigma_km,0.20464405627943963,0.20464447679073994,18,18
by_mission,gracefo-d,august,36.0,in_track,median_sigma_km,1.7434882102534963,1.7434881605048242,18,18
by_mission,gracefo-d,august,36.0,cross,median_sigma_km,0.016849151358229977,0.016849176022716506,18,18
by_mission,gracefo-d,august,48.0,radial,median_sigma_km,0.2728587417059195,0.2728623643450344,18,18
by_mission,gracefo-d,august,48.0,in_track,median_sigma_km,2.762618994695672,2.7626186366400947,18,18
by_mission,gracefo-d,august,48.0,cross,median_sigma_km,0.020906536167620744,0.020906577682735135,18,18
by_mission,gracefo-d,august,72.0,radial,median_sigma_km,0.40928811255887926,0.40933531795175676,18,18
by_mission,gracefo-d,august,72.0,in_track,median_sigma_km,5.285267927593578,5.285264269650968,18,18
by_mission,gracefo-d,august,72.0,cross,median_sigma_km,0.028336781954405685,0.02833710894358609,18,18
by_mission,gracefo-d,august,96.0,radial,median_sigma_km,0.545717483411839,0.5459189978539234,18,18
by_mission,gracefo-d,august,96.0,in_track,median_sigma_km,8.374694754433063,8.374681619883095,18,18
by_mission,gracefo-d,august,96.0,cross,median_sigma_km,0.03516046263744883,0.03516059251677196,18,18
by_mission,gracefo-d,august,120.0,radial,median_sigma_km,0.6821468542647988,0.6834219745306928,18,18
by_mission,gracefo-d,august,120.0,in_track,median_sigma_km,11.968094436098498,11.968021685564661,18,18
by_mission,gracefo-d,august,120.0,cross,median_sigma_km,0.04156589063504613,0.041567018824264085,18,18
by_mission,gracefo-d,august,144.0,radial,median_sigma_km,0.8185762251177585,0.8236257528912001,18,18
by_mission,gracefo-d,august,144.0,in_track,median_sigma_km,16.021936312599333,16.021677520223538,18,18
by_mission,gracefo-d,august,144.0,cross,median_sigma_km,0.04765659673057178,0.04765695167968867,18,18
by_mission,gracefo-d,august,168.0,radial,median_sigma_km,0.9550055959707182,0.9676278131253921,18,18
by_mission,gracefo-d,august,168.0,in_track,median_sigma_km,20.503587903471,20.502996080123708,18,18
by_mission,gracefo-d,august,168.0,cross,median_sigma_km,0.05349745441509367,0.05349844660701895,18,18
by_mission,gracefo-d,held-out,6.0,radial,median_sigma_km,0.06729153690497795,0.06729155922557904,20,20
by_mission,gracefo-d,held-out,6.0,in_track,median_sigma_km,0.45623301093257973,0.4562330074752883,20,20
by_mission,gracefo-d,held-out,6.0,cross,median_sigma_km,0.006824732255565271,0.006824737943561467,20,20
by_mission,gracefo-d,held-out,12.0,radial,median_sigma_km,0.06729153690497795,0.06729156630084474,20,20
by_mission,gracefo-d,held-out,12.0,in_track,median_sigma_km,0.45623301093257973,0.45623300654105753,20,20
by_mission,gracefo-d,held-out,12.0,cross,median_sigma_km,0.006824732255565271,0.006824734805897693,20,20
by_mission,gracefo-d,held-out,24.0,radial,median_sigma_km,0.14424256701607396,0.1442428039881628,20,20
by_mission,gracefo-d,held-out,24.0,in_track,median_sigma_km,1.482305425707234,1.482305402496805,20,20
by_mission,gracefo-d,held-out,24.0,cross,median_sigma_km,0.011882549018855151,0.011882568691211215,20,20
by_mission,gracefo-d,held-out,36.0,radial,median_sigma_km,0.22531693126801086,0.22532116008124348,20,20
by_mission,gracefo-d,held-out,36.0,in_track,median_sigma_km,2.9531998565986197,2.9531995330059946,20,20
by_mission,gracefo-d,held-out,36.0,cross,median_sigma_km,0.016435488688283664,0.01643567627369765,20,20
by_mission,gracefo-d,held-out,48.0,radial,median_sigma_km,0.3091907109918818,0.30921306027581963,20,20
by_mission,gracefo-d,held-out,48.0,in_track,median_sigma_km,4.816024536650202,4.816023100669447,20,20
by_mission,gracefo-d,held-out,48.0,cross,median_sigma_km,0.02068871948351632,0.020689250306513023,20,20
by_mission,gracefo-d,held-out,72.0,radial,median_sigma_km,0.482977415186336,0.4831400736204451,20,20
by_mission,gracefo-d,held-out,72.0,in_track,median_sigma_km,9.59497464176448,9.59496645137874,20,20
by_mission,gracefo-d,held-out,72.0,cross,median_sigma_km,0.028615847871264845,0.028616188780475657,20,20
by_mission,gracefo-d,held-out,96.0,radial,median_sigma_km,0.6627647978076551,0.6634067264788581,20,20
by_mission,gracefo-d,held-out,96.0,in_track,median_sigma_km,15.647309883218222,15.647282673358381,20,20
by_mission,gracefo-d,held-out,96.0,cross,median_sigma_km,0.03602115280050126,0.036023875721475834,20,20
by_mission,gracefo-d,held-out,120.0,radial,inside_1_sigma_count,15.0,16.0,20,20
by_mission,gracefo-d,held-out,120.0,radial,inside_1_sigma_fraction,0.75,0.8,20,20
by_mission,gracefo-d,held-out,120.0,radial,median_sigma_km,0.8471502580836179,0.8493879871189195,20,20
by_mission,gracefo-d,held-out,120.0,in_track,median_sigma_km,22.86581606387407,22.865733024712238,20,20
by_mission,gracefo-d,held-out,120.0,cross,median_sigma_km,0.04306114940759784,0.04306556194846696,20,20
by_mission,gracefo-d,held-out,144.0,radial,inside_2_sigma_count,14.0,17.0,20,20
by_mission,gracefo-d,held-out,144.0,radial,inside_2_sigma_fraction,0.7,0.85,20,20
by_mission,gracefo-d,held-out,144.0,radial,median_sigma_km,1.0352847532021763,1.0429176387480612,20,20
by_mission,gracefo-d,held-out,144.0,in_track,median_sigma_km,31.174164583002042,31.173910055429108,20,20
by_mission,gracefo-d,held-out,144.0,cross,median_sigma_km,0.04982308496705161,0.04982415066909314,20,20
by_mission,gracefo-d,held-out,168.0,radial,median_sigma_km,1.226595273115611,1.255984970370426,20,20
by_mission,gracefo-d,held-out,168.0,in_track,median_sigma_km,40.51392933811329,40.51302790615914,20,20
by_mission,gracefo-d,held-out,168.0,cross,median_sigma_km,0.056362214259346996,0.05637224330668622,20,20
by_mission,gracefo-d,quiet,6.0,radial,median_sigma_km,0.0658629272269975,0.06586292893457213,19,19
by_mission,gracefo-d,quiet,6.0,in_track,median_sigma_km,0.15499163742087999,0.1549916366359126,19,19
by_mission,gracefo-d,quiet,6.0,cross,median_sigma_km,0.006519119827582584,0.006519120805369045,19,19
by_mission,gracefo-d,quiet,12.0,radial,median_sigma_km,0.0658629272269975,0.06586292897079564,19,19
by_mission,gracefo-d,quiet,12.0,in_track,median_sigma_km,0.15499163742087999,0.1549916366238208,19,19
by_mission,gracefo-d,quiet,12.0,cross,median_sigma_km,0.006519119827582584,0.00651912068387197,19,19
by_mission,gracefo-d,quiet,24.0,radial,median_sigma_km,0.13637115667925553,0.13637115878926304,19,19
by_mission,gracefo-d,quiet,24.0,in_track,median_sigma_km,0.6199665496835199,0.6199665489823477,19,19
by_mission,gracefo-d,quiet,24.0,cross,median_sigma_km,0.014466832690875658,0.014466838402873005,19,19
by_mission,gracefo-d,quiet,36.0,radial,median_sigma_km,0.20874608838210043,0.2087461284434405,19,19
by_mission,gracefo-d,quiet,36.0,in_track,median_sigma_km,1.3949247367879198,1.394924730618119,19,19
by_mission,gracefo-d,quiet,36.0,cross,median_sigma_km,0.023061014389826162,0.023061025933238756,19,19
by_mission,gracefo-d,quiet,48.0,radial,median_sigma_km,0.2823605502674201,0.2823606967440535,19,19
by_mission,gracefo-d,quiet,48.0,in_track,median_sigma_km,2.4798661987340798,2.479866181928546,19,19
by_mission,gracefo-d,quiet,48.0,cross,median_sigma_km,0.03210391182261749,0.032103938259867196,19,19
by_mission,gracefo-d,quiet,72.0,radial,median_sigma_km,0.43221500658216133,0.432215725660925,19,19
by_mission,gracefo-d,quiet,72.0,in_track,median_sigma_km,5.579698947151679,5.579698889645631,19,19
by_mission,gracefo-d,quiet,72.0,cross,median_sigma_km,0.051175595123736775,0.05117579959220253,19,19
by_mission,gracefo-d,quiet,96.0,radial,median_sigma_km,0.5846359471368202,0.5846509391555625,19,19
by_mission,gracefo-d,quiet,96.0,in_track,median_sigma_km,9.919464794936319,9.919463904643175,19,19
by_mission,gracefo-d,quiet,96.0,cross,median_sigma_km,0.07124304098466866,0.07124310480773187,19,19
by_mission,gracefo-d,quiet,120.0,radial,median_sigma_km,0.7389941980303846,0.7390593176745293,19,19
by_mission,gracefo-d,quiet,120.0,in_track,median_sigma_km,15.499163742088,15.499160635659381,19,19
by_mission,gracefo-d,quiet,120.0,cross,median_sigma_km,0.09208501514355015,0.09208545363722072,19,19
by_mission,gracefo-d,quiet,144.0,radial,median_sigma_km,0.8949140717447635,0.89516494774936,19,19
by_mission,gracefo-d,quiet,144.0,in_track,median_sigma_km,22.318795788606717,22.31878572768026,19,19
by_mission,gracefo-d,quiet,144.0,cross,median_sigma_km,0.11356575612840478,0.11356601669157614,19,19
by_mission,gracefo-d,quiet,168.0,radial,median_sigma_km,1.0521446862097392,1.053723101880848,19,19
by_mission,gracefo-d,quiet,168.0,in_track,median_sigma_km,30.378360934492477,30.378306212451516,19,19
by_mission,gracefo-d,quiet,168.0,cross,median_sigma_km,0.1355926675750337,0.13559475031072193,19,19
by_mission,gracefo-d,storm,6.0,radial,median_sigma_km,0.06602780628597388,0.06602781258098903,19,19
by_mission,gracefo-d,storm,6.0,in_track,median_sigma_km,0.2600604173460376,0.2600604156429864,19,19
by_mission,gracefo-d,storm,6.0,cross,median_sigma_km,0.008533827914063694,0.008533830205017535,19,19
by_mission,gracefo-d,storm,12.0,radial,median_sigma_km,0.06602780628597388,0.06602781455374311,19,19
by_mission,gracefo-d,storm,12.0,in_track,median_sigma_km,0.2600604173460376,0.2600604151815659,19,19
by_mission,gracefo-d,storm,12.0,cross,median_sigma_km,0.008533827914063694,0.008533830550732235,19,19
by_mission,gracefo-d,storm,24.0,radial,median_sigma_km,0.13671254369212396,0.13671260811156438,19,19
by_mission,gracefo-d,storm,24.0,in_track,median_sigma_km,0.937518285759528,0.9375182760182973,19,19
by_mission,gracefo-d,storm,24.0,cross,median_sigma_km,0.017669545411057145,0.017669556242264586,19,19
by_mission,gracefo-d,storm,36.0,radial,median_sigma_km,0.2092686563891193,0.20926891325948985,19,19
by_mission,gracefo-d,storm,36.0,in_track,median_sigma_km,1.9849454516460183,1.984945424472325,19,19
by_mission,gracefo-d,storm,36.0,cross,median_sigma_km,0.027047130623987368,0.027047146249919263,19,19
by_mission,gracefo-d,storm,48.0,radial,median_sigma_km,0.2830674022671754,0.2830691499210742,19,19
by_mission,gracefo-d,storm,48.0,in_track,median_sigma_km,3.379755154987549,3.3797550070727453,19,19
by_mission,gracefo-d,storm,48.0,cross,median_sigma_km,0.036585321168579675,0.036585348792689654,19,19
by_mission,gracefo-d,storm,72.0,radial,median_sigma_km,0.43329699923813797,0.4334044825912188,16,16
by_mission,gracefo-d,storm,72.0,in_track,median_sigma_km,7.15573202621295,7.155725515849673,16,16
by_mission,gracefo-d,storm,72.0,cross,median_sigma_km,0.05600189125114014,0.05600204956703294,16,16
by_mission,gracefo-d,storm,96.0,radial,median_sigma_km,0.5860995053002078,0.5864448049389588,14,14
by_mission,gracefo-d,storm,96.0,in_track,median_sigma_km,12.184023587775467,12.184006968133367,14,14
by_mission,gracefo-d,storm,96.0,cross,median_sigma_km,0.07575099946660394,0.07575125880165787,14,14
by_mission,gracefo-d,storm,120.0,radial,median_sigma_km,0.7408441714993789,0.743774963478063,12,12
by_mission,gracefo-d,storm,120.0,in_track,median_sigma_km,18.41086761453069,18.410749439376758,12,12
by_mission,gracefo-d,storm,120.0,cross,median_sigma_km,0.09575112405416697,0.09575118259621977,12,12
by_mission,gracefo-d,storm,144.0,radial,median_sigma_km,0.8971543698339366,0.9070448905371953,9,9
by_mission,gracefo-d,storm,144.0,in_track,median_sigma_km,25.796427195774218,25.79608132191891,9,9
by_mission,gracefo-d,storm,144.0,cross,median_sigma_km,0.11595358736216942,0.11595387149491664,9,9
by_mission,gracefo-d,storm,168.0,radial,inside_1_sigma_count,4.0,5.0,6,6
by_mission,gracefo-d,storm,168.0,radial,inside_1_sigma_fraction,0.6666666666666666,0.8333333333333334,6,6
by_mission,gracefo-d,storm,168.0,radial,median_sigma_km,1.0547785901838422,1.0718450767538075,6,6
by_mission,gracefo-d,storm,168.0,in_track,median_sigma_km,34.30924183849757,34.30871198868615,6,6
by_mission,gracefo-d,storm,168.0,cross,median_sigma_km,0.13632588272101576,0.1363271514703671,6,6
by_mission,hy-2c,august,6.0,radial,median_sigma_km,0.031221505734885923,0.03122150622383048,25,25
by_mission,hy-2c,august,6.0,in_track,median_sigma_km,0.10587260483633022,0.10587260464827739,25,25
by_mission,hy-2c,august,6.0,cross,median_sigma_km,0.040652159234032106,0.04065215925487214,25,25
by_mission,hy-2c,august,12.0,radial,median_sigma_km,0.031221505734885923,0.031221505859860332,25,25
by_mission,hy-2c,august,12.0,in_track,median_sigma_km,0.10587260483633022,0.10587260473108183,25,25
by_mission,hy-2c,august,12.0,cross,median_sigma_km,0.040652159234032106,0.0406521593007783,25,25
by_mission,hy-2c,august,24.0,radial,median_sigma_km,0.062443011469771846,0.062443013004585886,25,25
by_mission,hy-2c,august,24.0,in_track,median_sigma_km,0.3561115755217727,0.356111575108479,25,25
by_mission,hy-2c,august,24.0,cross,median_sigma_km,0.08130431846806421,0.08130431879673557,25,25
by_mission,hy-2c,august,36.0,radial,median_sigma_km,0.09366451720465777,0.09366452124527616,25,25
by_mission,hy-2c,august,36.0,in_track,median_sigma_km,0.7240120495877979,0.7240120489874969,25,25
by_mission,hy-2c,august,36.0,cross,median_sigma_km,0.12195647770209632,0.12195647859229518,25,25
by_mission,hy-2c,august,48.0,radial,median_sigma_km,0.12488602293954369,0.12488603217891227,25,25
by_mission,hy-2c,august,48.0,in_track,median_sigma_km,1.1978117891464444,1.1978117878989756,25,25
by_mission,hy-2c,august,48.0,cross,median_sigma_km,0.16260863693612843,0.1626086374611633,25,25
by_mission,hy-2c,august,72.0,radial,median_sigma_km,0.18732903440931553,0.18732909574013343,25,25
by_mission,hy-2c,august,72.0,in_track,median_sigma_km,2.4352765483954952,2.435276543186645,25,25
by_mission,hy-2c,august,72.0,cross,median_sigma_km,0.24391295540419264,0.2439129680363722,25,25
by_mission,hy-2c,august,96.0,radial,median_sigma_km,0.24977204587908738,0.24977292092989647,25,25
by_mission,hy-2c,august,96.0,in_track,median_sigma_km,4.028942558567533,4.028942498007052,25,25
by_mission,hy-2c,august,96.0,cross,median_sigma_km,0.32521727387225685,0.3252173426114947,25,25
by_mission,hy-2c,august,120.0,radial,median_sigma_km,0.31221505734885924,0.31221785199250723,25,25
by_mission,hy-2c,august,120.0,in_track,median_sigma_km,5.95365409050161,5.953653941658635,25,25
by_mission,hy-2c,august,120.0,cross,median_sigma_km,0.40652159234032104,0.4065216556378865,25,25
by_mission,hy-2c,august,144.0,radial,median_sigma_km,0.37465806881863106,0.37466126215893036,25,25
by_mission,hy-2c,august,144.0,in_track,median_sigma_km,8.191261278788845,8.191261132758989,25,25
by_mission,hy-2c,august,144.0,cross,median_sigma_km,0.4878259108083853,0.4878259327343149,25,25
by_mission,hy-2c,august,168.0,radial,median_sigma_km,0.43710108028840294,0.43710413730771625,22,22
by_mission,hy-2c,august,168.0,in_track,median_sigma_km,10.72772571022017,10.727725541621115,22,22
by_mission,hy-2c,august,168.0,cross,median_sigma_km,0.5691302292764495,0.5691310951237776,22,22
by_mission,hy-2c,held-out,6.0,radial,median_sigma_km,0.03408126036495773,0.034081260456520636,26,26
by_mission,hy-2c,held-out,6.0,in_track,median_sigma_km,0.09123257694089923,0.09123257687521491,26,26
by_mission,hy-2c,held-out,6.0,cross,median_sigma_km,0.054253924911846135,0.05425392493834687,26,26
by_mission,hy-2c,held-out,12.0,radial,median_sigma_km,0.03408126036495773,0.03408126057057022,26,26
by_mission,hy-2c,held-out,12.0,in_track,median_sigma_km,0.09123257694089923,0.09123257684818363,26,26
by_mission,hy-2c,held-out,12.0,cross,median_sigma_km,0.054253924911846135,0.054253924922340074,26,26
by_mission,hy-2c,held-out,24.0,radial,median_sigma_km,0.06584065504411822,0.06584065770223504,26,26
by_mission,hy-2c,held-out,24.0,in_track,median_sigma_km,0.34049201675511664,0.34049201613217867,26,26
by_mission,hy-2c,held-out,24.0,cross,median_sigma_km,0.10850784982369227,0.10850785013198412,26,26
by_mission,hy-2c,held-out,36.0,radial,median_sigma_km,0.09677893510519257,0.09677894275906893,26,26
by_mission,hy-2c,held-out,36.0,in_track,median_sigma_km,0.7356653921094471,0.7356653908641992,26,26
by_mission,hy-2c,held-out,36.0,cross,median_sigma_km,0.1627617747355384,0.16276177553246332,26,26
by_mission,hy-2c,held-out,48.0,radial,median_sigma_km,0.12719576125464532,0.12719580829140908,26,26
by_mission,hy-2c,held-out,48.0,in_track,median_sigma_km,1.270761139949709,1.270761134995602,26,26
by_mission,hy-2c,held-out,48.0,cross,median_sigma_km,0.21701569964738454,0.2170157003162228,26,26
by_mission,hy-2c,held-out,72.0,radial,median_sigma_km,0.18696457858553114,0.18696474621182607,26,26
by_mission,hy-2c,held-out,72.0,in_track,median_sigma_km,2.745600326279903,2.745600314042306,26,26
by_mission,hy-2c,held-out,72.0,cross,median_sigma_km,0.3255235494710768,0.32552355455743476,26,26
by_mission,hy-2c,held-out,96.0,radial,n,26.0,24.0,26,24
by_mission,hy-2c,held-out,96.0,radial,inside_1_sigma_count,25.0,24.0,26,24
by_mission,hy-2c,held-out,96.0,radial,inside_2_sigma_count,26.0,24.0,26,24
by_mission,hy-2c,held-out,96.0,radial,inside_1_sigma_fraction,0.9615384615384616,1.0,26,24
by_mission,hy-2c,held-out,96.0,radial,median_sigma_km,0.24572601336222644,0.24572689727632996,26,24
by_mission,hy-2c,held-out,96.0,radial,median_abs_km,0.18302000202970514,0.165820245746347,26,24
by_mission,hy-2c,held-out,96.0,radial,quantile_linear_km,0.23915436737538684,0.22057982290755979,26,24
by_mission,hy-2c,held-out,96.0,radial,quantile_inverted_cdf_km,0.24189257667282504,0.22115120917927886,26,24
by_mission,hy-2c,held-out,96.0,in_track,n,26.0,24.0,26,24
by_mission,hy-2c,held-out,96.0,in_track,inside_1_sigma_count,24.0,22.0,26,24
by_mission,hy-2c,held-out,96.0,in_track,inside_2_sigma_count,25.0,23.0,26,24
by_mission,hy-2c,held-out,96.0,in_track,inside_1_sigma_fraction,0.9230769230769231,0.9166666666666666,26,24
by_mission,hy-2c,held-out,96.0,in_track,inside_2_sigma_fraction,0.9615384615384616,0.9583333333333334,26,24
by_mission,hy-2c,held-out,96.0,in_track,median_sigma_km,4.7426482717440015,4.742648216318586,26,24
by_mission,hy-2c,held-out,96.0,in_track,quantile_linear_km,6.073336204051408,6.606076297481951,26,24
by_mission,hy-2c,held-out,96.0,cross,n,26.0,24.0,26,24
by_mission,hy-2c,held-out,96.0,cross,inside_1_sigma_count,26.0,24.0,26,24
by_mission,hy-2c,held-out,96.0,cross,inside_2_sigma_count,26.0,24.0,26,24
by_mission,hy-2c,held-out,96.0,cross,median_sigma_km,0.4340313992947691,0.434031482435009,26,24
by_mission,hy-2c,held-out,96.0,cross,quantile_linear_km,0.30130661683078486,0.26053221136478844,26,24
by_mission,hy-2c,held-out,96.0,cross,quantile_inverted_cdf_km,0.3146976570923454,0.26113349604610336,26,24
by_mission,hy-2c,held-out,120.0,radial,n,26.0,20.0,26,20
by_mission,hy-2c,held-out,120.0,radial,inside_1_sigma_count,26.0,20.0,26,20
by_mission,hy-2c,held-out,120.0,radial,inside_2_sigma_count,26.0,20.0,26,20
by_mission,hy-2c,held-out,120.0,radial,median_sigma_km,0.3037495527304901,0.303752607788622,26,20
by_mission,hy-2c,held-out,120.0,radial,median_abs_km,0.16358624218279155,0.1674886975516095,26,20
by_mission,hy-2c,held-out,120.0,radial,quantile_linear_km,0.2733847281298954,0.27406248081659296,26,20
by_mission,hy-2c,held-out,120.0,in_track,n,26.0,20.0,26,20
by_mission,hy-2c,held-out,120.0,in_track,inside_1_sigma_count,24.0,18.0,26,20
by_mission,hy-2c,held-out,120.0,in_track,inside_2_sigma_count,25.0,19.0,26,20
by_mission,hy-2c,held-out,120.0,in_track,inside_1_sigma_fraction,0.9230769230769231,0.9,26,20
by_mission,hy-2c,held-out,120.0,in_track,inside_2_sigma_fraction,0.9615384615384616,0.95,26,20
by_mission,hy-2c,held-out,120.0,in_track,median_sigma_km,7.246861179081166,7.246861038876014,26,20
by_mission,hy-2c,held-out,120.0,in_track,median_abs_km,1.5714524594356538,1.3754675970510997,26,20
by_mission,hy-2c,held-out,120.0,in_track,quantile_linear_km,8.28828190865204,10.12439691042416,26,20
by_mission,hy-2c,held-out,120.0,cross,n,26.0,20.0,26,20
by_mission,hy-2c,held-out,120.0,cross,inside_1_sigma_count,26.0,20.0,26,20
by_mission,hy-2c,held-out,120.0,cross,inside_2_sigma_count,26.0,20.0,26,20
by_mission,hy-2c,held-out,120.0,cross,median_sigma_km,0.5425392491184613,0.5425394320860447,26,20
by_mission,hy-2c,held-out,120.0,cross,median_abs_km,0.39489288755336294,0.3961785548178743,26,20
by_mission,hy-2c,held-out,120.0,cross,quantile_linear_km,0.5075612554900294,0.5082234413389755,26,20
by_mission,hy-2c,held-out,144.0,radial,n,26.0,16.0,26,16
by_mission,hy-2c,held-out,144.0,radial,inside_1_sigma_count,7.0,5.0,26,16
by_mission,hy-2c,held-out,144.0,radial,inside_2_sigma_count,26.0,16.0,26,16
by_mission,hy-2c,held-out,144.0,radial,inside_1_sigma_fraction,0.2692307692307692,0.3125,26,16
by_mission,hy-2c,held-out,144.0,radial,median_sigma_km,0.36119175735577747,0.36119473639571315,26,16
by_mission,hy-2c,held-out,144.0,radial,median_abs_km,0.4146384992949554,0.41186418976163786,26,16
by_mission,hy-2c,held-out,144.0,radial,quantile_linear_km,0.6023813802283071,0.6072947416318737,26,16
by_mission,hy-2c,held-out,144.0,radial,quantile_inverted_cdf_km,0.6060318902333481,0.6110832958274501,26,16
by_mission,hy-2c,held-out,144.0,in_track,n,26.0,16.0,26,16
by_mission,hy-2c,held-out,144.0,in_track,inside_1_sigma_count,24.0,15.0,26,16
by_mission,hy-2c,held-out,144.0,in_track,inside_2_sigma_count,25.0,16.0,26,16
by_mission,hy-2c,held-out,144.0,in_track,inside_1_sigma_fraction,0.9230769230769231,0.9375,26,16
by_mission,hy-2c,held-out,144.0,in_track,inside_2_sigma_fraction,0.9615384615384616,1.0,26,16
by_mission,hy-2c,held-out,144.0,in_track,median_sigma_km,10.246942743973491,10.246942636443126,26,16
by_mission,hy-2c,held-out,144.0,in_track,median_abs_km,1.6523135681402161,1.049921774943272,26,16
by_mission,hy-2c,held-out,144.0,in_track,quantile_linear_km,11.468232444856305,4.658422544907424,26,16
by_mission,hy-2c,held-out,144.0,cross,n,26.0,16.0,26,16
by_mission,hy-2c,held-out,144.0,cross,inside_1_sigma_count,11.0,7.0,26,16
by_mission,hy-2c,held-out,144.0,cross,inside_2_sigma_count,26.0,16.0,26,16
by_mission,hy-2c,held-out,144.0,cross,inside_1_sigma_fraction,0.4230769230769231,0.4375,26,16
by_mission,hy-2c,held-out,144.0,cross,median_sigma_km,0.6510470989421536,0.6510471335418422,26,16
by_mission,hy-2c,held-out,144.0,cross,quantile_linear_km,0.8072737351423354,0.7876912191879799,26,16
by_mission,hy-2c,held-out,144.0,cross,quantile_inverted_cdf_km,0.8098506969190296,0.799542849812253,26,16
by_mission,hy-2c,held-out,168.0,radial,n,26.0,12.0,26,12
by_mission,hy-2c,held-out,168.0,radial,inside_1_sigma_count,26.0,12.0,26,12
by_mission,hy-2c,held-out,168.0,radial,inside_2_sigma_count,26.0,12.0,26,12
by_mission,hy-2c,held-out,168.0,radial,median_sigma_km,0.41815498735667556,0.41816408167043395,26,12
by_mission,hy-2c,held-out,168.0,radial,median_abs_km,0.2197523341747265,0.21199730009455364,26,12
by_mission,hy-2c,held-out,168.0,radial,quantile_linear_km,0.3789529636890016,0.3880396462901952,26,12
by_mission,hy-2c,held-out,168.0,radial,quantile_inverted_cdf_km,0.3811402561635054,0.39647223422281613,26,12
by_mission,hy-2c,held-out,168.0,in_track,n,26.0,12.0,26,12
by_mission,hy-2c,held-out,168.0,in_track,inside_1_sigma_count,22.0,11.0,26,12
by_mission,hy-2c,held-out,168.0,in_track,inside_2_sigma_count,25.0,12.0,26,12
by_mission,hy-2c,held-out,168.0,in_track,inside_1_sigma_fraction,0.8461538461538461,0.9166666666666666,26,12
by_mission,hy-2c,held-out,168.0,in_track,inside_2_sigma_fraction,0.9615384615384616,1.0,26,12
by_mission,hy-2c,held-out,168.0,in_track,median_sigma_km,13.733878779939568,13.733878426229742,26,12
by_mission,hy-2c,held-out,168.0,in_track,median_abs_km,3.6483820790384223,1.467866134742356,26,12
by_mission,hy-2c,held-out,168.0,in_track,quantile_linear_km,15.186102142117573,8.937645344527601,26,12
by_mission,hy-2c,held-out,168.0,cross,n,26.0,12.0,26,12
by_mission,hy-2c,held-out,168.0,cross,inside_1_sigma_count,26.0,12.0,26,12
by_mission,hy-2c,held-out,168.0,cross,inside_2_sigma_count,26.0,12.0,26,12
by_mission,hy-2c,held-out,168.0,cross,median_sigma_km,0.759554948765846,0.7595560987155309,26,12
by_mission,hy-2c,held-out,168.0,cross,median_abs_km,0.3389424279979002,0.3212126864693377,26,12
by_mission,hy-2c,held-out,168.0,cross,quantile_linear_km,0.5862231017659333,0.5559232970954038,26,12
by_mission,hy-2c,held-out,168.0,cross,quantile_inverted_cdf_km,0.5872571325035447,0.5918430842262622,26,12
by_mission,hy-2c,quiet,6.0,radial,median_sigma_km,0.032529806855592674,0.03252980904415559,30,30
by_mission,hy-2c,quiet,6.0,in_track,median_sigma_km,0.24545912394556849,0.2454591236005363,30,30
by_mission,hy-2c,quiet,6.0,cross,median_sigma_km,0.05132963178420971,0.051329632111470326,30,30
by_mission,hy-2c,quiet,12.0,radial,median_sigma_km,0.032529806855592674,0.03252980876002182,30,30
by_mission,hy-2c,quiet,12.0,in_track,median_sigma_km,0.24545912394556849,0.2454591236089853,30,30
by_mission,hy-2c,quiet,12.0,cross,median_sigma_km,0.05132963178420971,0.0513296320102941,30,30
by_mission,hy-2c,quiet,24.0,radial,median_sigma_km,0.06505961371118535,0.06505962091603032,30,30
by_mission,hy-2c,quiet,24.0,in_track,median_sigma_km,0.6257050699946006,0.6257050690697178,30,30
by_mission,hy-2c,quiet,24.0,cross,median_sigma_km,0.10265926356841942,0.10265926438493246,30,30
by_mission,hy-2c,quiet,36.0,radial,median_sigma_km,0.09758942056677802,0.09758943209517323,30,30
by_mission,hy-2c,quiet,36.0,in_track,median_sigma_km,1.0816652403424873,1.081665239157029,30,30
by_mission,hy-2c,quiet,36.0,cross,median_sigma_km,0.15398889535262913,0.15398889597123527,30,30
by_mission,hy-2c,quiet,48.0,radial,median_sigma_km,0.1301192274223707,0.13011925391675816,30,30
by_mission,hy-2c,quiet,48.0,in_track,median_sigma_km,1.594998093058322,1.5949980907118402,30,30
by_mission,hy-2c,quiet,48.0,cross,median_sigma_km,0.20531852713683885,0.20531852748685428,30,30
by_mission,hy-2c,quiet,72.0,radial,median_sigma_km,0.19517884113355605,0.19517897347440757,30,30
by_mission,hy-2c,quiet,72.0,in_track,median_sigma_km,2.7572958545607222,2.7572958446457045,30,30
by_mission,hy-2c,quiet,72.0,cross,median_sigma_km,0.30797779070525827,0.3079777979344179,30,30
by_mission,hy-2c,quiet,96.0,radial,median_sigma_km,0.2602384548447414,0.2602388267515174,30,30
by_mission,hy-2c,quiet,96.0,in_track,median_sigma_km,4.065843540122883,4.065843510260139,30,30
by_mission,hy-2c,quiet,96.0,cross,median_sigma_km,0.4106370542736777,0.41063711115027524,30,30
by_mission,hy-2c,quiet,120.0,radial,median_sigma_km,0.32529806855592674,0.32529850181038816,30,30
by_mission,hy-2c,quiet,120.0,in_track,median_sigma_km,5.495145294314104,5.495145255825768,30,30
by_mission,hy-2c,quiet,120.0,cross,median_sigma_km,0.5132963178420971,0.5132964058718892,30,30
by_mission,hy-2c,quiet,144.0,radial,median_sigma_km,0.3903576822671121,0.39035785875230355,30,30
by_mission,hy-2c,quiet,144.0,in_track,median_sigma_km,7.028681468187431,7.028681456121388,30,30
by_mission,hy-2c,quiet,144.0,cross,median_sigma_km,0.6159555814105165,0.6159555956251337,30,30
by_mission,hy-2c,quiet,168.0,radial,median_sigma_km,0.45541729597829744,0.4554191530524989,30,30
by_mission,hy-2c,quiet,168.0,in_track,median_sigma_km,8.654700191682144,8.654700049141567,30,30
by_mission,hy-2c,quiet,168.0,cross,median_sigma_km,0.718614844978936,0.7186153973218832,30,30
by_mission,hy-2c,storm,6.0,radial,median_sigma_km,0.03145217460041275,0.03145217543962888,34,34
by_mission,hy-2c,storm,6.0,in_track,median_sigma_km,0.16877718401283634,0.1687771838213382,34,34
by_mission,hy-2c,storm,6.0,cross,median_sigma_km,0.05308147520298608,0.053081475307020655,34,34
by_mission,hy-2c,storm,12.0,radial,median_sigma_km,0.03145217460041275,0.03145217564149163,34,34
by_mission,hy-2c,storm,12.0,in_track,median_sigma_km,0.16877718401283634,0.1687771837902393,34,34
by_mission,hy-2c,storm,12.0,cross,median_sigma_km,0.05308147520298608,0.05308147531027098,34,34
by_mission,hy-2c,storm,24.0,radial,median_sigma_km,0.0629043492008255,0.06290435371324554,34,34
by_mission,hy-2c,storm,24.0,in_track,median_sigma_km,0.47737396530018533,0.4773739646287968,34,34
by_mission,hy-2c,storm,24.0,cross,median_sigma_km,0.10616295040597216,0.1061629508424643,34,34
by_mission,hy-2c,storm,36.0,radial,median_sigma_km,0.09435652380123824,0.09435652879417383,34,34
by_mission,hy-2c,storm,36.0,in_track,median_sigma_km,0.8769919736059026,0.8769919724003135,34,34
by_mission,hy-2c,storm,36.0,cross,median_sigma_km,0.15924442560895824,0.15924442700017272,34,34
by_mission,hy-2c,storm,48.0,radial,median_sigma_km,0.125808698401651,0.12580870630932225,34,34
by_mission,hy-2c,storm,48.0,in_track,median_sigma_km,1.3502174721026907,1.3502174706539938,34,34
by_mission,hy-2c,storm,48.0,cross,median_sigma_km,0.21232590081194433,0.2123259030938106,34,34
by_mission,hy-2c,storm,72.0,radial,median_sigma_km,0.18871304760247648,0.18871309639886982,29,29
by_mission,hy-2c,storm,72.0,in_track,median_sigma_km,2.4805078863316297,2.4805078818828403,29,29
by_mission,hy-2c,storm,72.0,cross,median_sigma_km,0.3184888512179165,0.3184888549936292,29,29
by_mission,hy-2c,storm,96.0,radial,median_sigma_km,0.251617396803302,0.2516178190179536,25,25
by_mission,hy-2c,storm,96.0,in_track,median_sigma_km,3.8189917224014827,3.818991685239385,25,25
by_mission,hy-2c,storm,96.0,cross,median_sigma_km,0.42465180162388866,0.42465187562406026,25,25
by_mission,hy-2c,storm,120.0,radial,median_sigma_km,0.31452174600412747,0.3145236161313685,20,20
by_mission,hy-2c,storm,120.0,in_track,median_sigma_km,5.3372031854992015,5.337203065197405,20,20
by_mission,hy-2c,storm,120.0,cross,median_sigma_km,0.5308147520298608,0.5308148751815287,20,20
by_mission,hy-2c,storm,144.0,radial,median_sigma_km,0.37742609520495296,0.37742752183131134,15,15
by_mission,hy-2c,storm,144.0,in_track,median_sigma_km,7.015935788847221,7.015935709592247,15,15
by_mission,hy-2c,storm,144.0,cross,median_sigma_km,0.636977702435833,0.6369777143098304,15,15
by_mission,hy-2c,storm,168.0,radial,median_sigma_km,0.44033044440577845,0.44033108708023666,10,10
by_mission,hy-2c,storm,168.0,in_track,median_sigma_km,8.841089561927475,8.84108947588259,10,10
by_mission,hy-2c,storm,168.0,cross,median_sigma_km,0.7431406528418052,0.743141267984296,10,10
by_mission,hy-2d,august,6.0,radial,median_sigma_km,0.031366938442678786,0.03136693842806935,23,23
by_mission,hy-2d,august,6.0,in_track,median_sigma_km,0.022858585647057186,0.02285858570984456,23,23
by_mission,hy-2d,august,6.0,cross,median_sigma_km,0.045449780517838406,0.04544978050379354,23,23
by_mission,hy-2d,august,12.0,radial,median_sigma_km,0.031366938442678786,0.03136693842260625,23,23
by_mission,hy-2d,august,12.0,in_track,median_sigma_km,0.022858585647057186,0.022858585715944717,23,23
by_mission,hy-2d,august,12.0,cross,median_sigma_km,0.045449780517838406,0.04544978050483516,23,23
by_mission,hy-2d,august,24.0,radial,median_sigma_km,0.06273387688535757,0.06273387738063765,23,23
by_mission,hy-2d,august,24.0,in_track,median_sigma_km,0.11653861304777717,0.11653861276968545,23,23
by_mission,hy-2d,august,24.0,cross,median_sigma_km,0.09089956103567681,0.09089956103850425,23,23
by_mission,hy-2d,august,36.0,radial,median_sigma_km,0.09410081532803635,0.09410081706620024,22,22
by_mission,hy-2d,august,36.0,in_track,median_sigma_km,0.30219293306811096,0.3021929324407995,22,22
by_mission,hy-2d,august,36.0,cross,median_sigma_km,0.13634934155351522,0.13634934167776527,22,22
by_mission,hy-2d,august,48.0,radial,median_sigma_km,0.12546775377071515,0.1254677623759783,20,20
by_mission,hy-2d,august,48.0,in_track,median_sigma_km,0.5941421110123665,0.5941421091166141,20,20
by_mission,hy-2d,august,48.0,cross,median_sigma_km,0.18179912207135362,0.18179912231502737,20,20
by_mission,hy-2d,august,72.0,radial,median_sigma_km,0.1882016306560727,0.18820164110204043,15,15
by_mission,hy-2d,august,72.0,in_track,median_sigma_km,1.5406528573709573,1.5406528559132804,15,15
by_mission,hy-2d,august,72.0,cross,median_sigma_km,0.27269868310703044,0.27269868474123715,15,15
by_mission,hy-2d,august,96.0,radial,median_sigma_km,0.2509355075414303,0.25093570951198396,11,11
by_mission,hy-2d,august,96.0,in_track,median_sigma_km,3.02908056691485,3.0290805459330032,11,11
by_mission,hy-2d,august,96.0,cross,median_sigma_km,0.36359824414270725,0.363598270973219,11,11
by_mission,hy-2d,august,120.0,radial,median_sigma_km,0.3136693844267879,0.3136711297749067,7,7
by_mission,hy-2d,august,120.0,in_track,median_sigma_km,5.1173998885841785,5.11739977824087,7,7
by_mission,hy-2d,august,120.0,cross,median_sigma_km,0.45449780517838406,0.45449784812281835,7,7
by_mission,hy-2d,august,144.0,radial,median_sigma_km,0.3764032613121454,0.37640523438794515,4,4
by_mission,hy-2d,august,144.0,in_track,median_sigma_km,7.854621889487764,7.854621793862468,4,4
by_mission,hy-2d,august,144.0,cross,median_sigma_km,0.5453973662140609,0.545397392061611,4,4
by_mission,hy-2d,held-out,6.0,radial,median_sigma_km,0.030789076429606717,0.03078907646656958,17,17
by_mission,hy-2d,held-out,6.0,in_track,median_sigma_km,0.043017100322469956,0.04301710029705513,17,17
by_mission,hy-2d,held-out,6.0,cross,median_sigma_km,0.050397068651728605,0.05039706864758636,17,17
by_mission,hy-2d,held-out,12.0,radial,n,15.0,17.0,15,17
by_mission,hy-2d,held-out,12.0,radial,inside_1_sigma_fraction,0.3333333333333333,0.29411764705882354,15,17
by_mission,hy-2d,held-out,12.0,radial,inside_2_sigma_fraction,0.3333333333333333,0.29411764705882354,15,17
by_mission,hy-2d,held-out,12.0,radial,median_sigma_km,0.030789076429606717,0.030789076478487637,15,17
by_mission,hy-2d,held-out,12.0,radial,median_abs_km,0.13571976217962495,0.1445406548148537,15,17
by_mission,hy-2d,held-out,12.0,radial,quantile_linear_km,0.22422896673015105,0.22418738080853062,15,17
by_mission,hy-2d,held-out,12.0,in_track,n,15.0,17.0,15,17
by_mission,hy-2d,held-out,12.0,in_track,inside_2_sigma_fraction,0.13333333333333333,0.11764705882352941,15,17
by_mission,hy-2d,held-out,12.0,in_track,median_sigma_km,0.043017100322469956,0.04301710030184819,15,17
by_mission,hy-2d,held-out,12.0,in_track,median_abs_km,0.40394456461481953,0.37349485572028834,15,17
by_mission,hy-2d,held-out,12.0,in_track,quantile_linear_km,1.0770418955322374,1.0393464343124714,15,17
by_mission,hy-2d,held-out,12.0,cross,n,15.0,17.0,15,17
by_mission,hy-2d,held-out,12.0,cross,inside_1_sigma_fraction,0.26666666666666666,0.23529411764705882,15,17
by_mission,hy-2d,held-out,12.0,cross,inside_2_sigma_fraction,0.4666666666666667,0.4117647058823529,15,17
by_mission,hy-2d,held-out,12.0,cross,median_sigma_km,0.050397068651728605,0.05039706864115305,15,17
by_mission,hy-2d,held-out,12.0,cross,median_abs_km,0.13416899310775038,0.14789897553249554,15,17
by_mission,hy-2d,held-out,12.0,cross,quantile_linear_km,0.21723742025249682,0.21572314755553176,15,17
by_mission,hy-2d,held-out,24.0,radial,median_sigma_km,0.061578152859213434,0.06157815299047882,14,14
by_mission,hy-2d,held-out,24.0,in_track,median_sigma_km,0.09882734475432732,0.09882734470624709,14,14
by_mission,hy-2d,held-out,24.0,cross,median_sigma_km,0.10079413730345721,0.10079413726936381,14,14
by_mission,hy-2d,held-out,36.0,radial,n,12.0,13.0,12,13
by_mission,hy-2d,held-out,36.0,radial,inside_1_sigma_count,9.0,10.0,12,13
by_mission,hy-2d,held-out,36.0,radial,inside_2_sigma_count,12.0,13.0,12,13
by_mission,hy-2d,held-out,36.0,radial,inside_1_sigma_fraction,0.75,0.7692307692307693,12,13
by_mission,hy-2d,held-out,36.0,radial,median_sigma_km,0.09236722928882016,0.09236722982995184,12,13
by_mission,hy-2d,held-out,36.0,radial,median_abs_km,0.04537759442025591,0.04005671538955813,12,13
by_mission,hy-2d,held-out,36.0,radial,quantile_linear_km,0.12036718297077996,0.11980564932840662,12,13
by_mission,hy-2d,held-out,36.0,in_track,n,12.0,13.0,12,13
by_mission,hy-2d,held-out,36.0,in_track,inside_1_sigma_fraction,0.3333333333333333,0.3076923076923077,12,13
by_mission,hy-2d,held-out,36.0,in_track,inside_2_sigma_fraction,0.3333333333333333,0.3076923076923077,12,13
by_mission,hy-2d,held-out,36.0,in_track,median_sigma_km,0.1607631984127364,0.1607631981297909,12,13
by_mission,hy-2d,held-out,36.0,in_track,median_abs_km,0.5186837286644446,0.5259102632230581,12,13
by_mission,hy-2d,held-out,36.0,in_track,quantile_linear_km,1.8542608755022396,2.264624827532643,12,13
by_mission,hy-2d,held-out,36.0,cross,n,12.0,13.0,12,13
by_mission,hy-2d,held-out,36.0,cross,inside_1_sigma_fraction,0.3333333333333333,0.3076923076923077,12,13
by_mission,hy-2d,held-out,36.0,cross,inside_2_sigma_fraction,0.6666666666666666,0.6153846153846154,12,13
by_mission,hy-2d,held-out,36.0,cross,median_sigma_km,0.15119120595518581,0.15119120589492419,12,13
by_mission,hy-2d,held-out,36.0,cross,median_abs_km,0.2599148608303425,0.2695943281981096,12,13
by_mission,hy-2d,held-out,36.0,cross,quantile_linear_km,0.39446348951476057,0.39295493515390095,12,13
by_mission,hy-2d,held-out,48.0,radial,median_sigma_km,0.12315630571842687,0.12315630605034,11,11
by_mission,hy-2d,held-out,48.0,in_track,median_sigma_km,0.22704561669604129,0.22704561657538216,11,11
by_mission,hy-2d,held-out,48.0,cross,median_sigma_km,0.20158827460691442,0.20158827450971736,11,11
by_mission,hy-2d,held-out,72.0,radial,median_sigma_km,0.18473445857764031,0.1847344595750679,7,7
by_mission,hy-2d,held-out,72.0,in_track,median_sigma_km,0.3693368431215445,0.369336842698577,7,7
by_mission,hy-2d,held-out,72.0,cross,median_sigma_km,0.30238241191037163,0.3023824119448307,7,7
by_mission,hy-2d,held-out,96.0,radial,median_sigma_km,0.24631261143685373,0.24631261275732197,2,2
by_mission,hy-2d,held-out,96.0,in_track,median_sigma_km,0.52161385281606,0.5216138516866987,2,2
by_mission,hy-2d,held-out,96.0,cross,median_sigma_km,0.40317654921382884,0.40317654986823837,2,2
by_mission,hy-2d,held-out,120.0,radial,median_sigma_km,0.30789076429606715,0.3078907671749791,2,2
by_mission,hy-2d,held-out,120.0,in_track,median_sigma_km,0.681775094604994,0.6817750939339566,2,2
by_mission,hy-2d,held-out,120.0,cross,median_sigma_km,0.503970686517286,0.5039706856662567,2,2
by_mission,hy-2d,held-out,144.0,radial,median_sigma_km,0.36946891715528063,0.3694689447931393,2,2
by_mission,hy-2d,held-out,144.0,in_track,median_sigma_km,0.8485132482670323,0.8485132366305812,2,2
by_mission,hy-2d,held-out,144.0,cross,median_sigma_km,0.6047648238207433,0.6047648232624313,2,2
by_mission,hy-2d,held-out,168.0,radial,median_sigma_km,0.43104707001449405,0.4310472250480294,2,2
by_mission,hy-2d,held-out,168.0,in_track,median_sigma_km,1.0209272011406187,1.0209271331065504,2,2
by_mission,hy-2d,held-out,168.0,cross,median_sigma_km,0.7055589611242005,0.705558964853247,2,2
by_mission,hy-2d,quiet,6.0,radial,median_sigma_km,0.03189296329545869,0.03189296681779402,27,27
by_mission,hy-2d,quiet,6.0,in_track,median_sigma_km,0.23654633673331094,0.2365463362012189,27,27
by_mission,hy-2d,quiet,6.0,cross,median_sigma_km,0.043817921107786935,0.043817921479984895,27,27
by_mission,hy-2d,quiet,12.0,radial,median_sigma_km,0.03189296329545869,0.0318929661065846,27,27
by_mission,hy-2d,quiet,12.0,in_track,median_sigma_km,0.23654633673331094,0.2365463362704568,27,27
by_mission,hy-2d,quiet,12.0,cross,median_sigma_km,0.043817921107786935,0.04381792143258973,27,27
by_mission,hy-2d,quiet,24.0,radial,median_sigma_km,0.06378592659091738,0.06378593150450021,27,27
by_mission,hy-2d,quiet,24.0,in_track,median_sigma_km,0.524929187937525,0.52492918707421,27,27
by_mission,hy-2d,quiet,24.0,cross,median_sigma_km,0.08763584221557387,0.0876358434801378,27,27
by_mission,hy-2d,quiet,36.0,radial,median_sigma_km,0.09567888988637607,0.09567890471177973,27,27
by_mission,hy-2d,quiet,36.0,in_track,median_sigma_km,0.836769168160906,0.8367691662213379,27,27
by_mission,hy-2d,quiet,36.0,cross,median_sigma_km,0.1314537633233608,0.1314537652677443,27,27
by_mission,hy-2d,quiet,48.0,radial,median_sigma_km,0.12757185318183475,0.12757185939951293,27,27
by_mission,hy-2d,quiet,48.0,in_track,median_sigma_km,1.1648908038656842,1.1648908026546492,27,27
by_mission,hy-2d,quiet,48.0,cross,median_sigma_km,0.17527168443114774,0.17527168650346917,27,27
by_mission,hy-2d,quiet,72.0,radial,median_sigma_km,0.19135777977275215,0.1913577868694192,27,27
by_mission,hy-2d,quiet,72.0,in_track,median_sigma_km,1.8569070483178922,1.8569070457708488,27,27
by_mission,hy-2d,quiet,72.0,cross,median_sigma_km,0.2629075266467216,0.2629075305524571,27,27
by_mission,hy-2d,quiet,96.0,radial,median_sigma_km,0.2551437063636695,0.2551437948294257,27,27
by_mission,hy-2d,quiet,96.0,in_track,median_sigma_km,2.5850545485238694,2.5850545354146517,27,27
by_mission,hy-2d,quiet,96.0,cross,median_sigma_km,0.3505433688622955,0.3505434040907664,27,27
by_mission,hy-2d,quiet,120.0,radial,median_sigma_km,0.3189296329545869,0.3189298087260501,27,27
by_mission,hy-2d,quiet,120.0,in_track,median_sigma_km,3.3413058167877816,3.3413057998017552,27,27
by_mission,hy-2d,quiet,120.0,cross,median_sigma_km,0.43817921107786933,0.43817922839763984,27,27
by_mission,hy-2d,quiet,144.0,radial,median_sigma_km,0.3827155595455043,0.3827156405859785,27,27
by_mission,hy-2d,quiet,144.0,in_track,median_sigma_km,4.120734746562287,4.1207347345094085,27,27
by_mission,hy-2d,quiet,144.0,cross,median_sigma_km,0.5258150532934432,0.5258150783472162,27,27
by_mission,hy-2d,quiet,168.0,radial,median_sigma_km,0.44650148613642165,0.4465020744450467,27,27
by_mission,hy-2d,quiet,168.0,in_track,median_sigma_km,4.91998147772434,4.919981403745309,27,27
by_mission,hy-2d,quiet,168.0,cross,median_sigma_km,0.6134508955090171,0.6134510857349997,27,27
by_mission,hy-2d,storm,6.0,radial,median_sigma_km,0.032334584013789164,0.03233458409213881,24,24
by_mission,hy-2d,storm,6.0,in_track,median_sigma_km,0.07365726674565626,0.07365726670145753,24,24
by_mission,hy-2d,storm,6.0,cross,median_sigma_km,0.04637206712416141,0.04637206713486115,24,24
by_mission,hy-2d,storm,12.0,radial,median_sigma_km,0.032334584013789164,0.03233458416501551,22,22
by_mission,hy-2d,storm,12.0,in_track,median_sigma_km,0.07365726674565626,0.07365726664472755,22,22
by_mission,hy-2d,storm,12.0,cross,median_sigma_km,0.04637206712416141,0.04637206715193081,22,22
by_mission,hy-2d,storm,24.0,radial,median_sigma_km,0.06466916802757833,0.06466917007860137,20,20
by_mission,hy-2d,storm,24.0,in_track,median_sigma_km,0.24775252625523594,0.24775252564126854,20,20
by_mission,hy-2d,storm,24.0,cross,median_sigma_km,0.09274413424832283,0.09274413441978788,20,20
by_mission,hy-2d,storm,36.0,radial,median_sigma_km,0.09700375204136749,0.09700375392568912,19,19
by_mission,hy-2d,storm,36.0,in_track,median_sigma_km,0.5037067780281718,0.503706777621825,19,19
by_mission,hy-2d,storm,36.0,cross,median_sigma_km,0.13911620137248423,0.13911620146828454,19,19
by_mission,hy-2d,storm,48.0,radial,median_sigma_km,0.12933833605515666,0.12933834993906146,19,19
by_mission,hy-2d,storm,48.0,in_track,median_sigma_km,0.8333368447923187,0.8333368425284114,19,19
by_mission,hy-2d,storm,48.0,cross,median_sigma_km,0.18548826849664565,0.18548826887651315,19,19
by_mission,hy-2d,storm,72.0,radial,median_sigma_km,0.19400750408273498,0.1940075778466658,19,19
by_mission,hy-2d,storm,72.0,in_track,median_sigma_km,1.6942608959315524,1.6942608844943607,19,19
by_mission,hy-2d,storm,72.0,cross,median_sigma_km,0.27823240274496847,0.27823241075819993,19,19
by_mission,hy-2d,storm,96.0,radial,median_sigma_km,0.2586766721103133,0.25867724812842396,19,19
by_mission,hy-2d,storm,96.0,in_track,median_sigma_km,2.802999861938808,2.802999805660282,19,19
by_mission,hy-2d,storm,96.0,cross,median_sigma_km,0.3709765369932913,0.3709765679464525,19,19
by_mission,hy-2d,storm,120.0,radial,median_sigma_km,0.32334584013789164,0.3233482209696444,19,19
by_mission,hy-2d,storm,120.0,in_track,median_sigma_km,4.142052499165136,4.142052307836761,19,19
by_mission,hy-2d,storm,120.0,cross,median_sigma_km,0.46372067124161415,0.4637207052872823,19,19
by_mission,hy-2d,storm,144.0,radial,median_sigma_km,0.38801500816546997,0.38802268331012413,19,19
by_mission,hy-2d,storm,144.0,in_track,median_sigma_km,5.698791655573557,5.698791124833089,19,19
by_mission,hy-2d,storm,144.0,cross,median_sigma_km,0.5564648054899369,0.5564648784527243,19,19
by_mission,hy-2d,storm,168.0,radial,median_sigma_km,0.4526841761930483,0.452700030954418,19,19
by_mission,hy-2d,storm,168.0,in_track,median_sigma_km,7.46345058226784,7.463449580196923,19,19
by_mission,hy-2d,storm,168.0,cross,median_sigma_km,0.6492089397382598,0.6492094042741988,19,19
by_mission,jason-3,august,6.0,radial,median_sigma_km,0.022978726923658422,0.022978726949021696,17,17
by_mission,jason-3,august,6.0,in_track,median_sigma_km,0.030251698204784037,0.03025169818536489,17,17
by_mission,jason-3,august,12.0,radial,median_sigma_km,0.022978726923658422,0.022978726941346547,17,17
by_mission,jason-3,august,12.0,in_track,median_sigma_km,0.030251698204784037,0.03025169819300209,17,17
by_mission,jason-3,august,24.0,radial,median_sigma_km,0.045957453847316844,0.04595745385968698,17,17
by_mission,jason-3,august,24.0,in_track,median_sigma_km,0.05267126582567819,0.052671265819392514,17,17
by_mission,jason-3,august,24.0,cross,median_sigma_km,0.05609069129378935,0.056090691289801715,17,17
by_mission,jason-3,august,36.0,radial,median_sigma_km,0.06893618077097527,0.06893618079345588,17,17
by_mission,jason-3,august,36.0,in_track,median_sigma_km,0.07285288638842252,0.07285288637519227,17,17
by_mission,jason-3,august,36.0,cross,median_sigma_km,0.08413603694068403,0.08413603693391894,17,17
by_mission,jason-3,august,48.0,radial,median_sigma_km,0.09191490769463369,0.09191490769988295,17,17
by_mission,jason-3,august,48.0,in_track,median_sigma_km,0.09170600026812807,0.09170600027472744,17,17
by_mission,jason-3,august,48.0,cross,median_sigma_km,0.1121813825875787,0.11218138257367638,17,17
by_mission,jason-3,august,72.0,radial,median_sigma_km,0.13787236154195054,0.13787236153655175,17,17
by_mission,jason-3,august,72.0,in_track,median_sigma_km,0.12684424256637955,0.12684424263198096,17,17
by_mission,jason-3,august,72.0,cross,median_sigma_km,0.16827207388136806,0.16827207384610077,17,17
by_mission,jason-3,august,96.0,radial,median_sigma_km,0.18382981538926738,0.18382981539253423,17,17
by_mission,jason-3,august,96.0,in_track,median_sigma_km,0.15966942038210682,0.15966942054606104,17,17
by_mission,jason-3,august,96.0,cross,median_sigma_km,0.2243627651751574,0.2243627650759848,17,17
by_mission,jason-3,august,120.0,radial,median_sigma_km,0.2297872692365842,0.2297872692781198,17,17
by_mission,jason-3,august,120.0,in_track,median_sigma_km,0.19087531165306768,0.1908753118123648,17,17
by_mission,jason-3,august,120.0,cross,median_sigma_km,0.28045345646894676,0.280453456338713,17,17
by_mission,jason-3,august,144.0,radial,median_sigma_km,0.2757447230839011,0.2757447229982466,17,17
by_mission,jason-3,august,144.0,in_track,median_sigma_km,0.22084865363406384,0.2208486541828998,17,17
by_mission,jason-3,august,144.0,cross,median_sigma_km,0.3365441477627361,0.3365441474741447,17,17
by_mission,jason-3,august,168.0,radial,median_sigma_km,0.3217021769312179,0.32170217681872926,17,17
by_mission,jason-3,august,168.0,in_track,median_sigma_km,0.24983437182268134,0.24983437282939944,17,17
by_mission,jason-3,august,168.0,cross,median_sigma_km,0.39263483905652546,0.39263483858078946,17,17
by_mission,jason-3,held-out,6.0,radial,median_sigma_km,0.02199937956230631,0.021999379812452542,17,17
by_mission,jason-3,held-out,6.0,in_track,median_sigma_km,0.2151386336318423,0.21513863360485236,17,17
by_mission,jason-3,held-out,6.0,cross,median_sigma_km,0.042444988386230065,0.04244498838790311,17,17
by_mission,jason-3,held-out,12.0,radial,median_sigma_km,0.02199937956230631,0.021999385075696612,17,17
by_mission,jason-3,held-out,12.0,in_track,median_sigma_km,0.2151386336318423,0.21513863301464778,17,17
by_mission,jason-3,held-out,12.0,cross,median_sigma_km,0.042444988386230065,0.042444988568420876,17,17
by_mission,jason-3,held-out,24.0,radial,median_sigma_km,0.04399875912461262,0.04399876492580364,17,17
by_mission,jason-3,held-out,24.0,in_track,median_sigma_km,0.4302772672636846,0.4302772666231655,17,17
by_mission,jason-3,held-out,24.0,cross,median_sigma_km,0.08488997677246013,0.08488997701224779,17,17
by_mission,jason-3,held-out,36.0,radial,median_sigma_km,0.06599813868691892,0.06599815963578419,17,17
by_mission,jason-3,held-out,36.0,in_track,median_sigma_km,0.6454159008955269,0.6454158986459713,17,17
by_mission,jason-3,held-out,36.0,cross,median_sigma_km,0.1273349651586902,0.12733496550983625,17,17
by_mission,jason-3,held-out,48.0,radial,median_sigma_km,0.08799751824922523,0.08799752734215587,17,17
by_mission,jason-3,held-out,48.0,in_track,median_sigma_km,0.8605545345273692,0.8605545336032075,17,17
by_mission,jason-3,held-out,48.0,cross,median_sigma_km,0.16977995354492026,0.16977995357926964,17,17
by_mission,jason-3,held-out,72.0,radial,median_sigma_km,0.13199627737383784,0.13199628525291776,17,17
by_mission,jason-3,held-out,72.0,in_track,median_sigma_km,1.2908318017910538,1.2908318004089316,17,17
by_mission,jason-3,held-out,72.0,cross,median_sigma_km,0.2546699303173804,0.25466993153437884,17,17
by_mission,jason-3,held-out,96.0,radial,median_sigma_km,0.17599503649845047,0.17599511016696257,17,17
by_mission,jason-3,held-out,96.0,in_track,median_sigma_km,1.7211090690547384,1.721109059963281,17,17
by_mission,jason-3,held-out,96.0,cross,median_sigma_km,0.3395599070898405,0.33955991360011195,17,17
by_mission,jason-3,held-out,120.0,radial,median_sigma_km,0.2199937956230631,0.21999380979287853,17,17
by_mission,jason-3,held-out,120.0,in_track,median_sigma_km,2.151386336318423,2.1513863349094873,17,17
by_mission,jason-3,held-out,120.0,cross,median_sigma_km,0.42444988386230065,0.424449883768269,17,17
by_mission,jason-3,held-out,144.0,radial,median_sigma_km,0.2639925547476757,0.2639926530318226,17,17
by_mission,jason-3,held-out,144.0,in_track,median_sigma_km,2.5816636035821077,2.581663589808448,17,17
by_mission,jason-3,held-out,144.0,cross,median_sigma_km,0.5093398606347608,0.5093398807896403,17,17
by_mission,jason-3,held-out,168.0,radial,median_sigma_km,0.30799131387228834,0.3079915048716084,17,17
by_mission,jason-3,held-out,168.0,in_track,median_sigma_km,3.011940870845792,3.0119408439627557,17,17
by_mission,jason-3,held-out,168.0,cross,median_sigma_km,0.5942298374072209,0.5942298659218246,17,17
by_mission,jason-3,quiet,6.0,radial,median_sigma_km,0.02385333737786684,0.023853337619037563,19,19
by_mission,jason-3,quiet,6.0,in_track,median_sigma_km,0.1099547871918341,0.10995478713956819,19,19
by_mission,jason-3,quiet,12.0,radial,median_sigma_km,0.02385333737786684,0.023853338017115994,19,19
by_mission,jason-3,quiet,12.0,in_track,median_sigma_km,0.1099547871918341,0.10995478705138687,19,19
by_mission,jason-3,quiet,12.0,cross,median_sigma_km,0.04215668360608643,0.042156683608147186,19,19
by_mission,jason-3,quiet,24.0,radial,median_sigma_km,0.04770667475573368,0.047706675295678624,19,19
by_mission,jason-3,quiet,24.0,in_track,median_sigma_km,0.26151803051427835,0.2615180304142957,19,19
by_mission,jason-3,quiet,36.0,radial,median_sigma_km,0.07156001213360053,0.07156001775781251,19,19
by_mission,jason-3,quiet,36.0,in_track,median_sigma_km,0.4341259140686833,0.43412591302661424,19,19
by_mission,jason-3,quiet,36.0,cross,median_sigma_km,0.1264700508182593,0.12647005083411847,19,19
by_mission,jason-3,quiet,48.0,radial,median_sigma_km,0.09541334951146736,0.09541335002475738,19,19
by_mission,jason-3,quiet,48.0,in_track,median_sigma_km,0.6219982051781571,0.6219982049882834,19,19
by_mission,jason-3,quiet,48.0,cross,median_sigma_km,0.16862673442434573,0.16862673444895976,19,19
by_mission,jason-3,quiet,72.0,radial,median_sigma_km,0.14312002426720105,0.1431200263651333,19,19
by_mission,jason-3,quiet,72.0,in_track,median_sigma_km,1.0325312516350762,1.0325312511542744,19,19
by_mission,jason-3,quiet,72.0,cross,median_sigma_km,0.2529401016365186,0.25294010216303076,19,19
by_mission,jason-3,quiet,96.0,radial,median_sigma_km,0.19082669902293473,0.19082670315616615,19,19
by_mission,jason-3,quiet,96.0,in_track,median_sigma_km,1.4793693822335736,1.4793693793970346,19,19
by_mission,jason-3,quiet,96.0,cross,median_sigma_km,0.33725346884869145,0.33725347609942014,19,19
by_mission,jason-3,quiet,120.0,radial,median_sigma_km,0.2385333737786684,0.2385333861487611,19,19
by_mission,jason-3,quiet,120.0,in_track,median_sigma_km,1.9553033409845006,1.9553033386146643,19,19
by_mission,jason-3,quiet,120.0,cross,median_sigma_km,0.4215668360608643,0.4215668359803199,19,19
by_mission,jason-3,quiet,144.0,radial,median_sigma_km,0.2862400485344021,0.28624009002847306,19,19
by_mission,jason-3,quiet,144.0,in_track,median_sigma_km,2.455787021814195,2.4557870123276224,19,19
by_mission,jason-3,quiet,144.0,cross,median_sigma_km,0.5058802032730372,0.50588022659976,19,19
by_mission,jason-3,quiet,168.0,radial,median_sigma_km,0.33394672329013575,0.33394680814027633,19,19
by_mission,jason-3,quiet,168.0,in_track,median_sigma_km,2.9776536922712404,2.9776536731701007,19,19
by_mission,jason-3,quiet,168.0,cross,median_sigma_km,0.59019357048521,0.5901935993097682,19,19
by_mission,jason-3,storm,6.0,radial,n,18.0,15.0,18,15
by_mission,jason-3,storm,6.0,radial,inside_1_sigma_count,2.0,1.0,18,15
by_mission,jason-3,storm,6.0,radial,inside_2_sigma_count,7.0,6.0,18,15
by_mission,jason-3,storm,6.0,radial,inside_1_sigma_fraction,0.1111111111111111,0.06666666666666667,18,15
by_mission,jason-3,storm,6.0,radial,inside_2_sigma_fraction,0.3888888888888889,0.4,18,15
by_mission,jason-3,storm,6.0,radial,median_sigma_km,0.021384592715937577,0.0213845927597652,18,15
by_mission,jason-3,storm,6.0,radial,median_abs_km,0.047818365784403766,0.04943504152353184,18,15
by_mission,jason-3,storm,6.0,radial,quantile_linear_km,0.07359774047467454,0.07190441770886814,18,15
by_mission,jason-3,storm,6.0,in_track,n,18.0,15.0,18,15
by_mission,jason-3,storm,6.0,in_track,inside_1_sigma_count,1.0,0.0,18,15
by_mission,jason-3,storm,6.0,in_track,inside_2_sigma_count,1.0,0.0,18,15
by_mission,jason-3,storm,6.0,in_track,inside_1_sigma_fraction,0.05555555555555555,0.0,18,15
by_mission,jason-3,storm,6.0,in_track,inside_2_sigma_fraction,0.05555555555555555,0.0,18,15
by_mission,jason-3,storm,6.0,in_track,median_sigma_km,0.032032045003708695,0.03203204499083959,18,15
by_mission,jason-3,storm,6.0,in_track,median_abs_km,0.27839207334009286,0.32135567655041375,18,15
by_mission,jason-3,storm,6.0,in_track,quantile_linear_km,1.263431127197916,1.1331062979348203,18,15
by_mission,jason-3,storm,6.0,cross,n,18.0,15.0,18,15
by_mission,jason-3,storm,6.0,cross,inside_1_sigma_fraction,0.16666666666666666,0.2,18,15
by_mission,jason-3,storm,6.0,cross,inside_2_sigma_fraction,0.3888888888888889,0.4666666666666667,18,15
by_mission,jason-3,storm,6.0,cross,median_sigma_km,0.04476678906596042,0.0447667890627679,18,15
by_mission,jason-3,storm,6.0,cross,median_abs_km,0.1255941090999579,0.10047845427790167,18,15
by_mission,jason-3,storm,6.0,cross,quantile_linear_km,0.4542485131560365,0.42697431276574066,18,15
by_mission,jason-3,storm,6.0,cross,quantile_inverted_cdf_km,0.5308322799663028,0.44073373077775435,18,15
by_mission,jason-3,storm,12.0,radial,n,18.0,14.0,18,14
by_mission,jason-3,storm,12.0,radial,inside_2_sigma_count,2.0,1.0,18,14
by_mission,jason-3,storm,12.0,radial,inside_2_sigma_fraction,0.1111111111111111,0.07142857142857142,18,14
by_mission,jason-3,storm,12.0,radial,median_sigma_km,0.021384592715937577,0.021384592768387885,18,14
by_mission,jason-3,storm,12.0,radial,median_abs_km,0.09678636611652108,0.10012949046662212,18,14
by_mission,jason-3,storm,12.0,radial,quantile_linear_km,0.14354348146825555,0.14096673614630295,18,14
by_mission,jason-3,storm,12.0,radial,quantile_inverted_cdf_km,0.15263159825838002,0.14193969615235125,18,14
by_mission,jason-3,storm,12.0,in_track,n,18.0,14.0,18,14
by_mission,jason-3,storm,12.0,in_track,inside_2_sigma_fraction,0.05555555555555555,0.07142857142857142,18,14
by_mission,jason-3,storm,12.0,in_track,median_sigma_km,0.032032045003708695,0.032032044981824215,18,14
by_mission,jason-3,storm,12.0,in_track,median_abs_km,0.4396337919523443,0.453539626389264,18,14
by_mission,jason-3,storm,12.0,in_track,quantile_linear_km,1.3286529408337873,1.3520027062643014,18,14
by_mission,jason-3,storm,12.0,cross,n,18.0,14.0,18,14
by_mission,jason-3,storm,12.0,cross,inside_1_sigma_count,8.0,6.0,18,14
by_mission,jason-3,storm,12.0,cross,inside_2_sigma_count,11.0,9.0,18,14
by_mission,jason-3,storm,12.0,cross,inside_1_sigma_fraction,0.4444444444444444,0.42857142857142855,18,14
by_mission,jason-3,storm,12.0,cross,inside_2_sigma_fraction,0.6111111111111112,0.6428571428571429,18,14
by_mission,jason-3,storm,12.0,cross,median_sigma_km,0.04476678906596042,0.04476678905985561,18,14
by_mission,jason-3,storm,12.0,cross,quantile_linear_km,0.17403541706394005,0.1566032201336894,18,14
by_mission,jason-3,storm,24.0,radial,n,18.0,13.0,18,13
by_mission,jason-3,storm,24.0,radial,inside_1_sigma_count,7.0,6.0,18,13
by_mission,jason-3,storm,24.0,radial,inside_2_sigma_count,16.0,11.0,18,13
by_mission,jason-3,storm,24.0,radial,inside_1_sigma_fraction,0.3888888888888889,0.46153846153846156,18,13
by_mission,jason-3,storm,24.0,radial,inside_2_sigma_fraction,0.8888888888888888,0.8461538461538461,18,13
by_mission,jason-3,storm,24.0,radial,median_sigma_km,0.042769185431875155,0.042769185770373586,18,13
by_mission,jason-3,storm,24.0,radial,median_abs_km,0.04978219509850228,0.0492161692550532,18,13
by_mission,jason-3,storm,24.0,radial,quantile_linear_km,0.09963543888553988,0.10801369937278368,18,13
by_mission,jason-3,storm,24.0,in_track,n,18.0,13.0,18,13
by_mission,jason-3,storm,24.0,in_track,inside_1_sigma_fraction,0.1111111111111111,0.15384615384615385,18,13
by_mission,jason-3,storm,24.0,in_track,inside_2_sigma_fraction,0.1111111111111111,0.15384615384615385,18,13
by_mission,jason-3,storm,24.0,in_track,median_sigma_km,0.11154205928602164,0.11154205915844992,18,13
by_mission,jason-3,storm,24.0,in_track,median_abs_km,0.49003421109169065,0.38850643672324264,18,13
by_mission,jason-3,storm,24.0,in_track,quantile_linear_km,2.1255808366333477,2.1436664525744544,18,13
by_mission,jason-3,storm,24.0,cross,n,18.0,13.0,18,13
by_mission,jason-3,storm,24.0,cross,inside_1_sigma_count,10.0,8.0,18,13
by_mission,jason-3,storm,24.0,cross,inside_2_sigma_count,14.0,10.0,18,13
by_mission,jason-3,storm,24.0,cross,inside_1_sigma_fraction,0.5555555555555556,0.6153846153846154,18,13
by_mission,jason-3,storm,24.0,cross,inside_2_sigma_fraction,0.7777777777777778,0.7692307692307693,18,13
by_mission,jason-3,storm,24.0,cross,median_sigma_km,0.08953357813192084,0.08953357813718626,18,13
by_mission,jason-3,storm,24.0,cross,median_abs_km,0.0882749003446574,0.08736753989730617,18,13
by_mission,jason-3,storm,24.0,cross,quantile_linear_km,0.35941420995700746,0.358392265692897,18,13
by_mission,jason-3,storm,36.0,radial,n,18.0,11.0,18,11
by_mission,jason-3,storm,36.0,radial,inside_1_sigma_count,17.0,10.0,18,11
by_mission,jason-3,storm,36.0,radial,inside_2_sigma_count,18.0,11.0,18,11
by_mission,jason-3,storm,36.0,radial,inside_1_sigma_fraction,0.9444444444444444,0.9090909090909091,18,11
by_mission,jason-3,storm,36.0,radial,median_sigma_km,0.06415377814781273,0.06415378079832207,18,11
by_mission,jason-3,storm,36.0,radial,median_abs_km,0.033898383568713455,0.0353637509054072,18,11
by_mission,jason-3,storm,36.0,radial,quantile_linear_km,0.06012532853296307,0.0640679198657509,18,11
by_mission,jason-3,storm,36.0,in_track,n,18.0,11.0,18,11
by_mission,jason-3,storm,36.0,in_track,inside_1_sigma_count,5.0,3.0,18,11
by_mission,jason-3,storm,36.0,in_track,inside_2_sigma_count,5.0,3.0,18,11
by_mission,jason-3,storm,36.0,in_track,inside_1_sigma_fraction,0.2777777777777778,0.2727272727272727,18,11
by_mission,jason-3,storm,36.0,in_track,inside_2_sigma_fraction,0.2777777777777778,0.2727272727272727,18,11
by_mission,jason-3,storm,36.0,in_track,median_sigma_km,0.23142108449386004,0.23142108371676834,18,11
by_mission,jason-3,storm,36.0,in_track,median_abs_km,0.6851372551181927,0.6398065654884331,18,11
by_mission,jason-3,storm,36.0,in_track,quantile_linear_km,3.043707063773844,3.3974266610710755,18,11
by_mission,jason-3,storm,36.0,cross,n,18.0,11.0,18,11
by_mission,jason-3,storm,36.0,cross,inside_1_sigma_count,7.0,5.0,18,11
by_mission,jason-3,storm,36.0,cross,inside_2_sigma_count,11.0,8.0,18,11
by_mission,jason-3,storm,36.0,cross,inside_1_sigma_fraction,0.3888888888888889,0.45454545454545453,18,11
by_mission,jason-3,storm,36.0,cross,inside_2_sigma_fraction,0.6111111111111112,0.7272727272727273,18,11
by_mission,jason-3,storm,36.0,cross,median_sigma_km,0.13430036719788124,0.1343003672272553,18,11
by_mission,jason-3,storm,36.0,cross,median_abs_km,0.19778705844639088,0.14820199017469143,18,11
by_mission,jason-3,storm,36.0,cross,quantile_linear_km,0.580888904726776,0.47217286119737856,18,11
by_mission,jason-3,storm,48.0,radial,n,18.0,10.0,18,10
by_mission,jason-3,storm,48.0,radial,inside_1_sigma_count,9.0,7.0,18,10
by_mission,jason-3,storm,48.0,radial,inside_2_sigma_count,16.0,10.0,18,10
by_mission,jason-3,storm,48.0,radial,inside_1_sigma_fraction,0.5,0.7,18,10
by_mission,jason-3,storm,48.0,radial,inside_2_sigma_fraction,0.8888888888888888,1.0,18,10
by_mission,jason-3,storm,48.0,radial,median_sigma_km,0.08553837086375031,0.08553837362386651,18,10
by_mission,jason-3,storm,48.0,radial,median_abs_km,0.08145486649355943,0.053591066425133754,18,10
by_mission,jason-3,storm,48.0,radial,quantile_linear_km,0.17694500295837462,0.11199606847198944,18,10
by_mission,jason-3,storm,48.0,radial,quantile_inverted_cdf_km,0.17827775356917264,0.11962875456008404,18,10
by_mission,jason-3,storm,48.0,in_track,n,18.0,10.0,18,10
by_mission,jason-3,storm,48.0,in_track,inside_2_sigma_count,9.0,8.0,18,10
by_mission,jason-3,storm,48.0,in_track,inside_1_sigma_fraction,0.2777777777777778,0.5,18,10
by_mission,jason-3,storm,48.0,in_track,inside_2_sigma_fraction,0.5,0.8,18,10
by_mission,jason-3,storm,48.0,in_track,median_sigma_km,0.3884120101706232,0.3884120095896495,18,10
by_mission,jason-3,storm,48.0,in_track,median_abs_km,0.7312065671407388,0.423178599733008,18,10
by_mission,jason-3,storm,48.0,in_track,quantile_linear_km,3.99215166575311,4.362177926539983,18,10
by_mission,jason-3,storm,48.0,cross,n,18.0,10.0,18,10
by_mission,jason-3,storm,48.0,cross,inside_2_sigma_count,11.0,7.0,18,10
by_mission,jason-3,storm,48.0,cross,inside_2_sigma_fraction,0.6111111111111112,0.7,18,10
by_mission,jason-3,storm,48.0,cross,median_sigma_km,0.17906715626384168,0.1790671562205184,18,10
by_mission,jason-3,storm,48.0,cross,median_abs_km,0.31245526259775747,0.2741643632347907,18,10
by_mission,jason-3,storm,48.0,cross,quantile_linear_km,0.44558907999067954,0.4272029210790256,18,10
by_mission,jason-3,storm,48.0,cross,quantile_inverted_cdf_km,0.4943270709792892,0.4326243843645363,18,10
by_mission,jason-3,storm,72.0,radial,n,18.0,8.0,18,8
by_mission,jason-3,storm,72.0,radial,inside_1_sigma_count,11.0,6.0,18,8
by_mission,jason-3,storm,72.0,radial,inside_2_sigma_count,18.0,8.0,18,8
by_mission,jason-3,storm,72.0,radial,inside_1_sigma_fraction,0.6111111111111112,0.75,18,8
by_mission,jason-3,storm,72.0,radial,median_sigma_km,0.12830755629562546,0.1283075748574352,18,8
by_mission,jason-3,storm,72.0,radial,median_abs_km,0.07501868596487263,0.026549973933561892,18,8
by_mission,jason-3,storm,72.0,radial,quantile_linear_km,0.23578300358388138,0.18367240400121804,18,8
by_mission,jason-3,storm,72.0,radial,quantile_inverted_cdf_km,0.2368690469999875,0.21141605755230808,18,8
by_mission,jason-3,storm,72.0,in_track,n,18.0,8.0,18,8
by_mission,jason-3,storm,72.0,in_track,inside_1_sigma_count,7.0,6.0,18,8
by_mission,jason-3,storm,72.0,in_track,inside_2_sigma_count,9.0,6.0,18,8
by_mission,jason-3,storm,72.0,in_track,inside_1_sigma_fraction,0.3888888888888889,0.75,18,8
by_mission,jason-3,storm,72.0,in_track,inside_2_sigma_fraction,0.5,0.75,18,8
by_mission,jason-3,storm,72.0,in_track,median_sigma_km,0.8058550218589192,0.8058550185732409,18,8
by_mission,jason-3,storm,72.0,in_track,median_abs_km,1.8581152749615366,0.6631191822983802,18,8
by_mission,jason-3,storm,72.0,in_track,quantile_linear_km,7.050328335633495,7.1713731678533,18,8
by_mission,jason-3,storm,72.0,cross,n,18.0,8.0,18,8
by_mission,jason-3,storm,72.0,cross,inside_1_sigma_count,16.0,7.0,18,8
by_mission,jason-3,storm,72.0,cross,inside_2_sigma_count,18.0,8.0,18,8
by_mission,jason-3,storm,72.0,cross,inside_1_sigma_fraction,0.8888888888888888,0.875,18,8
by_mission,jason-3,storm,72.0,cross,median_sigma_km,0.2686007343957625,0.26860073563305786,18,8
by_mission,jason-3,storm,72.0,cross,median_abs_km,0.1935626036315748,0.16653366846607137,18,8
by_mission,jason-3,storm,72.0,cross,quantile_linear_km,0.3184312045557912,0.3209542402920869,18,8
by_mission,jason-3,storm,96.0,radial,n,18.0,5.0,18,5
by_mission,jason-3,storm,96.0,radial,inside_1_sigma_count,18.0,5.0,18,5
by_mission,jason-3,storm,96.0,radial,inside_2_sigma_count,18.0,5.0,18,5
by_mission,jason-3,storm,96.0,radial,median_sigma_km,0.17107674172750062,0.17107694208446964,18,5
by_mission,jason-3,storm,96.0,radial,median_abs_km,0.024024742229505888,0.020179592336601826,18,5
by_mission,jason-3,storm,96.0,radial,quantile_linear_km,0.06914215920224788,0.06130451359004175,18,5
by_mission,jason-3,storm,96.0,radial,quantile_inverted_cdf_km,0.06944677211053166,0.06779199275763836,18,5
by_mission,jason-3,storm,96.0,in_track,n,18.0,5.0,18,5
by_mission,jason-3,storm,96.0,in_track,inside_1_sigma_count,2.0,0.0,18,5
by_mission,jason-3,storm,96.0,in_track,inside_2_sigma_count,8.0,3.0,18,5
by_mission,jason-3,storm,96.0,in_track,inside_1_sigma_fraction,0.1111111111111111,0.0,18,5
by_mission,jason-3,storm,96.0,in_track,inside_2_sigma_fraction,0.4444444444444444,0.6,18,5
by_mission,jason-3,storm,96.0,in_track,median_sigma_km,1.352529176980064,1.3525291509214044,18,5
by_mission,jason-3,storm,96.0,in_track,median_abs_km,3.01136944921419,1.5020146366501048,18,5
by_mission,jason-3,storm,96.0,in_track,quantile_linear_km,10.332036204541964,10.987751886293282,18,5
by_mission,jason-3,storm,96.0,cross,n,18.0,5.0,18,5
by_mission,jason-3,storm,96.0,cross,inside_1_sigma_count,13.0,3.0,18,5
by_mission,jason-3,storm,96.0,cross,inside_2_sigma_count,18.0,5.0,18,5
by_mission,jason-3,storm,96.0,cross,inside_1_sigma_fraction,0.7222222222222222,0.6,18,5
by_mission,jason-3,storm,96.0,cross,median_sigma_km,0.35813431252768335,0.35813431575208443,18,5
by_mission,jason-3,storm,96.0,cross,median_abs_km,0.23667573692739058,0.2529983349472199,18,5
by_mission,jason-3,storm,96.0,cross,quantile_linear_km,0.45024549430313654,0.4509044077884468,18,5
by_mission,jason-3,storm,120.0,radial,n,18.0,5.0,18,5
by_mission,jason-3,storm,120.0,radial,inside_1_sigma_count,14.0,4.0,18,5
by_mission,jason-3,storm,120.0,radial,inside_2_sigma_count,18.0,5.0,18,5
by_mission,jason-3,storm,120.0,radial,inside_1_sigma_fraction,0.7777777777777778,0.8,18,5
by_mission,jason-3,storm,120.0,radial,median_sigma_km,0.21384592715937578,0.21384689201449436,18,5
by_mission,jason-3,storm,120.0,radial,median_abs_km,0.1814486149838735,0.20906656033219106,18,5
by_mission,jason-3,storm,120.0,radial,quantile_linear_km,0.3567957408025034,0.3503596935629222,18,5
by_mission,jason-3,storm,120.0,in_track,n,18.0,5.0,18,5
by_mission,jason-3,storm,120.0,in_track,inside_2_sigma_count,8.0,3.0,18,5
by_mission,jason-3,storm,120.0,in_track,inside_1_sigma_fraction,0.05555555555555555,0.2,18,5
by_mission,jason-3,storm,120.0,in_track,inside_2_sigma_fraction,0.4444444444444444,0.6,18,5
by_mission,jason-3,storm,120.0,in_track,median_sigma_km,2.0210854053810086,2.0210853024281548,18,5
by_mission,jason-3,storm,120.0,in_track,median_abs_km,4.237389921171755,2.4647051157825683,18,5
by_mission,jason-3,storm,120.0,in_track,quantile_linear_km,13.879445520362664,15.016786033959331,18,5
by_mission,jason-3,storm,120.0,cross,n,18.0,5.0,18,5
by_mission,jason-3,storm,120.0,cross,inside_1_sigma_count,7.0,3.0,18,5
by_mission,jason-3,storm,120.0,cross,inside_2_sigma_count,18.0,5.0,18,5
by_mission,jason-3,storm,120.0,cross,inside_1_sigma_fraction,0.3888888888888889,0.6,18,5
by_mission,jason-3,storm,120.0,cross,median_sigma_km,0.4476678906596042,0.44766789068278623,18,5
by_mission,jason-3,storm,120.0,cross,median_abs_km,0.47355946425631756,0.37771706038341746,18,5
by_mission,jason-3,storm,120.0,cross,quantile_linear_km,0.6563716455495797,0.51510330742842,18,5
by_mission,jason-3,storm,120.0,cross,quantile_inverted_cdf_km,0.6770033595328244,0.5191602021687229,18,5
by_mission,jason-3,storm,144.0,radial,n,18.0,5.0,18,5
by_mission,jason-3,storm,144.0,radial,inside_1_sigma_count,15.0,4.0,18,5
by_mission,jason-3,storm,144.0,radial,inside_2_sigma_count,18.0,5.0,18,5
by_mission,jason-3,storm,144.0,radial,inside_1_sigma_fraction,0.8333333333333334,0.8,18,5
by_mission,jason-3,storm,144.0,radial,median_sigma_km,0.2566151125912509,0.2566178386367991,18,5
by_mission,jason-3,storm,144.0,radial,median_abs_km,0.1410399849585544,0.1607678142070874,18,5
by_mission,jason-3,storm,144.0,radial,quantile_linear_km,0.28994377910862357,0.3130639975458742,18,5
by_mission,jason-3,storm,144.0,in_track,n,18.0,5.0,18,5
by_mission,jason-3,storm,144.0,in_track,inside_2_sigma_count,8.0,3.0,18,5
by_mission,jason-3,storm,144.0,in_track,inside_1_sigma_fraction,0.05555555555555555,0.2,18,5
by_mission,jason-3,storm,144.0,in_track,inside_2_sigma_fraction,0.4444444444444444,0.6,18,5
by_mission,jason-3,storm,144.0,in_track,median_sigma_km,2.8061501728571705,2.8061499150174765,18,5
by_mission,jason-3,storm,144.0,in_track,median_abs_km,6.004901844389977,3.266434815586292,18,5
by_mission,jason-3,storm,144.0,in_track,quantile_linear_km,17.30101694665125,19.162998577541956,18,5
by_mission,jason-3,storm,144.0,cross,n,18.0,5.0,18,5
by_mission,jason-3,storm,144.0,cross,inside_1_sigma_count,18.0,5.0,18,5
by_mission,jason-3,storm,144.0,cross,inside_2_sigma_count,18.0,5.0,18,5
by_mission,jason-3,storm,144.0,cross,median_sigma_km,0.537201468791525,0.5372015022307913,18,5
by_mission,jason-3,storm,144.0,cross,median_abs_km,0.15656550048822143,0.11586108035125209,18,5
by_mission,jason-3,storm,144.0,cross,quantile_linear_km,0.3105029911905223,0.2098342655432074,18,5
by_mission,jason-3,storm,144.0,cross,quantile_inverted_cdf_km,0.34690751793660946,0.22076062742834196,18,5
by_mission,jason-3,storm,168.0,radial,n,18.0,5.0,18,5
by_mission,jason-3,storm,168.0,radial,inside_1_sigma_count,18.0,5.0,18,5
by_mission,jason-3,storm,168.0,radial,inside_2_sigma_count,18.0,5.0,18,5
by_mission,jason-3,storm,168.0,radial,median_sigma_km,0.2993842980231261,0.2993917124172856,18,5
by_mission,jason-3,storm,168.0,radial,median_abs_km,0.16486994575810027,0.11450967006055102,18,5
by_mission,jason-3,storm,168.0,radial,quantile_linear_km,0.20134359893905254,0.14846440475027806,18,5
by_mission,jason-3,storm,168.0,radial,quantile_inverted_cdf_km,0.20264422038536,0.1540173777136179,18,5
by_mission,jason-3,storm,168.0,in_track,n,18.0,5.0,18,5
by_mission,jason-3,storm,168.0,in_track,inside_2_sigma_count,10.0,3.0,18,5
by_mission,jason-3,storm,168.0,in_track,inside_1_sigma_fraction,0.05555555555555555,0.2,18,5
by_mission,jason-3,storm,168.0,in_track,inside_2_sigma_fraction,0.5555555555555556,0.6,18,5
by_mission,jason-3,storm,168.0,in_track,median_sigma_km,3.7035237170932147,3.7035231146274805,18,5
by_mission,jason-3,storm,168.0,in_track,median_abs_km,7.161607599869793,4.403792269307725,18,5
by_mission,jason-3,storm,168.0,in_track,quantile_linear_km,21.757729099326177,24.475250886612905,18,5
by_mission,jason-3,storm,168.0,cross,n,18.0,5.0,18,5
by_mission,jason-3,storm,168.0,cross,inside_1_sigma_count,17.0,4.0,18,5
by_mission,jason-3,storm,168.0,cross,inside_2_sigma_count,18.0,5.0,18,5
by_mission,jason-3,storm,168.0,cross,inside_1_sigma_fraction,0.9444444444444444,0.8,18,5
by_mission,jason-3,storm,168.0,cross,median_sigma_km,0.6267350469234458,0.6267350652171012,18,5
by_mission,jason-3,storm,168.0,cross,median_abs_km,0.5214963438391864,0.5561165810547519,18,5
by_mission,jason-3,storm,168.0,cross,quantile_linear_km,0.5920522242542109,0.6255516617623249,18,5
by_mission,saral,august,6.0,radial,median_sigma_km,0.02182929837278625,0.02182929866838622,18,18
by_mission,saral,august,6.0,in_track,median_sigma_km,0.048566703588320395,0.04856670343396967,18,18
by_mission,saral,august,6.0,cross,median_sigma_km,0.004803461708065699,0.004803461838486866,18,18
by_mission,saral,august,12.0,radial,median_sigma_km,0.02182929837278625,0.021829298535375637,18,18
by_mission,saral,august,12.0,in_track,median_sigma_km,0.048566703588320395,0.04856670349529514,18,18
by_mission,saral,august,12.0,cross,median_sigma_km,0.004803461708065699,0.004803461762518465,18,18
by_mission,saral,august,24.0,radial,median_sigma_km,0.0436585967455725,0.04365859724155331,18,18
by_mission,saral,august,24.0,in_track,median_sigma_km,0.11958525159467831,0.11958525137865256,18,18
by_mission,saral,august,24.0,cross,median_sigma_km,0.008963576494418084,0.008963576691170526,18,18
by_mission,saral,august,36.0,radial,median_sigma_km,0.06548789511835876,0.06548789859727655,18,18
by_mission,saral,august,36.0,in_track,median_sigma_km,0.20257985612143048,0.20257985492943226,18,18
by_mission,saral,august,36.0,cross,median_sigma_km,0.012911106461587862,0.012911106913184539,18,18
by_mission,saral,august,48.0,radial,median_sigma_km,0.087317193491145,0.0873171992826749,18,18
by_mission,saral,august,48.0,in_track,median_sigma_km,0.29445342883846887,0.2944534271056822,18,18
by_mission,saral,august,48.0,cross,median_sigma_km,0.016726625182911826,0.016726625602464525,18,18
by_mission,saral,august,72.0,radial,median_sigma_km,0.13097579023671752,0.13097581233668865,18,18
by_mission,saral,august,72.0,in_track,median_sigma_km,0.4988101162402322,0.4988101100155906,18,18
by_mission,saral,august,72.0,cross,median_sigma_km,0.024092976571811052,0.02409297887938644,18,18
by_mission,saral,august,96.0,radial,median_sigma_km,0.17463438698229,0.174634440865025,18,18
by_mission,saral,august,96.0,in_track,median_sigma_km,0.7250293878094717,0.7250293742226641,18,18
by_mission,saral,august,96.0,cross,median_sigma_km,0.03121298626545424,0.031212987548985955,18,18
by_mission,saral,august,120.0,radial,median_sigma_km,0.2182929837278625,0.21829331428151294,18,18
by_mission,saral,august,120.0,in_track,median_sigma_km,0.9690331343203956,0.9690330594974974,18,18
by_mission,saral,august,120.0,cross,median_sigma_km,0.03815525259133509,0.038155254705315216,18,18
by_mission,saral,august,144.0,radial,median_sigma_km,0.26195158047343503,0.2619523819318009,18,18
by_mission,saral,august,144.0,in_track,median_sigma_km,1.2282145758581804,1.2282144041812764,18,18
by_mission,saral,august,144.0,cross,median_sigma_km,0.044959084011646167,0.044959090205534374,18,18
by_mission,saral,august,168.0,radial,median_sigma_km,0.3056101772190075,0.3056116945150432,18,18
by_mission,saral,august,168.0,in_track,median_sigma_km,1.5007386710714115,1.5007383615979972,18,18
by_mission,saral,august,168.0,cross,median_sigma_km,0.05164990952220897,0.05164991383632618,18,18
by_mission,saral,held-out,6.0,radial,median_sigma_km,0.020510462986924466,0.020510484443936352,17,17
by_mission,saral,held-out,6.0,in_track,median_sigma_km,0.21463058244489094,0.21463058030331977,17,17
by_mission,saral,held-out,6.0,cross,median_sigma_km,0.013564376816086542,0.013564377785246103,17,17
by_mission,saral,held-out,12.0,radial,median_sigma_km,0.020510462986924466,0.020510466071012232,17,17
by_mission,saral,held-out,12.0,in_track,median_sigma_km,0.21463058244489094,0.2146305821013175,17,17
by_mission,saral,held-out,12.0,cross,median_sigma_km,0.013564376816086542,0.013564377359450168,17,17
by_mission,saral,held-out,24.0,radial,median_sigma_km,0.04102092597384893,0.04102093351619251,17,17
by_mission,saral,held-out,24.0,in_track,median_sigma_km,0.4292611648897819,0.4292611637117624,17,17
by_mission,saral,held-out,24.0,cross,median_sigma_km,0.027128753632173083,0.027128753745270854,17,17
by_mission,saral,held-out,36.0,radial,median_sigma_km,0.0615313889607734,0.061531429702671094,17,17
by_mission,saral,held-out,36.0,in_track,median_sigma_km,0.6438917473346728,0.6438917433323131,17,17
by_mission,saral,held-out,36.0,cross,median_sigma_km,0.040693130448259625,0.040693133625166036,17,17
by_mission,saral,held-out,48.0,radial,median_sigma_km,0.08204185194769786,0.08204189786887049,17,17
by_mission,saral,held-out,48.0,in_track,median_sigma_km,0.8585223297795638,0.858522325352297,17,17
by_mission,saral,held-out,48.0,cross,median_sigma_km,0.054257507264346166,0.0542575081710647,17,17
by_mission,saral,held-out,72.0,radial,median_sigma_km,0.1230627779215468,0.12306293909125622,17,17
by_mission,saral,held-out,72.0,in_track,median_sigma_km,1.2877834946693456,1.2877834792501353,17,17
by_mission,saral,held-out,72.0,cross,median_sigma_km,0.08138626089651925,0.08138626229212566,17,17
by_mission,saral,held-out,96.0,radial,median_sigma_km,0.16408370389539573,0.1640841968920883,17,17
by_mission,saral,held-out,96.0,in_track,median_sigma_km,1.7170446595591276,1.7170446122874263,17,17
by_mission,saral,held-out,96.0,cross,median_sigma_km,0.10851501452869233,0.10851502273419882,17,17
by_mission,saral,held-out,120.0,radial,median_sigma_km,0.20510462986924466,0.20510620449008715,17,17
by_mission,saral,held-out,120.0,in_track,median_sigma_km,2.1463058244489095,2.146305673899431,17,17
by_mission,saral,held-out,120.0,cross,median_sigma_km,0.13564376816086543,0.1356437715912569,17,17
by_mission,saral,held-out,144.0,radial,median_sigma_km,0.2461255558430936,0.24612902935712375,17,17
by_mission,saral,held-out,144.0,in_track,median_sigma_km,2.575566989338691,2.575566657070821,17,17
by_mission,saral,held-out,144.0,cross,median_sigma_km,0.1627725217930385,0.16277253523076798,17,17
by_mission,saral,held-out,168.0,radial,median_sigma_km,0.2871464818169425,0.28714945786990376,17,17
by_mission,saral,held-out,168.0,in_track,median_sigma_km,3.0048281542284734,3.0048278691917933,17,17
by_mission,saral,held-out,168.0,cross,median_sigma_km,0.18990127542521157,0.1899013064432941,17,17
by_mission,saral,quiet,6.0,radial,median_sigma_km,0.020860719510385074,0.020860724945735428,19,19
by_mission,saral,quiet,6.0,in_track,median_sigma_km,0.159296256463787,0.15929625565031363,19,19
by_mission,saral,quiet,6.0,cross,median_sigma_km,0.013354422441035605,0.01335442264299687,19,19
by_mission,saral,quiet,12.0,radial,median_sigma_km,0.020860719510385074,0.02086072036413364,19,19
by_mission,saral,quiet,12.0,in_track,median_sigma_km,0.159296256463787,0.1592962562864106,19,19
by_mission,saral,quiet,12.0,cross,median_sigma_km,0.013354422441035605,0.013354422750073496,19,19
by_mission,saral,quiet,24.0,radial,median_sigma_km,0.04172143902077015,0.041721442642131484,19,19
by_mission,saral,quiet,24.0,in_track,median_sigma_km,0.329827653632398,0.3298276530041526,19,19
by_mission,saral,quiet,24.0,cross,median_sigma_km,0.02765073026272862,0.027650730752261144,19,19
by_mission,saral,quiet,36.0,radial,median_sigma_km,0.06258215853115523,0.06258217401047433,19,19
by_mission,saral,quiet,36.0,in_track,median_sigma_km,0.504873861984942,0.5048738598074685,19,19
by_mission,saral,quiet,36.0,cross,median_sigma_km,0.04232553220054331,0.04232553339276371,19,19
by_mission,saral,quiet,48.0,radial,median_sigma_km,0.0834428780415403,0.08344289892363842,19,19
by_mission,saral,quiet,48.0,in_track,median_sigma_km,0.6829180014370496,0.6829179988397073,19,19
by_mission,saral,quiet,48.0,cross,median_sigma_km,0.057251662319204435,0.057251662571514164,19,19
by_mission,saral,quiet,72.0,radial,median_sigma_km,0.12516431706231046,0.12516433265727914,19,19
by_mission,saral,quiet,72.0,in_track,median_sigma_km,1.0453564005546863,1.045356398312783,19,19
by_mission,saral,quiet,72.0,cross,median_sigma_km,0.08763627774028249,0.08763628097282983,19,19
by_mission,saral,quiet,96.0,radial,median_sigma_km,0.1668857560830806,0.16688580103228953,19,19
by_mission,saral,quiet,96.0,in_track,median_sigma_km,1.4140021054952656,1.4140020992748992,19,19
by_mission,saral,quiet,96.0,cross,median_sigma_km,0.11854127566136687,0.11854127644610428,19,19
by_mission,saral,quiet,120.0,radial,median_sigma_km,0.20860719510385073,0.20860736975503466,19,19
by_mission,saral,quiet,120.0,in_track,median_sigma_km,1.787333394535875,1.787333374147087,19,19
by_mission,saral,quiet,120.0,cross,median_sigma_km,0.14983908425386225,0.1498390867907696,19,19
by_mission,saral,quiet,144.0,radial,median_sigma_km,0.2503286341246209,0.2503288869698675,19,19
by_mission,saral,quiet,144.0,in_track,median_sigma_km,2.164441628814688,2.164441596493764,19,19
by_mission,saral,quiet,144.0,cross,median_sigma_km,0.1814535288010707,0.18145353493790395,19,19
by_mission,saral,quiet,168.0,radial,median_sigma_km,0.29205007314539105,0.292050512316415,19,19
by_mission,saral,quiet,168.0,in_track,median_sigma_km,2.544720024268466,2.5447199731311536,19,19
by_mission,saral,quiet,168.0,cross,median_sigma_km,0.21333374024372584,0.21333374719904738,19,19
by_mission,saral,storm,6.0,radial,median_sigma_km,0.021294550045354802,0.021294555440646745,19,19
by_mission,saral,storm,6.0,in_track,median_sigma_km,0.1409657840024095,0.14096578317348263,19,19
by_mission,saral,storm,6.0,cross,median_sigma_km,0.009953548028681786,0.009953548232969189,19,19
by_mission,saral,storm,12.0,radial,median_sigma_km,0.021294550045354802,0.021294551182802393,19,19
by_mission,saral,storm,12.0,in_track,median_sigma_km,0.1409657840024095,0.14096578382070718,19,19
by_mission,saral,storm,12.0,cross,median_sigma_km,0.009953548028681786,0.009953548214722554,19,19
by_mission,saral,storm,24.0,radial,median_sigma_km,0.042589100090709604,0.04258910298635606,19,19
by_mission,saral,storm,24.0,in_track,median_sigma_km,0.3238543283888703,0.3238543278163541,19,19
by_mission,saral,storm,24.0,cross,median_sigma_km,0.020609118283729487,0.020609118789659476,19,19
by_mission,saral,storm,36.0,radial,median_sigma_km,0.06388365013606441,0.06388366614835844,19,19
by_mission,saral,storm,36.0,in_track,median_sigma_km,0.5268163156768789,0.5268163135118066,19,19
by_mission,saral,storm,36.0,cross,median_sigma_km,0.03154679428914002,0.03154679568353676,19,19
by_mission,saral,storm,48.0,radial,median_sigma_km,0.08517820018141921,0.08517822228475669,19,19
by_mission,saral,storm,48.0,in_track,median_sigma_km,0.7440218685579296,0.7440218660236496,19,19
by_mission,saral,storm,48.0,cross,median_sigma_km,0.0426717945408863,0.04267179489369344,19,19
by_mission,saral,storm,72.0,radial,median_sigma_km,0.12776730027212882,0.12776737603430907,19,19
by_mission,saral,storm,72.0,in_track,median_sigma_km,1.210306070407259,1.2103060622464992,19,19
by_mission,saral,storm,72.0,cross,median_sigma_km,0.0653185791743723,0.06531858241730007,19,19
by_mission,saral,storm,96.0,radial,median_sigma_km,0.17035640036283842,0.17035697410590459,19,19
by_mission,saral,storm,96.0,in_track,median_sigma_km,1.7093133929886282,1.709313335761272,19,19
by_mission,saral,storm,96.0,cross,median_sigma_km,0.08835322425109111,0.08835322535961573,19,19
by_mission,saral,storm,120.0,radial,median_sigma_km,0.21294550045354801,0.21294860903568283,19,19
by_mission,saral,storm,120.0,in_track,median_sigma_km,2.2341571143536254,2.2341568178842093,19,19
by_mission,saral,storm,120.0,cross,median_sigma_km,0.11168064573961896,0.1116806488410147,19,19
by_mission,saral,storm,144.0,radial,median_sigma_km,0.25553460054425764,0.25554314185156146,19,19
by_mission,saral,storm,144.0,in_track,median_sigma_km,2.780553184239488,2.780552398372819,19,19
by_mission,saral,storm,144.0,cross,median_sigma_km,0.13524406778876705,0.13524407911114641,19,19
by_mission,saral,storm,168.0,radial,median_sigma_km,0.29812370063496724,0.29814041143687015,19,19
by_mission,saral,storm,168.0,in_track,median_sigma_km,3.3455486827176637,3.3455471935468117,19,19
by_mission,saral,storm,168.0,cross,median_sigma_km,0.15900557579557764,0.15900558965420888,19,19
by_mission,sentinel-1a,august,6.0,radial,median_sigma_km,0.028923689102971578,0.028923705445573787,25,25
by_mission,sentinel-1a,august,6.0,in_track,median_sigma_km,0.3262844365599852,0.3262844351073713,25,25
by_mission,sentinel-1a,august,6.0,cross,median_sigma_km,0.023528732815639525,0.02352873311631648,25,25
by_mission,sentinel-1a,august,12.0,radial,median_sigma_km,0.028923689102971578,0.02892369488157413,23,23
by_mission,sentinel-1a,august,12.0,in_track,median_sigma_km,0.3262844365599852,0.32628443604240065,23,23
by_mission,sentinel-1a,august,12.0,cross,median_sigma_km,0.023528732815639525,0.023528732919636107,23,23
by_mission,sentinel-1a,august,24.0,radial,median_sigma_km,0.057847378205943156,0.05784745631586476,21,21
by_mission,sentinel-1a,august,24.0,in_track,median_sigma_km,0.8317385922928134,0.8317385866390462,21,21
by_mission,sentinel-1a,august,24.0,cross,median_sigma_km,0.04705746563127905,0.04705746954137262,21,21
by_mission,sentinel-1a,august,36.0,radial,median_sigma_km,0.08677106730891473,0.08677117229111622,18,18
by_mission,sentinel-1a,august,36.0,in_track,median_sigma_km,1.437838316289001,1.437838309701684,18,18
by_mission,sentinel-1a,august,36.0,cross,median_sigma_km,0.07058619844691857,0.07058620041319731,18,18
by_mission,sentinel-1a,august,48.0,radial,median_sigma_km,0.11569475641188631,0.11569808762273238,15,15
by_mission,sentinel-1a,august,48.0,in_track,median_sigma_km,2.1202025239167366,2.1202023421369174,15,15
by_mission,sentinel-1a,august,48.0,cross,median_sigma_km,0.0941149312625581,0.09411494148242401,15,15
by_mission,sentinel-1a,august,72.0,radial,median_sigma_km,0.17354213461782947,0.17356492718234193,12,12
by_mission,sentinel-1a,august,72.0,in_track,median_sigma_km,3.665224212785962,3.6652231333422796,12,12
by_mission,sentinel-1a,august,72.0,cross,median_sigma_km,0.14117239689383715,0.14117239972558293,12,12
by_mission,sentinel-1a,august,96.0,radial,median_sigma_km,0.23138951282377263,0.23147439043145746,7,7
by_mission,sentinel-1a,august,96.0,in_track,median_sigma_km,5.404653317854398,5.404649680594356,7,7
by_mission,sentinel-1a,august,96.0,cross,median_sigma_km,0.1882298625251162,0.1882298896325153,7,7
by_mission,sentinel-1a,august,120.0,radial,median_sigma_km,0.2892368910297158,0.28933026841494125,1,1
by_mission,sentinel-1a,august,120.0,in_track,median_sigma_km,7.304598653126993,7.304594951337502,1,1
by_mission,sentinel-1a,august,120.0,cross,median_sigma_km,0.23528732815639525,0.2352874451852585,1,1
by_mission,sentinel-1a,held-out,6.0,radial,median_sigma_km,0.02766056551597919,0.02766062199998123,27,27
by_mission,sentinel-1a,held-out,6.0,in_track,median_sigma_km,0.5726291256681583,0.57262912293527,27,27
by_mission,sentinel-1a,held-out,6.0,cross,median_sigma_km,0.016984282758098868,0.01698428409741474,27,27
by_mission,sentinel-1a,held-out,12.0,radial,median_sigma_km,0.02766056551597919,0.027660639217355402,27,27
by_mission,sentinel-1a,held-out,12.0,in_track,median_sigma_km,0.5726291256681583,0.5726291220375563,27,27
by_mission,sentinel-1a,held-out,12.0,cross,median_sigma_km,0.016984282758098868,0.01698428421386174,27,27
by_mission,sentinel-1a,held-out,24.0,radial,median_sigma_km,0.05727202650461927,0.05727229088006444,27,27
by_mission,sentinel-1a,held-out,24.0,in_track,median_sigma_km,1.4597010752657769,1.4597010639085173,27,27
by_mission,sentinel-1a,held-out,24.0,cross,median_sigma_km,0.03281147147355914,0.032811487072349176,27,27
by_mission,sentinel-1a,held-out,36.0,radial,median_sigma_km,0.0876674496108741,0.08766867136343937,26,26
by_mission,sentinel-1a,held-out,36.0,in_track,median_sigma_km,2.523405978505446,2.523405935209631,26,26
by_mission,sentinel-1a,held-out,36.0,cross,median_sigma_km,0.048229460449894665,0.04822949140196656,26,26
by_mission,sentinel-1a,held-out,48.0,radial,median_sigma_km,0.11858344031509205,0.11858509012571508,24,24
by_mission,sentinel-1a,held-out,48.0,in_track,median_sigma_km,3.7209550363787005,3.7209549837720326,24,24
by_mission,sentinel-1a,held-out,48.0,cross,median_sigma_km,0.06338758460358401,0.06338764487185206,24,24
by_mission,sentinel-1a,held-out,72.0,radial,median_sigma_km,0.18151807108953877,0.18152560906745654,21,21
by_mission,sentinel-1a,held-out,72.0,in_track,median_sigma_km,6.432467813890155,6.432467601095706,21,21
by_mission,sentinel-1a,held-out,72.0,cross,median_sigma_km,0.09317317594599456,0.09317318291727465,21,21
by_mission,sentinel-1a,held-out,96.0,radial,median_sigma_km,0.2455305526133046,0.24559918356729737,16,16
by_mission,sentinel-1a,held-out,96.0,in_track,median_sigma_km,9.485165570787208,9.485163788728851,16,16
by_mission,sentinel-1a,held-out,96.0,cross,median_sigma_km,0.12245674154279801,0.12245686483532207,16,16
by_mission,sentinel-1a,held-out,120.0,radial,median_sigma_km,0.3103566496535717,0.31070950839420414,12,12
by_mission,sentinel-1a,held-out,120.0,in_track,median_sigma_km,12.819569281932123,12.81956073197444,12,12
by_mission,sentinel-1a,held-out,120.0,cross,median_sigma_km,0.15137257941684412,0.15137279572156326,12,12
by_mission,sentinel-1a,held-out,144.0,radial,median_sigma_km,0.3758385840846902,0.37678462305221383,7,7
by_mission,sentinel-1a,held-out,144.0,in_track,median_sigma_km,16.3971404241656,16.39711870791512,7,7
by_mission,sentinel-1a,held-out,144.0,cross,median_sigma_km,0.1799987110550854,0.17999921775449404,7,7
by_mission,sentinel-1a,held-out,168.0,radial,median_sigma_km,0.44187099253712553,0.4438518528010299,2,2
by_mission,sentinel-1a,held-out,168.0,in_track,median_sigma_km,20.190463177820128,20.190419720114335,2,2
by_mission,sentinel-1a,held-out,168.0,cross,median_sigma_km,0.20838614728219845,0.20838702399540543,2,2
by_mission,sentinel-1a,quiet,6.0,radial,median_sigma_km,0.028973062634779154,0.028973123832939436,31,31
by_mission,sentinel-1a,quiet,6.0,in_track,median_sigma_km,0.8140230977654749,0.814023095587014,31,31
by_mission,sentinel-1a,quiet,6.0,cross,median_sigma_km,0.01776550133066086,0.01776550184188727,31,31
by_mission,sentinel-1a,quiet,12.0,radial,median_sigma_km,0.028973062634779154,0.02897315691637174,31,31
by_mission,sentinel-1a,quiet,12.0,in_track,median_sigma_km,0.8140230977654749,0.8140230944049163,31,31
by_mission,sentinel-1a,quiet,12.0,cross,median_sigma_km,0.01776550133066086,0.01776550207847599,31,31
by_mission,sentinel-1a,quiet,24.0,radial,median_sigma_km,0.05794612526955831,0.05794658482619304,31,31
by_mission,sentinel-1a,quiet,24.0,in_track,median_sigma_km,1.744896708153245,1.7448966916831863,31,31
by_mission,sentinel-1a,quiet,24.0,cross,median_sigma_km,0.03315159770539527,0.033151622715767826,31,31
by_mission,sentinel-1a,quiet,36.0,radial,median_sigma_km,0.08691918790433746,0.08691986610354066,31,31
by_mission,sentinel-1a,quiet,36.0,in_track,median_sigma_km,2.7256501308447394,2.7256501074201585,31,31
by_mission,sentinel-1a,quiet,36.0,cross,median_sigma_km,0.047751453631553746,0.047751461085142596,31,31
by_mission,sentinel-1a,quiet,48.0,radial,median_sigma_km,0.11589225053911661,0.11589389237552057,31,31
by_mission,sentinel-1a,quiet,48.0,in_track,median_sigma_km,3.740267973331166,3.7402679209030145,31,31
by_mission,sentinel-1a,quiet,48.0,cross,median_sigma_km,0.061863068762579417,0.061863088743088074,31,31
by_mission,sentinel-1a,quiet,72.0,radial,median_sigma_km,0.17383837580867492,0.17384429826288245,31,31
by_mission,sentinel-1a,quiet,72.0,in_track,median_sigma_km,5.842558956795934,5.842558780372975,31,31
by_mission,sentinel-1a,quiet,72.0,cross,median_sigma_km,0.08910736326415947,0.08910739127631995,31,31
by_mission,sentinel-1a,quiet,96.0,radial,median_sigma_km,0.23178450107823323,0.23181148100066498,31,31
by_mission,sentinel-1a,quiet,96.0,in_track,median_sigma_km,8.017439913181496,8.017439133084062,31,31
by_mission,sentinel-1a,quiet,96.0,cross,median_sigma_km,0.11544056822639338,0.11544076927776066,31,31
by_mission,sentinel-1a,quiet,120.0,radial,median_sigma_km,0.28973062634779156,0.28979370029393586,31,31
by_mission,sentinel-1a,quiet,120.0,in_track,median_sigma_km,10.247943635643642,10.247941845475966,31,31
by_mission,sentinel-1a,quiet,120.0,cross,median_sigma_km,0.14111639310975715,0.14111671200021944,31,31
by_mission,sentinel-1a,quiet,144.0,radial,median_sigma_km,0.34767675161734984,0.34792043155797414,31,31
by_mission,sentinel-1a,quiet,144.0,in_track,median_sigma_km,12.523799286395223,12.523792511339185,31,31
by_mission,sentinel-1a,quiet,144.0,cross,median_sigma_km,0.16628021942863144,0.16628043250469754,31,31
by_mission,sentinel-1a,quiet,168.0,radial,median_sigma_km,0.4056228768869081,0.4064348165617823,31,31
by_mission,sentinel-1a,quiet,168.0,in_track,median_sigma_km,14.838075185234697,14.838052964605646,31,31
by_mission,sentinel-1a,quiet,168.0,cross,median_sigma_km,0.19102609578516208,0.19102646535459805,31,31
by_mission,sentinel-1a,storm,6.0,radial,median_sigma_km,0.02921863065859328,0.02921869284461537,26,26
by_mission,sentinel-1a,storm,6.0,in_track,median_sigma_km,0.5555611959843545,0.5555611926224253,26,26
by_mission,sentinel-1a,storm,6.0,cross,median_sigma_km,0.020821969228670332,0.02082197021403731,26,26
by_mission,sentinel-1a,storm,12.0,radial,median_sigma_km,0.02921863065859328,0.02921866421796428,25,25
by_mission,sentinel-1a,storm,12.0,in_track,median_sigma_km,0.5555611959843545,0.5555611940205866,25,25
by_mission,sentinel-1a,storm,12.0,cross,median_sigma_km,0.020821969228670332,0.020821969749966578,25,25
by_mission,sentinel-1a,storm,24.0,radial,median_sigma_km,0.05843726131718656,0.05843749454485546,22,22
by_mission,sentinel-1a,storm,24.0,in_track,median_sigma_km,1.3679521254147164,1.3679521152000658,22,22
by_mission,sentinel-1a,storm,24.0,cross,median_sigma_km,0.03885516847822726,0.03885518306385398,22,22
by_mission,sentinel-1a,storm,36.0,radial,median_sigma_km,0.08765589197577983,0.08765677443577657,20,20
by_mission,sentinel-1a,storm,36.0,in_track,median_sigma_km,2.317338811033203,2.3173387756026953,20,20
by_mission,sentinel-1a,storm,36.0,cross,median_sigma_km,0.05596685844291364,0.055966873286987406,20,20
by_mission,sentinel-1a,storm,48.0,radial,median_sigma_km,0.11687452263437312,0.11687609406535293,17,17
by_mission,sentinel-1a,storm,48.0,in_track,median_sigma_km,3.368293233855265,3.3682931783222596,17,17
by_mission,sentinel-1a,storm,48.0,cross,median_sigma_km,0.07250630816381408,0.07250632864051332,17,17
by_mission,sentinel-1a,storm,72.0,radial,median_sigma_km,0.17531178395155966,0.1753136040035488,12,12
by_mission,sentinel-1a,storm,72.0,in_track,median_sigma_km,5.7059574620617575,5.705957405802243,12,12
by_mission,sentinel-1a,storm,72.0,cross,median_sigma_km,0.10443785071981748,0.10443789261056247,12,12
by_mission,sentinel-1a,storm,96.0,radial,median_sigma_km,0.23374904526874624,0.2337517057289365,8,8
by_mission,sentinel-1a,storm,96.0,in_track,median_sigma_km,8.293710794736782,8.293710718328015,8,8
by_mission,sentinel-1a,storm,96.0,cross,median_sigma_km,0.13530155522274617,0.13530186796518884,8,8
by_mission,sentinel-1a,storm,120.0,radial,median_sigma_km,0.2921863065859328,0.29218801302275815,3,3
by_mission,sentinel-1a,storm,120.0,in_track,median_sigma_km,11.08490318006623,11.08490313162842,3,3
by_mission,sentinel-1a,storm,120.0,cross,median_sigma_km,0.16539478060893015,0.1653951926734416,3,3
by_mission,sentinel-3a,august,6.0,radial,median_sigma_km,0.02093393395787183,0.02093394319459105,29,29
by_mission,sentinel-3a,august,6.0,in_track,median_sigma_km,0.2387962601541526,0.23879625934393792,29,29
by_mission,sentinel-3a,august,6.0,cross,median_sigma_km,0.01860356399716797,0.018603564735704414,29,29
by_mission,sentinel-3a,august,12.0,radial,median_sigma_km,0.02093393395787183,0.020933936230039713,27,27
by_mission,sentinel-3a,august,12.0,in_track,median_sigma_km,0.2387962601541526,0.2387962598180158,27,27
by_mission,sentinel-3a,august,12.0,cross,median_sigma_km,0.01860356399716797,0.018603564282907447,27,27
by_mission,sentinel-3a,august,24.0,radial,median_sigma_km,0.04334433508919321,0.04334437590892766,24,24
by_mission,sentinel-3a,august,24.0,in_track,median_sigma_km,0.6992363774740102,0.6992363748953777,24,24
by_mission,sentinel-3a,august,24.0,cross,median_sigma_km,0.03593971662468571,0.03593971675200118,24,24
by_mission,sentinel-3a,august,36.0,radial,median_sigma_km,0.06634805059747989,0.06634807559466466,22,22
by_mission,sentinel-3a,august,36.0,in_track,median_sigma_km,1.3108876312339268,1.3108876298610888,22,22
by_mission,sentinel-3a,august,36.0,cross,median_sigma_km,0.05282765641667458,0.05282765970034978,22,22
by_mission,sentinel-3a,august,48.0,radial,median_sigma_km,0.08974573953013752,0.08974588911605491,19,19
by_mission,sentinel-3a,august,48.0,in_track,median_sigma_km,2.0474839566890686,2.0474839481211733,19,19
by_mission,sentinel-3a,august,48.0,cross,median_sigma_km,0.0694309558780963,0.06943096728925716,19,19
by_mission,sentinel-3a,august,72.0,radial,n,14.0,15.0,14,15
by_mission,sentinel-3a,august,72.0,radial,inside_1_sigma_count,14.0,15.0,14,15
by_mission,sentinel-3a,august,72.0,radial,inside_2_sigma_count,14.0,15.0,14,15
by_mission,sentinel-3a,august,72.0,radial,median_sigma_km,0.13737561909764776,0.13737874222402222,14,15
by_mission,sentinel-3a,august,72.0,radial,median_abs_km,0.03026599093185456,0.03832350516286798,14,15
by_mission,sentinel-3a,august,72.0,radial,quantile_linear_km,0.09908016302762185,0.09878342754257019,14,15
by_mission,sentinel-3a,august,72.0,in_track,n,14.0,15.0,14,15
by_mission,sentinel-3a,august,72.0,in_track,inside_1_sigma_count,14.0,15.0,14,15
by_mission,sentinel-3a,august,72.0,in_track,inside_2_sigma_count,14.0,15.0,14,15
by_mission,sentinel-3a,august,72.0,in_track,median_sigma_km,3.8385036597632727,3.8385035479801144,14,15
by_mission,sentinel-3a,august,72.0,in_track,median_abs_km,1.4645660260251971,1.7359499981307254,14,15
by_mission,sentinel-3a,august,72.0,in_track,quantile_linear_km,3.1265847346483246,3.107007196029593,14,15
by_mission,sentinel-3a,august,72.0,cross,n,14.0,15.0,14,15
by_mission,sentinel-3a,august,72.0,cross,inside_2_sigma_count,12.0,13.0,14,15
by_mission,sentinel-3a,august,72.0,cross,inside_1_sigma_fraction,0.5,0.4666666666666667,14,15
by_mission,sentinel-3a,august,72.0,cross,inside_2_sigma_fraction,0.8571428571428571,0.8666666666666667,14,15
by_mission,sentinel-3a,august,72.0,cross,median_sigma_km,0.10205630500965139,0.10205630730091385,14,15
by_mission,sentinel-3a,august,72.0,cross,median_abs_km,0.11148443710343886,0.11166598675170902,14,15
by_mission,sentinel-3a,august,72.0,cross,quantile_linear_km,0.27391447156621157,0.26991819615285123,14,15
by_mission,sentinel-3a,august,96.0,radial,n,9.0,11.0,9,11
by_mission,sentinel-3a,august,96.0,radial,inside_1_sigma_count,6.0,7.0,9,11
by_mission,sentinel-3a,august,96.0,radial,inside_2_sigma_count,9.0,11.0,9,11
by_mission,sentinel-3a,august,96.0,radial,inside_1_sigma_fraction,0.6666666666666666,0.6363636363636364,9,11
by_mission,sentinel-3a,august,96.0,radial,median_sigma_km,0.18582123239951184,0.1858303598171207,9,11
by_mission,sentinel-3a,august,96.0,radial,quantile_linear_km,0.2181742952783998,0.2149470062840229,9,11
by_mission,sentinel-3a,august,96.0,in_track,n,9.0,11.0,9,11
by_mission,sentinel-3a,august,96.0,in_track,inside_1_sigma_count,9.0,11.0,9,11
by_mission,sentinel-3a,august,96.0,in_track,inside_2_sigma_count,9.0,11.0,9,11
by_mission,sentinel-3a,august,96.0,in_track,median_sigma_km,5.995383947333235,5.995383663667366,9,11
by_mission,sentinel-3a,august,96.0,in_track,median_abs_km,2.0041055496957116,2.207236232162038,9,11
by_mission,sentinel-3a,august,96.0,in_track,quantile_linear_km,4.009650269814826,4.381843415065407,9,11
by_mission,sentinel-3a,august,96.0,cross,n,9.0,11.0,9,11
by_mission,sentinel-3a,august,96.0,cross,inside_1_sigma_count,7.0,9.0,9,11
by_mission,sentinel-3a,august,96.0,cross,inside_2_sigma_count,8.0,10.0,9,11
by_mission,sentinel-3a,august,96.0,cross,inside_1_sigma_fraction,0.7777777777777778,0.8181818181818182,9,11
by_mission,sentinel-3a,august,96.0,cross,inside_2_sigma_fraction,0.8888888888888888,0.9090909090909091,9,11
by_mission,sentinel-3a,august,96.0,cross,median_sigma_km,0.13413176526926254,0.13413179887239726,9,11
by_mission,sentinel-3a,august,96.0,cross,median_abs_km,0.09275694084627903,0.09080070829842507,9,11
by_mission,sentinel-3a,august,96.0,cross,quantile_linear_km,0.2663044512094775,0.25867967705570116,9,11
by_mission,sentinel-3a,august,120.0,radial,median_sigma_km,0.23488260221870738,0.23490465692380857,5,5
by_mission,sentinel-3a,august,120.0,in_track,median_sigma_km,8.47281104015975,8.472810428713167,5,5
by_mission,sentinel-3a,august,120.0,cross,median_sigma_km,0.16580443865107122,0.16580445155602172,5,5
by_mission,sentinel-3a,august,144.0,radial,n,0.0,1.0,0,1
by_mission,sentinel-3a,august,144.0,radial,inside_1_sigma_count,0.0,1.0,0,1
by_mission,sentinel-3a,august,144.0,radial,inside_2_sigma_count,0.0,1.0,0,1
by_mission,sentinel-3a,august,144.0,radial,inside_1_sigma_fraction,,1.0,0,1
by_mission,sentinel-3a,august,144.0,radial,inside_2_sigma_fraction,,1.0,0,1
by_mission,sentinel-3a,august,144.0,radial,median_sigma_km,,0.2845696576013199,0,1
by_mission,sentinel-3a,august,144.0,radial,median_abs_km,,0.26569595830384496,0,1
by_mission,sentinel-3a,august,144.0,radial,quantile_linear_km,,0.26569595830384496,0,1
by_mission,sentinel-3a,august,144.0,radial,quantile_inverted_cdf_km,,0.26569595830384496,0,1
by_mission,sentinel-3a,august,144.0,in_track,n,0.0,1.0,0,1
by_mission,sentinel-3a,august,144.0,in_track,inside_1_sigma_count,0.0,1.0,0,1
by_mission,sentinel-3a,august,144.0,in_track,inside_2_sigma_count,0.0,1.0,0,1
by_mission,sentinel-3a,august,144.0,in_track,inside_1_sigma_fraction,,1.0,0,1
by_mission,sentinel-3a,august,144.0,in_track,inside_2_sigma_fraction,,1.0,0,1
by_mission,sentinel-3a,august,144.0,in_track,median_sigma_km,,11.23979333026733,0,1
by_mission,sentinel-3a,august,144.0,in_track,median_abs_km,,5.486722436868504,0,1
by_mission,sentinel-3a,august,144.0,in_track,quantile_linear_km,,5.486722436868504,0,1
by_mission,sentinel-3a,august,144.0,in_track,quantile_inverted_cdf_km,,5.486722436868504,0,1
by_mission,sentinel-3a,august,144.0,cross,n,0.0,1.0,0,1
by_mission,sentinel-3a,august,144.0,cross,inside_1_sigma_count,0.0,1.0,0,1
by_mission,sentinel-3a,august,144.0,cross,inside_2_sigma_count,0.0,1.0,0,1
by_mission,sentinel-3a,august,144.0,cross,inside_1_sigma_fraction,,1.0,0,1
by_mission,sentinel-3a,august,144.0,cross,inside_2_sigma_fraction,,1.0,0,1
by_mission,sentinel-3a,august,144.0,cross,median_sigma_km,,0.19715978988816155,0,1
by_mission,sentinel-3a,august,144.0,cross,median_abs_km,,0.10751767278650659,0,1
by_mission,sentinel-3a,august,144.0,cross,quantile_linear_km,,0.10751767278650659,0,1
by_mission,sentinel-3a,august,144.0,cross,quantile_inverted_cdf_km,,0.10751767278650659,0,1
by_mission,sentinel-3a,held-out,6.0,radial,median_sigma_km,0.020689619769315278,0.020689730747424986,22,22
by_mission,sentinel-3a,held-out,6.0,in_track,median_sigma_km,0.6096108273918335,0.6096108234347256,22,22
by_mission,sentinel-3a,held-out,6.0,cross,median_sigma_km,0.007089515267847092,0.007089534749986635,22,22
by_mission,sentinel-3a,held-out,12.0,radial,median_sigma_km,0.020689619769315278,0.020689644438137426,22,22
by_mission,sentinel-3a,held-out,12.0,in_track,median_sigma_km,0.6096108273918335,0.6096108265201474,22,22
by_mission,sentinel-3a,held-out,12.0,cross,median_sigma_km,0.007089515267847092,0.007089519175790546,22,22
by_mission,sentinel-3a,held-out,24.0,radial,median_sigma_km,0.04283847526957448,0.04283889505096873,22,22
by_mission,sentinel-3a,held-out,24.0,in_track,median_sigma_km,1.5010379289160558,1.501037916905624,22,22
by_mission,sentinel-3a,held-out,24.0,cross,median_sigma_km,0.019369126513508098,0.019369129332997698,22,22
by_mission,sentinel-3a,held-out,36.0,radial,median_sigma_km,0.06557372073780547,0.06557412594942139,22,22
by_mission,sentinel-3a,held-out,36.0,in_track,median_sigma_km,2.5427888775387792,2.542788867049677,22,22
by_mission,sentinel-3a,held-out,36.0,cross,median_sigma_km,0.03486923034600647,0.03486925887394882,22,22
by_mission,sentinel-3a,held-out,48.0,radial,median_sigma_km,0.08869834167487353,0.08869984084468946,22,22
by_mission,sentinel-3a,held-out,48.0,in_track,median_sigma_km,3.6959889208076513,3.6959888840768524,22,22
by_mission,sentinel-3a,held-out,48.0,cross,median_sigma_km,0.05291801311124194,0.05291804828542583,22,22
by_mission,sentinel-3a,held-out,72.0,radial,median_sigma_km,0.13577234601123989,0.13577839497088853,22,22
by_mission,sentinel-3a,held-out,72.0,in_track,median_sigma_km,6.261080641794917,6.2610805099496645,22,22
by_mission,sentinel-3a,held-out,72.0,cross,median_sigma_km,0.09526554474937367,0.09526555770087469,22,22
by_mission,sentinel-3a,held-out,96.0,radial,median_sigma_km,0.18365256387778883,0.18367391497981023,22,22
by_mission,sentinel-3a,held-out,96.0,in_track,median_sigma_km,9.100592223274093,9.100591791065344,22,22
by_mission,sentinel-3a,held-out,96.0,cross,median_sigma_km,0.14457627243482682,0.14457635232055838,22,22
by_mission,sentinel-3a,held-out,120.0,radial,inside_2_sigma_count,19.0,20.0,20,20
by_mission,sentinel-3a,held-out,120.0,radial,inside_2_sigma_fraction,0.95,1.0,20,20
by_mission,sentinel-3a,held-out,120.0,radial,median_sigma_km,0.23214135193662477,0.23217321972648475,20,20
by_mission,sentinel-3a,held-out,120.0,in_track,median_sigma_km,12.16333510691924,12.16333449843848,20,20
by_mission,sentinel-3a,held-out,120.0,cross,median_sigma_km,0.19980968821838985,0.1998097022687283,20,20
by_mission,sentinel-3a,held-out,144.0,radial,inside_2_sigma_count,16.0,17.0,17,17
by_mission,sentinel-3a,held-out,144.0,radial,inside_2_sigma_fraction,0.9411764705882353,1.0,17,17
by_mission,sentinel-3a,held-out,144.0,radial,median_sigma_km,0.28112069490618286,0.2811413274328878,17,17
by_mission,sentinel-3a,held-out,144.0,in_track,median_sigma_km,15.416588907295631,15.416588527297753,17,17
by_mission,sentinel-3a,held-out,144.0,cross,median_sigma_km,0.26027313841856353,0.2602732803282367,17,17
by_mission,sentinel-3a,held-out,168.0,radial,median_sigma_km,0.3305117828267743,0.3305828124705452,12,12
by_mission,sentinel-3a,held-out,168.0,in_track,median_sigma_km,18.83732012626808,18.837318879794154,12,12
by_mission,sentinel-3a,held-out,168.0,cross,median_sigma_km,0.3254634275963587,0.3254634335608575,12,12
by_mission,sentinel-3a,quiet,6.0,radial,median_sigma_km,0.02210228819061953,0.02210230457829809,26,26
by_mission,sentinel-3a,quiet,6.0,in_track,median_sigma_km,0.30724390652622713,0.3072439052363784,26,26
by_mission,sentinel-3a,quiet,6.0,cross,median_sigma_km,0.03049520185068745,0.03049520266439032,26,26
by_mission,sentinel-3a,quiet,12.0,radial,n,24.0,25.0,24,25
by_mission,sentinel-3a,quiet,12.0,radial,inside_1_sigma_fraction,0.16666666666666666,0.16,24,25
by_mission,sentinel-3a,quiet,12.0,radial,inside_2_sigma_fraction,0.25,0.24,24,25
by_mission,sentinel-3a,quiet,12.0,radial,median_sigma_km,0.02210228819061953,0.022102289340843045,24,25
by_mission,sentinel-3a,quiet,12.0,radial,median_abs_km,0.11946669608796748,0.12103401678079292,24,25
by_mission,sentinel-3a,quiet,12.0,radial,quantile_linear_km,0.19379566318874092,0.19325680673100945,24,25
by_mission,sentinel-3a,quiet,12.0,in_track,n,24.0,25.0,24,25
by_mission,sentinel-3a,quiet,12.0,in_track,inside_1_sigma_count,16.0,17.0,24,25
by_mission,sentinel-3a,quiet,12.0,in_track,inside_2_sigma_count,23.0,24.0,24,25
by_mission,sentinel-3a,quiet,12.0,in_track,inside_1_sigma_fraction,0.6666666666666666,0.68,24,25
by_mission,sentinel-3a,quiet,12.0,in_track,inside_2_sigma_fraction,0.9583333333333334,0.96,24,25
by_mission,sentinel-3a,quiet,12.0,in_track,median_sigma_km,0.30724390652622713,0.30724390630110676,24,25
by_mission,sentinel-3a,quiet,12.0,in_track,median_abs_km,0.16821075949776448,0.16622370403497,24,25
by_mission,sentinel-3a,quiet,12.0,in_track,quantile_linear_km,0.5789964161111419,0.571257231921052,24,25
by_mission,sentinel-3a,quiet,12.0,cross,n,24.0,25.0,24,25
by_mission,sentinel-3a,quiet,12.0,cross,inside_1_sigma_fraction,0.20833333333333334,0.2,24,25
by_mission,sentinel-3a,quiet,12.0,cross,inside_2_sigma_fraction,0.3333333333333333,0.32,24,25
by_mission,sentinel-3a,quiet,12.0,cross,median_sigma_km,0.03049520185068745,0.03049520220920956,24,25
by_mission,sentinel-3a,quiet,12.0,cross,median_abs_km,0.08303176443739993,0.08861479964731853,24,25
by_mission,sentinel-3a,quiet,12.0,cross,quantile_linear_km,0.2278349924014295,0.22628480931035871,24,25
by_mission,sentinel-3a,quiet,24.0,radial,median_sigma_km,0.04420457638123906,0.04420462236783948,22,22
by_mission,sentinel-3a,quiet,24.0,in_track,median_sigma_km,0.8108215303962486,0.810821527784874,22,22
by_mission,sentinel-3a,quiet,24.0,cross,median_sigma_km,0.0609904037013749,0.06099040373028125,22,22
by_mission,sentinel-3a,quiet,36.0,radial,n,19.0,20.0,19,20
by_mission,sentinel-3a,quiet,36.0,radial,inside_1_sigma_count,11.0,12.0,19,20
by_mission,sentinel-3a,quiet,36.0,radial,inside_2_sigma_count,11.0,12.0,19,20
by_mission,sentinel-3a,quiet,36.0,radial,inside_1_sigma_fraction,0.5789473684210527,0.6,19,20
by_mission,sentinel-3a,quiet,36.0,radial,inside_2_sigma_fraction,0.5789473684210527,0.6,19,20
by_mission,sentinel-3a,quiet,36.0,radial,median_sigma_km,0.06630686457185858,0.06630689678181198,19,20
by_mission,sentinel-3a,quiet,36.0,radial,median_abs_km,0.05420483290669874,0.05650190849562201,19,20
by_mission,sentinel-3a,quiet,36.0,radial,quantile_linear_km,0.29458813572567316,0.2941829477191008,19,20
by_mission,sentinel-3a,quiet,36.0,radial,quantile_inverted_cdf_km,0.30188151984397604,0.2937777597125284,19,20
by_mission,sentinel-3a,quiet,36.0,in_track,n,19.0,20.0,19,20
by_mission,sentinel-3a,quiet,36.0,in_track,inside_1_sigma_count,19.0,20.0,19,20
by_mission,sentinel-3a,quiet,36.0,in_track,inside_2_sigma_count,19.0,20.0,19,20
by_mission,sentinel-3a,quiet,36.0,in_track,median_sigma_km,1.4303852893655697,1.4303852876245509,19,20
by_mission,sentinel-3a,quiet,36.0,in_track,median_abs_km,0.3341180715322627,0.328184199407667,19,20
by_mission,sentinel-3a,quiet,36.0,in_track,quantile_linear_km,0.9729507301808548,0.9659649021363144,19,20
by_mission,sentinel-3a,quiet,36.0,in_track,quantile_inverted_cdf_km,1.0986956349825874,0.9589790740917736,19,20
by_mission,sentinel-3a,quiet,36.0,cross,n,19.0,20.0,19,20
by_mission,sentinel-3a,quiet,36.0,cross,inside_1_sigma_count,8.0,9.0,19,20
by_mission,sentinel-3a,quiet,36.0,cross,inside_2_sigma_count,17.0,18.0,19,20
by_mission,sentinel-3a,quiet,36.0,cross,inside_1_sigma_fraction,0.42105263157894735,0.45,19,20
by_mission,sentinel-3a,quiet,36.0,cross,inside_2_sigma_fraction,0.8947368421052632,0.9,19,20
by_mission,sentinel-3a,quiet,36.0,cross,median_sigma_km,0.09148560555206235,0.09148560727935055,19,20
by_mission,sentinel-3a,quiet,36.0,cross,median_abs_km,0.10589388159809239,0.10371483200279738,19,20
by_mission,sentinel-3a,quiet,36.0,cross,quantile_linear_km,0.19607429807793791,0.19319043854405984,19,20
by_mission,sentinel-3a,quiet,36.0,cross,quantile_inverted_cdf_km,0.2479837696877462,0.19030657901018158,19,20
by_mission,sentinel-3a,quiet,48.0,radial,median_sigma_km,0.08840915276247811,0.08840943598005147,18,18
by_mission,sentinel-3a,quiet,48.0,in_track,median_sigma_km,2.1397708471656696,2.139770833879127,18,18
by_mission,sentinel-3a,quiet,48.0,cross,median_sigma_km,0.1219808074027498,0.12198081163367971,18,18
by_mission,sentinel-3a,quiet,72.0,radial,median_sigma_km,0.13261372914371716,0.13261592007446218,14,14
by_mission,sentinel-3a,quiet,72.0,in_track,median_sigma_km,3.7748094095420894,3.774809332077836,14,14
by_mission,sentinel-3a,quiet,72.0,cross,median_sigma_km,0.1829712111041247,0.18297121945274275,14,14
by_mission,sentinel-3a,quiet,96.0,radial,median_sigma_km,0.17681830552495623,0.17682092005304031,9,9
by_mission,sentinel-3a,quiet,96.0,in_track,median_sigma_km,5.646889120152636,5.646889028831162,9,9
by_mission,sentinel-3a,quiet,96.0,cross,median_sigma_km,0.2439616148054996,0.24396163168179558,9,9
by_mission,sentinel-3a,quiet,120.0,radial,median_sigma_km,0.2210228819061953,0.22102453702975364,8,8
by_mission,sentinel-3a,quiet,120.0,in_track,median_sigma_km,7.7176179996722745,7.717617946989057,8,8
by_mission,sentinel-3a,quiet,120.0,cross,median_sigma_km,0.3049520185068745,0.30495209733956424,8,8
by_mission,sentinel-3a,quiet,144.0,radial,median_sigma_km,0.2652274582874343,0.2652320130567708,8,8
by_mission,sentinel-3a,quiet,144.0,in_track,median_sigma_km,9.96178175510149,9.961781627502162,8,8
by_mission,sentinel-3a,quiet,144.0,cross,median_sigma_km,0.3659424222082494,0.3659424536538163,8,8
by_mission,sentinel-3a,quiet,168.0,radial,median_sigma_km,0.3094320346686734,0.3094445680122937,8,8
by_mission,sentinel-3a,quiet,168.0,in_track,median_sigma_km,12.361253941112643,12.361253619956592,8,8
by_mission,sentinel-3a,quiet,168.0,cross,median_sigma_km,0.42693282590962434,0.42693305007186505,8,8
by_mission,sentinel-3a,storm,6.0,radial,n,30.0,27.0,30,27
by_mission,sentinel-3a,storm,6.0,radial,inside_2_sigma_count,7.0,6.0,30,27
by_mission,sentinel-3a,storm,6.0,radial,inside_1_sigma_fraction,0.03333333333333333,0.037037037037037035,30,27
by_mission,sentinel-3a,storm,6.0,radial,inside_2_sigma_fraction,0.23333333333333334,0.2222222222222222,30,27
by_mission,sentinel-3a,storm,6.0,radial,median_sigma_km,0.02082836324751759,0.020828395271245304,30,27
by_mission,sentinel-3a,storm,6.0,radial,median_abs_km,0.07346231262214084,0.07163160389281005,30,27
by_mission,sentinel-3a,storm,6.0,radial,quantile_linear_km,0.18187166471617192,0.1849629437815981,30,27
by_mission,sentinel-3a,storm,6.0,in_track,n,30.0,27.0,30,27
by_mission,sentinel-3a,storm,6.0,in_track,inside_2_sigma_count,19.0,17.0,30,27
by_mission,sentinel-3a,storm,6.0,in_track,inside_1_sigma_fraction,0.3,0.3333333333333333,30,27
by_mission,sentinel-3a,storm,6.0,in_track,inside_2_sigma_fraction,0.6333333333333333,0.6296296296296297,30,27
by_mission,sentinel-3a,storm,6.0,in_track,median_sigma_km,0.41630168316462574,0.41630168134253653,30,27
by_mission,sentinel-3a,storm,6.0,in_track,median_abs_km,0.6643212822470237,0.6312717108248824,30,27
by_mission,sentinel-3a,storm,6.0,in_track,quantile_linear_km,1.4602441733375824,1.0766633150245992,30,27
by_mission,sentinel-3a,storm,6.0,in_track,quantile_inverted_cdf_km,1.7691767864254806,1.082659868452378,30,27
by_mission,sentinel-3a,storm,6.0,cross,n,30.0,27.0,30,27
by_mission,sentinel-3a,storm,6.0,cross,inside_1_sigma_count,5.0,4.0,30,27
by_mission,sentinel-3a,storm,6.0,cross,inside_2_sigma_count,12.0,11.0,30,27
by_mission,sentinel-3a,storm,6.0,cross,inside_1_sigma_fraction,0.16666666666666666,0.14814814814814814,30,27
by_mission,sentinel-3a,storm,6.0,cross,inside_2_sigma_fraction,0.4,0.4074074074074074,30,27
by_mission,sentinel-3a,storm,6.0,cross,median_sigma_km,0.023782506755535653,0.02378250988660751,30,27
by_mission,sentinel-3a,storm,6.0,cross,median_abs_km,0.05355336039617303,0.05241538575993632,30,27
by_mission,sentinel-3a,storm,6.0,cross,quantile_linear_km,0.2138252759227381,0.21987728946562737,30,27
by_mission,sentinel-3a,storm,12.0,radial,n,30.0,25.0,30,25
by_mission,sentinel-3a,storm,12.0,radial,inside_1_sigma_count,4.0,3.0,30,25
by_mission,sentinel-3a,storm,12.0,radial,inside_2_sigma_count,7.0,6.0,30,25
by_mission,sentinel-3a,storm,12.0,radial,inside_1_sigma_fraction,0.13333333333333333,0.12,30,25
by_mission,sentinel-3a,storm,12.0,radial,inside_2_sigma_fraction,0.23333333333333334,0.24,30,25
by_mission,sentinel-3a,storm,12.0,radial,median_sigma_km,0.02082836324751759,0.02082836970259345,30,25
by_mission,sentinel-3a,storm,12.0,radial,median_abs_km,0.12138947118559543,0.11715253240214799,30,25
by_mission,sentinel-3a,storm,12.0,radial,quantile_linear_km,0.19775138528051686,0.19726162820593507,30,25
by_mission,sentinel-3a,storm,12.0,radial,quantile_inverted_cdf_km,0.19781240453463117,0.1976768061921549,30,25
by_mission,sentinel-3a,storm,12.0,in_track,n,30.0,25.0,30,25
by_mission,sentinel-3a,storm,12.0,in_track,inside_1_sigma_count,21.0,19.0,30,25
by_mission,sentinel-3a,storm,12.0,in_track,inside_2_sigma_count,24.0,21.0,30,25
by_mission,sentinel-3a,storm,12.0,in_track,inside_1_sigma_fraction,0.7,0.76,30,25
by_mission,sentinel-3a,storm,12.0,in_track,inside_2_sigma_fraction,0.8,0.84,30,25
by_mission,sentinel-3a,storm,12.0,in_track,median_sigma_km,0.41630168316462574,0.4163016827097997,30,25
by_mission,sentinel-3a,storm,12.0,in_track,median_abs_km,0.32020511979571453,0.28301056045119805,30,25
by_mission,sentinel-3a,storm,12.0,in_track,quantile_linear_km,1.4433173585324974,1.3847865760388447,30,25
by_mission,sentinel-3a,storm,12.0,in_track,quantile_inverted_cdf_km,1.455647094906684,1.4282476807418252,30,25
by_mission,sentinel-3a,storm,12.0,cross,n,30.0,25.0,30,25
by_mission,sentinel-3a,storm,12.0,cross,inside_1_sigma_count,3.0,2.0,30,25
by_mission,sentinel-3a,storm,12.0,cross,inside_2_sigma_count,6.0,5.0,30,25
by_mission,sentinel-3a,storm,12.0,cross,inside_1_sigma_fraction,0.1,0.08,30,25
by_mission,sentinel-3a,storm,12.0,cross,median_sigma_km,0.023782506755535653,0.02378250716699939,30,25
by_mission,sentinel-3a,storm,12.0,cross,median_abs_km,0.08833707478447045,0.08795364364601221,30,25
by_mission,sentinel-3a,storm,12.0,cross,quantile_linear_km,0.2697823712463895,0.27624875908638874,30,25
by_mission,sentinel-3a,storm,24.0,radial,n,30.0,23.0,30,23
by_mission,sentinel-3a,storm,24.0,radial,inside_1_sigma_count,23.0,17.0,30,23
by_mission,sentinel-3a,storm,24.0,radial,inside_2_sigma_count,24.0,18.0,30,23
by_mission,sentinel-3a,storm,24.0,radial,inside_1_sigma_fraction,0.7666666666666667,0.7391304347826086,30,23
by_mission,sentinel-3a,storm,24.0,radial,inside_2_sigma_fraction,0.8,0.782608695652174,30,23
by_mission,sentinel-3a,storm,24.0,radial,median_sigma_km,0.04312574778236369,0.04312583523932827,30,23
by_mission,sentinel-3a,storm,24.0,radial,median_abs_km,0.016795460169144343,0.018172122281939217,30,23
by_mission,sentinel-3a,storm,24.0,radial,quantile_linear_km,0.10594519713020562,0.10610275791529789,30,23
by_mission,sentinel-3a,storm,24.0,in_track,n,30.0,23.0,30,23
by_mission,sentinel-3a,storm,24.0,in_track,inside_1_sigma_count,22.0,19.0,30,23
by_mission,sentinel-3a,storm,24.0,in_track,inside_2_sigma_count,28.0,23.0,30,23
by_mission,sentinel-3a,storm,24.0,in_track,inside_1_sigma_fraction,0.7333333333333333,0.8260869565217391,30,23
by_mission,sentinel-3a,storm,24.0,in_track,inside_2_sigma_fraction,0.9333333333333333,1.0,30,23
by_mission,sentinel-3a,storm,24.0,in_track,median_sigma_km,1.0986267284075892,1.098626724974182,30,23
by_mission,sentinel-3a,storm,24.0,in_track,median_abs_km,0.5839208027824029,0.5674673108267145,30,23
by_mission,sentinel-3a,storm,24.0,in_track,quantile_linear_km,2.147848061441956,1.5960338291225862,30,23
by_mission,sentinel-3a,storm,24.0,in_track,quantile_inverted_cdf_km,2.2426563690249535,1.6432810280779548,30,23
by_mission,sentinel-3a,storm,24.0,cross,n,30.0,23.0,30,23
by_mission,sentinel-3a,storm,24.0,cross,inside_1_sigma_count,8.0,6.0,30,23
by_mission,sentinel-3a,storm,24.0,cross,inside_2_sigma_count,13.0,11.0,30,23
by_mission,sentinel-3a,storm,24.0,cross,inside_1_sigma_fraction,0.26666666666666666,0.2608695652173913,30,23
by_mission,sentinel-3a,storm,24.0,cross,inside_2_sigma_fraction,0.43333333333333335,0.4782608695652174,30,23
by_mission,sentinel-3a,storm,24.0,cross,median_sigma_km,0.04437972684872352,0.04437972714670179,30,23
by_mission,sentinel-3a,storm,24.0,cross,median_abs_km,0.12384537934758322,0.10914475506067245,30,23
by_mission,sentinel-3a,storm,24.0,cross,quantile_linear_km,0.32735339309530387,0.341248462762627,30,23
by_mission,sentinel-3a,storm,36.0,radial,n,30.0,20.0,30,20
by_mission,sentinel-3a,storm,36.0,radial,inside_1_sigma_count,14.0,12.0,30,20
by_mission,sentinel-3a,storm,36.0,radial,inside_2_sigma_count,20.0,13.0,30,20
by_mission,sentinel-3a,storm,36.0,radial,inside_1_sigma_fraction,0.4666666666666667,0.6,30,20
by_mission,sentinel-3a,storm,36.0,radial,inside_2_sigma_fraction,0.6666666666666666,0.65,30,20
by_mission,sentinel-3a,storm,36.0,radial,median_sigma_km,0.06601345458479106,0.06601354295582212,30,20
by_mission,sentinel-3a,storm,36.0,radial,median_abs_km,0.06831792138094381,0.053059726117675794,30,20
by_mission,sentinel-3a,storm,36.0,radial,quantile_linear_km,0.29270075502656634,0.2936400676801767,30,20
by_mission,sentinel-3a,storm,36.0,in_track,n,30.0,20.0,30,20
by_mission,sentinel-3a,storm,36.0,in_track,inside_1_sigma_count,25.0,20.0,30,20
by_mission,sentinel-3a,storm,36.0,in_track,inside_2_sigma_count,30.0,20.0,30,20
by_mission,sentinel-3a,storm,36.0,in_track,inside_1_sigma_fraction,0.8333333333333334,1.0,30,20
by_mission,sentinel-3a,storm,36.0,in_track,median_sigma_km,1.9381077732976162,1.938107769641315,30,20
by_mission,sentinel-3a,storm,36.0,in_track,median_abs_km,0.6112248124025448,0.39843650310035306,30,20
by_mission,sentinel-3a,storm,36.0,in_track,quantile_linear_km,3.1797847825680448,1.0873621245402145,30,20
by_mission,sentinel-3a,storm,36.0,in_track,quantile_inverted_cdf_km,3.6612902682200485,1.0836802216889816,30,20
by_mission,sentinel-3a,storm,36.0,cross,n,30.0,20.0,30,20
by_mission,sentinel-3a,storm,36.0,cross,inside_1_sigma_count,9.0,7.0,30,20
by_mission,sentinel-3a,storm,36.0,cross,inside_2_sigma_count,19.0,14.0,30,20
by_mission,sentinel-3a,storm,36.0,cross,inside_1_sigma_fraction,0.3,0.35,30,20
by_mission,sentinel-3a,storm,36.0,cross,inside_2_sigma_fraction,0.6333333333333333,0.7,30,20
by_mission,sentinel-3a,storm,36.0,cross,median_sigma_km,0.06392441437152674,0.0639244213243032,30,20
by_mission,sentinel-3a,storm,36.0,cross,median_abs_km,0.09100262261984618,0.08114136799475553,30,20
by_mission,sentinel-3a,storm,36.0,cross,quantile_linear_km,0.2280565586379902,0.22967853329936394,30,20
by_mission,sentinel-3a,storm,48.0,radial,n,30.0,18.0,30,18
by_mission,sentinel-3a,storm,48.0,radial,inside_1_sigma_count,11.0,4.0,30,18
by_mission,sentinel-3a,storm,48.0,radial,inside_2_sigma_count,23.0,13.0,30,18
by_mission,sentinel-3a,storm,48.0,radial,inside_1_sigma_fraction,0.36666666666666664,0.2222222222222222,30,18
by_mission,sentinel-3a,storm,48.0,radial,inside_2_sigma_fraction,0.7666666666666667,0.7222222222222222,30,18
by_mission,sentinel-3a,storm,48.0,radial,median_sigma_km,0.0892931479870224,0.08929403449742947,30,18
by_mission,sentinel-3a,storm,48.0,radial,median_abs_km,0.11369772752256187,0.13815975345769782,30,18
by_mission,sentinel-3a,storm,48.0,radial,quantile_linear_km,0.2365620710424967,0.24944232811499126,30,18
by_mission,sentinel-3a,storm,48.0,radial,quantile_inverted_cdf_km,0.24693417533822373,0.26365519385000735,30,18
by_mission,sentinel-3a,storm,48.0,in_track,n,30.0,18.0,30,18
by_mission,sentinel-3a,storm,48.0,in_track,inside_1_sigma_count,26.0,18.0,30,18
by_mission,sentinel-3a,storm,48.0,in_track,inside_2_sigma_count,30.0,18.0,30,18
by_mission,sentinel-3a,storm,48.0,in_track,inside_1_sigma_fraction,0.8666666666666667,1.0,30,18
by_mission,sentinel-3a,storm,48.0,in_track,median_sigma_km,2.8992933182407157,2.8992932898854527,30,18
by_mission,sentinel-3a,storm,48.0,in_track,median_abs_km,1.2905425432533546,0.9854803206037933,30,18
by_mission,sentinel-3a,storm,48.0,in_track,quantile_linear_km,4.158344059909872,1.9597254045652825,30,18
by_mission,sentinel-3a,storm,48.0,in_track,quantile_inverted_cdf_km,4.206234540014381,1.9787709615329687,30,18
by_mission,sentinel-3a,storm,48.0,cross,n,30.0,18.0,30,18
by_mission,sentinel-3a,storm,48.0,cross,inside_1_sigma_count,15.0,8.0,30,18
by_mission,sentinel-3a,storm,48.0,cross,inside_2_sigma_count,23.0,14.0,30,18
by_mission,sentinel-3a,storm,48.0,cross,inside_1_sigma_fraction,0.5,0.4444444444444444,30,18
by_mission,sentinel-3a,storm,48.0,cross,inside_2_sigma_fraction,0.7666666666666667,0.7777777777777778,30,18
by_mission,sentinel-3a,storm,48.0,cross,median_sigma_km,0.08281549861050176,0.08281550781670091,30,18
by_mission,sentinel-3a,storm,48.0,cross,median_abs_km,0.09139281048202466,0.10833636198658009,30,18
by_mission,sentinel-3a,storm,48.0,cross,quantile_linear_km,0.2389189353356682,0.2555620597974369,30,18
by_mission,sentinel-3a,storm,48.0,cross,quantile_inverted_cdf_km,0.253915637645153,0.2648917853270458,30,18
by_mission,sentinel-3a,storm,72.0,radial,n,30.0,17.0,30,17
by_mission,sentinel-3a,storm,72.0,radial,inside_1_sigma_count,28.0,16.0,30,17
by_mission,sentinel-3a,storm,72.0,radial,inside_2_sigma_count,30.0,17.0,30,17
by_mission,sentinel-3a,storm,72.0,radial,inside_1_sigma_fraction,0.9333333333333333,0.9411764705882353,30,17
by_mission,sentinel-3a,storm,72.0,radial,median_sigma_km,0.1366828280664599,0.13669179576832757,30,17
by_mission,sentinel-3a,storm,72.0,radial,median_abs_km,0.056316751054342244,0.045214041219236084,30,17
by_mission,sentinel-3a,storm,72.0,radial,quantile_linear_km,0.13965125368159917,0.1289516200488305,30,17
by_mission,sentinel-3a,storm,72.0,in_track,n,30.0,17.0,30,17
by_mission,sentinel-3a,storm,72.0,in_track,inside_1_sigma_count,26.0,17.0,30,17
by_mission,sentinel-3a,storm,72.0,in_track,inside_2_sigma_count,30.0,17.0,30,17
by_mission,sentinel-3a,storm,72.0,in_track,inside_1_sigma_fraction,0.8666666666666667,1.0,30,17
by_mission,sentinel-3a,storm,72.0,in_track,median_sigma_km,5.114697077593288,5.114696837420871,30,17
by_mission,sentinel-3a,storm,72.0,in_track,median_abs_km,2.8732545636509483,2.2014841422336136,30,17
by_mission,sentinel-3a,storm,72.0,in_track,quantile_linear_km,6.204687419667868,3.9171492575515994,30,17
by_mission,sentinel-3a,storm,72.0,in_track,quantile_inverted_cdf_km,6.277332083885319,4.046446514810151,30,17
by_mission,sentinel-3a,storm,72.0,cross,n,30.0,17.0,30,17
by_mission,sentinel-3a,storm,72.0,cross,inside_1_sigma_count,17.0,9.0,30,17
by_mission,sentinel-3a,storm,72.0,cross,inside_2_sigma_count,24.0,14.0,30,17
by_mission,sentinel-3a,storm,72.0,cross,inside_1_sigma_fraction,0.5666666666666667,0.5294117647058824,30,17
by_mission,sentinel-3a,storm,72.0,cross,inside_2_sigma_fraction,0.8,0.8235294117647058,30,17
by_mission,sentinel-3a,storm,72.0,cross,median_sigma_km,0.11928717514660815,0.11928721326142977,30,17
by_mission,sentinel-3a,storm,72.0,cross,median_abs_km,0.09092381486302309,0.10261166827462576,30,17
by_mission,sentinel-3a,storm,72.0,cross,quantile_linear_km,0.3235204411003241,0.315142511461942,30,17
by_mission,sentinel-3a,storm,96.0,radial,n,26.0,13.0,26,13
by_mission,sentinel-3a,storm,96.0,radial,inside_1_sigma_count,12.0,6.0,26,13
by_mission,sentinel-3a,storm,96.0,radial,inside_2_sigma_count,26.0,13.0,26,13
by_mission,sentinel-3a,storm,96.0,radial,median_sigma_km,0.18488412810068316,0.1849242317285163,26,13
by_mission,sentinel-3a,storm,96.0,radial,median_abs_km,0.191224655922826,0.1863767686935842,26,13
by_mission,sentinel-3a,storm,96.0,radial,quantile_linear_km,0.23080260271765474,0.23879818827156493,26,13
by_mission,sentinel-3a,storm,96.0,radial,quantile_inverted_cdf_km,0.23275534059295078,0.24786245978948623,26,13
by_mission,sentinel-3a,storm,96.0,in_track,n,26.0,13.0,26,13
by_mission,sentinel-3a,storm,96.0,in_track,inside_1_sigma_count,26.0,13.0,26,13
by_mission,sentinel-3a,storm,96.0,in_track,inside_2_sigma_count,26.0,13.0,26,13
by_mission,sentinel-3a,storm,96.0,in_track,median_sigma_km,7.651280938139237,7.65127996856369,26,13
by_mission,sentinel-3a,storm,96.0,in_track,median_abs_km,5.306263545216759,3.6157902408353064,26,13
by_mission,sentinel-3a,storm,96.0,in_track,quantile_linear_km,7.250424518003234,6.0845319158732005,26,13
by_mission,sentinel-3a,storm,96.0,in_track,quantile_inverted_cdf_km,7.3305013985176695,6.105962585511824,26,13
by_mission,sentinel-3a,storm,96.0,cross,n,26.0,13.0,26,13
by_mission,sentinel-3a,storm,96.0,cross,inside_1_sigma_count,7.0,4.0,26,13
by_mission,sentinel-3a,storm,96.0,cross,inside_2_sigma_count,20.0,10.0,26,13
by_mission,sentinel-3a,storm,96.0,cross,inside_1_sigma_fraction,0.2692307692307692,0.3076923076923077,26,13
by_mission,sentinel-3a,storm,96.0,cross,median_sigma_km,0.15453918482833753,0.15453920531510093,26,13
by_mission,sentinel-3a,storm,96.0,cross,median_abs_km,0.19204685224598794,0.1913651718261542,26,13
by_mission,sentinel-3a,storm,96.0,cross,quantile_linear_km,0.43579466024398383,0.42634218521253436,26,13
by_mission,sentinel-3a,storm,96.0,cross,quantile_inverted_cdf_km,0.44459197062674405,0.46006959498971634,26,13
by_mission,sentinel-3a,storm,120.0,radial,n,22.0,9.0,22,9
by_mission,sentinel-3a,storm,120.0,radial,inside_1_sigma_count,22.0,9.0,22,9
by_mission,sentinel-3a,storm,120.0,radial,inside_2_sigma_count,22.0,9.0,22,9
by_mission,sentinel-3a,storm,120.0,radial,median_sigma_km,0.2336980793661951,0.2338577509384917,22,9
by_mission,sentinel-3a,storm,120.0,radial,median_abs_km,0.07928919555912634,0.10362183381141199,22,9
by_mission,sentinel-3a,storm,120.0,radial,quantile_linear_km,0.19372610639579668,0.19126486279752486,22,9
by_mission,sentinel-3a,storm,120.0,radial,quantile_inverted_cdf_km,0.19399602448029385,0.1987380068044507,22,9
by_mission,sentinel-3a,storm,120.0,in_track,n,22.0,9.0,22,9
by_mission,sentinel-3a,storm,120.0,in_track,inside_1_sigma_count,22.0,9.0,22,9
by_mission,sentinel-3a,storm,120.0,in_track,inside_2_sigma_count,22.0,9.0,22,9
by_mission,sentinel-3a,storm,120.0,in_track,median_sigma_km,10.457025493558234,10.457021920087303,22,9
by_mission,sentinel-3a,storm,120.0,in_track,median_abs_km,6.8949363076428405,5.928447963380545,22,9
by_mission,sentinel-3a,storm,120.0,in_track,quantile_linear_km,8.370935360306943,8.579272636728897,22,9
by_mission,sentinel-3a,storm,120.0,in_track,quantile_inverted_cdf_km,8.37260858561952,8.717048670801814,22,9
by_mission,sentinel-3a,storm,120.0,cross,n,22.0,9.0,22,9
by_mission,sentinel-3a,storm,120.0,cross,inside_1_sigma_count,15.0,6.0,22,9
by_mission,sentinel-3a,storm,120.0,cross,inside_2_sigma_count,22.0,9.0,22,9
by_mission,sentinel-3a,storm,120.0,cross,inside_1_sigma_fraction,0.6818181818181818,0.6666666666666666,22,9
by_mission,sentinel-3a,storm,120.0,cross,median_sigma_km,0.18891116608442937,0.18891141947000845,22,9
by_mission,sentinel-3a,storm,120.0,cross,median_abs_km,0.10008797674485881,0.1030801329971125,22,9
by_mission,sentinel-3a,storm,120.0,cross,quantile_linear_km,0.2647437887541237,0.2394224001002712,22,9
by_mission,sentinel-3a,storm,120.0,cross,quantile_inverted_cdf_km,0.26504871882513603,0.2589501174048894,22,9
by_mission,sentinel-3a,storm,144.0,radial,n,18.0,5.0,18,5
by_mission,sentinel-3a,storm,144.0,radial,inside_1_sigma_count,10.0,1.0,18,5
by_mission,sentinel-3a,storm,144.0,radial,inside_2_sigma_count,18.0,5.0,18,5
by_mission,sentinel-3a,storm,144.0,radial,inside_1_sigma_fraction,0.5555555555555556,0.2,18,5
by_mission,sentinel-3a,storm,144.0,radial,median_sigma_km,0.2830058751772954,0.2837842753318473,18,5
by_mission,sentinel-3a,storm,144.0,radial,median_abs_km,0.27020489706699213,0.29224295553637936,18,5
by_mission,sentinel-3a,storm,144.0,radial,quantile_linear_km,0.3634894795034619,0.36075816807469896,18,5
by_mission,sentinel-3a,storm,144.0,in_track,n,18.0,5.0,18,5
by_mission,sentinel-3a,storm,144.0,in_track,inside_1_sigma_count,18.0,5.0,18,5
by_mission,sentinel-3a,storm,144.0,in_track,inside_2_sigma_count,18.0,5.0,18,5
by_mission,sentinel-3a,storm,144.0,in_track,median_sigma_km,13.497766510182693,13.497750166505284,18,5
by_mission,sentinel-3a,storm,144.0,in_track,median_abs_km,7.090583059770337,11.185157448969656,18,5
by_mission,sentinel-3a,storm,144.0,in_track,quantile_linear_km,11.794986949637567,12.289570023948388,18,5
by_mission,sentinel-3a,storm,144.0,cross,n,18.0,5.0,18,5
by_mission,sentinel-3a,storm,144.0,cross,inside_1_sigma_count,5.0,1.0,18,5
by_mission,sentinel-3a,storm,144.0,cross,inside_2_sigma_count,15.0,5.0,18,5
by_mission,sentinel-3a,storm,144.0,cross,inside_1_sigma_fraction,0.2777777777777778,0.2,18,5
by_mission,sentinel-3a,storm,144.0,cross,inside_2_sigma_fraction,0.8333333333333334,1.0,18,5
by_mission,sentinel-3a,storm,144.0,cross,median_sigma_km,0.22259773975802982,0.2225978278890641,18,5
by_mission,sentinel-3a,storm,144.0,cross,median_abs_km,0.2789963851741615,0.28413231573603603,18,5
by_mission,sentinel-3a,storm,144.0,cross,quantile_linear_km,0.4958059752915411,0.40574749903302926,18,5
by_mission,sentinel-3a,storm,144.0,cross,quantile_inverted_cdf_km,0.504775710049493,0.41176168797690393,18,5
by_mission,sentinel-3a,storm,168.0,radial,n,13.0,0.0,13,0
by_mission,sentinel-3a,storm,168.0,radial,inside_1_sigma_count,13.0,0.0,13,0
by_mission,sentinel-3a,storm,168.0,radial,inside_2_sigma_count,13.0,0.0,13,0
by_mission,sentinel-3a,storm,168.0,radial,inside_1_sigma_fraction,1.0,,13,0
by_mission,sentinel-3a,storm,168.0,radial,inside_2_sigma_fraction,1.0,,13,0
by_mission,sentinel-3a,storm,168.0,radial,median_sigma_km,0.33272817707894137,,13,0
by_mission,sentinel-3a,storm,168.0,radial,median_abs_km,0.16323240331601685,,13,0
by_mission,sentinel-3a,storm,168.0,radial,quantile_linear_km,0.22361061111181635,,13,0
by_mission,sentinel-3a,storm,168.0,radial,quantile_inverted_cdf_km,0.23464758442017997,,13,0
by_mission,sentinel-3a,storm,168.0,in_track,n,13.0,0.0,13,0
by_mission,sentinel-3a,storm,168.0,in_track,inside_1_sigma_count,13.0,0.0,13,0
by_mission,sentinel-3a,storm,168.0,in_track,inside_2_sigma_count,13.0,0.0,13,0
by_mission,sentinel-3a,storm,168.0,in_track,inside_1_sigma_fraction,1.0,,13,0
by_mission,sentinel-3a,storm,168.0,in_track,inside_2_sigma_fraction,1.0,,13,0
by_mission,sentinel-3a,storm,168.0,in_track,median_sigma_km,16.748943469351705,,13,0
by_mission,sentinel-3a,storm,168.0,in_track,median_abs_km,6.061532966662459,,13,0
by_mission,sentinel-3a,storm,168.0,in_track,quantile_linear_km,9.69661144963003,,13,0
by_mission,sentinel-3a,storm,168.0,in_track,quantile_inverted_cdf_km,12.321533888471027,,13,0
by_mission,sentinel-3a,storm,168.0,cross,n,13.0,0.0,13,0
by_mission,sentinel-3a,storm,168.0,cross,inside_1_sigma_count,13.0,0.0,13,0
by_mission,sentinel-3a,storm,168.0,cross,inside_2_sigma_count,13.0,0.0,13,0
by_mission,sentinel-3a,storm,168.0,cross,inside_1_sigma_fraction,1.0,,13,0
by_mission,sentinel-3a,storm,168.0,cross,inside_2_sigma_fraction,1.0,,13,0
by_mission,sentinel-3a,storm,168.0,cross,median_sigma_km,0.25572480781352763,,13,0
by_mission,sentinel-3a,storm,168.0,cross,median_abs_km,0.11663243899811904,,13,0
by_mission,sentinel-3a,storm,168.0,cross,quantile_linear_km,0.18650672660165893,,13,0
by_mission,sentinel-3a,storm,168.0,cross,quantile_inverted_cdf_km,0.1908955143984603,,13,0
by_mission,sentinel-3b,august,6.0,radial,median_sigma_km,0.026647074402249307,0.026647089216096615,13,13
by_mission,sentinel-3b,august,6.0,in_track,median_sigma_km,0.4171184769619556,0.41711847598559143,13,13
by_mission,sentinel-3b,august,6.0,cross,median_sigma_km,0.031206410468225247,0.031206411606497605,13,13
by_mission,sentinel-3b,august,12.0,radial,median_sigma_km,0.026647074402249307,0.02664708161827713,13,13
by_mission,sentinel-3b,august,12.0,in_track,median_sigma_km,0.4171184769619556,0.41711847647186384,13,13
by_mission,sentinel-3b,august,12.0,cross,median_sigma_km,0.031206410468225247,0.031206411250892106,13,13
by_mission,sentinel-3b,august,24.0,radial,median_sigma_km,0.05147875444939183,0.051478805331596676,11,11
by_mission,sentinel-3b,august,24.0,in_track,median_sigma_km,1.0270661652293036,1.0270661626453659,11,11
by_mission,sentinel-3b,august,24.0,cross,median_sigma_km,0.054333516423127115,0.054333517100053186,11,11
by_mission,sentinel-3b,august,36.0,radial,median_sigma_km,0.07566843058920783,0.07566844997140197,10,10
by_mission,sentinel-3b,august,36.0,in_track,median_sigma_km,1.7398710393197077,1.7398710364768926,10,10
by_mission,sentinel-3b,august,36.0,cross,median_sigma_km,0.07515204802858184,0.0751520697170028,10,10
by_mission,sentinel-3b,august,48.0,radial,median_sigma_km,0.0994503981809382,0.0994504647083571,9,9
by_mission,sentinel-3b,august,48.0,in_track,median_sigma_km,2.5289335429152877,2.5289335373393738,9,9
by_mission,sentinel-3b,august,48.0,cross,median_sigma_km,0.09460014665602504,0.09460016461700099,9,9
by_mission,sentinel-3b,august,72.0,radial,median_sigma_km,0.14618177211768776,0.14618213363468766,7,7
by_mission,sentinel-3b,august,72.0,in_track,median_sigma_km,4.284065019998143,4.284065007516266,7,7
by_mission,sentinel-3b,august,72.0,cross,median_sigma_km,0.13084731548827863,0.13084733005645455,7,7
by_mission,sentinel-3b,august,96.0,radial,median_sigma_km,0.19212550505801917,0.19212718381773763,5,5
by_mission,sentinel-3b,august,96.0,in_track,median_sigma_km,6.226964806161446,6.226964753251768,5,5
by_mission,sentinel-3b,august,96.0,cross,median_sigma_km,0.16470842191859714,0.16470848064465737,5,5
by_mission,sentinel-3b,august,120.0,radial,median_sigma_km,0.23749230059524404,0.2375130831517293,2,2
by_mission,sentinel-3b,august,120.0,in_track,median_sigma_km,8.32260777959405,8.322607183415975,2,2
by_mission,sentinel-3b,august,120.0,cross,median_sigma_km,0.1968991387979031,0.19689926974199007,2,2
by_mission,sentinel-3b,held-out,6.0,radial,inside_1_sigma_count,2.0,3.0,12,12
by_mission,sentinel-3b,held-out,6.0,radial,inside_1_sigma_fraction,0.16666666666666666,0.25,12,12
by_mission,sentinel-3b,held-out,6.0,radial,median_sigma_km,0.022642678302151702,0.022642714262301578,12,12
by_mission,sentinel-3b,held-out,6.0,in_track,median_sigma_km,0.6629795980458381,0.6629795964264693,12,12
by_mission,sentinel-3b,held-out,6.0,cross,median_sigma_km,0.027875621726603104,0.027875626755619214,12,12
by_mission,sentinel-3b,held-out,12.0,radial,median_sigma_km,0.022642678302151702,0.02264273505688491,11,11
by_mission,sentinel-3b,held-out,12.0,in_track,median_sigma_km,0.6629795980458381,0.6629795960701544,11,11
by_mission,sentinel-3b,held-out,12.0,cross,median_sigma_km,0.027875621726603104,0.027875624872391893,11,11
by_mission,sentinel-3b,held-out,24.0,radial,median_sigma_km,0.045285356604303405,0.0452855237847476,11,11
by_mission,sentinel-3b,held-out,24.0,in_track,median_sigma_km,1.5768401101955094,1.5768401053184935,11,11
by_mission,sentinel-3b,held-out,24.0,cross,median_sigma_km,0.04528408109470663,0.045284085739262105,11,11
by_mission,sentinel-3b,held-out,36.0,radial,median_sigma_km,0.0679280349064551,0.06792819252539366,9,9
by_mission,sentinel-3b,held-out,36.0,in_track,median_sigma_km,2.6175906603174495,2.617590655492837,9,9
by_mission,sentinel-3b,held-out,36.0,cross,median_sigma_km,0.06014637265968384,0.0601464046167681,9,9
by_mission,sentinel-3b,held-out,48.0,radial,n,7.0,8.0,7,8
by_mission,sentinel-3b,held-out,48.0,radial,inside_1_sigma_count,5.0,6.0,7,8
by_mission,sentinel-3b,held-out,48.0,radial,inside_2_sigma_count,7.0,8.0,7,8
by_mission,sentinel-3b,held-out,48.0,radial,inside_1_sigma_fraction,0.7142857142857143,0.75,7,8
by_mission,sentinel-3b,held-out,48.0,radial,median_sigma_km,0.09057071320860681,0.09057115505662414,7,8
by_mission,sentinel-3b,held-out,48.0,radial,median_abs_km,0.04970750818230664,0.04454854249325407,7,8
by_mission,sentinel-3b,held-out,48.0,radial,quantile_linear_km,0.1340532675121463,0.1310115002424565,7,8
by_mission,sentinel-3b,held-out,48.0,in_track,n,7.0,8.0,7,8
by_mission,sentinel-3b,held-out,48.0,in_track,inside_1_sigma_fraction,1.0,0.875,7,8
by_mission,sentinel-3b,held-out,48.0,in_track,inside_2_sigma_fraction,1.0,0.875,7,8
by_mission,sentinel-3b,held-out,48.0,in_track,median_sigma_km,3.750378956532349,3.7503789449471148,7,8
by_mission,sentinel-3b,held-out,48.0,in_track,median_abs_km,0.47162806571397664,0.5380403521645161,7,8
by_mission,sentinel-3b,held-out,48.0,in_track,quantile_linear_km,1.2943330487941305,7.2153751956835315,7,8
by_mission,sentinel-3b,held-out,48.0,in_track,quantile_inverted_cdf_km,1.5445832909778134,10.268878528986617,7,8
by_mission,sentinel-3b,held-out,48.0,cross,n,7.0,8.0,7,8
by_mission,sentinel-3b,held-out,48.0,cross,inside_1_sigma_fraction,0.2857142857142857,0.25,7,8
by_mission,sentinel-3b,held-out,48.0,cross,inside_2_sigma_fraction,0.8571428571428571,0.75,7,8
by_mission,sentinel-3b,held-out,48.0,cross,median_sigma_km,0.07356420677193111,0.07356424484961246,7,8
by_mission,sentinel-3b,held-out,48.0,cross,median_abs_km,0.09734180776330814,0.11222849553484888,7,8
by_mission,sentinel-3b,held-out,48.0,cross,quantile_linear_km,0.17121842600553874,0.20198322951663036,7,8
by_mission,sentinel-3b,held-out,48.0,cross,quantile_inverted_cdf_km,0.18719915851636265,0.20994388313215917,7,8
by_mission,sentinel-3b,held-out,72.0,radial,median_sigma_km,0.1358560698129102,0.13585649566912755,6,6
by_mission,sentinel-3b,held-out,72.0,in_track,median_sigma_km,6.2257148748283635,6.225714865020864,6,6
by_mission,sentinel-3b,held-out,72.0,cross,median_sigma_km,0.09770807064992673,0.09770809600749583,6,6
by_mission,sentinel-3b,held-out,96.0,radial,median_sigma_km,0.18114142641721362,0.18114421446607606,4,4
by_mission,sentinel-3b,held-out,96.0,in_track,median_sigma_km,8.919954678129502,8.919954620688758,4,4
by_mission,sentinel-3b,held-out,96.0,cross,median_sigma_km,0.11950540647309332,0.11950558135710398,4,4
by_mission,sentinel-3b,held-out,120.0,radial,median_sigma_km,0.22642678302151703,0.2264427601241665,4,4
by_mission,sentinel-3b,held-out,120.0,in_track,median_sigma_km,11.78962968480795,11.789629377717405,4,4
by_mission,sentinel-3b,held-out,120.0,cross,median_sigma_km,0.13970905738796494,0.13970907856044434,4,4
by_mission,sentinel-3b,held-out,144.0,radial,median_sigma_km,0.2717121396258204,0.2717406376815849,4,4
by_mission,sentinel-3b,held-out,144.0,in_track,median_sigma_km,14.807328850248329,14.80732832565517,4,4
by_mission,sentinel-3b,held-out,144.0,cross,median_sigma_km,0.15872722905749467,0.15872740368602167,4,4
by_mission,sentinel-3b,held-out,168.0,radial,median_sigma_km,0.31699749623012385,0.31705740551069705,4,4
by_mission,sentinel-3b,held-out,168.0,in_track,median_sigma_km,17.953958153522784,17.953957094398774,4,4
by_mission,sentinel-3b,held-out,168.0,cross,median_sigma_km,0.17681299777984102,0.17681312231300095,4,4
by_mission,sentinel-3b,quiet,6.0,radial,median_sigma_km,0.02724909228502728,0.027249166084517627,12,12
by_mission,sentinel-3b,quiet,6.0,in_track,median_sigma_km,0.6204530640908219,0.6204530607406006,12,12
by_mission,sentinel-3b,quiet,6.0,cross,median_sigma_km,0.04064566554997737,0.040645666692182045,12,12
by_mission,sentinel-3b,quiet,12.0,radial,n,11.0,12.0,11,12
by_mission,sentinel-3b,quiet,12.0,radial,inside_1_sigma_fraction,0.09090909090909091,0.08333333333333333,11,12
by_mission,sentinel-3b,quiet,12.0,radial,inside_2_sigma_fraction,0.09090909090909091,0.08333333333333333,11,12
by_mission,sentinel-3b,quiet,12.0,radial,median_sigma_km,0.02724909228502728,0.02724909700989507,11,12
by_mission,sentinel-3b,quiet,12.0,radial,median_abs_km,0.12858180914859968,0.12740453554648276,11,12
by_mission,sentinel-3b,quiet,12.0,radial,quantile_linear_km,0.18950034635922686,0.18813799785149637,11,12
by_mission,sentinel-3b,quiet,12.0,in_track,n,11.0,12.0,11,12
by_mission,sentinel-3b,quiet,12.0,in_track,inside_1_sigma_count,10.0,11.0,11,12
by_mission,sentinel-3b,quiet,12.0,in_track,inside_2_sigma_count,11.0,12.0,11,12
by_mission,sentinel-3b,quiet,12.0,in_track,inside_1_sigma_fraction,0.9090909090909091,0.9166666666666666,11,12
by_mission,sentinel-3b,quiet,12.0,in_track,median_sigma_km,0.6204530640908219,0.620453063682985,11,12
by_mission,sentinel-3b,quiet,12.0,in_track,median_abs_km,0.21030644005113222,0.18369848557321306,11,12
by_mission,sentinel-3b,quiet,12.0,in_track,quantile_linear_km,0.7359620026875071,0.7235122894697168,11,12
by_mission,sentinel-3b,quiet,12.0,cross,n,11.0,12.0,11,12
by_mission,sentinel-3b,quiet,12.0,cross,inside_1_sigma_fraction,0.09090909090909091,0.08333333333333333,11,12
by_mission,sentinel-3b,quiet,12.0,cross,inside_2_sigma_fraction,0.09090909090909091,0.08333333333333333,11,12
by_mission,sentinel-3b,quiet,12.0,cross,median_sigma_km,0.04064566554997737,0.040645667906291025,11,12
by_mission,sentinel-3b,quiet,12.0,cross,median_abs_km,0.16940314661366895,0.1806436987058902,11,12
by_mission,sentinel-3b,quiet,12.0,cross,quantile_linear_km,0.2719389811034124,0.2918975797692836,11,12
by_mission,sentinel-3b,quiet,12.0,cross,quantile_inverted_cdf_km,0.27551266445468664,0.3119235873760133,11,12
by_mission,sentinel-3b,quiet,24.0,radial,median_sigma_km,0.04911651405521208,0.04911667363758787,11,11
by_mission,sentinel-3b,quiet,24.0,in_track,median_sigma_km,1.2846665882862682,1.2846665821853447,11,11
by_mission,sentinel-3b,quiet,24.0,cross,median_sigma_km,0.07852224993610439,0.07852225010951722,11,11
by_mission,sentinel-3b,quiet,36.0,radial,n,9.0,10.0,9,10
by_mission,sentinel-3b,quiet,36.0,radial,inside_1_sigma_count,7.0,8.0,9,10
by_mission,sentinel-3b,quiet,36.0,radial,inside_2_sigma_count,7.0,8.0,9,10
by_mission,sentinel-3b,quiet,36.0,radial,inside_1_sigma_fraction,0.7777777777777778,0.8,9,10
by_mission,sentinel-3b,quiet,36.0,radial,inside_2_sigma_fraction,0.7777777777777778,0.8,9,10
by_mission,sentinel-3b,quiet,36.0,radial,median_sigma_km,0.06932743083911637,0.06932744004431746,9,10
by_mission,sentinel-3b,quiet,36.0,radial,median_abs_km,0.02519081494512367,0.025913434164913193,9,10
by_mission,sentinel-3b,quiet,36.0,radial,quantile_linear_km,0.19251819069968576,0.18882747692025129,9,10
by_mission,sentinel-3b,quiet,36.0,in_track,n,9.0,10.0,9,10
by_mission,sentinel-3b,quiet,36.0,in_track,inside_1_sigma_count,9.0,10.0,9,10
by_mission,sentinel-3b,quiet,36.0,in_track,inside_2_sigma_count,9.0,10.0,9,10
by_mission,sentinel-3b,quiet,36.0,in_track,median_sigma_km,1.966465136104034,1.9664651342057209,9,10
by_mission,sentinel-3b,quiet,36.0,in_track,median_abs_km,0.10580127224688345,0.12847953792027078,9,10
by_mission,sentinel-3b,quiet,36.0,in_track,quantile_linear_km,1.2790424284288335,1.2341449071048336,9,10
by_mission,sentinel-3b,quiet,36.0,cross,n,9.0,10.0,9,10
by_mission,sentinel-3b,quiet,36.0,cross,inside_1_sigma_count,4.0,5.0,9,10
by_mission,sentinel-3b,quiet,36.0,cross,inside_2_sigma_count,9.0,10.0,9,10
by_mission,sentinel-3b,quiet,36.0,cross,inside_1_sigma_fraction,0.4444444444444444,0.5,9,10
by_mission,sentinel-3b,quiet,36.0,cross,median_sigma_km,0.11541956448926356,0.11541958738805974,9,10
by_mission,sentinel-3b,quiet,36.0,cross,median_abs_km,0.14980034272896667,0.12424357116869786,9,10
by_mission,sentinel-3b,quiet,36.0,cross,quantile_linear_km,0.1832158012683451,0.18253021171217085,9,10
by_mission,sentinel-3b,quiet,48.0,radial,median_sigma_km,0.08853256202818245,0.08853302384963084,9,9
by_mission,sentinel-3b,quiet,48.0,in_track,median_sigma_km,2.6599405153674915,2.659940499774468,9,9
by_mission,sentinel-3b,quiet,48.0,cross,median_sigma_km,0.1516949876843997,0.1516950080421951,9,9
by_mission,sentinel-3b,quiet,72.0,radial,median_sigma_km,0.12496275823074794,0.1249644285130633,7,7
by_mission,sentinel-3b,quiet,72.0,in_track,median_sigma_km,4.071624758730934,4.071624706995564,7,7
by_mission,sentinel-3b,quiet,72.0,cross,median_sigma_km,0.2229759008177274,0.22297591178234236,7,7
by_mission,sentinel-3b,quiet,96.0,radial,median_sigma_km,0.15958002496804294,0.1595947694312175,5,5
by_mission,sentinel-3b,quiet,96.0,in_track,median_sigma_km,5.507486230129041,5.507485800539685,5,5
by_mission,sentinel-3b,quiet,96.0,cross,median_sigma_km,0.29305539904033745,0.2930554562708219,5,5
by_mission,sentinel-3b,quiet,120.0,radial,median_sigma_km,0.19290880011479397,0.19297206759080143,3,3
by_mission,sentinel-3b,quiet,120.0,in_track,median_sigma_km,6.961597879381012,6.9615961209421,3,3
by_mission,sentinel-3b,quiet,120.0,cross,median_sigma_km,0.3622548755248778,0.36225493592059765,3,3
by_mission,sentinel-3b,quiet,144.0,radial,median_sigma_km,0.22524548732917382,0.22534024719597534,2,2
by_mission,sentinel-3b,quiet,144.0,in_track,median_sigma_km,8.430420591516494,8.43041805440446,2,2
by_mission,sentinel-3b,quiet,144.0,cross,median_sigma_km,0.4307610461491721,0.430761139269084,2,2
by_mission,sentinel-3b,quiet,168.0,radial,median_sigma_km,0.2567798081657096,0.2569636188977623,2,2
by_mission,sentinel-3b,quiet,168.0,in_track,median_sigma_km,9.911590964911149,9.911586193433283,2,2
by_mission,sentinel-3b,quiet,168.0,cross,median_sigma_km,0.49869598665517334,0.49869614113232164,2,2
by_mission,sentinel-3b,storm,6.0,radial,median_sigma_km,0.024801502803732944,0.02480155992108774,19,19
by_mission,sentinel-3b,storm,6.0,in_track,median_sigma_km,0.577136476592161,0.5771364738718558,19,19
by_mission,sentinel-3b,storm,6.0,cross,median_sigma_km,0.02855606154085381,0.028556065111524673,19,19
by_mission,sentinel-3b,storm,12.0,radial,median_sigma_km,0.024801502803732944,0.02480152737250757,19,19
by_mission,sentinel-3b,storm,12.0,in_track,median_sigma_km,0.577136476592161,0.5771364755241274,19,19
by_mission,sentinel-3b,storm,12.0,cross,median_sigma_km,0.02855606154085381,0.028556062073474307,19,19
by_mission,sentinel-3b,storm,24.0,radial,median_sigma_km,0.047913345140114125,0.04791343583742892,19,19
by_mission,sentinel-3b,storm,24.0,in_track,median_sigma_km,1.3726696085819987,1.3726696053766934,19,19
by_mission,sentinel-3b,storm,24.0,cross,median_sigma_km,0.06121125790808073,0.06121125879369918,19,19
by_mission,sentinel-3b,storm,36.0,radial,median_sigma_km,0.0704276486447569,0.0704277775593197,19,19
by_mission,sentinel-3b,storm,36.0,in_track,median_sigma_km,2.278662956309723,2.2786629520362816,19,19
by_mission,sentinel-3b,storm,36.0,cross,median_sigma_km,0.0956162461346558,0.0956162509089527,19,19
by_mission,sentinel-3b,storm,48.0,radial,median_sigma_km,0.09256248142230185,0.09256311300838936,19,19
by_mission,sentinel-3b,storm,48.0,in_track,median_sigma_km,3.264776930147426,3.264776912104278,19,19
by_mission,sentinel-3b,storm,48.0,cross,median_sigma_km,0.13120920366869146,0.13120922215757055,19,19
by_mission,sentinel-3b,storm,72.0,radial,median_sigma_km,0.13605724877345068,0.13605940586477966,17,17
by_mission,sentinel-3b,storm,72.0,in_track,median_sigma_km,5.419604400673315,5.419604345649103,17,17
by_mission,sentinel-3b,storm,72.0,cross,median_sigma_km,0.20495791038892502,0.20495793656248337,17,17
by_mission,sentinel-3b,storm,96.0,radial,median_sigma_km,0.17881892700246493,0.1788400022412331,14,14
by_mission,sentinel-3b,storm,96.0,in_track,median_sigma_km,7.764991908456122,7.764991420812801,14,14
by_mission,sentinel-3b,storm,96.0,cross,median_sigma_km,0.2812530850652463,0.28125319124904913,14,14
by_mission,sentinel-3b,storm,120.0,radial,median_sigma_km,0.221043626409537,0.2211189175655823,12,12
by_mission,sentinel-3b,storm,120.0,in_track,median_sigma_km,10.263099131062509,10.26309750147621,12,12
by_mission,sentinel-3b,storm,120.0,cross,median_sigma_km,0.35949951534538965,0.35949973507598776,12,12
by_mission,sentinel-3b,storm,144.0,radial,median_sigma_km,0.26284527880768277,0.26306844956314335,9,9
by_mission,sentinel-3b,storm,144.0,in_track,median_sigma_km,12.890064227561526,12.89005967331261,9,9
by_mission,sentinel-3b,storm,144.0,cross,median_sigma_km,0.4393368985834829,0.4393369771629739,9,9
by_mission,sentinel-3b,storm,168.0,radial,median_sigma_km,0.304298373366051,0.3045775553506209,6,6
by_mission,sentinel-3b,storm,168.0,in_track,median_sigma_km,15.62926548592047,15.629260029422538,6,6
by_mission,sentinel-3b,storm,168.0,cross,median_sigma_km,0.5205220703202372,0.520522682072627,6,6
by_mission,sentinel-6a,august,6.0,radial,median_sigma_km,0.023686257497324205,0.02368625750036628,18,18
by_mission,sentinel-6a,august,6.0,cross,median_sigma_km,0.031394412066770044,0.031394412064838596,18,18
by_mission,sentinel-6a,august,12.0,radial,median_sigma_km,0.023686257497324205,0.023686257500497285,18,18
by_mission,sentinel-6a,august,12.0,in_track,median_sigma_km,0.02443466402569646,0.024434664026896463,18,18
by_mission,sentinel-6a,august,12.0,cross,median_sigma_km,0.031394412066770044,0.031394412063553895,18,18
by_mission,sentinel-6a,august,24.0,radial,median_sigma_km,0.04737251499464841,0.04737251499056855,18,18
by_mission,sentinel-6a,august,24.0,in_track,median_sigma_km,0.0396942288180629,0.03969422884391445,18,18
by_mission,sentinel-6a,august,24.0,cross,median_sigma_km,0.06065000628105946,0.0606500062699776,18,18
by_mission,sentinel-6a,august,36.0,radial,median_sigma_km,0.07105877249197262,0.07105877245472418,18,18
by_mission,sentinel-6a,august,36.0,in_track,median_sigma_km,0.05272192393474557,0.0527219240098682,18,18
by_mission,sentinel-6a,august,36.0,cross,median_sigma_km,0.08914921970431598,0.08914921968369774,18,18
by_mission,sentinel-6a,august,48.0,radial,median_sigma_km,0.09474502998929682,0.09474502998601589,18,18
by_mission,sentinel-6a,august,48.0,in_track,median_sigma_km,0.06448346495796867,0.06448346500657684,18,18
by_mission,sentinel-6a,august,48.0,cross,median_sigma_km,0.11716808883279078,0.11716808880848928,18,18
by_mission,sentinel-6a,august,72.0,radial,median_sigma_km,0.14211754498394524,0.14211754494650777,18,18
by_mission,sentinel-6a,august,72.0,in_track,median_sigma_km,0.08564701811301652,0.08564701832171481,18,18
by_mission,sentinel-6a,august,72.0,cross,median_sigma_km,0.17222494001540295,0.17222493994667565,18,18
by_mission,sentinel-6a,august,96.0,radial,median_sigma_km,0.18949005997859364,0.18949005968086624,18,18
by_mission,sentinel-6a,august,96.0,in_track,median_sigma_km,0.10475369787492678,0.10475369858210146,18,18
by_mission,sentinel-6a,august,96.0,cross,median_sigma_km,0.22635382718857228,0.22635382702497142,18,18
by_mission,sentinel-6a,august,120.0,radial,median_sigma_km,0.23686257497324203,0.2368625749650022,18,18
by_mission,sentinel-6a,august,120.0,in_track,median_sigma_km,0.12246341667650636,0.1224634170550236,18,18
by_mission,sentinel-6a,august,120.0,cross,median_sigma_km,0.2798029920666618,0.2798029919274742,18,18
by_mission,sentinel-6a,august,144.0,radial,median_sigma_km,0.2842350899678905,0.28423508993642155,18,18
by_mission,sentinel-6a,august,144.0,in_track,median_sigma_km,0.13913399140612714,0.1391339927548187,18,18
by_mission,sentinel-6a,august,144.0,cross,median_sigma_km,0.3327166526155601,0.33271665215372215,18,18
by_mission,sentinel-6a,august,168.0,radial,median_sigma_km,0.3316076049625389,0.33160760483522644,18,18
by_mission,sentinel-6a,august,168.0,in_track,median_sigma_km,0.15498725870582064,0.15498726046285505,18,18
by_mission,sentinel-6a,august,168.0,cross,median_sigma_km,0.38518909923731554,0.3851890986181689,18,18
by_mission,sentinel-6a,held-out,6.0,radial,median_sigma_km,0.03424745719869192,0.034247457249198414,15,15
by_mission,sentinel-6a,held-out,6.0,in_track,median_sigma_km,0.07166398119703671,0.0716639811696135,15,15
by_mission,sentinel-6a,held-out,12.0,radial,median_sigma_km,0.03424745719869192,0.03424745745767885,15,15
by_mission,sentinel-6a,held-out,12.0,in_track,median_sigma_km,0.07166398119703671,0.07166398105723328,15,15
by_mission,sentinel-6a,held-out,12.0,cross,median_sigma_km,0.0488218890793113,0.04882188908418014,15,15
by_mission,sentinel-6a,held-out,24.0,radial,median_sigma_km,0.06173107328713139,0.061731073582098096,15,15
by_mission,sentinel-6a,held-out,24.0,in_track,median_sigma_km,0.17044663265787455,0.1704466325424826,15,15
by_mission,sentinel-6a,held-out,24.0,cross,median_sigma_km,0.09431767261689192,0.09431767263684702,15,15
by_mission,sentinel-6a,held-out,36.0,radial,median_sigma_km,0.08713274539653294,0.08713274787017658,15,15
by_mission,sentinel-6a,held-out,36.0,in_track,median_sigma_km,0.2829453099544082,0.2829453091520799,15,15
by_mission,sentinel-6a,held-out,36.0,cross,median_sigma_km,0.13863719781260614,0.13863719786193568,15,15
by_mission,sentinel-6a,held-out,48.0,radial,median_sigma_km,0.11127031671498046,0.11127031747035615,15,15
by_mission,sentinel-6a,held-out,48.0,in_track,median_sigma_km,0.4053926965699991,0.4053926963142156,15,15
by_mission,sentinel-6a,held-out,48.0,cross,median_sigma_km,0.182209732880592,0.18220973285430347,15,15
by_mission,sentinel-6a,held-out,72.0,radial,median_sigma_km,0.157056854194354,0.15705685538596736,15,15
by_mission,sentinel-6a,held-out,72.0,in_track,median_sigma_km,0.6729611515088649,0.6729611511170701,15,15
by_mission,sentinel-6a,held-out,72.0,cross,median_sigma_km,0.2678294118150728,0.2678294120864353,15,15
by_mission,sentinel-6a,held-out,96.0,radial,median_sigma_km,0.20056484882845946,0.20056485989554032,15,15
by_mission,sentinel-6a,held-out,96.0,in_track,median_sigma_km,0.9641917582623644,0.9641917553014622,15,15
by_mission,sentinel-6a,held-out,96.0,cross,median_sigma_km,0.35200600094611156,0.35200600305419466,15,15
by_mission,sentinel-6a,held-out,120.0,radial,median_sigma_km,0.24245342949690138,0.2424534337670468,15,15
by_mission,sentinel-6a,held-out,120.0,in_track,median_sigma_km,1.274385822041069,1.2743858214515063,15,15
by_mission,sentinel-6a,held-out,120.0,cross,median_sigma_km,0.4351255444339785,0.4351255443266472,15,15
by_mission,sentinel-6a,held-out,144.0,radial,median_sigma_km,0.2830951249977265,0.2830951487000125,15,15
by_mission,sentinel-6a,held-out,144.0,in_track,median_sigma_km,1.6005803789895325,1.6005803724785477,15,15
by_mission,sentinel-6a,held-out,144.0,cross,median_sigma_km,0.517412317653504,0.5174123243555393,15,15
by_mission,sentinel-6a,held-out,168.0,radial,median_sigma_km,0.3227283829368358,0.32272842483671516,15,15
by_mission,sentinel-6a,held-out,168.0,in_track,median_sigma_km,1.9407114839112776,1.9407114724882342,15,15
by_mission,sentinel-6a,held-out,168.0,cross,median_sigma_km,0.5990129529270345,0.5990129673616974,15,15
by_mission,sentinel-6a,quiet,6.0,in_track,median_sigma_km,0.021697735056532993,0.02169773505871735,18,18
by_mission,sentinel-6a,quiet,6.0,cross,median_sigma_km,0.04206080064280306,0.04206080064107858,18,18
by_mission,sentinel-6a,quiet,12.0,radial,median_sigma_km,0.02403030089833926,0.024030300895595654,18,18
by_mission,sentinel-6a,quiet,12.0,in_track,median_sigma_km,0.021697735056532993,0.021697735067609983,18,18
by_mission,sentinel-6a,quiet,12.0,cross,median_sigma_km,0.04206080064280306,0.04206080063940422,18,18
by_mission,sentinel-6a,quiet,24.0,radial,median_sigma_km,0.04806060179667852,0.04806060178863128,18,18
by_mission,sentinel-6a,quiet,24.0,in_track,median_sigma_km,0.03777795095142972,0.03777795097197976,18,18
by_mission,sentinel-6a,quiet,24.0,cross,median_sigma_km,0.08412160128560613,0.08412160128144072,18,18
by_mission,sentinel-6a,quiet,36.0,radial,median_sigma_km,0.07209090269501778,0.07209090260916554,18,18
by_mission,sentinel-6a,quiet,36.0,in_track,median_sigma_km,0.05225302117782301,0.052253021347913695,18,18
by_mission,sentinel-6a,quiet,36.0,cross,median_sigma_km,0.12618240192840918,0.12618240191305236,18,18
by_mission,sentinel-6a,quiet,48.0,radial,median_sigma_km,0.09612120359335705,0.09612120358074425,18,18
by_mission,sentinel-6a,quiet,48.0,in_track,median_sigma_km,0.06577523296188098,0.06577523303625447,18,18
by_mission,sentinel-6a,quiet,48.0,cross,median_sigma_km,0.16824320257121225,0.16824320255157166,18,18
by_mission,sentinel-6a,quiet,72.0,radial,median_sigma_km,0.14418180539003556,0.1441818053602252,18,18
by_mission,sentinel-6a,quiet,72.0,in_track,median_sigma_km,0.09097779404055627,0.09097779436312273,18,18
by_mission,sentinel-6a,quiet,72.0,cross,median_sigma_km,0.25236480385681836,0.2523648037517332,18,18
by_mission,sentinel-6a,quiet,96.0,radial,median_sigma_km,0.1922424071867141,0.19224240693817649,18,18
by_mission,sentinel-6a,quiet,96.0,in_track,median_sigma_km,0.11452133221179857,0.11452133403789205,18,18
by_mission,sentinel-6a,quiet,96.0,cross,median_sigma_km,0.3364864051424245,0.33648640470166646,18,18
by_mission,sentinel-6a,quiet,120.0,radial,median_sigma_km,0.24030300898339263,0.2403030096957186,18,18
by_mission,sentinel-6a,quiet,120.0,in_track,median_sigma_km,0.13690345292504855,0.13690345354174197,18,18
by_mission,sentinel-6a,quiet,120.0,cross,median_sigma_km,0.42060800642803065,0.42060800572009266,18,18
by_mission,sentinel-6a,quiet,144.0,radial,median_sigma_km,0.2883636107800711,0.2883636111633867,18,18
by_mission,sentinel-6a,quiet,144.0,in_track,median_sigma_km,0.15840153969889004,0.15840154300975756,18,18
by_mission,sentinel-6a,quiet,144.0,cross,median_sigma_km,0.5047296077136367,0.5047296063373821,18,18
by_mission,sentinel-6a,quiet,168.0,radial,median_sigma_km,0.33642421257674965,0.3364242130572992,18,18
by_mission,sentinel-6a,quiet,168.0,in_track,median_sigma_km,0.179191262954178,0.17919126929981968,18,18
by_mission,sentinel-6a,quiet,168.0,cross,median_sigma_km,0.5888512089992429,0.5888512069100527,18,18
by_mission,sentinel-6a,storm,6.0,radial,median_sigma_km,0.025290283079699986,0.025290283090656864,15,15
by_mission,sentinel-6a,storm,6.0,cross,median_sigma_km,0.0463508537475257,0.04635085374199716,15,15
by_mission,sentinel-6a,storm,12.0,radial,median_sigma_km,0.025290283079699986,0.025290283093061108,15,15
by_mission,sentinel-6a,storm,12.0,cross,median_sigma_km,0.0463508537475257,0.04635085374008287,15,15
by_mission,sentinel-6a,storm,24.0,radial,median_sigma_km,0.04885760639095108,0.04885760639539533,15,15
by_mission,sentinel-6a,storm,24.0,in_track,median_sigma_km,0.048714650524258836,0.04871465057373116,15,15
by_mission,sentinel-6a,storm,24.0,cross,median_sigma_km,0.0927017074950514,0.09270170746526706,15,15
by_mission,sentinel-6a,storm,36.0,radial,median_sigma_km,0.07181561476167757,0.0718156147630166,15,15
by_mission,sentinel-6a,storm,36.0,in_track,median_sigma_km,0.06340432883318277,0.06340432895441081,15,15
by_mission,sentinel-6a,storm,36.0,cross,median_sigma_km,0.1390525612425771,0.13905256118118894,15,15
by_mission,sentinel-6a,storm,48.0,radial,median_sigma_km,0.09438667391466071,0.09438667403290887,15,15
by_mission,sentinel-6a,storm,48.0,in_track,median_sigma_km,0.07644148027186219,0.07644148036594346,15,15
by_mission,sentinel-6a,storm,48.0,cross,median_sigma_km,0.1854034149901028,0.18540341488385095,15,15
by_mission,sentinel-6a,storm,72.0,radial,median_sigma_km,0.13873862256475153,0.1387386226114346,15,15
by_mission,sentinel-6a,storm,72.0,in_track,median_sigma_km,0.09949205628066331,0.09949205697087807,15,15
by_mission,sentinel-6a,storm,72.0,cross,median_sigma_km,0.2781051224851542,0.2781051222634583,15,15
by_mission,sentinel-6a,storm,96.0,radial,median_sigma_km,0.1823430346011077,0.18234303444130628,15,15
by_mission,sentinel-6a,storm,96.0,in_track,median_sigma_km,0.11994953968198253,0.11994954166342933,15,15
by_mission,sentinel-6a,storm,96.0,cross,median_sigma_km,0.3708068299802056,0.3708068294761399,15,15
by_mission,sentinel-6a,storm,120.0,radial,median_sigma_km,0.225399885204506,0.2253998865547378,15,15
by_mission,sentinel-6a,storm,120.0,in_track,median_sigma_km,0.1386724198520418,0.13867242026978807,15,15
by_mission,sentinel-6a,storm,120.0,cross,median_sigma_km,0.463508537475257,0.4635085366104783,15,15
by_mission,sentinel-6a,storm,144.0,radial,median_sigma_km,0.26802535152057166,0.26802535150157947,15,15
by_mission,sentinel-6a,storm,144.0,in_track,median_sigma_km,0.15611977044971392,0.15611977542516192,15,15
by_mission,sentinel-6a,storm,144.0,cross,median_sigma_km,0.5562102449703084,0.5562102435248196,15,15
by_mission,sentinel-6a,storm,168.0,radial,median_sigma_km,0.3102953907277487,0.3102953918366538,15,15
by_mission,sentinel-6a,storm,168.0,in_track,median_sigma_km,0.1725731861193285,0.17257319133909366,15,15
by_mission,sentinel-6a,storm,168.0,cross,median_sigma_km,0.6489119524653598,0.6489119504774299,15,15
by_mission,swarm-a,august,6.0,radial,median_sigma_km,0.059943307972611264,0.0599433121539351,19,19
by_mission,swarm-a,august,6.0,in_track,median_sigma_km,0.26229629336862487,0.262296292325694,19,19
by_mission,swarm-a,august,6.0,cross,median_sigma_km,0.008902598265744542,0.008902599172328616,19,19
by_mission,swarm-a,august,12.0,radial,median_sigma_km,0.059943307972611264,0.05994331528866435,19,19
by_mission,swarm-a,august,12.0,in_track,median_sigma_km,0.26229629336862487,0.26229629169210006,19,19
by_mission,swarm-a,august,12.0,cross,median_sigma_km,0.008902598265744542,0.008902599894912175,19,19
by_mission,swarm-a,august,24.0,radial,median_sigma_km,0.11988661594522253,0.11988665350946694,19,19
by_mission,swarm-a,august,24.0,in_track,median_sigma_km,0.8822560513120532,0.8822560461552775,19,19
by_mission,swarm-a,august,24.0,cross,median_sigma_km,0.016046941610881285,0.016046947675987796,19,19
by_mission,swarm-a,august,36.0,radial,median_sigma_km,0.17982992391783378,0.17983184911480024,19,19
by_mission,swarm-a,august,36.0,in_track,median_sigma_km,1.7937187552405829,1.7937185612370683,19,19
by_mission,swarm-a,august,36.0,cross,median_sigma_km,0.022650085334988405,0.022650141667528063,19,19
by_mission,swarm-a,august,48.0,radial,median_sigma_km,0.23977323189044505,0.23979296462763489,19,19
by_mission,swarm-a,august,48.0,in_track,median_sigma_km,2.967543803536811,2.967542208724986,19,19
by_mission,swarm-a,august,48.0,cross,median_sigma_km,0.028924627100591477,0.028924664985752968,19,19
by_mission,swarm-a,august,72.0,radial,median_sigma_km,0.35965984783566757,0.3599424787106011,19,19
by_mission,swarm-a,august,72.0,in_track,median_sigma_km,6.033326685020644,6.033309830064194,19,19
by_mission,swarm-a,august,72.0,cross,median_sigma_km,0.040826799772666164,0.0408270129552476,19,19
by_mission,swarm-a,august,96.0,radial,median_sigma_km,0.4795464637808901,0.4806874418445376,19,19
by_mission,swarm-a,august,96.0,in_track,median_sigma_km,9.981587786009912,9.981532903117822,19,19
by_mission,swarm-a,august,96.0,cross,median_sigma_km,0.052136667110507656,0.05213703093442511,19,19
by_mission,swarm-a,august,120.0,radial,median_sigma_km,0.5994330797261126,0.6065512636844508,19,19
by_mission,swarm-a,august,120.0,in_track,median_sigma_km,14.750004520542905,14.74971352047734,19,19
by_mission,swarm-a,august,120.0,cross,median_sigma_km,0.06302556912299384,0.06302627846902152,19,19
by_mission,swarm-a,august,144.0,radial,median_sigma_km,0.7193196956713351,0.7477733229290047,19,19
by_mission,swarm-a,august,144.0,in_track,median_sigma_km,20.29361112595375,20.29258259437342,19,19
by_mission,swarm-a,august,144.0,cross,median_sigma_km,0.07359034436407023,0.07359196246839794,19,19
by_mission,swarm-a,august,168.0,radial,inside_1_sigma_count,15.0,16.0,19,19
by_mission,swarm-a,august,168.0,radial,inside_1_sigma_fraction,0.7894736842105263,0.8421052631578947,19,19
by_mission,swarm-a,august,168.0,radial,median_sigma_km,0.8392063116165577,0.9173481971866365,19,19
by_mission,swarm-a,august,168.0,in_track,median_sigma_km,26.577627842594442,26.575045445924182,19,19
by_mission,swarm-a,august,168.0,cross,median_sigma_km,0.08389297709231837,0.08389459191189441,19,19
by_mission,swarm-a,held-out,6.0,radial,median_sigma_km,0.04819622001870585,0.04819626974263119,21,21
by_mission,swarm-a,held-out,6.0,in_track,median_sigma_km,0.5566538054229697,0.5566538011159138,21,21
by_mission,swarm-a,held-out,6.0,cross,median_sigma_km,0.009429929095050181,0.009429936802968993,21,21
by_mission,swarm-a,held-out,12.0,radial,median_sigma_km,0.04819622001870585,0.048196277000515216,21,21
by_mission,swarm-a,held-out,12.0,in_track,median_sigma_km,0.5566538054229697,0.5566538003853585,21,21
by_mission,swarm-a,held-out,12.0,cross,median_sigma_km,0.009429929095050181,0.009429932295169951,21,21
by_mission,swarm-a,held-out,24.0,radial,median_sigma_km,0.12719058716806658,0.1271920337814867,21,21
by_mission,swarm-a,held-out,24.0,in_track,median_sigma_km,2.0775054612965653,2.0775053727065838,21,21
by_mission,swarm-a,held-out,24.0,cross,median_sigma_km,0.015859187144248804,0.015859208737884784,21,21
by_mission,swarm-a,held-out,36.0,radial,median_sigma_km,0.22437927214643855,0.22439646324215312,21,21
by_mission,swarm-a,held-out,36.0,in_track,median_sigma_km,4.488648175541369,4.488647316117698,21,21
by_mission,swarm-a,held-out,36.0,cross,median_sigma_km,0.021495589918750068,0.021496005845706045,21,21
by_mission,swarm-a,held-out,48.0,radial,inside_2_sigma_count,19.0,20.0,21,21
by_mission,swarm-a,held-out,48.0,radial,inside_2_sigma_fraction,0.9047619047619048,0.9523809523809523,21,21
by_mission,swarm-a,held-out,48.0,radial,median_sigma_km,0.33565797188822644,0.3357500596972679,21,21
by_mission,swarm-a,held-out,48.0,in_track,median_sigma_km,7.753524541950358,7.753520554709344,21,21
by_mission,swarm-a,held-out,48.0,cross,median_sigma_km,0.026671867236873228,0.02667234736271773,21,21
by_mission,swarm-a,held-out,72.0,radial,median_sigma_km,0.5921404492213795,0.5937218111429703,21,21
by_mission,swarm-a,held-out,72.0,in_track,median_sigma_km,16.75222734072638,16.75217135449996,21,21
by_mission,swarm-a,held-out,72.0,cross,median_sigma_km,0.03615112901288164,0.03615540497724321,21,21
by_mission,swarm-a,held-out,96.0,radial,inside_1_sigma_count,14.0,16.0,18,18
by_mission,swarm-a,held-out,96.0,radial,inside_1_sigma_fraction,0.7777777777777778,0.8888888888888888,18,18
by_mission,swarm-a,held-out,96.0,radial,median_sigma_km,0.885806698441001,0.8931747376517211,18,18
by_mission,swarm-a,held-out,96.0,in_track,median_sigma_km,28.93717679331998,28.93695030198733,18,18
by_mission,swarm-a,held-out,96.0,cross,median_sigma_km,0.04485655509521939,0.044857797193516506,18,18
by_mission,swarm-a,held-out,120.0,radial,inside_2_sigma_count,10.0,12.0,14,14
by_mission,swarm-a,held-out,120.0,radial,inside_2_sigma_fraction,0.7142857142857143,0.8571428571428571,14,14
by_mission,swarm-a,held-out,120.0,radial,median_sigma_km,1.210634311150376,1.2249298993974826,14,14
by_mission,swarm-a,held-out,120.0,in_track,median_sigma_km,44.21658346141811,44.21618970833302,14,14
by_mission,swarm-a,held-out,120.0,cross,median_sigma_km,0.053028388237615486,0.05303030935709925,14,14
by_mission,swarm-a,held-out,144.0,radial,median_sigma_km,1.5626680140724512,1.6029296052471895,12,12
by_mission,swarm-a,held-out,144.0,in_track,median_sigma_km,62.52152316249053,62.52050373625485,12,12
by_mission,swarm-a,held-out,144.0,cross,median_sigma_km,0.06079870958861345,0.0608224377908112,12,12
by_mission,swarm-a,held-out,168.0,radial,inside_2_sigma_count,7.0,9.0,10,10
by_mission,swarm-a,held-out,168.0,radial,inside_2_sigma_fraction,0.7,0.9,10,10
by_mission,swarm-a,held-out,168.0,radial,median_sigma_km,1.9390643784894843,2.0290037604159554,10,10
by_mission,swarm-a,held-out,168.0,in_track,median_sigma_km,83.79699601189168,83.79486647893154,10,10
by_mission,swarm-a,held-out,168.0,cross,median_sigma_km,0.06825028260204812,0.06826635721721899,10,10
by_mission,swarm-a,quiet,6.0,radial,median_sigma_km,0.06454144588813933,0.06454144688757629,19,19
by_mission,swarm-a,quiet,6.0,in_track,median_sigma_km,0.25220823748954563,0.25220823722946656,19,19
by_mission,swarm-a,quiet,6.0,cross,median_sigma_km,0.012725814988523945,0.012725815276194812,19,19
by_mission,swarm-a,quiet,12.0,radial,median_sigma_km,0.06454144588813933,0.06454144730235731,19,19
by_mission,swarm-a,quiet,12.0,in_track,median_sigma_km,0.25220823748954563,0.2522082370252211,19,19
by_mission,swarm-a,quiet,12.0,cross,median_sigma_km,0.012725814988523945,0.012725815708822788,19,19
by_mission,swarm-a,quiet,24.0,radial,median_sigma_km,0.13834761787325978,0.1383476404698775,19,19
by_mission,swarm-a,quiet,24.0,in_track,median_sigma_km,1.0088329499581825,1.0088329467777175,19,19
by_mission,swarm-a,quiet,24.0,cross,median_sigma_km,0.023747210456972877,0.023747212147194996,19,19
by_mission,swarm-a,quiet,36.0,radial,median_sigma_km,0.21610861032422268,0.21610886781749947,19,19
by_mission,swarm-a,quiet,36.0,in_track,median_sigma_km,2.269874137405911,2.2698741122834467,19,19
by_mission,swarm-a,quiet,36.0,cross,median_sigma_km,0.0342054047920092,0.034205424895126325,19,19
by_mission,swarm-a,quiet,48.0,radial,median_sigma_km,0.2965546108833432,0.29655676908268075,19,19
by_mission,swarm-a,quiet,48.0,in_track,median_sigma_km,4.03533179983273,4.035331640945435,19,19
by_mission,swarm-a,quiet,48.0,cross,median_sigma_km,0.04431386162664712,0.04431395125349022,19,19
by_mission,swarm-a,quiet,72.0,radial,median_sigma_km,0.4632389471421974,0.4632594729232836,19,19
by_mission,swarm-a,quiet,72.0,in_track,median_sigma_km,9.079496549623643,9.079495493131342,19,19
by_mission,swarm-a,quiet,72.0,cross,median_sigma_km,0.06382954231963159,0.06382996888019518,19,19
by_mission,swarm-a,quiet,96.0,radial,median_sigma_km,0.6356787242750876,0.6359131300415614,19,19
by_mission,swarm-a,quiet,96.0,in_track,median_sigma_km,16.14132719933092,16.14131796459472,19,19
by_mission,swarm-a,quiet,96.0,cross,median_sigma_km,0.0826925897601174,0.08269290863979709,19,19
by_mission,swarm-a,quiet,120.0,radial,median_sigma_km,0.8125286634251677,0.8134627451793763,19,19
by_mission,swarm-a,quiet,120.0,in_track,median_sigma_km,25.22082374895456,25.220793563933647,19,19
by_mission,swarm-a,quiet,120.0,cross,median_sigma_km,0.10108474155262029,0.10108827459775058,19,19
by_mission,swarm-a,quiet,144.0,radial,median_sigma_km,0.9929744207205194,0.9963913946652341,19,19
by_mission,swarm-a,quiet,144.0,in_track,median_sigma_km,36.31798619849457,36.317892596645564,19,19
by_mission,swarm-a,quiet,144.0,cross,median_sigma_km,0.11911013763782222,0.11911429662111728,19,19
by_mission,swarm-a,quiet,168.0,radial,median_sigma_km,1.1764664040625037,1.1960917479587971,19,19
by_mission,swarm-a,quiet,168.0,in_track,median_sigma_km,49.43281454795094,49.43234355468245,19,19
by_mission,swarm-a,quiet,168.0,cross,median_sigma_km,0.1368361470749217,0.13684488365245237,19,19
by_mission,swarm-a,storm,6.0,radial,median_sigma_km,0.059736819504611564,0.05973682164009303,18,18
by_mission,swarm-a,storm,6.0,in_track,median_sigma_km,0.2824369442008086,0.28243694372410644,18,18
by_mission,swarm-a,storm,6.0,cross,median_sigma_km,0.011705067428665165,0.011705068308271626,18,18
by_mission,swarm-a,storm,12.0,radial,median_sigma_km,0.059736819504611564,0.05973682116323126,18,18
by_mission,swarm-a,storm,12.0,in_track,median_sigma_km,0.2824369442008086,0.2824369436968014,18,18
by_mission,swarm-a,storm,12.0,cross,median_sigma_km,0.011705067428665165,0.011705068497181143,18,18
by_mission,swarm-a,storm,24.0,radial,median_sigma_km,0.132564302561488,0.13256437621617345,18,18
by_mission,swarm-a,storm,24.0,in_track,median_sigma_km,1.1297477768032345,1.1297477677185834,18,18
by_mission,swarm-a,storm,24.0,cross,median_sigma_km,0.02341013485733033,0.02341014226660961,18,18
by_mission,swarm-a,storm,36.0,radial,median_sigma_km,0.21131559023806637,0.21131578245654545,18,18
by_mission,swarm-a,storm,36.0,in_track,median_sigma_km,2.5419324978072777,2.5419324809374917,18,18
by_mission,swarm-a,storm,36.0,cross,median_sigma_km,0.035115202285995496,0.035115288248271884,18,18
by_mission,swarm-a,storm,48.0,radial,median_sigma_km,0.29417860641638455,0.2941818125634589,18,18
by_mission,swarm-a,storm,48.0,in_track,median_sigma_km,4.518991107212938,4.51899089647159,18,18
by_mission,swarm-a,storm,48.0,cross,median_sigma_km,0.04682026971466066,0.046820369650359954,18,18
by_mission,swarm-a,storm,72.0,radial,median_sigma_km,0.4689386558003127,0.4690294887326498,18,18
by_mission,swarm-a,storm,72.0,in_track,median_sigma_km,10.16772999122911,10.167725796116525,18,18
by_mission,swarm-a,storm,72.0,cross,median_sigma_km,0.07023040457199099,0.07023121623392498,18,18
by_mission,swarm-a,storm,96.0,radial,median_sigma_km,0.6528232020301643,0.6548267544458777,18,18
by_mission,swarm-a,storm,96.0,in_track,median_sigma_km,18.07596442885175,18.07589194520661,18,18
by_mission,swarm-a,storm,96.0,cross,median_sigma_km,0.09364053942932132,0.09364071809879204,18,18
by_mission,swarm-a,storm,120.0,radial,median_sigma_km,0.8438050034661666,0.8584308966357622,18,18
by_mission,swarm-a,storm,120.0,in_track,median_sigma_km,28.24369442008086,28.24325352928637,18,18
by_mission,swarm-a,storm,120.0,cross,median_sigma_km,0.11705067428665165,0.11705227113086442,18,18
by_mission,swarm-a,storm,144.0,radial,inside_1_sigma_count,15.0,16.0,18,18
by_mission,swarm-a,storm,144.0,radial,inside_2_sigma_count,16.0,18.0,18,18
by_mission,swarm-a,storm,144.0,radial,inside_1_sigma_fraction,0.8333333333333334,0.8888888888888888,18,18
by_mission,swarm-a,storm,144.0,radial,inside_2_sigma_fraction,0.8888888888888888,1.0,18,18
by_mission,swarm-a,storm,144.0,radial,median_sigma_km,1.0406400334971155,1.1045717403816013,18,18
by_mission,swarm-a,storm,144.0,in_track,median_sigma_km,40.67091996491644,40.66923308303453,18,18
by_mission,swarm-a,storm,144.0,cross,median_sigma_km,0.14046080914398199,0.1404648161727745,18,18
by_mission,swarm-a,storm,168.0,radial,inside_2_sigma_count,16.0,18.0,18,18
by_mission,swarm-a,storm,168.0,radial,inside_2_sigma_fraction,0.8888888888888888,1.0,18,18
by_mission,swarm-a,storm,168.0,radial,median_sigma_km,1.242479801461507,1.4079885841899742,18,18
by_mission,swarm-a,storm,168.0,in_track,median_sigma_km,55.357641063358486,55.35367831662805,18,18
by_mission,swarm-a,storm,168.0,cross,median_sigma_km,0.1638709440013123,0.16387217351743827,18,18
by_mission,swarm-b,august,6.0,radial,median_sigma_km,0.07060733599859965,0.07060733902497511,19,19
by_mission,swarm-b,august,6.0,in_track,median_sigma_km,0.20848058725528332,0.20848058612231926,19,19
by_mission,swarm-b,august,6.0,cross,median_sigma_km,0.014709594023342067,0.014709594360767497,19,19
by_mission,swarm-b,august,12.0,radial,median_sigma_km,0.07060733599859965,0.07060733679813866,19,19
by_mission,swarm-b,august,12.0,in_track,median_sigma_km,0.20848058725528332,0.20848058674123152,19,19
by_mission,swarm-b,august,12.0,cross,median_sigma_km,0.014709594023342067,0.014709595533814944,19,19
by_mission,swarm-b,august,24.0,radial,median_sigma_km,0.1412146719971993,0.14121468435890583,19,19
by_mission,swarm-b,august,24.0,in_track,median_sigma_km,0.6542822139226852,0.6542822112450692,19,19
by_mission,swarm-b,august,24.0,cross,median_sigma_km,0.030456653472625616,0.030456655324782925,19,19
by_mission,swarm-b,august,36.0,radial,median_sigma_km,0.21182200799579898,0.21182214428506094,19,19
by_mission,swarm-b,august,36.0,in_track,median_sigma_km,1.277366999295165,1.2773669766377604,19,19
by_mission,swarm-b,august,36.0,cross,median_sigma_km,0.046620615623089695,0.04662061857635658,19,19
by_mission,swarm-b,august,48.0,radial,median_sigma_km,0.2824293439943986,0.2824298507835002,19,19
by_mission,swarm-b,august,48.0,in_track,median_sigma_km,2.0533576823216753,2.053357612357853,19,19
by_mission,swarm-b,august,48.0,cross,median_sigma_km,0.06306141007560197,0.06306143859185667,19,19
by_mission,swarm-b,august,72.0,radial,median_sigma_km,0.42364401599159796,0.4236680404267214,19,19
by_mission,swarm-b,august,72.0,in_track,median_sigma_km,4.008807339300305,4.008804800119509,19,19
by_mission,swarm-b,august,72.0,cross,median_sigma_km,0.09652937616495218,0.09652938748028833,19,19
by_mission,swarm-b,august,96.0,radial,median_sigma_km,0.5648586879887972,0.5650321110661053,19,19
by_mission,swarm-b,august,96.0,in_track,median_sigma_km,6.4441271393748565,6.4441119288938085,19,19
by_mission,swarm-b,august,96.0,cross,median_sigma_km,0.1305705317984959,0.13057058957524095,19,19
by_mission,swarm-b,august,120.0,radial,median_sigma_km,0.7060733599859965,0.707189185098269,19,19
by_mission,swarm-b,august,120.0,in_track,median_sigma_km,9.312485760893223,9.312401082907497,19,19
by_mission,swarm-b,august,120.0,cross,median_sigma_km,0.16504435949479668,0.16504451446532203,19,19
by_mission,swarm-b,august,144.0,radial,median_sigma_km,0.8472880319831959,0.8510332742348101,19,19
by_mission,swarm-b,august,144.0,in_track,median_sigma_km,12.580985959787213,12.580733161039173,19,19
by_mission,swarm-b,august,144.0,cross,median_sigma_km,0.1998669545277298,0.19986750092304711,19,19
by_mission,swarm-b,august,168.0,radial,median_sigma_km,0.9885027039803952,0.9985927033680825,19,19
by_mission,swarm-b,august,168.0,in_track,median_sigma_km,16.224707668821893,16.22408977827117,19,19
by_mission,swarm-b,august,168.0,cross,median_sigma_km,0.23498228578000338,0.23498270584773848,19,19
by_mission,swarm-b,held-out,6.0,radial,median_sigma_km,0.0712613911210556,0.07126141684759121,19,19
by_mission,swarm-b,held-out,6.0,in_track,median_sigma_km,0.5053619956368025,0.5053619918305149,19,19
by_mission,swarm-b,held-out,6.0,cross,median_sigma_km,0.014189093568808738,0.014189095120590585,19,19
by_mission,swarm-b,held-out,12.0,radial,median_sigma_km,0.0712613911210556,0.07126142813430357,19,19
by_mission,swarm-b,held-out,12.0,in_track,median_sigma_km,0.5053619956368025,0.5053619902223445,19,19
by_mission,swarm-b,held-out,12.0,cross,median_sigma_km,0.014189093568808738,0.01418909663155519,19,19
by_mission,swarm-b,held-out,24.0,radial,median_sigma_km,0.15275213581393365,0.1527527220817274,19,19
by_mission,swarm-b,held-out,24.0,in_track,median_sigma_km,1.6998283621458021,1.6998283094424977,19,19
by_mission,swarm-b,held-out,24.0,cross,median_sigma_km,0.026477784839402583,0.026477797316172638,19,19
by_mission,swarm-b,held-out,36.0,radial,median_sigma_km,0.23860947013231226,0.23861882863646755,19,19
by_mission,swarm-b,held-out,36.0,in_track,median_sigma_km,3.4559287061125223,3.455928055449942,19,19
by_mission,swarm-b,held-out,36.0,cross,median_sigma_km,0.038138515261339025,0.038138538101460916,19,19
by_mission,swarm-b,held-out,48.0,radial,median_sigma_km,0.3274313710222276,0.3274681194694897,19,19
by_mission,swarm-b,held-out,48.0,in_track,median_sigma_km,5.717518305099992,5.717516199992291,19,19
by_mission,swarm-b,held-out,48.0,cross,median_sigma_km,0.049409293595951434,0.049409307833250135,19,19
by_mission,swarm-b,held-out,72.0,radial,median_sigma_km,0.5114705959953171,0.5119368136888233,19,19
by_mission,swarm-b,held-out,72.0,in_track,median_sigma_km,11.624312241369712,11.624291718059833,19,19
by_mission,swarm-b,held-out,72.0,cross,median_sigma_km,0.07116898597411866,0.07116954318493934,19,19
by_mission,swarm-b,held-out,96.0,radial,median_sigma_km,0.7018645085269971,0.7032139601696507,19,19
by_mission,swarm-b,held-out,96.0,in_track,median_sigma_km,19.231362587624307,19.231313290734903,19,19
by_mission,swarm-b,held-out,96.0,cross,median_sigma_km,0.09220100202710198,0.09220143113333881,19,19
by_mission,swarm-b,held-out,120.0,radial,median_sigma_km,0.8971277616210015,0.9021632305821281,19,19
by_mission,swarm-b,held-out,120.0,in_track,median_sigma_km,28.41859343272389,28.418434018217912,19,19
by_mission,swarm-b,held-out,120.0,cross,median_sigma_km,0.11270797646849501,0.11271018104211661,19,19
by_mission,swarm-b,held-out,144.0,radial,inside_2_sigma_count,14.0,15.0,17,17
by_mission,swarm-b,held-out,144.0,radial,inside_2_sigma_fraction,0.8235294117647058,0.8823529411764706,17,17
by_mission,swarm-b,held-out,144.0,radial,median_sigma_km,1.096361223310805,1.1007582903126976,17,17
by_mission,swarm-b,held-out,144.0,in_track,median_sigma_km,39.099369974230655,39.09924639411989,17,17
by_mission,swarm-b,held-out,144.0,cross,median_sigma_km,0.13280602377614606,0.13280775728461208,17,17
by_mission,swarm-b,held-out,168.0,radial,inside_2_sigma_count,12.0,13.0,15,15
by_mission,swarm-b,held-out,168.0,radial,inside_2_sigma_fraction,0.8,0.8666666666666667,15,15
by_mission,swarm-b,held-out,168.0,radial,median_sigma_km,1.298958078906107,1.317743776557755,15,15
by_mission,swarm-b,held-out,168.0,in_track,median_sigma_km,51.206682615791735,51.20620260897872,15,15
by_mission,swarm-b,held-out,168.0,cross,median_sigma_km,0.15257025944446329,0.1525728648241758,15,15
by_mission,swarm-b,quiet,6.0,radial,median_sigma_km,0.056766486433939736,0.05676649061906585,19,19
by_mission,swarm-b,quiet,6.0,in_track,median_sigma_km,0.2905113962261013,0.2905113953573131,19,19
by_mission,swarm-b,quiet,6.0,cross,median_sigma_km,0.010825556919925077,0.010825557402494261,19,19
by_mission,swarm-b,quiet,12.0,radial,median_sigma_km,0.056766486433939736,0.05676649131449848,19,19
by_mission,swarm-b,quiet,12.0,in_track,median_sigma_km,0.2905113962261013,0.2905113952505004,19,19
by_mission,swarm-b,quiet,12.0,cross,median_sigma_km,0.010825556919925077,0.010825559149000291,19,19
by_mission,swarm-b,quiet,24.0,radial,median_sigma_km,0.11753670450955042,0.11753672607018996,19,19
by_mission,swarm-b,quiet,24.0,in_track,median_sigma_km,0.9771599667075203,0.9771599638484904,19,19
by_mission,swarm-b,quiet,24.0,cross,median_sigma_km,0.021651113839850154,0.021651124203098445,19,19
by_mission,swarm-b,quiet,36.0,radial,median_sigma_km,0.17991581141603452,0.17991608832016873,19,19
by_mission,swarm-b,quiet,36.0,in_track,median_sigma_km,1.9866683334695503,1.9866683071519122,19,19
by_mission,swarm-b,quiet,36.0,cross,median_sigma_km,0.03247667075977523,0.03247670516755038,19,19
by_mission,swarm-b,quiet,48.0,radial,median_sigma_km,0.24336325488529242,0.24336390779702619,19,19
by_mission,swarm-b,quiet,48.0,in_track,median_sigma_km,3.2867612525351713,3.28676120400894,19,19
by_mission,swarm-b,quiet,48.0,cross,median_sigma_km,0.04330222767970031,0.04330225641217785,19,19
by_mission,swarm-b,quiet,72.0,radial,median_sigma_km,0.37252105760696125,0.3725311929692836,19,19
by_mission,swarm-b,quiet,72.0,in_track,median_sigma_km,6.682329119650464,6.682328551858761,19,19
by_mission,swarm-b,quiet,72.0,cross,median_sigma_km,0.06495334151955046,0.06495363821107795,19,19
by_mission,swarm-b,quiet,96.0,radial,median_sigma_km,0.503890883069224,0.503987034635356,19,19
by_mission,swarm-b,quiet,96.0,in_track,median_sigma_km,11.055303020206539,11.055298637178165,19,19
by_mission,swarm-b,quiet,96.0,cross,median_sigma_km,0.08660445535940062,0.08660463335684424,19,19
by_mission,swarm-b,quiet,120.0,radial,median_sigma_km,0.6369304536476245,0.6372096377355275,19,19
by_mission,swarm-b,quiet,120.0,in_track,median_sigma_km,16.336656353668435,16.336645462079336,19,19
by_mission,swarm-b,quiet,120.0,cross,median_sigma_km,0.10825556919925078,0.108255959675868,19,19
by_mission,swarm-b,quiet,144.0,radial,median_sigma_km,0.7713159686655603,0.7718025061703931,19,19
by_mission,swarm-b,quiet,144.0,in_track,median_sigma_km,22.476586409038344,22.476569699046486,19,19
by_mission,swarm-b,quiet,144.0,cross,median_sigma_km,0.1299066830391009,0.12990819068721246,19,19
by_mission,swarm-b,quiet,168.0,radial,median_sigma_km,0.9068311958018281,0.9107206683746615,19,19
by_mission,swarm-b,quiet,168.0,in_track,median_sigma_km,29.436572182431732,29.436452102430547,19,19
by_mission,swarm-b,quiet,168.0,cross,median_sigma_km,0.15155779687895107,0.15155801780351918,19,19
by_mission,swarm-b,storm,6.0,radial,median_sigma_km,0.055548331039704156,0.05554834099789521,19,19
by_mission,swarm-b,storm,6.0,in_track,median_sigma_km,0.34310948796596963,0.34310948628806043,19,19
by_mission,swarm-b,storm,6.0,cross,median_sigma_km,0.012691115905421763,0.012691117312173594,19,19
by_mission,swarm-b,storm,12.0,radial,median_sigma_km,0.055548331039704156,0.05554833676150249,19,19
by_mission,swarm-b,storm,12.0,in_track,median_sigma_km,0.34310948796596963,0.3431094870356757,19,19
by_mission,swarm-b,storm,12.0,cross,median_sigma_km,0.012691115905421763,0.012691119259952283,19,19
by_mission,swarm-b,storm,24.0,radial,median_sigma_km,0.11907045419307194,0.1190704991781042,19,19
by_mission,swarm-b,storm,24.0,in_track,median_sigma_km,1.1947766320840785,1.1947766275875316,19,19
by_mission,swarm-b,storm,24.0,cross,median_sigma_km,0.02368245967835205,0.02368246562324304,19,19
by_mission,swarm-b,storm,36.0,radial,median_sigma_km,0.18599633865696197,0.18599647041666825,19,19
by_mission,swarm-b,storm,36.0,in_track,median_sigma_km,2.478854216021,2.478854206039849,19,19
by_mission,swarm-b,storm,36.0,cross,median_sigma_km,0.03411213798084685,0.03411214966838419,19,19
by_mission,swarm-b,storm,48.0,radial,median_sigma_km,0.2552331059525556,0.25523763785317555,19,19
by_mission,swarm-b,storm,48.0,in_track,median_sigma_km,4.160453880295362,4.160453600325336,19,19
by_mission,swarm-b,storm,48.0,cross,median_sigma_km,0.04419303240128526,0.04419306249844187,19,19
by_mission,swarm-b,storm,72.0,radial,median_sigma_km,0.3986918798028903,0.39886662491468566,19,19
by_mission,swarm-b,storm,72.0,in_track,median_sigma_km,8.631871736344214,8.631863662919478,19,19
by_mission,swarm-b,storm,72.0,cross,median_sigma_km,0.06365550029597176,0.0636556720927555,19,19
by_mission,swarm-b,storm,96.0,radial,median_sigma_km,0.5471041394413262,0.5490397848244604,19,19
by_mission,swarm-b,storm,96.0,in_track,median_sigma_km,14.487541876234694,14.48746864845133,19,19
by_mission,swarm-b,storm,96.0,cross,median_sigma_km,0.0824671144529085,0.082467304556446,19,19
by_mission,swarm-b,storm,120.0,radial,inside_2_sigma_count,17.0,19.0,19,19
by_mission,swarm-b,storm,120.0,radial,inside_2_sigma_fraction,0.8947368421052632,1.0,19,19
by_mission,swarm-b,storm,120.0,radial,median_sigma_km,0.6993120552863827,0.7054457175908179,19,19
by_mission,swarm-b,storm,120.0,in_track,median_sigma_km,21.648745139296704,21.648546135804338,19,19
by_mission,swarm-b,storm,120.0,cross,median_sigma_km,0.10080911693834921,0.10080925689493564,19,19
by_mission,swarm-b,storm,144.0,radial,median_sigma_km,0.8546147530028946,0.8805036310037594,19,19
by_mission,swarm-b,storm,144.0,in_track,median_sigma_km,30.0579232094974,30.057175970529943,19,19
by_mission,swarm-b,storm,144.0,cross,median_sigma_km,0.11878536373784533,0.11878591150928094,19,19
by_mission,swarm-b,storm,168.0,radial,inside_2_sigma_count,17.0,19.0,19,19
by_mission,swarm-b,storm,168.0,radial,inside_2_sigma_fraction,0.8947368421052632,1.0,19,19
by_mission,swarm-b,storm,168.0,radial,median_sigma_km,1.0125392198869796,1.080162621846938,19,19
by_mission,swarm-b,storm,168.0,in_track,median_sigma_km,39.6700905638261,39.668306867025166,19,19
by_mission,swarm-b,storm,168.0,cross,median_sigma_km,0.13646304021748137,0.13646342233603073,19,19
by_mission,swarm-c,august,6.0,radial,median_sigma_km,0.059731526577553214,0.05973152976384082,19,19
by_mission,swarm-c,august,6.0,in_track,median_sigma_km,0.22546790544259945,0.22546790448332818,19,19
by_mission,swarm-c,august,6.0,cross,median_sigma_km,0.007732834662651963,0.007732835756015122,19,19
by_mission,swarm-c,august,12.0,radial,median_sigma_km,0.059731526577553214,0.05973153063322776,19,19
by_mission,swarm-c,august,12.0,in_track,median_sigma_km,0.22546790544259945,0.22546790431886413,19,19
by_mission,swarm-c,august,12.0,cross,median_sigma_km,0.007732834662651963,0.007732836035246705,19,19
by_mission,swarm-c,august,24.0,radial,median_sigma_km,0.11946305315510643,0.11946309076171219,19,19
by_mission,swarm-c,august,24.0,in_track,median_sigma_km,0.7851248483530089,0.7851248424099171,19,19
by_mission,swarm-c,august,24.0,cross,median_sigma_km,0.014429979716707361,0.014429985127196693,19,19
by_mission,swarm-c,august,36.0,radial,median_sigma_km,0.17919457973265965,0.17919534820073618,19,19
by_mission,swarm-c,august,36.0,in_track,median_sigma_km,1.6289321268762027,1.6289320415566277,19,19
by_mission,swarm-c,august,36.0,cross,median_sigma_km,0.02078489590365874,0.020784957056105672,19,19
by_mission,swarm-c,august,48.0,radial,median_sigma_km,0.23892610631021285,0.23893332521290897,19,19
by_mission,swarm-c,august,48.0,in_track,median_sigma_km,2.733963515965984,2.733962884595481,19,19
by_mission,swarm-c,august,48.0,cross,median_sigma_km,0.026927294285789844,0.026927343802533414,19,19
by_mission,swarm-c,august,72.0,radial,median_sigma_km,0.3583891594653193,0.35855278750339137,19,19
by_mission,swarm-c,august,72.0,in_track,median_sigma_km,5.672271122492928,5.6722607809594,19,19
by_mission,swarm-c,august,72.0,cross,median_sigma_km,0.03878598720754369,0.038786171200566766,19,19
by_mission,swarm-c,august,96.0,radial,median_sigma_km,0.4778522126204257,0.4787790097321884,19,19
by_mission,swarm-c,august,96.0,in_track,median_sigma_km,9.520213915420957,9.52016735083331,19,19
by_mission,swarm-c,august,96.0,cross,median_sigma_km,0.050248107882924956,0.05024838854050972,19,19
by_mission,swarm-c,august,120.0,radial,median_sigma_km,0.5973152657755322,0.6035818597911264,19,19
by_mission,swarm-c,august,120.0,in_track,median_sigma_km,14.226063088357387,14.22579857391402,19,19
by_mission,swarm-c,august,120.0,cross,median_sigma_km,0.061424089069990695,0.06142485727619965,19,19
by_mission,swarm-c,august,144.0,radial,median_sigma_km,0.7167783189306386,0.7422327536374189,19,19
by_mission,swarm-c,august,144.0,in_track,median_sigma_km,19.75199528341823,19.75105514476398,19,19
by_mission,swarm-c,august,144.0,cross,median_sigma_km,0.07237721134792567,0.07237862242872665,19,19
by_mission,swarm-c,august,168.0,radial,inside_1_sigma_count,15.0,16.0,19,19
by_mission,swarm-c,august,168.0,radial,inside_1_sigma_fraction,0.7894736842105263,0.8421052631578947,19,19
by_mission,swarm-c,august,168.0,radial,median_sigma_km,0.836241372085745,0.9078733244437655,19,19
by_mission,swarm-c,august,168.0,in_track,median_sigma_km,26.06844911566893,26.066052720454543,19,19
by_mission,swarm-c,august,168.0,cross,median_sigma_km,0.08314841148947334,0.08314918578754045,19,19
by_mission,swarm-c,held-out,6.0,radial,median_sigma_km,0.05355736561833604,0.053557440364062896,21,21
by_mission,swarm-c,held-out,6.0,in_track,median_sigma_km,0.686915005101693,0.686914999271893,21,21
by_mission,swarm-c,held-out,6.0,cross,median_sigma_km,0.012206433476332471,0.012206442505539424,21,21
by_mission,swarm-c,held-out,12.0,radial,median_sigma_km,0.05355736561833604,0.053557427167520856,21,21
by_mission,swarm-c,held-out,12.0,in_track,median_sigma_km,0.686915005101693,0.6869150002141428,21,21
by_mission,swarm-c,held-out,12.0,cross,median_sigma_km,0.012206433476332471,0.012206437654130566,21,21
by_mission,swarm-c,held-out,24.0,radial,median_sigma_km,0.13187370294897102,0.13187496626880366,21,21
by_mission,swarm-c,held-out,24.0,in_track,median_sigma_km,2.2317934359476235,2.2317933612479193,21,21
by_mission,swarm-c,held-out,24.0,cross,median_sigma_km,0.01915394719513002,0.019153965113603243,21,21
by_mission,swarm-c,held-out,36.0,radial,median_sigma_km,0.22339674343915217,0.2234110617168335,21,21
by_mission,swarm-c,held-out,36.0,in_track,median_sigma_km,4.446406213384542,4.446405493972495,21,21
by_mission,swarm-c,held-out,36.0,cross,median_sigma_km,0.024929731679152176,0.024930056044106856,21,21
by_mission,swarm-c,held-out,48.0,radial,median_sigma_km,0.32471114530546535,0.32480336665215814,21,21
by_mission,swarm-c,held-out,48.0,in_track,median_sigma_km,7.251118266082295,7.25111413568763,21,21
by_mission,swarm-c,held-out,48.0,cross,median_sigma_km,0.030055764762506175,0.030056149780428792,21,21
by_mission,swarm-c,held-out,72.0,radial,median_sigma_km,0.5500673052891195,0.5512680346770055,21,21
by_mission,swarm-c,held-out,72.0,in_track,median_sigma_km,14.446416407979395,14.44637062520795,21,21
by_mission,swarm-c,held-out,72.0,cross,median_sigma_km,0.03911894208059132,0.039121668624270495,21,21
by_mission,swarm-c,held-out,96.0,radial,inside_1_sigma_count,15.0,17.0,21,21
by_mission,swarm-c,held-out,96.0,radial,inside_1_sigma_fraction,0.7142857142857143,0.8095238095238095,21,21
by_mission,swarm-c,held-out,96.0,radial,median_sigma_km,0.7995326249873062,0.8048825303321994,21,21
by_mission,swarm-c,held-out,96.0,in_track,median_sigma_km,23.55895275155126,23.55877057946496,21,21
by_mission,swarm-c,held-out,96.0,cross,median_sigma_km,0.04716255016557571,0.0471632365712267,21,21
by_mission,swarm-c,held-out,120.0,radial,inside_2_sigma_count,14.0,16.0,21,21
by_mission,swarm-c,held-out,120.0,radial,inside_2_sigma_fraction,0.6666666666666666,0.7619047619047619,21,21
by_mission,swarm-c,held-out,120.0,radial,median_sigma_km,1.0686099330727585,1.0820932999685413,21,21
by_mission,swarm-c,held-out,120.0,in_track,median_sigma_km,34.427303114398114,34.42688193117711,21,21
by_mission,swarm-c,held-out,120.0,cross,median_sigma_km,0.05452413552559956,0.05452783539441342,21,21
by_mission,swarm-c,held-out,144.0,radial,inside_2_sigma_count,13.0,14.0,21,21
by_mission,swarm-c,held-out,144.0,radial,inside_2_sigma_fraction,0.6190476190476191,0.6666666666666666,21,21
by_mission,swarm-c,held-out,144.0,radial,median_sigma_km,1.3544245797407841,1.3839454510319733,21,21
by_mission,swarm-c,held-out,144.0,in_track,median_sigma_km,46.936545384565214,46.93568419957586,21,21
by_mission,swarm-c,held-out,144.0,cross,median_sigma_km,0.06138419976595196,0.06139961501706589,21,21
by_mission,swarm-c,held-out,168.0,radial,median_sigma_km,1.6549529567717363,1.7448472492149103,21,21
by_mission,swarm-c,held-out,168.0,in_track,median_sigma_km,60.998711866757645,60.99620665000082,21,21
by_mission,swarm-c,held-out,168.0,cross,median_sigma_km,0.06785346212386184,0.06785816272670658,21,21
by_mission,swarm-c,quiet,6.0,radial,median_sigma_km,0.07462081521525595,0.07462081593149261,19,19
by_mission,swarm-c,quiet,6.0,in_track,median_sigma_km,0.5492671767499332,0.5492671766084801,19,19
by_mission,swarm-c,quiet,6.0,cross,median_sigma_km,0.01020008776583759,0.010200088916922553,19,19
by_mission,swarm-c,quiet,12.0,radial,median_sigma_km,0.07462081521525595,0.07462082723137066,19,19
by_mission,swarm-c,quiet,12.0,in_track,median_sigma_km,0.5492671767499332,0.5492671750256992,19,19
by_mission,swarm-c,quiet,12.0,cross,median_sigma_km,0.01020008776583759,0.010200092174817266,19,19
by_mission,swarm-c,quiet,24.0,radial,median_sigma_km,0.1492416304305119,0.14924169204983975,19,19
by_mission,swarm-c,quiet,24.0,in_track,median_sigma_km,1.6650667184805374,1.6650667128273338,19,19
by_mission,swarm-c,quiet,24.0,cross,median_sigma_km,0.02040017553167518,0.020400179840318493,19,19
by_mission,swarm-c,quiet,36.0,radial,median_sigma_km,0.22386244564576785,0.2238632607028232,19,19
by_mission,swarm-c,quiet,36.0,in_track,median_sigma_km,3.1855003318899957,3.185500274476575,19,19
by_mission,swarm-c,quiet,36.0,cross,median_sigma_km,0.030600263297512767,0.03060032790806504,19,19
by_mission,swarm-c,quiet,48.0,radial,median_sigma_km,0.2984832608610238,0.2984863769707638,19,19
by_mission,swarm-c,quiet,48.0,in_track,median_sigma_km,5.047538419092112,5.047538233732284,19,19
by_mission,swarm-c,quiet,48.0,cross,median_sigma_km,0.04080035106335036,0.04080070544359842,19,19
by_mission,swarm-c,quiet,72.0,radial,median_sigma_km,0.4477248912915357,0.4477611649984724,19,19
by_mission,swarm-c,quiet,72.0,in_track,median_sigma_km,9.656631251340077,9.656629560923863,19,19
by_mission,swarm-c,quiet,72.0,cross,median_sigma_km,0.061200526595025534,0.061201352201914166,19,19
by_mission,swarm-c,quiet,96.0,radial,median_sigma_km,0.5969665217220476,0.5972315923772771,19,19
by_mission,swarm-c,quiet,96.0,in_track,median_sigma_km,15.301275203831237,15.301264853499429,19,19
by_mission,swarm-c,quiet,96.0,cross,median_sigma_km,0.08160070212670072,0.08160093240046842,19,19
by_mission,swarm-c,quiet,120.0,radial,median_sigma_km,0.7462081521525594,0.7472884228142938,19,19
by_mission,swarm-c,quiet,120.0,in_track,median_sigma_km,21.86672016138236,21.866683253645906,19,19
by_mission,swarm-c,quiet,120.0,cross,median_sigma_km,0.1020008776583759,0.10200377447096506,19,19
by_mission,swarm-c,quiet,144.0,radial,median_sigma_km,0.8954497825830714,0.8995730404986817,19,19
by_mission,swarm-c,quiet,144.0,in_track,median_sigma_km,29.273431928676384,29.273305504463988,19,19
by_mission,swarm-c,quiet,144.0,cross,median_sigma_km,0.12240105319005107,0.12240328821305958,19,19
by_mission,swarm-c,quiet,168.0,radial,median_sigma_km,1.0446914130135831,1.0587776397139463,19,19
by_mission,swarm-c,quiet,168.0,in_track,median_sigma_km,37.4617882055802,37.461392715112765,19,19
by_mission,swarm-c,quiet,168.0,cross,median_sigma_km,0.14280122872172626,0.1428065743087315,19,19
by_mission,swarm-c,storm,6.0,radial,median_sigma_km,0.06086755584605774,0.060867559575011804,17,17
by_mission,swarm-c,storm,6.0,in_track,median_sigma_km,0.4009518243077232,0.4009518237162932,17,17
by_mission,swarm-c,storm,6.0,cross,median_sigma_km,0.010462999850241574,0.010463001477661677,17,17
by_mission,swarm-c,storm,12.0,radial,median_sigma_km,0.06086755584605774,0.060867558163187195,17,17
by_mission,swarm-c,storm,12.0,in_track,median_sigma_km,0.4009518243077232,0.4009518237387568,17,17
by_mission,swarm-c,storm,12.0,cross,median_sigma_km,0.010462999850241574,0.010463002417398197,17,17
by_mission,swarm-c,storm,24.0,radial,median_sigma_km,0.1350735636123407,0.13507369592513194,17,17
by_mission,swarm-c,storm,24.0,in_track,median_sigma_km,1.4454320685679676,1.4454320552502953,17,17
by_mission,swarm-c,storm,24.0,cross,median_sigma_km,0.021663953486225376,0.021663968764920806,17,17
by_mission,swarm-c,storm,36.0,radial,median_sigma_km,0.21531550552277423,0.2153157036995639,17,17
by_mission,swarm-c,storm,36.0,in_track,median_sigma_km,3.060317706595862,3.0603176910326395,17,17
by_mission,swarm-c,storm,36.0,cross,median_sigma_km,0.033161451873416806,0.033161574873840055,17,17
by_mission,swarm-c,storm,48.0,radial,median_sigma_km,0.29974700533533466,0.2997516208025123,17,17
by_mission,swarm-c,storm,48.0,in_track,median_sigma_km,5.210785281877641,5.210785014753749,17,17
by_mission,swarm-c,storm,48.0,cross,median_sigma_km,0.04485586231204052,0.04485599739463945,17,17
by_mission,swarm-c,storm,72.0,radial,median_sigma_km,0.4778150235818515,0.47792751771974346,17,17
by_mission,swarm-c,storm,72.0,in_track,median_sigma_km,11.032450995222543,11.032446116574638,17,17
by_mission,swarm-c,storm,72.0,cross,median_sigma_km,0.06866177589640471,0.06866270915502769,17,17
by_mission,swarm-c,storm,96.0,radial,median_sigma_km,0.6651802529276897,0.6673074900565833,17,17
by_mission,swarm-c,storm,96.0,in_track,median_sigma_km,18.784890583431718,18.784815135987067,17,17
by_mission,swarm-c,storm,96.0,cross,median_sigma_km,0.09287540176062788,0.09287571188522196,17,17
by_mission,swarm-c,storm,120.0,radial,median_sigma_km,0.8597770788197876,0.8757570607161302,17,17
by_mission,swarm-c,storm,120.0,in_track,median_sigma_km,28.385215375978223,28.384726843908602,17,17
by_mission,swarm-c,storm,120.0,cross,median_sigma_km,0.11739678919329728,0.11739837902517392,17,17
by_mission,swarm-c,storm,144.0,radial,inside_1_sigma_count,14.0,15.0,17,17
by_mission,swarm-c,storm,144.0,radial,inside_2_sigma_count,15.0,17.0,17,17
by_mission,swarm-c,storm,144.0,radial,inside_1_sigma_fraction,0.8235294117647058,0.8823529411764706,17,17
by_mission,swarm-c,storm,144.0,radial,inside_2_sigma_fraction,0.8823529411764706,1.0,17,17
by_mission,swarm-c,storm,144.0,radial,median_sigma_km,1.0603379269235997,1.123334541418275,17,17
by_mission,swarm-c,storm,144.0,in_track,median_sigma_km,39.77200625270253,39.7702767607146,17,17
by_mission,swarm-c,storm,144.0,cross,median_sigma_km,0.1421662563884103,0.14217039384890767,17,17
by_mission,swarm-c,storm,168.0,radial,inside_2_sigma_count,15.0,16.0,17,17
by_mission,swarm-c,storm,168.0,radial,inside_2_sigma_fraction,0.8823529411764706,0.9411764705882353,17,17
by_mission,swarm-c,storm,168.0,radial,median_sigma_km,1.265998245809166,1.4325993601160039,17,17
by_mission,swarm-c,storm,168.0,in_track,median_sigma_km,52.89675855382557,52.89250862156412,17,17
by_mission,swarm-c,storm,168.0,cross,median_sigma_km,0.1671439481622751,0.16714454388639133,17,17
by_mission,swot,august,6.0,radial,median_sigma_km,0.0034644633505660563,0.003464503189459223,17,17
by_mission,swot,august,6.0,in_track,median_sigma_km,0.22790961014467218,0.22790960943048047,17,17
by_mission,swot,august,6.0,cross,median_sigma_km,0.020500950219969612,0.020500952124358044,17,17
by_mission,swot,august,12.0,radial,median_sigma_km,0.0034644633505660563,0.0034645005972180325,17,17
by_mission,swot,august,12.0,in_track,median_sigma_km,0.22790961014467218,0.2279096095600635,17,17
by_mission,swot,august,12.0,cross,median_sigma_km,0.020500950219969612,0.020500950461697226,17,17
by_mission,swot,august,24.0,radial,median_sigma_km,0.006464917208096558,0.006464970269322646,17,17
by_mission,swot,august,24.0,in_track,median_sigma_km,0.561179286554462,0.5611792858290117,17,17
by_mission,swot,august,24.0,cross,median_sigma_km,0.04244782933630543,0.042447829839110184,17,17
by_mission,swot,august,36.0,radial,median_sigma_km,0.009312045743243793,0.009312467055442988,17,17
by_mission,swot,august,36.0,in_track,median_sigma_km,0.9506491612682194,0.9506491571372069,17,17
by_mission,swot,august,36.0,cross,median_sigma_km,0.06497575110479807,0.06497575228192279,17,17
by_mission,swot,august,48.0,radial,median_sigma_km,0.012063962085416232,0.012064181098382035,17,17
by_mission,swot,august,48.0,in_track,median_sigma_km,1.3817854870528237,1.3817854848918583,17,17
by_mission,swot,august,48.0,cross,median_sigma_km,0.08788949761016407,0.08788949905485718,17,17
by_mission,swot,august,72.0,radial,median_sigma_km,0.017376891794292696,0.01737720982746727,17,17
by_mission,swot,august,72.0,in_track,median_sigma_km,2.3407728078927974,2.340772804406132,17,17
by_mission,swot,august,72.0,cross,median_sigma_km,0.13453423203809015,0.1345342368035438,17,17
by_mission,swot,august,96.0,radial,median_sigma_km,0.02251214926868506,0.022513219987633844,17,17
by_mission,swot,august,96.0,in_track,median_sigma_km,3.402354965652336,3.402354957840258,17,17
by_mission,swot,august,96.0,cross,median_sigma_km,0.18197782809968685,0.18197783832266745,17,17
by_mission,swot,august,120.0,radial,median_sigma_km,0.027519210575221057,0.027525075075477974,17,17
by_mission,swot,august,120.0,in_track,median_sigma_km,4.547394563409135,4.547394527162711,17,17
by_mission,swot,august,120.0,cross,median_sigma_km,0.23002444477531805,0.2300244562711658,17,17
by_mission,swot,august,144.0,radial,median_sigma_km,0.03242642666888063,0.0324428373212329,17,17
by_mission,swot,august,144.0,in_track,median_sigma_km,5.7636587306938205,5.763658637857394,17,17
by_mission,swot,august,144.0,cross,median_sigma_km,0.2785571429699432,0.2785571530361306,17,17
by_mission,swot,august,168.0,radial,median_sigma_km,0.03725213803605038,0.03729428907107681,17,17
by_mission,swot,august,168.0,in_track,median_sigma_km,7.042536144766738,7.0425359201062605,17,17
by_mission,swot,august,168.0,cross,median_sigma_km,0.3274978313953496,0.3274978435914613,17,17
by_mission,swot,held-out,6.0,radial,median_sigma_km,0.007017922150516736,0.007017947833497014,17,17
by_mission,swot,held-out,6.0,in_track,median_sigma_km,0.2287237376392941,0.22872373683829253,17,17
by_mission,swot,held-out,6.0,cross,median_sigma_km,0.017038189862024728,0.01703819072066044,17,17
by_mission,swot,held-out,12.0,radial,median_sigma_km,0.007017922150516736,0.007017943451403471,16,16
by_mission,swot,held-out,12.0,in_track,median_sigma_km,0.2287237376392941,0.22872373691214237,16,16
by_mission,swot,held-out,12.0,cross,median_sigma_km,0.017038189862024728,0.0170381903621475,16,16
by_mission,swot,held-out,24.0,radial,median_sigma_km,0.012218912162601384,0.012218963990094908,15,15
by_mission,swot,held-out,24.0,in_track,median_sigma_km,0.6248916665812126,0.624891664930107,15,15
by_mission,swot,held-out,24.0,cross,median_sigma_km,0.034076379724049456,0.034076383557908194,15,15
by_mission,swot,held-out,36.0,radial,median_sigma_km,0.016900733362252566,0.016901074529200096,13,13
by_mission,swot,held-out,36.0,in_track,median_sigma_km,1.1249599432439097,1.1249599374437993,13,13
by_mission,swot,held-out,36.0,cross,median_sigma_km,0.05111456958607419,0.05111457474220189,13,13
by_mission,swot,held-out,48.0,radial,n,11.0,12.0,11,12
by_mission,swot,held-out,48.0,radial,inside_2_sigma_fraction,0.09090909090909091,0.08333333333333333,11,12
by_mission,swot,held-out,48.0,radial,median_sigma_km,0.021274361732036996,0.021275086006501607,11,12
by_mission,swot,held-out,48.0,radial,median_abs_km,0.10997387365123096,0.0953144926964344,11,12
by_mission,swot,held-out,48.0,radial,quantile_linear_km,0.13152911992390082,0.13090866033953863,11,12
by_mission,swot,held-out,48.0,in_track,n,11.0,12.0,11,12
by_mission,swot,held-out,48.0,in_track,inside_1_sigma_count,10.0,11.0,11,12
by_mission,swot,held-out,48.0,in_track,inside_2_sigma_count,10.0,11.0,11,12
by_mission,swot,held-out,48.0,in_track,inside_1_sigma_fraction,0.9090909090909091,0.9166666666666666,11,12
by_mission,swot,held-out,48.0,in_track,inside_2_sigma_fraction,0.9090909090909091,0.9166666666666666,11,12
by_mission,swot,held-out,48.0,in_track,median_sigma_km,1.7072543453205635,1.707254335127634,11,12
by_mission,swot,held-out,48.0,in_track,median_abs_km,0.6843386363683223,0.7455323912781193,11,12
by_mission,swot,held-out,48.0,in_track,quantile_linear_km,2.6172575770699305,2.4768087030873582,11,12
by_mission,swot,held-out,48.0,cross,n,11.0,12.0,11,12
by_mission,swot,held-out,48.0,cross,inside_1_sigma_count,6.0,7.0,11,12
by_mission,swot,held-out,48.0,cross,inside_2_sigma_count,7.0,8.0,11,12
by_mission,swot,held-out,48.0,cross,inside_1_sigma_fraction,0.5454545454545454,0.5833333333333334,11,12
by_mission,swot,held-out,48.0,cross,inside_2_sigma_fraction,0.6363636363636364,0.6666666666666666,11,12
by_mission,swot,held-out,48.0,cross,median_sigma_km,0.06815275944809891,0.06815277251825919,11,12
by_mission,swot,held-out,48.0,cross,median_abs_km,0.06477442940856021,0.058140682227656164,11,12
by_mission,swot,held-out,48.0,cross,quantile_linear_km,0.2539574216583943,0.2536316931930538,11,12
by_mission,swot,held-out,72.0,radial,n,8.0,9.0,8,9
by_mission,swot,held-out,72.0,radial,inside_2_sigma_fraction,0.25,0.2222222222222222,8,9
by_mission,swot,held-out,72.0,radial,median_sigma_km,0.029425885897253142,0.0294278801328435,8,9
by_mission,swot,held-out,72.0,radial,median_abs_km,0.10020216764791609,0.08077627118974585,8,9
by_mission,swot,held-out,72.0,radial,quantile_linear_km,0.1268415702595039,0.12647666965552395,8,9
by_mission,swot,held-out,72.0,in_track,n,8.0,9.0,8,9
by_mission,swot,held-out,72.0,in_track,inside_1_sigma_count,7.0,8.0,8,9
by_mission,swot,held-out,72.0,in_track,inside_2_sigma_count,7.0,8.0,8,9
by_mission,swot,held-out,72.0,in_track,inside_1_sigma_fraction,0.875,0.8888888888888888,8,9
by_mission,swot,held-out,72.0,in_track,inside_2_sigma_fraction,0.875,0.8888888888888888,8,9
by_mission,swot,held-out,72.0,in_track,median_sigma_km,3.0734811394146413,3.0734811183545556,8,9
by_mission,swot,held-out,72.0,in_track,median_abs_km,0.8920351263722837,0.8108959552731833,8,9
by_mission,swot,held-out,72.0,in_track,quantile_linear_km,4.5582726952281085,4.31572680062113,8,9
by_mission,swot,held-out,72.0,cross,n,8.0,9.0,8,9
by_mission,swot,held-out,72.0,cross,inside_1_sigma_count,4.0,5.0,8,9
by_mission,swot,held-out,72.0,cross,inside_2_sigma_count,5.0,6.0,8,9
by_mission,swot,held-out,72.0,cross,inside_1_sigma_fraction,0.5,0.5555555555555556,8,9
by_mission,swot,held-out,72.0,cross,inside_2_sigma_fraction,0.625,0.6666666666666666,8,9
by_mission,swot,held-out,72.0,cross,median_sigma_km,0.10222913917214838,0.10222916448154197,8,9
by_mission,swot,held-out,72.0,cross,median_abs_km,0.09401415972520555,0.08309292113756928,8,9
by_mission,swot,held-out,72.0,cross,quantile_linear_km,0.29532238485778267,0.29529073630354663,8,9
by_mission,swot,held-out,96.0,radial,n,5.0,6.0,5,6
by_mission,swot,held-out,96.0,radial,inside_2_sigma_count,2.0,3.0,5,6
by_mission,swot,held-out,96.0,radial,inside_2_sigma_fraction,0.4,0.5,5,6
by_mission,swot,held-out,96.0,radial,median_sigma_km,0.037040815179180626,0.037044177728488135,5,6
by_mission,swot,held-out,96.0,radial,median_abs_km,0.09997262171710772,0.08200737674415796,5,6
by_mission,swot,held-out,96.0,radial,quantile_linear_km,0.14399660970354025,0.14302412320791047,5,6
by_mission,swot,held-out,96.0,in_track,n,5.0,6.0,5,6
by_mission,swot,held-out,96.0,in_track,inside_1_sigma_count,5.0,6.0,5,6
by_mission,swot,held-out,96.0,in_track,inside_2_sigma_count,5.0,6.0,5,6
by_mission,swot,held-out,96.0,in_track,median_sigma_km,4.66435632845352,4.664356300117781,5,6
by_mission,swot,held-out,96.0,in_track,median_abs_km,0.70428971998575,0.7751892224584098,5,6
by_mission,swot,held-out,96.0,in_track,quantile_linear_km,1.2633036645734306,1.3370750975403576,5,6
by_mission,swot,held-out,96.0,cross,n,5.0,6.0,5,6
by_mission,swot,held-out,96.0,cross,inside_1_sigma_count,2.0,3.0,5,6
by_mission,swot,held-out,96.0,cross,inside_2_sigma_count,3.0,4.0,5,6
by_mission,swot,held-out,96.0,cross,inside_1_sigma_fraction,0.4,0.5,5,6
by_mission,swot,held-out,96.0,cross,inside_2_sigma_fraction,0.6,0.6666666666666666,5,6
by_mission,swot,held-out,96.0,cross,median_sigma_km,0.13630551889619782,0.13630556521999343,5,6
by_mission,swot,held-out,96.0,cross,median_abs_km,0.14086626302515898,0.13613204788214256,5,6
by_mission,swot,held-out,96.0,cross,quantile_linear_km,0.3328027405649938,0.3325571587412095,5,6
by_mission,swot,held-out,120.0,radial,n,2.0,3.0,2,3
by_mission,swot,held-out,120.0,radial,inside_2_sigma_count,0.0,1.0,2,3
by_mission,swot,held-out,120.0,radial,inside_2_sigma_fraction,0.0,0.3333333333333333,2,3
by_mission,swot,held-out,120.0,radial,median_sigma_km,0.044280095238587676,0.04428802677208636,2,3
by_mission,swot,held-out,120.0,radial,median_abs_km,0.13624132415337387,0.1245899432599164,2,3
by_mission,swot,held-out,120.0,radial,quantile_linear_km,0.14672756695748562,0.14556242886813986,2,3
by_mission,swot,held-out,120.0,in_track,n,2.0,3.0,2,3
by_mission,swot,held-out,120.0,in_track,inside_1_sigma_count,2.0,3.0,2,3
by_mission,swot,held-out,120.0,in_track,inside_2_sigma_count,2.0,3.0,2,3
by_mission,swot,held-out,120.0,in_track,median_sigma_km,6.4463107813759555,6.446310725149044,2,3
by_mission,swot,held-out,120.0,in_track,median_abs_km,0.7282452496444534,0.9458782710944343,2,3
by_mission,swot,held-out,120.0,in_track,quantile_linear_km,0.9241149689494362,1.2337317926733942,2,3
by_mission,swot,held-out,120.0,in_track,quantile_inverted_cdf_km,0.9458782710944343,1.2657155172932786,2,3
by_mission,swot,held-out,120.0,cross,n,2.0,3.0,2,3
by_mission,swot,held-out,120.0,cross,inside_1_sigma_count,0.0,1.0,2,3
by_mission,swot,held-out,120.0,cross,inside_2_sigma_count,1.0,2.0,2,3
by_mission,swot,held-out,120.0,cross,inside_1_sigma_fraction,0.0,0.3333333333333333,2,3
by_mission,swot,held-out,120.0,cross,inside_2_sigma_fraction,0.5,0.6666666666666666,2,3
by_mission,swot,held-out,120.0,cross,median_sigma_km,0.17038189862024727,0.1703819644466122,2,3
by_mission,swot,held-out,120.0,cross,median_abs_km,0.28751657629380434,0.20694721197771043,2,3
by_mission,swot,held-out,120.0,cross,quantile_linear_km,0.36002900417828887,0.35197206774667944,2,3
by_mission,swot,held-out,144.0,radial,median_sigma_km,0.051233443086682394,0.05125425613308179,1,1
by_mission,swot,held-out,144.0,in_track,median_sigma_km,8.396997929631537,8.396997800966519,1,1
by_mission,swot,held-out,144.0,cross,median_sigma_km,0.20445827834429675,0.204458346129632,1,1
by_mission,swot,held-out,168.0,radial,median_sigma_km,0.05795767761882399,0.05801901026475738,1,1
by_mission,swot,held-out,168.0,in_track,median_sigma_km,10.500183554487341,10.500183213752633,1,1
by_mission,swot,held-out,168.0,cross,median_sigma_km,0.2385346580683462,0.23853474693735074,1,1
by_mission,swot,quiet,6.0,radial,median_sigma_km,0.0049438323107592165,0.004943864987929974,21,21
by_mission,swot,quiet,6.0,in_track,median_sigma_km,0.23695477931615067,0.23695477863169725,21,21
by_mission,swot,quiet,6.0,cross,median_sigma_km,0.03215310579840413,0.032153106305487254,21,21
by_mission,swot,quiet,12.0,radial,median_sigma_km,0.0049438323107592165,0.004943835961441417,21,21
by_mission,swot,quiet,12.0,in_track,median_sigma_km,0.23695477931615067,0.2369547791515479,21,21
by_mission,swot,quiet,12.0,cross,median_sigma_km,0.03215310579840413,0.03215310621377708,21,21
by_mission,swot,quiet,24.0,radial,median_sigma_km,0.008911262314284227,0.008911403626810886,21,21
by_mission,swot,quiet,24.0,in_track,median_sigma_km,0.6040264643429807,0.604026462138819,21,21
by_mission,swot,quiet,24.0,cross,median_sigma_km,0.0621157059568853,0.06211570757034008,21,21
by_mission,swot,quiet,36.0,radial,median_sigma_km,0.012578150824960787,0.012578185724036767,21,21
by_mission,swot,quiet,36.0,in_track,median_sigma_km,1.0441891268875463,1.0441891259880283,21,21
by_mission,swot,quiet,36.0,cross,median_sigma_km,0.09130364623174651,0.09130364864001954,21,21
by_mission,swot,quiet,48.0,radial,median_sigma_km,0.016062558566390234,0.01606319238092806,21,21
by_mission,swot,quiet,48.0,in_track,median_sigma_km,1.539736698620851,1.5397366914188764,21,21
by_mission,swot,quiet,48.0,cross,median_sigma_km,0.11999963396113789,0.11999963849034777,21,21
by_mission,swot,quiet,72.0,radial,median_sigma_km,0.02267212849956941,0.02267375130599971,21,21
by_mission,swot,quiet,72.0,in_track,median_sigma_km,2.6617646972114875,2.6617646819309875,21,21
by_mission,swot,quiet,72.0,cross,median_sigma_km,0.17638701771709206,0.1763870252747582,21,21
by_mission,swot,quiet,96.0,radial,median_sigma_km,0.028952776677345506,0.028954826197245462,21,21
by_mission,swot,quiet,96.0,in_track,median_sigma_km,3.9249755450013626,3.924975529856618,21,21
by_mission,swot,quiet,96.0,cross,median_sigma_km,0.2318240118014935,0.231824022021566,21,21
by_mission,swot,quiet,120.0,radial,median_sigma_km,0.03499965243104078,0.03500180725402629,21,21
by_mission,swot,quiet,120.0,in_track,median_sigma_km,5.304756733398626,5.304756718700812,21,21
by_mission,swot,quiet,120.0,cross,median_sigma_km,0.28656485706741247,0.28656486879998333,21,21
by_mission,swot,quiet,144.0,radial,median_sigma_km,0.04086653259721823,0.040869582748797546,21,21
by_mission,swot,quiet,144.0,in_track,median_sigma_km,6.785160964508278,6.785160945308266,21,21
by_mission,swot,quiet,144.0,cross,median_sigma_km,0.3407572567272992,0.34075727784292,21,21
by_mission,swot,quiet,168.0,radial,n,21.0,20.0,21,20
by_mission,swot,quiet,168.0,radial,inside_1_sigma_fraction,0.38095238095238093,0.4,21,20
by_mission,swot,quiet,168.0,radial,inside_2_sigma_fraction,0.8571428571428571,0.9,21,20
by_mission,swot,quiet,168.0,radial,median_sigma_km,0.0465878385628917,0.04659234455375858,21,20
by_mission,swot,quiet,168.0,radial,median_abs_km,0.058281246196083075,0.056299958462882854,21,20
by_mission,swot,quiet,168.0,radial,quantile_linear_km,0.17776293518782305,0.16325918890390145,21,20
by_mission,swot,quiet,168.0,radial,quantile_inverted_cdf_km,0.17776293518782305,0.16133240186317163,21,20
by_mission,swot,quiet,168.0,in_track,n,21.0,20.0,21,20
by_mission,swot,quiet,168.0,in_track,inside_1_sigma_count,21.0,20.0,21,20
by_mission,swot,quiet,168.0,in_track,inside_2_sigma_count,21.0,20.0,21,20
by_mission,swot,quiet,168.0,in_track,median_sigma_km,8.354843531594515,8.354843505497385,21,20
by_mission,swot,quiet,168.0,in_track,median_abs_km,0.5757606984045657,0.5635462122447776,21,20
by_mission,swot,quiet,168.0,in_track,quantile_linear_km,1.4935970924801405,1.4937696468937418,21,20
by_mission,swot,quiet,168.0,cross,n,21.0,20.0,21,20
by_mission,swot,quiet,168.0,cross,inside_2_sigma_count,21.0,20.0,21,20
by_mission,swot,quiet,168.0,cross,inside_1_sigma_fraction,0.14285714285714285,0.15,21,20
by_mission,swot,quiet,168.0,cross,median_sigma_km,0.3944977798542224,0.39449781086160096,21,20
by_mission,swot,quiet,168.0,cross,median_abs_km,0.45628419941608456,0.46059965983112394,21,20
by_mission,swot,quiet,168.0,cross,quantile_linear_km,0.6951853306354984,0.6958960761257736,21,20
by_mission,swot,storm,6.0,radial,median_sigma_km,0.006928488671256081,0.006928505945716232,19,19
by_mission,swot,storm,6.0,in_track,median_sigma_km,0.20195197059897724,0.20195196989152162,19,19
by_mission,swot,storm,6.0,cross,median_sigma_km,0.03124774178991507,0.031247742106049532,19,19
by_mission,swot,storm,12.0,radial,median_sigma_km,0.006928488671256081,0.006928495572984934,19,19
by_mission,swot,storm,12.0,in_track,median_sigma_km,0.20195197059897724,0.20195197036062437,19,19
by_mission,swot,storm,12.0,cross,median_sigma_km,0.03124774178991507,0.031247741878862183,19,19
by_mission,swot,storm,24.0,radial,median_sigma_km,0.011255363052709563,0.011255389137548,19,19
by_mission,swot,storm,24.0,in_track,median_sigma_km,0.49726408073385525,0.4972640799419645,19,19
by_mission,swot,storm,24.0,cross,median_sigma_km,0.06249548357983014,0.06249548447841671,19,19
by_mission,swot,storm,36.0,radial,median_sigma_km,0.014949387162621232,0.01494949140759439,19,19
by_mission,swot,storm,36.0,in_track,median_sigma_km,0.8423754985343247,0.84237549646112,19,19
by_mission,swot,storm,36.0,cross,median_sigma_km,0.0937432253697452,0.09374322581751932,19,19
by_mission,swot,storm,48.0,radial,median_sigma_km,0.01828439122284555,0.018284434942241266,19,19
by_mission,swot,storm,48.0,in_track,median_sigma_km,1.2244077899051626,1.2244077889768763,19,19
by_mission,swot,storm,48.0,cross,median_sigma_km,0.12499096715966028,0.12499097002635576,19,19
by_mission,swot,storm,72.0,radial,median_sigma_km,0.02428535109379248,0.024285810991732562,19,19
by_mission,swot,storm,72.0,in_track,median_sigma_km,2.074171777918345,2.0741717714100365,19,19
by_mission,swot,storm,72.0,cross,median_sigma_km,0.1874864507394904,0.1874864559331099,19,19
by_mission,swot,storm,96.0,radial,median_sigma_km,0.02970308117334244,0.02970501278467705,19,19
by_mission,swot,storm,96.0,in_track,median_sigma_km,3.0148456203954743,3.014845600723877,19,19
by_mission,swot,storm,96.0,cross,median_sigma_km,0.24998193431932056,0.24998194182220265,19,19
by_mission,swot,storm,120.0,radial,median_sigma_km,0.034724700703647304,0.03473268273178687,19,19
by_mission,swot,storm,120.0,in_track,median_sigma_km,4.029471563698425,4.029471493797001,19,19
by_mission,swot,storm,120.0,cross,median_sigma_km,0.3124774178991507,0.31247743029179975,19,19
by_mission,swot,storm,144.0,radial,median_sigma_km,0.039451669244570935,0.039488189298462574,19,19
by_mission,swot,storm,144.0,in_track,median_sigma_km,5.1072099934037265,5.107209710808478,19,19
by_mission,swot,storm,144.0,cross,median_sigma_km,0.3749729014789808,0.3749729191991986,19,19
by_mission,swot,storm,168.0,radial,median_sigma_km,0.04394688893626834,0.044018593178615326,19,19
by_mission,swot,storm,168.0,in_track,median_sigma_km,6.240430368633206,6.240429859688362,19,19
by_mission,swot,storm,168.0,cross,median_sigma_km,0.43746838505881097,0.43746841125965436,19,19
